STRUCTURE,STRUCTURE_ID,STRUCTURE_NAME,freq,Time frequency,purchase,Purchases,unit,Unit of measure,geo,Geopolitical entity (reporting),TIME_PERIOD,Time,OBS_VALUE,Observation value,OBS_FLAG,Observation status (Flag) V2 structure,CONF_STATUS,Confidentiality status (flag)
dataflow,ESTAT:PRC_HPI_A$DEFAULTVIEW(1.0),House price index (2015 = 100) - annual data,A,Annual,DW_EXST,Purchases of existing dwellings,I10_A_AVG,"Annual average index, 2010=100",AT,Austria,2016,,136.27,,,,,
dataflow,ESTAT:PRC_HPI_A$DEFAULTVIEW(1.0),House price index (2015 = 100) - annual data,A,Annual,DW_EXST,Purchases of existing dwellings,I10_A_AVG,"Annual average index, 2010=100",AT,Austria,2017,,144.48,,,,,
dataflow,ESTAT:PRC_HPI_A$DEFAULTVIEW(1.0),House price index (2015 = 100) - annual data,A,Annual,DW_EXST,Purchases of existing dwellings,I10_A_AVG,"Annual average index, 2010=100",AT,Austria,2018,,153.57,,,,,
dataflow,ESTAT:PRC_HPI_A$DEFAULTVIEW(1.0),House price index (2015 = 100) - annual data,A,Annual,DW_EXST,Purchases of existing dwellings,I10_A_AVG,"Annual average index, 2010=100",AT,Austria,2019,,162.82,,,,,
dataflow,ESTAT:PRC_HPI_A$DEFAULTVIEW(1.0),House price index (2015 = 100) - annual data,A,Annual,DW_EXST,Purchases of existing dwellings,I10_A_AVG,"Annual average index, 2010=100",AT,Austria,2020,,175.30,,,,,
dataflow,ESTAT:PRC_HPI_A$DEFAULTVIEW(1.0),House price index (2015 = 100) - annual data,A,Annual,DW_EXST,Purchases of existing dwellings,I10_A_AVG,"Annual average index, 2010=100",AT,Austria,2021,,198.25,,,,,
dataflow,ESTAT:PRC_HPI_A$DEFAULTVIEW(1.0),House price index (2015 = 100) - annual data,A,Annual,DW_EXST,Purchases of existing dwellings,I10_A_AVG,"Annual average index, 2010=100",AT,Austria,2022,,221.28,,,,,
dataflow,ESTAT:PRC_HPI_A$DEFAULTVIEW(1.0),House price index (2015 = 100) - annual data,A,Annual,DW_EXST,Purchases of existing dwellings,I10_A_AVG,"Annual average index, 2010=100",AT,Austria,2023,,212.27,,,,,
dataflow,ESTAT:PRC_HPI_A$DEFAULTVIEW(1.0),House price index (2015 = 100) - annual data,A,Annual,DW_EXST,Purchases of existing dwellings,I10_A_AVG,"Annual average index, 2010=100",AT,Austria,2024,,208.89,,,,,
dataflow,ESTAT:PRC_HPI_A$DEFAULTVIEW(1.0),House price index (2015 = 100) - annual data,A,Annual,DW_EXST,Purchases of existing dwellings,I10_A_AVG,"Annual average index, 2010=100",AT,Austria,2025,,214.16,,p,provisional,,
dataflow,ESTAT:PRC_HPI_A$DEFAULTVIEW(1.0),House price index (2015 = 100) - annual data,A,Annual,DW_EXST,Purchases of existing dwellings,I10_A_AVG,"Annual average index, 2010=100",BE,Belgium,2016,,110.71,,,,,
dataflow,ESTAT:PRC_HPI_A$DEFAULTVIEW(1.0),House price index (2015 = 100) - annual data,A,Annual,DW_EXST,Purchases of existing dwellings,I10_A_AVG,"Annual average index, 2010=100",BE,Belgium,2017,,114.46,,,,,
dataflow,ESTAT:PRC_HPI_A$DEFAULTVIEW(1.0),House price index (2015 = 100) - annual data,A,Annual,DW_EXST,Purchases of existing dwellings,I10_A_AVG,"Annual average index, 2010=100",BE,Belgium,2018,,117.96,,,,,
dataflow,ESTAT:PRC_HPI_A$DEFAULTVIEW(1.0),House price index (2015 = 100) - annual data,A,Annual,DW_EXST,Purchases of existing dwellings,I10_A_AVG,"Annual average index, 2010=100",BE,Belgium,2019,,122.63,,,,,
dataflow,ESTAT:PRC_HPI_A$DEFAULTVIEW(1.0),House price index (2015 = 100) - annual data,A,Annual,DW_EXST,Purchases of existing dwellings,I10_A_AVG,"Annual average index, 2010=100",BE,Belgium,2020,,127.83,,,,,
dataflow,ESTAT:PRC_HPI_A$DEFAULTVIEW(1.0),House price index (2015 = 100) - annual data,A,Annual,DW_EXST,Purchases of existing dwellings,I10_A_AVG,"Annual average index, 2010=100",BE,Belgium,2021,,136.53,,,,,
dataflow,ESTAT:PRC_HPI_A$DEFAULTVIEW(1.0),House price index (2015 = 100) - annual data,A,Annual,DW_EXST,Purchases of existing dwellings,I10_A_AVG,"Annual average index, 2010=100",BE,Belgium,2022,,144.12,,,,,
dataflow,ESTAT:PRC_HPI_A$DEFAULTVIEW(1.0),House price index (2015 = 100) - annual data,A,Annual,DW_EXST,Purchases of existing dwellings,I10_A_AVG,"Annual average index, 2010=100",BE,Belgium,2023,,147.53,,,,,
dataflow,ESTAT:PRC_HPI_A$DEFAULTVIEW(1.0),House price index (2015 = 100) - annual data,A,Annual,DW_EXST,Purchases of existing dwellings,I10_A_AVG,"Annual average index, 2010=100",BE,Belgium,2024,,151.32,,,,,
dataflow,ESTAT:PRC_HPI_A$DEFAULTVIEW(1.0),House price index (2015 = 100) - annual data,A,Annual,DW_EXST,Purchases of existing dwellings,I10_A_AVG,"Annual average index, 2010=100",BE,Belgium,2025,,157.06,,p,provisional,,
dataflow,ESTAT:PRC_HPI_A$DEFAULTVIEW(1.0),House price index (2015 = 100) - annual data,A,Annual,DW_EXST,Purchases of existing dwellings,I10_A_AVG,"Annual average index, 2010=100",BG,Bulgaria,2016,,99.07,,,,,
dataflow,ESTAT:PRC_HPI_A$DEFAULTVIEW(1.0),House price index (2015 = 100) - annual data,A,Annual,DW_EXST,Purchases of existing dwellings,I10_A_AVG,"Annual average index, 2010=100",BG,Bulgaria,2017,,108.70,,,,,
dataflow,ESTAT:PRC_HPI_A$DEFAULTVIEW(1.0),House price index (2015 = 100) - annual data,A,Annual,DW_EXST,Purchases of existing dwellings,I10_A_AVG,"Annual average index, 2010=100",BG,Bulgaria,2018,,116.35,,,,,
dataflow,ESTAT:PRC_HPI_A$DEFAULTVIEW(1.0),House price index (2015 = 100) - annual data,A,Annual,DW_EXST,Purchases of existing dwellings,I10_A_AVG,"Annual average index, 2010=100",BG,Bulgaria,2019,,121.93,,,,,
dataflow,ESTAT:PRC_HPI_A$DEFAULTVIEW(1.0),House price index (2015 = 100) - annual data,A,Annual,DW_EXST,Purchases of existing dwellings,I10_A_AVG,"Annual average index, 2010=100",BG,Bulgaria,2020,,129.22,,,,,
dataflow,ESTAT:PRC_HPI_A$DEFAULTVIEW(1.0),House price index (2015 = 100) - annual data,A,Annual,DW_EXST,Purchases of existing dwellings,I10_A_AVG,"Annual average index, 2010=100",BG,Bulgaria,2021,,141.15,,,,,
dataflow,ESTAT:PRC_HPI_A$DEFAULTVIEW(1.0),House price index (2015 = 100) - annual data,A,Annual,DW_EXST,Purchases of existing dwellings,I10_A_AVG,"Annual average index, 2010=100",BG,Bulgaria,2022,,163.17,,b,break in time series,,
dataflow,ESTAT:PRC_HPI_A$DEFAULTVIEW(1.0),House price index (2015 = 100) - annual data,A,Annual,DW_EXST,Purchases of existing dwellings,I10_A_AVG,"Annual average index, 2010=100",BG,Bulgaria,2023,,180.44,,,,,
dataflow,ESTAT:PRC_HPI_A$DEFAULTVIEW(1.0),House price index (2015 = 100) - annual data,A,Annual,DW_EXST,Purchases of existing dwellings,I10_A_AVG,"Annual average index, 2010=100",BG,Bulgaria,2024,,208.82,,,,,
dataflow,ESTAT:PRC_HPI_A$DEFAULTVIEW(1.0),House price index (2015 = 100) - annual data,A,Annual,DW_EXST,Purchases of existing dwellings,I10_A_AVG,"Annual average index, 2010=100",BG,Bulgaria,2025,,242.97,,p,provisional,,
dataflow,ESTAT:PRC_HPI_A$DEFAULTVIEW(1.0),House price index (2015 = 100) - annual data,A,Annual,DW_EXST,Purchases of existing dwellings,I10_A_AVG,"Annual average index, 2010=100",CY,Cyprus,2016,,91.65,,,,,
dataflow,ESTAT:PRC_HPI_A$DEFAULTVIEW(1.0),House price index (2015 = 100) - annual data,A,Annual,DW_EXST,Purchases of existing dwellings,I10_A_AVG,"Annual average index, 2010=100",CY,Cyprus,2017,,91.62,,,,,
dataflow,ESTAT:PRC_HPI_A$DEFAULTVIEW(1.0),House price index (2015 = 100) - annual data,A,Annual,DW_EXST,Purchases of existing dwellings,I10_A_AVG,"Annual average index, 2010=100",CY,Cyprus,2018,,90.26,,,,,
dataflow,ESTAT:PRC_HPI_A$DEFAULTVIEW(1.0),House price index (2015 = 100) - annual data,A,Annual,DW_EXST,Purchases of existing dwellings,I10_A_AVG,"Annual average index, 2010=100",CY,Cyprus,2019,,91.70,,,,,
dataflow,ESTAT:PRC_HPI_A$DEFAULTVIEW(1.0),House price index (2015 = 100) - annual data,A,Annual,DW_EXST,Purchases of existing dwellings,I10_A_AVG,"Annual average index, 2010=100",CY,Cyprus,2020,,94.14,,,,,
dataflow,ESTAT:PRC_HPI_A$DEFAULTVIEW(1.0),House price index (2015 = 100) - annual data,A,Annual,DW_EXST,Purchases of existing dwellings,I10_A_AVG,"Annual average index, 2010=100",CY,Cyprus,2021,,95.32,,,,,
dataflow,ESTAT:PRC_HPI_A$DEFAULTVIEW(1.0),House price index (2015 = 100) - annual data,A,Annual,DW_EXST,Purchases of existing dwellings,I10_A_AVG,"Annual average index, 2010=100",CY,Cyprus,2022,,100.16,,,,,
dataflow,ESTAT:PRC_HPI_A$DEFAULTVIEW(1.0),House price index (2015 = 100) - annual data,A,Annual,DW_EXST,Purchases of existing dwellings,I10_A_AVG,"Annual average index, 2010=100",CY,Cyprus,2023,,107.65,,,,,
dataflow,ESTAT:PRC_HPI_A$DEFAULTVIEW(1.0),House price index (2015 = 100) - annual data,A,Annual,DW_EXST,Purchases of existing dwellings,I10_A_AVG,"Annual average index, 2010=100",CY,Cyprus,2024,,115.22,,,,,
dataflow,ESTAT:PRC_HPI_A$DEFAULTVIEW(1.0),House price index (2015 = 100) - annual data,A,Annual,DW_EXST,Purchases of existing dwellings,I10_A_AVG,"Annual average index, 2010=100",CY,Cyprus,2025,,123.93,,,,,
dataflow,ESTAT:PRC_HPI_A$DEFAULTVIEW(1.0),House price index (2015 = 100) - annual data,A,Annual,DW_EXST,Purchases of existing dwellings,I10_A_AVG,"Annual average index, 2010=100",CZ,Czechia,2016,,113.10,,,,,
dataflow,ESTAT:PRC_HPI_A$DEFAULTVIEW(1.0),House price index (2015 = 100) - annual data,A,Annual,DW_EXST,Purchases of existing dwellings,I10_A_AVG,"Annual average index, 2010=100",CZ,Czechia,2017,,126.00,,,,,
dataflow,ESTAT:PRC_HPI_A$DEFAULTVIEW(1.0),House price index (2015 = 100) - annual data,A,Annual,DW_EXST,Purchases of existing dwellings,I10_A_AVG,"Annual average index, 2010=100",CZ,Czechia,2018,,136.30,,,,,
dataflow,ESTAT:PRC_HPI_A$DEFAULTVIEW(1.0),House price index (2015 = 100) - annual data,A,Annual,DW_EXST,Purchases of existing dwellings,I10_A_AVG,"Annual average index, 2010=100",CZ,Czechia,2019,,148.90,,,,,
dataflow,ESTAT:PRC_HPI_A$DEFAULTVIEW(1.0),House price index (2015 = 100) - annual data,A,Annual,DW_EXST,Purchases of existing dwellings,I10_A_AVG,"Annual average index, 2010=100",CZ,Czechia,2020,,161.20,,,,,
dataflow,ESTAT:PRC_HPI_A$DEFAULTVIEW(1.0),House price index (2015 = 100) - annual data,A,Annual,DW_EXST,Purchases of existing dwellings,I10_A_AVG,"Annual average index, 2010=100",CZ,Czechia,2021,,193.50,,,,,
dataflow,ESTAT:PRC_HPI_A$DEFAULTVIEW(1.0),House price index (2015 = 100) - annual data,A,Annual,DW_EXST,Purchases of existing dwellings,I10_A_AVG,"Annual average index, 2010=100",CZ,Czechia,2022,,225.50,,,,,
dataflow,ESTAT:PRC_HPI_A$DEFAULTVIEW(1.0),House price index (2015 = 100) - annual data,A,Annual,DW_EXST,Purchases of existing dwellings,I10_A_AVG,"Annual average index, 2010=100",CZ,Czechia,2023,,221.70,,,,,
dataflow,ESTAT:PRC_HPI_A$DEFAULTVIEW(1.0),House price index (2015 = 100) - annual data,A,Annual,DW_EXST,Purchases of existing dwellings,I10_A_AVG,"Annual average index, 2010=100",CZ,Czechia,2024,,232.80,,,,,
dataflow,ESTAT:PRC_HPI_A$DEFAULTVIEW(1.0),House price index (2015 = 100) - annual data,A,Annual,DW_EXST,Purchases of existing dwellings,I10_A_AVG,"Annual average index, 2010=100",CZ,Czechia,2025,,255.30,,,,,
dataflow,ESTAT:PRC_HPI_A$DEFAULTVIEW(1.0),House price index (2015 = 100) - annual data,A,Annual,DW_EXST,Purchases of existing dwellings,I10_A_AVG,"Annual average index, 2010=100",DE,Germany,2016,,128.30,,,,,
dataflow,ESTAT:PRC_HPI_A$DEFAULTVIEW(1.0),House price index (2015 = 100) - annual data,A,Annual,DW_EXST,Purchases of existing dwellings,I10_A_AVG,"Annual average index, 2010=100",DE,Germany,2017,,136.50,,,,,
dataflow,ESTAT:PRC_HPI_A$DEFAULTVIEW(1.0),House price index (2015 = 100) - annual data,A,Annual,DW_EXST,Purchases of existing dwellings,I10_A_AVG,"Annual average index, 2010=100",DE,Germany,2018,,145.60,,,,,
dataflow,ESTAT:PRC_HPI_A$DEFAULTVIEW(1.0),House price index (2015 = 100) - annual data,A,Annual,DW_EXST,Purchases of existing dwellings,I10_A_AVG,"Annual average index, 2010=100",DE,Germany,2019,,154.70,,,,,
dataflow,ESTAT:PRC_HPI_A$DEFAULTVIEW(1.0),House price index (2015 = 100) - annual data,A,Annual,DW_EXST,Purchases of existing dwellings,I10_A_AVG,"Annual average index, 2010=100",DE,Germany,2020,,167.10,,,,,
dataflow,ESTAT:PRC_HPI_A$DEFAULTVIEW(1.0),House price index (2015 = 100) - annual data,A,Annual,DW_EXST,Purchases of existing dwellings,I10_A_AVG,"Annual average index, 2010=100",DE,Germany,2021,,187.60,,,,,
dataflow,ESTAT:PRC_HPI_A$DEFAULTVIEW(1.0),House price index (2015 = 100) - annual data,A,Annual,DW_EXST,Purchases of existing dwellings,I10_A_AVG,"Annual average index, 2010=100",DE,Germany,2022,,199.00,,,,,
dataflow,ESTAT:PRC_HPI_A$DEFAULTVIEW(1.0),House price index (2015 = 100) - annual data,A,Annual,DW_EXST,Purchases of existing dwellings,I10_A_AVG,"Annual average index, 2010=100",DE,Germany,2023,,180.30,,,,,
dataflow,ESTAT:PRC_HPI_A$DEFAULTVIEW(1.0),House price index (2015 = 100) - annual data,A,Annual,DW_EXST,Purchases of existing dwellings,I10_A_AVG,"Annual average index, 2010=100",DE,Germany,2024,,176.70,,,,,
dataflow,ESTAT:PRC_HPI_A$DEFAULTVIEW(1.0),House price index (2015 = 100) - annual data,A,Annual,DW_EXST,Purchases of existing dwellings,I10_A_AVG,"Annual average index, 2010=100",DE,Germany,2025,,182.50,,p,provisional,,
dataflow,ESTAT:PRC_HPI_A$DEFAULTVIEW(1.0),House price index (2015 = 100) - annual data,A,Annual,DW_EXST,Purchases of existing dwellings,I10_A_AVG,"Annual average index, 2010=100",DK,Denmark,2016,,114.40,,,,,
dataflow,ESTAT:PRC_HPI_A$DEFAULTVIEW(1.0),House price index (2015 = 100) - annual data,A,Annual,DW_EXST,Purchases of existing dwellings,I10_A_AVG,"Annual average index, 2010=100",DK,Denmark,2017,,120.10,,,,,
dataflow,ESTAT:PRC_HPI_A$DEFAULTVIEW(1.0),House price index (2015 = 100) - annual data,A,Annual,DW_EXST,Purchases of existing dwellings,I10_A_AVG,"Annual average index, 2010=100",DK,Denmark,2018,,125.42,,,,,
dataflow,ESTAT:PRC_HPI_A$DEFAULTVIEW(1.0),House price index (2015 = 100) - annual data,A,Annual,DW_EXST,Purchases of existing dwellings,I10_A_AVG,"Annual average index, 2010=100",DK,Denmark,2019,,128.22,,,,,
dataflow,ESTAT:PRC_HPI_A$DEFAULTVIEW(1.0),House price index (2015 = 100) - annual data,A,Annual,DW_EXST,Purchases of existing dwellings,I10_A_AVG,"Annual average index, 2010=100",DK,Denmark,2020,,133.79,,,,,
dataflow,ESTAT:PRC_HPI_A$DEFAULTVIEW(1.0),House price index (2015 = 100) - annual data,A,Annual,DW_EXST,Purchases of existing dwellings,I10_A_AVG,"Annual average index, 2010=100",DK,Denmark,2021,,149.35,,,,,
dataflow,ESTAT:PRC_HPI_A$DEFAULTVIEW(1.0),House price index (2015 = 100) - annual data,A,Annual,DW_EXST,Purchases of existing dwellings,I10_A_AVG,"Annual average index, 2010=100",DK,Denmark,2022,,156.32,,,,,
dataflow,ESTAT:PRC_HPI_A$DEFAULTVIEW(1.0),House price index (2015 = 100) - annual data,A,Annual,DW_EXST,Purchases of existing dwellings,I10_A_AVG,"Annual average index, 2010=100",DK,Denmark,2023,,150.27,,,,,
dataflow,ESTAT:PRC_HPI_A$DEFAULTVIEW(1.0),House price index (2015 = 100) - annual data,A,Annual,DW_EXST,Purchases of existing dwellings,I10_A_AVG,"Annual average index, 2010=100",DK,Denmark,2024,,155.57,,,,,
dataflow,ESTAT:PRC_HPI_A$DEFAULTVIEW(1.0),House price index (2015 = 100) - annual data,A,Annual,DW_EXST,Purchases of existing dwellings,I10_A_AVG,"Annual average index, 2010=100",DK,Denmark,2025,,167.29,,,,,
dataflow,ESTAT:PRC_HPI_A$DEFAULTVIEW(1.0),House price index (2015 = 100) - annual data,A,Annual,DW_EXST,Purchases of existing dwellings,I10_A_AVG,"Annual average index, 2010=100",EA,"Euro area (EA11-1999, EA12-2001, EA13-2007, EA15-2008, EA16-2009, EA17-2011, EA18-2014, EA19-2015, EA20-2023, EA21-2026)",2016,,103.24,,,,,
dataflow,ESTAT:PRC_HPI_A$DEFAULTVIEW(1.0),House price index (2015 = 100) - annual data,A,Annual,DW_EXST,Purchases of existing dwellings,I10_A_AVG,"Annual average index, 2010=100",EA,"Euro area (EA11-1999, EA12-2001, EA13-2007, EA15-2008, EA16-2009, EA17-2011, EA18-2014, EA19-2015, EA20-2023, EA21-2026)",2017,,107.96,,,,,
dataflow,ESTAT:PRC_HPI_A$DEFAULTVIEW(1.0),House price index (2015 = 100) - annual data,A,Annual,DW_EXST,Purchases of existing dwellings,I10_A_AVG,"Annual average index, 2010=100",EA,"Euro area (EA11-1999, EA12-2001, EA13-2007, EA15-2008, EA16-2009, EA17-2011, EA18-2014, EA19-2015, EA20-2023, EA21-2026)",2018,,113.21,,,,,
dataflow,ESTAT:PRC_HPI_A$DEFAULTVIEW(1.0),House price index (2015 = 100) - annual data,A,Annual,DW_EXST,Purchases of existing dwellings,I10_A_AVG,"Annual average index, 2010=100",EA,"Euro area (EA11-1999, EA12-2001, EA13-2007, EA15-2008, EA16-2009, EA17-2011, EA18-2014, EA19-2015, EA20-2023, EA21-2026)",2019,,118.16,,,,,
dataflow,ESTAT:PRC_HPI_A$DEFAULTVIEW(1.0),House price index (2015 = 100) - annual data,A,Annual,DW_EXST,Purchases of existing dwellings,I10_A_AVG,"Annual average index, 2010=100",EA,"Euro area (EA11-1999, EA12-2001, EA13-2007, EA15-2008, EA16-2009, EA17-2011, EA18-2014, EA19-2015, EA20-2023, EA21-2026)",2020,,124.39,,,,,
dataflow,ESTAT:PRC_HPI_A$DEFAULTVIEW(1.0),House price index (2015 = 100) - annual data,A,Annual,DW_EXST,Purchases of existing dwellings,I10_A_AVG,"Annual average index, 2010=100",EA,"Euro area (EA11-1999, EA12-2001, EA13-2007, EA15-2008, EA16-2009, EA17-2011, EA18-2014, EA19-2015, EA20-2023, EA21-2026)",2021,,134.68,,,,,
dataflow,ESTAT:PRC_HPI_A$DEFAULTVIEW(1.0),House price index (2015 = 100) - annual data,A,Annual,DW_EXST,Purchases of existing dwellings,I10_A_AVG,"Annual average index, 2010=100",EA,"Euro area (EA11-1999, EA12-2001, EA13-2007, EA15-2008, EA16-2009, EA17-2011, EA18-2014, EA19-2015, EA20-2023, EA21-2026)",2022,,144.27,,,,,
dataflow,ESTAT:PRC_HPI_A$DEFAULTVIEW(1.0),House price index (2015 = 100) - annual data,A,Annual,DW_EXST,Purchases of existing dwellings,I10_A_AVG,"Annual average index, 2010=100",EA,"Euro area (EA11-1999, EA12-2001, EA13-2007, EA15-2008, EA16-2009, EA17-2011, EA18-2014, EA19-2015, EA20-2023, EA21-2026)",2023,,141.21,,,,,
dataflow,ESTAT:PRC_HPI_A$DEFAULTVIEW(1.0),House price index (2015 = 100) - annual data,A,Annual,DW_EXST,Purchases of existing dwellings,I10_A_AVG,"Annual average index, 2010=100",EA,"Euro area (EA11-1999, EA12-2001, EA13-2007, EA15-2008, EA16-2009, EA17-2011, EA18-2014, EA19-2015, EA20-2023, EA21-2026)",2024,,143.33,,,,,
dataflow,ESTAT:PRC_HPI_A$DEFAULTVIEW(1.0),House price index (2015 = 100) - annual data,A,Annual,DW_EXST,Purchases of existing dwellings,I10_A_AVG,"Annual average index, 2010=100",EA,"Euro area (EA11-1999, EA12-2001, EA13-2007, EA15-2008, EA16-2009, EA17-2011, EA18-2014, EA19-2015, EA20-2023, EA21-2026)",2025,,150.94,,,,,
dataflow,ESTAT:PRC_HPI_A$DEFAULTVIEW(1.0),House price index (2015 = 100) - annual data,A,Annual,DW_EXST,Purchases of existing dwellings,I10_A_AVG,"Annual average index, 2010=100",EA19,Euro area - 19 countries  (2015-2022),2016,,103.40,,,,,
dataflow,ESTAT:PRC_HPI_A$DEFAULTVIEW(1.0),House price index (2015 = 100) - annual data,A,Annual,DW_EXST,Purchases of existing dwellings,I10_A_AVG,"Annual average index, 2010=100",EA19,Euro area - 19 countries  (2015-2022),2017,,108.12,,,,,
dataflow,ESTAT:PRC_HPI_A$DEFAULTVIEW(1.0),House price index (2015 = 100) - annual data,A,Annual,DW_EXST,Purchases of existing dwellings,I10_A_AVG,"Annual average index, 2010=100",EA19,Euro area - 19 countries  (2015-2022),2018,,113.38,,,,,
dataflow,ESTAT:PRC_HPI_A$DEFAULTVIEW(1.0),House price index (2015 = 100) - annual data,A,Annual,DW_EXST,Purchases of existing dwellings,I10_A_AVG,"Annual average index, 2010=100",EA19,Euro area - 19 countries  (2015-2022),2019,,118.33,,,,,
dataflow,ESTAT:PRC_HPI_A$DEFAULTVIEW(1.0),House price index (2015 = 100) - annual data,A,Annual,DW_EXST,Purchases of existing dwellings,I10_A_AVG,"Annual average index, 2010=100",EA19,Euro area - 19 countries  (2015-2022),2020,,124.58,,,,,
dataflow,ESTAT:PRC_HPI_A$DEFAULTVIEW(1.0),House price index (2015 = 100) - annual data,A,Annual,DW_EXST,Purchases of existing dwellings,I10_A_AVG,"Annual average index, 2010=100",EA19,Euro area - 19 countries  (2015-2022),2021,,134.88,,,,,
dataflow,ESTAT:PRC_HPI_A$DEFAULTVIEW(1.0),House price index (2015 = 100) - annual data,A,Annual,DW_EXST,Purchases of existing dwellings,I10_A_AVG,"Annual average index, 2010=100",EA19,Euro area - 19 countries  (2015-2022),2022,,144.49,,,,,
dataflow,ESTAT:PRC_HPI_A$DEFAULTVIEW(1.0),House price index (2015 = 100) - annual data,A,Annual,DW_EXST,Purchases of existing dwellings,I10_A_AVG,"Annual average index, 2010=100",EA19,Euro area - 19 countries  (2015-2022),2023,,141.33,,,,,
dataflow,ESTAT:PRC_HPI_A$DEFAULTVIEW(1.0),House price index (2015 = 100) - annual data,A,Annual,DW_EXST,Purchases of existing dwellings,I10_A_AVG,"Annual average index, 2010=100",EA19,Euro area - 19 countries  (2015-2022),2024,,143.33,,,,,
dataflow,ESTAT:PRC_HPI_A$DEFAULTVIEW(1.0),House price index (2015 = 100) - annual data,A,Annual,DW_EXST,Purchases of existing dwellings,I10_A_AVG,"Annual average index, 2010=100",EA19,Euro area - 19 countries  (2015-2022),2025,,150.84,,,,,
dataflow,ESTAT:PRC_HPI_A$DEFAULTVIEW(1.0),House price index (2015 = 100) - annual data,A,Annual,DW_EXST,Purchases of existing dwellings,I10_A_AVG,"Annual average index, 2010=100",EA20,Euro area – 20 countries (2023-2025),2016,,103.33,,,,,
dataflow,ESTAT:PRC_HPI_A$DEFAULTVIEW(1.0),House price index (2015 = 100) - annual data,A,Annual,DW_EXST,Purchases of existing dwellings,I10_A_AVG,"Annual average index, 2010=100",EA20,Euro area – 20 countries (2023-2025),2017,,108.05,,,,,
dataflow,ESTAT:PRC_HPI_A$DEFAULTVIEW(1.0),House price index (2015 = 100) - annual data,A,Annual,DW_EXST,Purchases of existing dwellings,I10_A_AVG,"Annual average index, 2010=100",EA20,Euro area – 20 countries (2023-2025),2018,,113.32,,,,,
dataflow,ESTAT:PRC_HPI_A$DEFAULTVIEW(1.0),House price index (2015 = 100) - annual data,A,Annual,DW_EXST,Purchases of existing dwellings,I10_A_AVG,"Annual average index, 2010=100",EA20,Euro area – 20 countries (2023-2025),2019,,118.31,,,,,
dataflow,ESTAT:PRC_HPI_A$DEFAULTVIEW(1.0),House price index (2015 = 100) - annual data,A,Annual,DW_EXST,Purchases of existing dwellings,I10_A_AVG,"Annual average index, 2010=100",EA20,Euro area – 20 countries (2023-2025),2020,,124.59,,,,,
dataflow,ESTAT:PRC_HPI_A$DEFAULTVIEW(1.0),House price index (2015 = 100) - annual data,A,Annual,DW_EXST,Purchases of existing dwellings,I10_A_AVG,"Annual average index, 2010=100",EA20,Euro area – 20 countries (2023-2025),2021,,134.88,,,,,
dataflow,ESTAT:PRC_HPI_A$DEFAULTVIEW(1.0),House price index (2015 = 100) - annual data,A,Annual,DW_EXST,Purchases of existing dwellings,I10_A_AVG,"Annual average index, 2010=100",EA20,Euro area – 20 countries (2023-2025),2022,,144.57,,,,,
dataflow,ESTAT:PRC_HPI_A$DEFAULTVIEW(1.0),House price index (2015 = 100) - annual data,A,Annual,DW_EXST,Purchases of existing dwellings,I10_A_AVG,"Annual average index, 2010=100",EA20,Euro area – 20 countries (2023-2025),2023,,141.59,,,,,
dataflow,ESTAT:PRC_HPI_A$DEFAULTVIEW(1.0),House price index (2015 = 100) - annual data,A,Annual,DW_EXST,Purchases of existing dwellings,I10_A_AVG,"Annual average index, 2010=100",EA20,Euro area – 20 countries (2023-2025),2024,,143.71,,,,,
dataflow,ESTAT:PRC_HPI_A$DEFAULTVIEW(1.0),House price index (2015 = 100) - annual data,A,Annual,DW_EXST,Purchases of existing dwellings,I10_A_AVG,"Annual average index, 2010=100",EA20,Euro area – 20 countries (2023-2025),2025,,151.34,,,,,
dataflow,ESTAT:PRC_HPI_A$DEFAULTVIEW(1.0),House price index (2015 = 100) - annual data,A,Annual,DW_EXST,Purchases of existing dwellings,I10_A_AVG,"Annual average index, 2010=100",EA21,Euro area – 21 countries (from 2026),2016,,103.27,,,,,
dataflow,ESTAT:PRC_HPI_A$DEFAULTVIEW(1.0),House price index (2015 = 100) - annual data,A,Annual,DW_EXST,Purchases of existing dwellings,I10_A_AVG,"Annual average index, 2010=100",EA21,Euro area – 21 countries (from 2026),2017,,108.02,,,,,
dataflow,ESTAT:PRC_HPI_A$DEFAULTVIEW(1.0),House price index (2015 = 100) - annual data,A,Annual,DW_EXST,Purchases of existing dwellings,I10_A_AVG,"Annual average index, 2010=100",EA21,Euro area – 21 countries (from 2026),2018,,113.30,,,,,
dataflow,ESTAT:PRC_HPI_A$DEFAULTVIEW(1.0),House price index (2015 = 100) - annual data,A,Annual,DW_EXST,Purchases of existing dwellings,I10_A_AVG,"Annual average index, 2010=100",EA21,Euro area – 21 countries (from 2026),2019,,118.31,,,,,
dataflow,ESTAT:PRC_HPI_A$DEFAULTVIEW(1.0),House price index (2015 = 100) - annual data,A,Annual,DW_EXST,Purchases of existing dwellings,I10_A_AVG,"Annual average index, 2010=100",EA21,Euro area – 21 countries (from 2026),2020,,124.59,,,,,
dataflow,ESTAT:PRC_HPI_A$DEFAULTVIEW(1.0),House price index (2015 = 100) - annual data,A,Annual,DW_EXST,Purchases of existing dwellings,I10_A_AVG,"Annual average index, 2010=100",EA21,Euro area – 21 countries (from 2026),2021,,134.89,,,,,
dataflow,ESTAT:PRC_HPI_A$DEFAULTVIEW(1.0),House price index (2015 = 100) - annual data,A,Annual,DW_EXST,Purchases of existing dwellings,I10_A_AVG,"Annual average index, 2010=100",EA21,Euro area – 21 countries (from 2026),2022,,144.66,,,,,
dataflow,ESTAT:PRC_HPI_A$DEFAULTVIEW(1.0),House price index (2015 = 100) - annual data,A,Annual,DW_EXST,Purchases of existing dwellings,I10_A_AVG,"Annual average index, 2010=100",EA21,Euro area – 21 countries (from 2026),2023,,141.83,,,,,
dataflow,ESTAT:PRC_HPI_A$DEFAULTVIEW(1.0),House price index (2015 = 100) - annual data,A,Annual,DW_EXST,Purchases of existing dwellings,I10_A_AVG,"Annual average index, 2010=100",EA21,Euro area – 21 countries (from 2026),2024,,144.13,,,,,
dataflow,ESTAT:PRC_HPI_A$DEFAULTVIEW(1.0),House price index (2015 = 100) - annual data,A,Annual,DW_EXST,Purchases of existing dwellings,I10_A_AVG,"Annual average index, 2010=100",EA21,Euro area – 21 countries (from 2026),2025,,151.93,,,,,
dataflow,ESTAT:PRC_HPI_A$DEFAULTVIEW(1.0),House price index (2015 = 100) - annual data,A,Annual,DW_EXST,Purchases of existing dwellings,I10_A_AVG,"Annual average index, 2010=100",EE,Estonia,2016,,155.18,,,,,
dataflow,ESTAT:PRC_HPI_A$DEFAULTVIEW(1.0),House price index (2015 = 100) - annual data,A,Annual,DW_EXST,Purchases of existing dwellings,I10_A_AVG,"Annual average index, 2010=100",EE,Estonia,2017,,164.39,,,,,
dataflow,ESTAT:PRC_HPI_A$DEFAULTVIEW(1.0),House price index (2015 = 100) - annual data,A,Annual,DW_EXST,Purchases of existing dwellings,I10_A_AVG,"Annual average index, 2010=100",EE,Estonia,2018,,171.05,,,,,
dataflow,ESTAT:PRC_HPI_A$DEFAULTVIEW(1.0),House price index (2015 = 100) - annual data,A,Annual,DW_EXST,Purchases of existing dwellings,I10_A_AVG,"Annual average index, 2010=100",EE,Estonia,2019,,182.55,,,,,
dataflow,ESTAT:PRC_HPI_A$DEFAULTVIEW(1.0),House price index (2015 = 100) - annual data,A,Annual,DW_EXST,Purchases of existing dwellings,I10_A_AVG,"Annual average index, 2010=100",EE,Estonia,2020,,188.88,,,,,
dataflow,ESTAT:PRC_HPI_A$DEFAULTVIEW(1.0),House price index (2015 = 100) - annual data,A,Annual,DW_EXST,Purchases of existing dwellings,I10_A_AVG,"Annual average index, 2010=100",EE,Estonia,2021,,221.25,,,,,
dataflow,ESTAT:PRC_HPI_A$DEFAULTVIEW(1.0),House price index (2015 = 100) - annual data,A,Annual,DW_EXST,Purchases of existing dwellings,I10_A_AVG,"Annual average index, 2010=100",EE,Estonia,2022,,277.52,,,,,
dataflow,ESTAT:PRC_HPI_A$DEFAULTVIEW(1.0),House price index (2015 = 100) - annual data,A,Annual,DW_EXST,Purchases of existing dwellings,I10_A_AVG,"Annual average index, 2010=100",EE,Estonia,2023,,282.03,,,,,
dataflow,ESTAT:PRC_HPI_A$DEFAULTVIEW(1.0),House price index (2015 = 100) - annual data,A,Annual,DW_EXST,Purchases of existing dwellings,I10_A_AVG,"Annual average index, 2010=100",EE,Estonia,2024,,300.66,,,,,
dataflow,ESTAT:PRC_HPI_A$DEFAULTVIEW(1.0),House price index (2015 = 100) - annual data,A,Annual,DW_EXST,Purchases of existing dwellings,I10_A_AVG,"Annual average index, 2010=100",EE,Estonia,2025,,317.83,,,,,
dataflow,ESTAT:PRC_HPI_A$DEFAULTVIEW(1.0),House price index (2015 = 100) - annual data,A,Annual,DW_EXST,Purchases of existing dwellings,I10_A_AVG,"Annual average index, 2010=100",ES,Spain,2016,,74.15,,,,,
dataflow,ESTAT:PRC_HPI_A$DEFAULTVIEW(1.0),House price index (2015 = 100) - annual data,A,Annual,DW_EXST,Purchases of existing dwellings,I10_A_AVG,"Annual average index, 2010=100",ES,Spain,2017,,78.78,,,,,
dataflow,ESTAT:PRC_HPI_A$DEFAULTVIEW(1.0),House price index (2015 = 100) - annual data,A,Annual,DW_EXST,Purchases of existing dwellings,I10_A_AVG,"Annual average index, 2010=100",ES,Spain,2018,,84.12,,,,,
dataflow,ESTAT:PRC_HPI_A$DEFAULTVIEW(1.0),House price index (2015 = 100) - annual data,A,Annual,DW_EXST,Purchases of existing dwellings,I10_A_AVG,"Annual average index, 2010=100",ES,Spain,2019,,88.15,,,,,
dataflow,ESTAT:PRC_HPI_A$DEFAULTVIEW(1.0),House price index (2015 = 100) - annual data,A,Annual,DW_EXST,Purchases of existing dwellings,I10_A_AVG,"Annual average index, 2010=100",ES,Spain,2020,,89.42,,,,,
dataflow,ESTAT:PRC_HPI_A$DEFAULTVIEW(1.0),House price index (2015 = 100) - annual data,A,Annual,DW_EXST,Purchases of existing dwellings,I10_A_AVG,"Annual average index, 2010=100",ES,Spain,2021,,92.64,,,,,
dataflow,ESTAT:PRC_HPI_A$DEFAULTVIEW(1.0),House price index (2015 = 100) - annual data,A,Annual,DW_EXST,Purchases of existing dwellings,I10_A_AVG,"Annual average index, 2010=100",ES,Spain,2022,,99.37,,,,,
dataflow,ESTAT:PRC_HPI_A$DEFAULTVIEW(1.0),House price index (2015 = 100) - annual data,A,Annual,DW_EXST,Purchases of existing dwellings,I10_A_AVG,"Annual average index, 2010=100",ES,Spain,2023,,102.61,,,,,
dataflow,ESTAT:PRC_HPI_A$DEFAULTVIEW(1.0),House price index (2015 = 100) - annual data,A,Annual,DW_EXST,Purchases of existing dwellings,I10_A_AVG,"Annual average index, 2010=100",ES,Spain,2024,,110.90,,,,,
dataflow,ESTAT:PRC_HPI_A$DEFAULTVIEW(1.0),House price index (2015 = 100) - annual data,A,Annual,DW_EXST,Purchases of existing dwellings,I10_A_AVG,"Annual average index, 2010=100",ES,Spain,2025,,125.26,,,,,
dataflow,ESTAT:PRC_HPI_A$DEFAULTVIEW(1.0),House price index (2015 = 100) - annual data,A,Annual,DW_EXST,Purchases of existing dwellings,I10_A_AVG,"Annual average index, 2010=100",EU,"European Union (EU6-1958, EU9-1973, EU10-1981, EU12-1986, EU15-1995, EU25-2004, EU27-2007, EU28-2013, EU27-2020)",2016,,107.37,,,,,
dataflow,ESTAT:PRC_HPI_A$DEFAULTVIEW(1.0),House price index (2015 = 100) - annual data,A,Annual,DW_EXST,Purchases of existing dwellings,I10_A_AVG,"Annual average index, 2010=100",EU,"European Union (EU6-1958, EU9-1973, EU10-1981, EU12-1986, EU15-1995, EU25-2004, EU27-2007, EU28-2013, EU27-2020)",2017,,112.68,,,,,
dataflow,ESTAT:PRC_HPI_A$DEFAULTVIEW(1.0),House price index (2015 = 100) - annual data,A,Annual,DW_EXST,Purchases of existing dwellings,I10_A_AVG,"Annual average index, 2010=100",EU,"European Union (EU6-1958, EU9-1973, EU10-1981, EU12-1986, EU15-1995, EU25-2004, EU27-2007, EU28-2013, EU27-2020)",2018,,118.04,,,,,
dataflow,ESTAT:PRC_HPI_A$DEFAULTVIEW(1.0),House price index (2015 = 100) - annual data,A,Annual,DW_EXST,Purchases of existing dwellings,I10_A_AVG,"Annual average index, 2010=100",EU,"European Union (EU6-1958, EU9-1973, EU10-1981, EU12-1986, EU15-1995, EU25-2004, EU27-2007, EU28-2013, EU27-2020)",2019,,123.14,,,,,
dataflow,ESTAT:PRC_HPI_A$DEFAULTVIEW(1.0),House price index (2015 = 100) - annual data,A,Annual,DW_EXST,Purchases of existing dwellings,I10_A_AVG,"Annual average index, 2010=100",EU,"European Union (EU6-1958, EU9-1973, EU10-1981, EU12-1986, EU15-1995, EU25-2004, EU27-2007, EU28-2013, EU27-2020)",2020,,130.02,,,,,
dataflow,ESTAT:PRC_HPI_A$DEFAULTVIEW(1.0),House price index (2015 = 100) - annual data,A,Annual,DW_EXST,Purchases of existing dwellings,I10_A_AVG,"Annual average index, 2010=100",EU,"European Union (EU6-1958, EU9-1973, EU10-1981, EU12-1986, EU15-1995, EU25-2004, EU27-2007, EU28-2013, EU27-2020)",2021,,141.49,,,,,
dataflow,ESTAT:PRC_HPI_A$DEFAULTVIEW(1.0),House price index (2015 = 100) - annual data,A,Annual,DW_EXST,Purchases of existing dwellings,I10_A_AVG,"Annual average index, 2010=100",EU,"European Union (EU6-1958, EU9-1973, EU10-1981, EU12-1986, EU15-1995, EU25-2004, EU27-2007, EU28-2013, EU27-2020)",2022,,152.32,,,,,
dataflow,ESTAT:PRC_HPI_A$DEFAULTVIEW(1.0),House price index (2015 = 100) - annual data,A,Annual,DW_EXST,Purchases of existing dwellings,I10_A_AVG,"Annual average index, 2010=100",EU,"European Union (EU6-1958, EU9-1973, EU10-1981, EU12-1986, EU15-1995, EU25-2004, EU27-2007, EU28-2013, EU27-2020)",2023,,149.98,,,,,
dataflow,ESTAT:PRC_HPI_A$DEFAULTVIEW(1.0),House price index (2015 = 100) - annual data,A,Annual,DW_EXST,Purchases of existing dwellings,I10_A_AVG,"Annual average index, 2010=100",EU,"European Union (EU6-1958, EU9-1973, EU10-1981, EU12-1986, EU15-1995, EU25-2004, EU27-2007, EU28-2013, EU27-2020)",2024,,153.70,,,,,
dataflow,ESTAT:PRC_HPI_A$DEFAULTVIEW(1.0),House price index (2015 = 100) - annual data,A,Annual,DW_EXST,Purchases of existing dwellings,I10_A_AVG,"Annual average index, 2010=100",EU,"European Union (EU6-1958, EU9-1973, EU10-1981, EU12-1986, EU15-1995, EU25-2004, EU27-2007, EU28-2013, EU27-2020)",2025,,162.45,,,,,
dataflow,ESTAT:PRC_HPI_A$DEFAULTVIEW(1.0),House price index (2015 = 100) - annual data,A,Annual,DW_EXST,Purchases of existing dwellings,I10_A_AVG,"Annual average index, 2010=100",EU27_2020,European Union - 27 countries (from 2020),2016,,104.49,,,,,
dataflow,ESTAT:PRC_HPI_A$DEFAULTVIEW(1.0),House price index (2015 = 100) - annual data,A,Annual,DW_EXST,Purchases of existing dwellings,I10_A_AVG,"Annual average index, 2010=100",EU27_2020,European Union - 27 countries (from 2020),2017,,109.74,,,,,
dataflow,ESTAT:PRC_HPI_A$DEFAULTVIEW(1.0),House price index (2015 = 100) - annual data,A,Annual,DW_EXST,Purchases of existing dwellings,I10_A_AVG,"Annual average index, 2010=100",EU27_2020,European Union - 27 countries (from 2020),2018,,115.27,,,,,
dataflow,ESTAT:PRC_HPI_A$DEFAULTVIEW(1.0),House price index (2015 = 100) - annual data,A,Annual,DW_EXST,Purchases of existing dwellings,I10_A_AVG,"Annual average index, 2010=100",EU27_2020,European Union - 27 countries (from 2020),2019,,120.90,,,,,
dataflow,ESTAT:PRC_HPI_A$DEFAULTVIEW(1.0),House price index (2015 = 100) - annual data,A,Annual,DW_EXST,Purchases of existing dwellings,I10_A_AVG,"Annual average index, 2010=100",EU27_2020,European Union - 27 countries (from 2020),2020,,127.80,,,,,
dataflow,ESTAT:PRC_HPI_A$DEFAULTVIEW(1.0),House price index (2015 = 100) - annual data,A,Annual,DW_EXST,Purchases of existing dwellings,I10_A_AVG,"Annual average index, 2010=100",EU27_2020,European Union - 27 countries (from 2020),2021,,139.08,,,,,
dataflow,ESTAT:PRC_HPI_A$DEFAULTVIEW(1.0),House price index (2015 = 100) - annual data,A,Annual,DW_EXST,Purchases of existing dwellings,I10_A_AVG,"Annual average index, 2010=100",EU27_2020,European Union - 27 countries (from 2020),2022,,149.73,,,,,
dataflow,ESTAT:PRC_HPI_A$DEFAULTVIEW(1.0),House price index (2015 = 100) - annual data,A,Annual,DW_EXST,Purchases of existing dwellings,I10_A_AVG,"Annual average index, 2010=100",EU27_2020,European Union - 27 countries (from 2020),2023,,147.43,,,,,
dataflow,ESTAT:PRC_HPI_A$DEFAULTVIEW(1.0),House price index (2015 = 100) - annual data,A,Annual,DW_EXST,Purchases of existing dwellings,I10_A_AVG,"Annual average index, 2010=100",EU27_2020,European Union - 27 countries (from 2020),2024,,151.09,,,,,
dataflow,ESTAT:PRC_HPI_A$DEFAULTVIEW(1.0),House price index (2015 = 100) - annual data,A,Annual,DW_EXST,Purchases of existing dwellings,I10_A_AVG,"Annual average index, 2010=100",EU27_2020,European Union - 27 countries (from 2020),2025,,159.69,,,,,
dataflow,ESTAT:PRC_HPI_A$DEFAULTVIEW(1.0),House price index (2015 = 100) - annual data,A,Annual,DW_EXST,Purchases of existing dwellings,I10_A_AVG,"Annual average index, 2010=100",EU28,European Union - 28 countries (2013-2020),2016,,107.35,,,,,
dataflow,ESTAT:PRC_HPI_A$DEFAULTVIEW(1.0),House price index (2015 = 100) - annual data,A,Annual,DW_EXST,Purchases of existing dwellings,I10_A_AVG,"Annual average index, 2010=100",EU28,European Union - 28 countries (2013-2020),2017,,112.66,,,,,
dataflow,ESTAT:PRC_HPI_A$DEFAULTVIEW(1.0),House price index (2015 = 100) - annual data,A,Annual,DW_EXST,Purchases of existing dwellings,I10_A_AVG,"Annual average index, 2010=100",EU28,European Union - 28 countries (2013-2020),2018,,118.02,,,,,
dataflow,ESTAT:PRC_HPI_A$DEFAULTVIEW(1.0),House price index (2015 = 100) - annual data,A,Annual,DW_EXST,Purchases of existing dwellings,I10_A_AVG,"Annual average index, 2010=100",EU28,European Union - 28 countries (2013-2020),2019,,123.12,,,,,
dataflow,ESTAT:PRC_HPI_A$DEFAULTVIEW(1.0),House price index (2015 = 100) - annual data,A,Annual,DW_EXST,Purchases of existing dwellings,I10_A_AVG,"Annual average index, 2010=100",FI,Finland,2016,,104.30,,,,,
dataflow,ESTAT:PRC_HPI_A$DEFAULTVIEW(1.0),House price index (2015 = 100) - annual data,A,Annual,DW_EXST,Purchases of existing dwellings,I10_A_AVG,"Annual average index, 2010=100",FI,Finland,2017,,104.97,,,,,
dataflow,ESTAT:PRC_HPI_A$DEFAULTVIEW(1.0),House price index (2015 = 100) - annual data,A,Annual,DW_EXST,Purchases of existing dwellings,I10_A_AVG,"Annual average index, 2010=100",FI,Finland,2018,,105.69,,,,,
dataflow,ESTAT:PRC_HPI_A$DEFAULTVIEW(1.0),House price index (2015 = 100) - annual data,A,Annual,DW_EXST,Purchases of existing dwellings,I10_A_AVG,"Annual average index, 2010=100",FI,Finland,2019,,105.83,,,,,
dataflow,ESTAT:PRC_HPI_A$DEFAULTVIEW(1.0),House price index (2015 = 100) - annual data,A,Annual,DW_EXST,Purchases of existing dwellings,I10_A_AVG,"Annual average index, 2010=100",FI,Finland,2020,,107.27,,,,,
dataflow,ESTAT:PRC_HPI_A$DEFAULTVIEW(1.0),House price index (2015 = 100) - annual data,A,Annual,DW_EXST,Purchases of existing dwellings,I10_A_AVG,"Annual average index, 2010=100",FI,Finland,2021,,111.94,,,,,
dataflow,ESTAT:PRC_HPI_A$DEFAULTVIEW(1.0),House price index (2015 = 100) - annual data,A,Annual,DW_EXST,Purchases of existing dwellings,I10_A_AVG,"Annual average index, 2010=100",FI,Finland,2022,,112.22,,,,,
dataflow,ESTAT:PRC_HPI_A$DEFAULTVIEW(1.0),House price index (2015 = 100) - annual data,A,Annual,DW_EXST,Purchases of existing dwellings,I10_A_AVG,"Annual average index, 2010=100",FI,Finland,2023,,103.83,,,,,
dataflow,ESTAT:PRC_HPI_A$DEFAULTVIEW(1.0),House price index (2015 = 100) - annual data,A,Annual,DW_EXST,Purchases of existing dwellings,I10_A_AVG,"Annual average index, 2010=100",FI,Finland,2024,,100.41,,,,,
dataflow,ESTAT:PRC_HPI_A$DEFAULTVIEW(1.0),House price index (2015 = 100) - annual data,A,Annual,DW_EXST,Purchases of existing dwellings,I10_A_AVG,"Annual average index, 2010=100",FI,Finland,2025,,97.42,,p,provisional,,
dataflow,ESTAT:PRC_HPI_A$DEFAULTVIEW(1.0),House price index (2015 = 100) - annual data,A,Annual,DW_EXST,Purchases of existing dwellings,I10_A_AVG,"Annual average index, 2010=100",FR,France,2016,,100.34,,,,,
dataflow,ESTAT:PRC_HPI_A$DEFAULTVIEW(1.0),House price index (2015 = 100) - annual data,A,Annual,DW_EXST,Purchases of existing dwellings,I10_A_AVG,"Annual average index, 2010=100",FR,France,2017,,103.37,,,,,
dataflow,ESTAT:PRC_HPI_A$DEFAULTVIEW(1.0),House price index (2015 = 100) - annual data,A,Annual,DW_EXST,Purchases of existing dwellings,I10_A_AVG,"Annual average index, 2010=100",FR,France,2018,,106.48,,,,,
dataflow,ESTAT:PRC_HPI_A$DEFAULTVIEW(1.0),House price index (2015 = 100) - annual data,A,Annual,DW_EXST,Purchases of existing dwellings,I10_A_AVG,"Annual average index, 2010=100",FR,France,2019,,109.95,,,,,
dataflow,ESTAT:PRC_HPI_A$DEFAULTVIEW(1.0),House price index (2015 = 100) - annual data,A,Annual,DW_EXST,Purchases of existing dwellings,I10_A_AVG,"Annual average index, 2010=100",FR,France,2020,,116.08,,,,,
dataflow,ESTAT:PRC_HPI_A$DEFAULTVIEW(1.0),House price index (2015 = 100) - annual data,A,Annual,DW_EXST,Purchases of existing dwellings,I10_A_AVG,"Annual average index, 2010=100",FR,France,2021,,123.73,,,,,
dataflow,ESTAT:PRC_HPI_A$DEFAULTVIEW(1.0),House price index (2015 = 100) - annual data,A,Annual,DW_EXST,Purchases of existing dwellings,I10_A_AVG,"Annual average index, 2010=100",FR,France,2022,,131.64,,,,,
dataflow,ESTAT:PRC_HPI_A$DEFAULTVIEW(1.0),House price index (2015 = 100) - annual data,A,Annual,DW_EXST,Purchases of existing dwellings,I10_A_AVG,"Annual average index, 2010=100",FR,France,2023,,130.76,,,,,
dataflow,ESTAT:PRC_HPI_A$DEFAULTVIEW(1.0),House price index (2015 = 100) - annual data,A,Annual,DW_EXST,Purchases of existing dwellings,I10_A_AVG,"Annual average index, 2010=100",FR,France,2024,,125.44,,,,,
dataflow,ESTAT:PRC_HPI_A$DEFAULTVIEW(1.0),House price index (2015 = 100) - annual data,A,Annual,DW_EXST,Purchases of existing dwellings,I10_A_AVG,"Annual average index, 2010=100",FR,France,2025,,126.23,,p,provisional,,
dataflow,ESTAT:PRC_HPI_A$DEFAULTVIEW(1.0),House price index (2015 = 100) - annual data,A,Annual,DW_EXST,Purchases of existing dwellings,I10_A_AVG,"Annual average index, 2010=100",HR,Croatia,2016,,91.58,,,,,
dataflow,ESTAT:PRC_HPI_A$DEFAULTVIEW(1.0),House price index (2015 = 100) - annual data,A,Annual,DW_EXST,Purchases of existing dwellings,I10_A_AVG,"Annual average index, 2010=100",HR,Croatia,2017,,95.75,,,,,
dataflow,ESTAT:PRC_HPI_A$DEFAULTVIEW(1.0),House price index (2015 = 100) - annual data,A,Annual,DW_EXST,Purchases of existing dwellings,I10_A_AVG,"Annual average index, 2010=100",HR,Croatia,2018,,102.04,,,,,
dataflow,ESTAT:PRC_HPI_A$DEFAULTVIEW(1.0),House price index (2015 = 100) - annual data,A,Annual,DW_EXST,Purchases of existing dwellings,I10_A_AVG,"Annual average index, 2010=100",HR,Croatia,2019,,111.29,,,,,
dataflow,ESTAT:PRC_HPI_A$DEFAULTVIEW(1.0),House price index (2015 = 100) - annual data,A,Annual,DW_EXST,Purchases of existing dwellings,I10_A_AVG,"Annual average index, 2010=100",HR,Croatia,2020,,120.79,,,,,
dataflow,ESTAT:PRC_HPI_A$DEFAULTVIEW(1.0),House price index (2015 = 100) - annual data,A,Annual,DW_EXST,Purchases of existing dwellings,I10_A_AVG,"Annual average index, 2010=100",HR,Croatia,2021,,129.47,,,,,
dataflow,ESTAT:PRC_HPI_A$DEFAULTVIEW(1.0),House price index (2015 = 100) - annual data,A,Annual,DW_EXST,Purchases of existing dwellings,I10_A_AVG,"Annual average index, 2010=100",HR,Croatia,2022,,148.24,,,,,
dataflow,ESTAT:PRC_HPI_A$DEFAULTVIEW(1.0),House price index (2015 = 100) - annual data,A,Annual,DW_EXST,Purchases of existing dwellings,I10_A_AVG,"Annual average index, 2010=100",HR,Croatia,2023,,166.61,,,,,
dataflow,ESTAT:PRC_HPI_A$DEFAULTVIEW(1.0),House price index (2015 = 100) - annual data,A,Annual,DW_EXST,Purchases of existing dwellings,I10_A_AVG,"Annual average index, 2010=100",HR,Croatia,2024,,184.73,,,,,
dataflow,ESTAT:PRC_HPI_A$DEFAULTVIEW(1.0),House price index (2015 = 100) - annual data,A,Annual,DW_EXST,Purchases of existing dwellings,I10_A_AVG,"Annual average index, 2010=100",HR,Croatia,2025,,211.14,,p,provisional,,
dataflow,ESTAT:PRC_HPI_A$DEFAULTVIEW(1.0),House price index (2015 = 100) - annual data,A,Annual,DW_EXST,Purchases of existing dwellings,I10_A_AVG,"Annual average index, 2010=100",HU,Hungary,2016,,120.78,,,,,
dataflow,ESTAT:PRC_HPI_A$DEFAULTVIEW(1.0),House price index (2015 = 100) - annual data,A,Annual,DW_EXST,Purchases of existing dwellings,I10_A_AVG,"Annual average index, 2010=100",HU,Hungary,2017,,135.13,,,,,
dataflow,ESTAT:PRC_HPI_A$DEFAULTVIEW(1.0),House price index (2015 = 100) - annual data,A,Annual,DW_EXST,Purchases of existing dwellings,I10_A_AVG,"Annual average index, 2010=100",HU,Hungary,2018,,154.57,,,,,
dataflow,ESTAT:PRC_HPI_A$DEFAULTVIEW(1.0),House price index (2015 = 100) - annual data,A,Annual,DW_EXST,Purchases of existing dwellings,I10_A_AVG,"Annual average index, 2010=100",HU,Hungary,2019,,181.48,,,,,
dataflow,ESTAT:PRC_HPI_A$DEFAULTVIEW(1.0),House price index (2015 = 100) - annual data,A,Annual,DW_EXST,Purchases of existing dwellings,I10_A_AVG,"Annual average index, 2010=100",HU,Hungary,2020,,188.60,,,,,
dataflow,ESTAT:PRC_HPI_A$DEFAULTVIEW(1.0),House price index (2015 = 100) - annual data,A,Annual,DW_EXST,Purchases of existing dwellings,I10_A_AVG,"Annual average index, 2010=100",HU,Hungary,2021,,218.88,,,,,
dataflow,ESTAT:PRC_HPI_A$DEFAULTVIEW(1.0),House price index (2015 = 100) - annual data,A,Annual,DW_EXST,Purchases of existing dwellings,I10_A_AVG,"Annual average index, 2010=100",HU,Hungary,2022,,268.04,,,,,
dataflow,ESTAT:PRC_HPI_A$DEFAULTVIEW(1.0),House price index (2015 = 100) - annual data,A,Annual,DW_EXST,Purchases of existing dwellings,I10_A_AVG,"Annual average index, 2010=100",HU,Hungary,2023,,283.91,,,,,
dataflow,ESTAT:PRC_HPI_A$DEFAULTVIEW(1.0),House price index (2015 = 100) - annual data,A,Annual,DW_EXST,Purchases of existing dwellings,I10_A_AVG,"Annual average index, 2010=100",HU,Hungary,2024,,321.83,,p,provisional,,
dataflow,ESTAT:PRC_HPI_A$DEFAULTVIEW(1.0),House price index (2015 = 100) - annual data,A,Annual,DW_EXST,Purchases of existing dwellings,I10_A_AVG,"Annual average index, 2010=100",HU,Hungary,2025,,385.25,,p,provisional,,
dataflow,ESTAT:PRC_HPI_A$DEFAULTVIEW(1.0),House price index (2015 = 100) - annual data,A,Annual,DW_EXST,Purchases of existing dwellings,I10_A_AVG,"Annual average index, 2010=100",IE,Ireland,2016,,102.76,,,,,
dataflow,ESTAT:PRC_HPI_A$DEFAULTVIEW(1.0),House price index (2015 = 100) - annual data,A,Annual,DW_EXST,Purchases of existing dwellings,I10_A_AVG,"Annual average index, 2010=100",IE,Ireland,2017,,114.96,,,,,
dataflow,ESTAT:PRC_HPI_A$DEFAULTVIEW(1.0),House price index (2015 = 100) - annual data,A,Annual,DW_EXST,Purchases of existing dwellings,I10_A_AVG,"Annual average index, 2010=100",IE,Ireland,2018,,126.61,,,,,
dataflow,ESTAT:PRC_HPI_A$DEFAULTVIEW(1.0),House price index (2015 = 100) - annual data,A,Annual,DW_EXST,Purchases of existing dwellings,I10_A_AVG,"Annual average index, 2010=100",IE,Ireland,2019,,128.89,,,,,
dataflow,ESTAT:PRC_HPI_A$DEFAULTVIEW(1.0),House price index (2015 = 100) - annual data,A,Annual,DW_EXST,Purchases of existing dwellings,I10_A_AVG,"Annual average index, 2010=100",IE,Ireland,2020,,128.52,,,,,
dataflow,ESTAT:PRC_HPI_A$DEFAULTVIEW(1.0),House price index (2015 = 100) - annual data,A,Annual,DW_EXST,Purchases of existing dwellings,I10_A_AVG,"Annual average index, 2010=100",IE,Ireland,2021,,141.20,,,,,
dataflow,ESTAT:PRC_HPI_A$DEFAULTVIEW(1.0),House price index (2015 = 100) - annual data,A,Annual,DW_EXST,Purchases of existing dwellings,I10_A_AVG,"Annual average index, 2010=100",IE,Ireland,2022,,160.25,,,,,
dataflow,ESTAT:PRC_HPI_A$DEFAULTVIEW(1.0),House price index (2015 = 100) - annual data,A,Annual,DW_EXST,Purchases of existing dwellings,I10_A_AVG,"Annual average index, 2010=100",IE,Ireland,2023,,162.14,,,,,
dataflow,ESTAT:PRC_HPI_A$DEFAULTVIEW(1.0),House price index (2015 = 100) - annual data,A,Annual,DW_EXST,Purchases of existing dwellings,I10_A_AVG,"Annual average index, 2010=100",IE,Ireland,2024,,176.75,,,,,
dataflow,ESTAT:PRC_HPI_A$DEFAULTVIEW(1.0),House price index (2015 = 100) - annual data,A,Annual,DW_EXST,Purchases of existing dwellings,I10_A_AVG,"Annual average index, 2010=100",IE,Ireland,2025,,191.40,,p,provisional,,
dataflow,ESTAT:PRC_HPI_A$DEFAULTVIEW(1.0),House price index (2015 = 100) - annual data,A,Annual,DW_EXST,Purchases of existing dwellings,I10_A_AVG,"Annual average index, 2010=100",IT,Italy,2016,,79.00,,,,,
dataflow,ESTAT:PRC_HPI_A$DEFAULTVIEW(1.0),House price index (2015 = 100) - annual data,A,Annual,DW_EXST,Purchases of existing dwellings,I10_A_AVG,"Annual average index, 2010=100",IT,Italy,2017,,78.10,,,,,
dataflow,ESTAT:PRC_HPI_A$DEFAULTVIEW(1.0),House price index (2015 = 100) - annual data,A,Annual,DW_EXST,Purchases of existing dwellings,I10_A_AVG,"Annual average index, 2010=100",IT,Italy,2018,,77.30,,,,,
dataflow,ESTAT:PRC_HPI_A$DEFAULTVIEW(1.0),House price index (2015 = 100) - annual data,A,Annual,DW_EXST,Purchases of existing dwellings,I10_A_AVG,"Annual average index, 2010=100",IT,Italy,2019,,77.00,,,,,
dataflow,ESTAT:PRC_HPI_A$DEFAULTVIEW(1.0),House price index (2015 = 100) - annual data,A,Annual,DW_EXST,Purchases of existing dwellings,I10_A_AVG,"Annual average index, 2010=100",IT,Italy,2020,,78.40,,,,,
dataflow,ESTAT:PRC_HPI_A$DEFAULTVIEW(1.0),House price index (2015 = 100) - annual data,A,Annual,DW_EXST,Purchases of existing dwellings,I10_A_AVG,"Annual average index, 2010=100",IT,Italy,2021,,80.20,,,,,
dataflow,ESTAT:PRC_HPI_A$DEFAULTVIEW(1.0),House price index (2015 = 100) - annual data,A,Annual,DW_EXST,Purchases of existing dwellings,I10_A_AVG,"Annual average index, 2010=100",IT,Italy,2022,,82.90,,,,,
dataflow,ESTAT:PRC_HPI_A$DEFAULTVIEW(1.0),House price index (2015 = 100) - annual data,A,Annual,DW_EXST,Purchases of existing dwellings,I10_A_AVG,"Annual average index, 2010=100",IT,Italy,2023,,83.30,,,,,
dataflow,ESTAT:PRC_HPI_A$DEFAULTVIEW(1.0),House price index (2015 = 100) - annual data,A,Annual,DW_EXST,Purchases of existing dwellings,I10_A_AVG,"Annual average index, 2010=100",IT,Italy,2024,,85.00,,,,,
dataflow,ESTAT:PRC_HPI_A$DEFAULTVIEW(1.0),House price index (2015 = 100) - annual data,A,Annual,DW_EXST,Purchases of existing dwellings,I10_A_AVG,"Annual average index, 2010=100",IT,Italy,2025,,89.10,,p,provisional,,
dataflow,ESTAT:PRC_HPI_A$DEFAULTVIEW(1.0),House price index (2015 = 100) - annual data,A,Annual,DW_EXST,Purchases of existing dwellings,I10_A_AVG,"Annual average index, 2010=100",LT,Lithuania,2016,,124.92,,,,,
dataflow,ESTAT:PRC_HPI_A$DEFAULTVIEW(1.0),House price index (2015 = 100) - annual data,A,Annual,DW_EXST,Purchases of existing dwellings,I10_A_AVG,"Annual average index, 2010=100",LT,Lithuania,2017,,135.61,,,,,
dataflow,ESTAT:PRC_HPI_A$DEFAULTVIEW(1.0),House price index (2015 = 100) - annual data,A,Annual,DW_EXST,Purchases of existing dwellings,I10_A_AVG,"Annual average index, 2010=100",LT,Lithuania,2018,,145.23,,,,,
dataflow,ESTAT:PRC_HPI_A$DEFAULTVIEW(1.0),House price index (2015 = 100) - annual data,A,Annual,DW_EXST,Purchases of existing dwellings,I10_A_AVG,"Annual average index, 2010=100",LT,Lithuania,2019,,155.46,,,,,
dataflow,ESTAT:PRC_HPI_A$DEFAULTVIEW(1.0),House price index (2015 = 100) - annual data,A,Annual,DW_EXST,Purchases of existing dwellings,I10_A_AVG,"Annual average index, 2010=100",LT,Lithuania,2020,,167.46,,,,,
dataflow,ESTAT:PRC_HPI_A$DEFAULTVIEW(1.0),House price index (2015 = 100) - annual data,A,Annual,DW_EXST,Purchases of existing dwellings,I10_A_AVG,"Annual average index, 2010=100",LT,Lithuania,2021,,196.14,,,,,
dataflow,ESTAT:PRC_HPI_A$DEFAULTVIEW(1.0),House price index (2015 = 100) - annual data,A,Annual,DW_EXST,Purchases of existing dwellings,I10_A_AVG,"Annual average index, 2010=100",LT,Lithuania,2022,,232.01,,,,,
dataflow,ESTAT:PRC_HPI_A$DEFAULTVIEW(1.0),House price index (2015 = 100) - annual data,A,Annual,DW_EXST,Purchases of existing dwellings,I10_A_AVG,"Annual average index, 2010=100",LT,Lithuania,2023,,247.88,,,,,
dataflow,ESTAT:PRC_HPI_A$DEFAULTVIEW(1.0),House price index (2015 = 100) - annual data,A,Annual,DW_EXST,Purchases of existing dwellings,I10_A_AVG,"Annual average index, 2010=100",LT,Lithuania,2024,,271.57,,,,,
dataflow,ESTAT:PRC_HPI_A$DEFAULTVIEW(1.0),House price index (2015 = 100) - annual data,A,Annual,DW_EXST,Purchases of existing dwellings,I10_A_AVG,"Annual average index, 2010=100",LT,Lithuania,2025,,300.52,,,,,
dataflow,ESTAT:PRC_HPI_A$DEFAULTVIEW(1.0),House price index (2015 = 100) - annual data,A,Annual,DW_EXST,Purchases of existing dwellings,I10_A_AVG,"Annual average index, 2010=100",LU,Luxembourg,2016,,130.65,,,,,
dataflow,ESTAT:PRC_HPI_A$DEFAULTVIEW(1.0),House price index (2015 = 100) - annual data,A,Annual,DW_EXST,Purchases of existing dwellings,I10_A_AVG,"Annual average index, 2010=100",LU,Luxembourg,2017,,138.08,,,,,
dataflow,ESTAT:PRC_HPI_A$DEFAULTVIEW(1.0),House price index (2015 = 100) - annual data,A,Annual,DW_EXST,Purchases of existing dwellings,I10_A_AVG,"Annual average index, 2010=100",LU,Luxembourg,2018,,148.82,,,,,
dataflow,ESTAT:PRC_HPI_A$DEFAULTVIEW(1.0),House price index (2015 = 100) - annual data,A,Annual,DW_EXST,Purchases of existing dwellings,I10_A_AVG,"Annual average index, 2010=100",LU,Luxembourg,2019,,164.98,,,,,
dataflow,ESTAT:PRC_HPI_A$DEFAULTVIEW(1.0),House price index (2015 = 100) - annual data,A,Annual,DW_EXST,Purchases of existing dwellings,I10_A_AVG,"Annual average index, 2010=100",LU,Luxembourg,2020,,189.21,,,,,
dataflow,ESTAT:PRC_HPI_A$DEFAULTVIEW(1.0),House price index (2015 = 100) - annual data,A,Annual,DW_EXST,Purchases of existing dwellings,I10_A_AVG,"Annual average index, 2010=100",LU,Luxembourg,2021,,217.49,,,,,
dataflow,ESTAT:PRC_HPI_A$DEFAULTVIEW(1.0),House price index (2015 = 100) - annual data,A,Annual,DW_EXST,Purchases of existing dwellings,I10_A_AVG,"Annual average index, 2010=100",LU,Luxembourg,2022,,236.72,,,,,
dataflow,ESTAT:PRC_HPI_A$DEFAULTVIEW(1.0),House price index (2015 = 100) - annual data,A,Annual,DW_EXST,Purchases of existing dwellings,I10_A_AVG,"Annual average index, 2010=100",LU,Luxembourg,2023,,210.47,,,,,
dataflow,ESTAT:PRC_HPI_A$DEFAULTVIEW(1.0),House price index (2015 = 100) - annual data,A,Annual,DW_EXST,Purchases of existing dwellings,I10_A_AVG,"Annual average index, 2010=100",LU,Luxembourg,2024,,197.73,,,,,
dataflow,ESTAT:PRC_HPI_A$DEFAULTVIEW(1.0),House price index (2015 = 100) - annual data,A,Annual,DW_EXST,Purchases of existing dwellings,I10_A_AVG,"Annual average index, 2010=100",LU,Luxembourg,2025,,200.86,,p,provisional,,
dataflow,ESTAT:PRC_HPI_A$DEFAULTVIEW(1.0),House price index (2015 = 100) - annual data,A,Annual,DW_EXST,Purchases of existing dwellings,I10_A_AVG,"Annual average index, 2010=100",LV,Latvia,2016,,128.27,,,,,
dataflow,ESTAT:PRC_HPI_A$DEFAULTVIEW(1.0),House price index (2015 = 100) - annual data,A,Annual,DW_EXST,Purchases of existing dwellings,I10_A_AVG,"Annual average index, 2010=100",LV,Latvia,2017,,139.69,,,,,
dataflow,ESTAT:PRC_HPI_A$DEFAULTVIEW(1.0),House price index (2015 = 100) - annual data,A,Annual,DW_EXST,Purchases of existing dwellings,I10_A_AVG,"Annual average index, 2010=100",LV,Latvia,2018,,153.96,,,,,
dataflow,ESTAT:PRC_HPI_A$DEFAULTVIEW(1.0),House price index (2015 = 100) - annual data,A,Annual,DW_EXST,Purchases of existing dwellings,I10_A_AVG,"Annual average index, 2010=100",LV,Latvia,2019,,167.66,,,,,
dataflow,ESTAT:PRC_HPI_A$DEFAULTVIEW(1.0),House price index (2015 = 100) - annual data,A,Annual,DW_EXST,Purchases of existing dwellings,I10_A_AVG,"Annual average index, 2010=100",LV,Latvia,2020,,171.89,,,,,
dataflow,ESTAT:PRC_HPI_A$DEFAULTVIEW(1.0),House price index (2015 = 100) - annual data,A,Annual,DW_EXST,Purchases of existing dwellings,I10_A_AVG,"Annual average index, 2010=100",LV,Latvia,2021,,195.99,,,,,
dataflow,ESTAT:PRC_HPI_A$DEFAULTVIEW(1.0),House price index (2015 = 100) - annual data,A,Annual,DW_EXST,Purchases of existing dwellings,I10_A_AVG,"Annual average index, 2010=100",LV,Latvia,2022,,223.78,,,,,
dataflow,ESTAT:PRC_HPI_A$DEFAULTVIEW(1.0),House price index (2015 = 100) - annual data,A,Annual,DW_EXST,Purchases of existing dwellings,I10_A_AVG,"Annual average index, 2010=100",LV,Latvia,2023,,225.50,,,,,
dataflow,ESTAT:PRC_HPI_A$DEFAULTVIEW(1.0),House price index (2015 = 100) - annual data,A,Annual,DW_EXST,Purchases of existing dwellings,I10_A_AVG,"Annual average index, 2010=100",LV,Latvia,2024,,230.97,,,,,
dataflow,ESTAT:PRC_HPI_A$DEFAULTVIEW(1.0),House price index (2015 = 100) - annual data,A,Annual,DW_EXST,Purchases of existing dwellings,I10_A_AVG,"Annual average index, 2010=100",LV,Latvia,2025,,250.54,,p,provisional,,
dataflow,ESTAT:PRC_HPI_A$DEFAULTVIEW(1.0),House price index (2015 = 100) - annual data,A,Annual,DW_EXST,Purchases of existing dwellings,I10_A_AVG,"Annual average index, 2010=100",MT,Malta,2016,,124.32,,,,,
dataflow,ESTAT:PRC_HPI_A$DEFAULTVIEW(1.0),House price index (2015 = 100) - annual data,A,Annual,DW_EXST,Purchases of existing dwellings,I10_A_AVG,"Annual average index, 2010=100",MT,Malta,2017,,131.07,,,,,
dataflow,ESTAT:PRC_HPI_A$DEFAULTVIEW(1.0),House price index (2015 = 100) - annual data,A,Annual,DW_EXST,Purchases of existing dwellings,I10_A_AVG,"Annual average index, 2010=100",MT,Malta,2018,,136.89,,,,,
dataflow,ESTAT:PRC_HPI_A$DEFAULTVIEW(1.0),House price index (2015 = 100) - annual data,A,Annual,DW_EXST,Purchases of existing dwellings,I10_A_AVG,"Annual average index, 2010=100",MT,Malta,2019,,143.80,,,,,
dataflow,ESTAT:PRC_HPI_A$DEFAULTVIEW(1.0),House price index (2015 = 100) - annual data,A,Annual,DW_EXST,Purchases of existing dwellings,I10_A_AVG,"Annual average index, 2010=100",MT,Malta,2020,,153.19,,,,,
dataflow,ESTAT:PRC_HPI_A$DEFAULTVIEW(1.0),House price index (2015 = 100) - annual data,A,Annual,DW_EXST,Purchases of existing dwellings,I10_A_AVG,"Annual average index, 2010=100",MT,Malta,2021,,156.52,,,,,
dataflow,ESTAT:PRC_HPI_A$DEFAULTVIEW(1.0),House price index (2015 = 100) - annual data,A,Annual,DW_EXST,Purchases of existing dwellings,I10_A_AVG,"Annual average index, 2010=100",MT,Malta,2022,,165.74,,,,,
dataflow,ESTAT:PRC_HPI_A$DEFAULTVIEW(1.0),House price index (2015 = 100) - annual data,A,Annual,DW_EXST,Purchases of existing dwellings,I10_A_AVG,"Annual average index, 2010=100",MT,Malta,2023,,176.99,,,,,
dataflow,ESTAT:PRC_HPI_A$DEFAULTVIEW(1.0),House price index (2015 = 100) - annual data,A,Annual,DW_EXST,Purchases of existing dwellings,I10_A_AVG,"Annual average index, 2010=100",MT,Malta,2024,,189.67,,,,,
dataflow,ESTAT:PRC_HPI_A$DEFAULTVIEW(1.0),House price index (2015 = 100) - annual data,A,Annual,DW_EXST,Purchases of existing dwellings,I10_A_AVG,"Annual average index, 2010=100",MT,Malta,2025,,202.07,,p,provisional,,
dataflow,ESTAT:PRC_HPI_A$DEFAULTVIEW(1.0),House price index (2015 = 100) - annual data,A,Annual,DW_EXST,Purchases of existing dwellings,I10_A_AVG,"Annual average index, 2010=100",NL,Netherlands,2016,,93.56,,,,,
dataflow,ESTAT:PRC_HPI_A$DEFAULTVIEW(1.0),House price index (2015 = 100) - annual data,A,Annual,DW_EXST,Purchases of existing dwellings,I10_A_AVG,"Annual average index, 2010=100",NL,Netherlands,2017,,101.15,,,,,
dataflow,ESTAT:PRC_HPI_A$DEFAULTVIEW(1.0),House price index (2015 = 100) - annual data,A,Annual,DW_EXST,Purchases of existing dwellings,I10_A_AVG,"Annual average index, 2010=100",NL,Netherlands,2018,,110.47,,,,,
dataflow,ESTAT:PRC_HPI_A$DEFAULTVIEW(1.0),House price index (2015 = 100) - annual data,A,Annual,DW_EXST,Purchases of existing dwellings,I10_A_AVG,"Annual average index, 2010=100",NL,Netherlands,2019,,118.25,,,,,
dataflow,ESTAT:PRC_HPI_A$DEFAULTVIEW(1.0),House price index (2015 = 100) - annual data,A,Annual,DW_EXST,Purchases of existing dwellings,I10_A_AVG,"Annual average index, 2010=100",NL,Netherlands,2020,,127.57,,,,,
dataflow,ESTAT:PRC_HPI_A$DEFAULTVIEW(1.0),House price index (2015 = 100) - annual data,A,Annual,DW_EXST,Purchases of existing dwellings,I10_A_AVG,"Annual average index, 2010=100",NL,Netherlands,2021,,146.77,,,,,
dataflow,ESTAT:PRC_HPI_A$DEFAULTVIEW(1.0),House price index (2015 = 100) - annual data,A,Annual,DW_EXST,Purchases of existing dwellings,I10_A_AVG,"Annual average index, 2010=100",NL,Netherlands,2022,,166.29,,,,,
dataflow,ESTAT:PRC_HPI_A$DEFAULTVIEW(1.0),House price index (2015 = 100) - annual data,A,Annual,DW_EXST,Purchases of existing dwellings,I10_A_AVG,"Annual average index, 2010=100",NL,Netherlands,2023,,161.55,,,,,
dataflow,ESTAT:PRC_HPI_A$DEFAULTVIEW(1.0),House price index (2015 = 100) - annual data,A,Annual,DW_EXST,Purchases of existing dwellings,I10_A_AVG,"Annual average index, 2010=100",NL,Netherlands,2024,,175.67,,,,,
dataflow,ESTAT:PRC_HPI_A$DEFAULTVIEW(1.0),House price index (2015 = 100) - annual data,A,Annual,DW_EXST,Purchases of existing dwellings,I10_A_AVG,"Annual average index, 2010=100",NL,Netherlands,2025,,190.75,,,,,
dataflow,ESTAT:PRC_HPI_A$DEFAULTVIEW(1.0),House price index (2015 = 100) - annual data,A,Annual,DW_EXST,Purchases of existing dwellings,I10_A_AVG,"Annual average index, 2010=100",NO,Norway,2016,,143.14,,,,,
dataflow,ESTAT:PRC_HPI_A$DEFAULTVIEW(1.0),House price index (2015 = 100) - annual data,A,Annual,DW_EXST,Purchases of existing dwellings,I10_A_AVG,"Annual average index, 2010=100",NO,Norway,2017,,151.20,,,,,
dataflow,ESTAT:PRC_HPI_A$DEFAULTVIEW(1.0),House price index (2015 = 100) - annual data,A,Annual,DW_EXST,Purchases of existing dwellings,I10_A_AVG,"Annual average index, 2010=100",NO,Norway,2018,,152.90,,,,,
dataflow,ESTAT:PRC_HPI_A$DEFAULTVIEW(1.0),House price index (2015 = 100) - annual data,A,Annual,DW_EXST,Purchases of existing dwellings,I10_A_AVG,"Annual average index, 2010=100",NO,Norway,2019,,157.05,,,,,
dataflow,ESTAT:PRC_HPI_A$DEFAULTVIEW(1.0),House price index (2015 = 100) - annual data,A,Annual,DW_EXST,Purchases of existing dwellings,I10_A_AVG,"Annual average index, 2010=100",NO,Norway,2020,,164.18,,,,,
dataflow,ESTAT:PRC_HPI_A$DEFAULTVIEW(1.0),House price index (2015 = 100) - annual data,A,Annual,DW_EXST,Purchases of existing dwellings,I10_A_AVG,"Annual average index, 2010=100",NO,Norway,2021,,180.75,,,,,
dataflow,ESTAT:PRC_HPI_A$DEFAULTVIEW(1.0),House price index (2015 = 100) - annual data,A,Annual,DW_EXST,Purchases of existing dwellings,I10_A_AVG,"Annual average index, 2010=100",NO,Norway,2022,,190.36,,,,,
dataflow,ESTAT:PRC_HPI_A$DEFAULTVIEW(1.0),House price index (2015 = 100) - annual data,A,Annual,DW_EXST,Purchases of existing dwellings,I10_A_AVG,"Annual average index, 2010=100",NO,Norway,2023,,190.44,,,,,
dataflow,ESTAT:PRC_HPI_A$DEFAULTVIEW(1.0),House price index (2015 = 100) - annual data,A,Annual,DW_EXST,Purchases of existing dwellings,I10_A_AVG,"Annual average index, 2010=100",NO,Norway,2024,,196.27,,,,,
dataflow,ESTAT:PRC_HPI_A$DEFAULTVIEW(1.0),House price index (2015 = 100) - annual data,A,Annual,DW_EXST,Purchases of existing dwellings,I10_A_AVG,"Annual average index, 2010=100",NO,Norway,2025,,207.53,,,,,
dataflow,ESTAT:PRC_HPI_A$DEFAULTVIEW(1.0),House price index (2015 = 100) - annual data,A,Annual,DW_EXST,Purchases of existing dwellings,I10_A_AVG,"Annual average index, 2010=100",PL,Poland,2016,,95.18,,,,,
dataflow,ESTAT:PRC_HPI_A$DEFAULTVIEW(1.0),House price index (2015 = 100) - annual data,A,Annual,DW_EXST,Purchases of existing dwellings,I10_A_AVG,"Annual average index, 2010=100",PL,Poland,2017,,99.43,,,,,
dataflow,ESTAT:PRC_HPI_A$DEFAULTVIEW(1.0),House price index (2015 = 100) - annual data,A,Annual,DW_EXST,Purchases of existing dwellings,I10_A_AVG,"Annual average index, 2010=100",PL,Poland,2018,,106.89,,,,,
dataflow,ESTAT:PRC_HPI_A$DEFAULTVIEW(1.0),House price index (2015 = 100) - annual data,A,Annual,DW_EXST,Purchases of existing dwellings,I10_A_AVG,"Annual average index, 2010=100",PL,Poland,2019,,118.03,,,,,
dataflow,ESTAT:PRC_HPI_A$DEFAULTVIEW(1.0),House price index (2015 = 100) - annual data,A,Annual,DW_EXST,Purchases of existing dwellings,I10_A_AVG,"Annual average index, 2010=100",PL,Poland,2020,,134.29,,,,,
dataflow,ESTAT:PRC_HPI_A$DEFAULTVIEW(1.0),House price index (2015 = 100) - annual data,A,Annual,DW_EXST,Purchases of existing dwellings,I10_A_AVG,"Annual average index, 2010=100",PL,Poland,2021,,146.74,,,,,
dataflow,ESTAT:PRC_HPI_A$DEFAULTVIEW(1.0),House price index (2015 = 100) - annual data,A,Annual,DW_EXST,Purchases of existing dwellings,I10_A_AVG,"Annual average index, 2010=100",PL,Poland,2022,,164.02,,,,,
dataflow,ESTAT:PRC_HPI_A$DEFAULTVIEW(1.0),House price index (2015 = 100) - annual data,A,Annual,DW_EXST,Purchases of existing dwellings,I10_A_AVG,"Annual average index, 2010=100",PL,Poland,2023,,175.97,,,,,
dataflow,ESTAT:PRC_HPI_A$DEFAULTVIEW(1.0),House price index (2015 = 100) - annual data,A,Annual,DW_EXST,Purchases of existing dwellings,I10_A_AVG,"Annual average index, 2010=100",PL,Poland,2024,,199.58,,,,,
dataflow,ESTAT:PRC_HPI_A$DEFAULTVIEW(1.0),House price index (2015 = 100) - annual data,A,Annual,DW_EXST,Purchases of existing dwellings,I10_A_AVG,"Annual average index, 2010=100",PL,Poland,2025,,207.90,,,,,
dataflow,ESTAT:PRC_HPI_A$DEFAULTVIEW(1.0),House price index (2015 = 100) - annual data,A,Annual,DW_EXST,Purchases of existing dwellings,I10_A_AVG,"Annual average index, 2010=100",PT,Portugal,2016,,99.20,,,,,
dataflow,ESTAT:PRC_HPI_A$DEFAULTVIEW(1.0),House price index (2015 = 100) - annual data,A,Annual,DW_EXST,Purchases of existing dwellings,I10_A_AVG,"Annual average index, 2010=100",PT,Portugal,2017,,109.52,,,,,
dataflow,ESTAT:PRC_HPI_A$DEFAULTVIEW(1.0),House price index (2015 = 100) - annual data,A,Annual,DW_EXST,Purchases of existing dwellings,I10_A_AVG,"Annual average index, 2010=100",PT,Portugal,2018,,121.59,,,,,
dataflow,ESTAT:PRC_HPI_A$DEFAULTVIEW(1.0),House price index (2015 = 100) - annual data,A,Annual,DW_EXST,Purchases of existing dwellings,I10_A_AVG,"Annual average index, 2010=100",PT,Portugal,2019,,134.04,,,,,
dataflow,ESTAT:PRC_HPI_A$DEFAULTVIEW(1.0),House price index (2015 = 100) - annual data,A,Annual,DW_EXST,Purchases of existing dwellings,I10_A_AVG,"Annual average index, 2010=100",PT,Portugal,2020,,146.22,,,,,
dataflow,ESTAT:PRC_HPI_A$DEFAULTVIEW(1.0),House price index (2015 = 100) - annual data,A,Annual,DW_EXST,Purchases of existing dwellings,I10_A_AVG,"Annual average index, 2010=100",PT,Portugal,2021,,160.32,,,,,
dataflow,ESTAT:PRC_HPI_A$DEFAULTVIEW(1.0),House price index (2015 = 100) - annual data,A,Annual,DW_EXST,Purchases of existing dwellings,I10_A_AVG,"Annual average index, 2010=100",PT,Portugal,2022,,182.59,,,,,
dataflow,ESTAT:PRC_HPI_A$DEFAULTVIEW(1.0),House price index (2015 = 100) - annual data,A,Annual,DW_EXST,Purchases of existing dwellings,I10_A_AVG,"Annual average index, 2010=100",PT,Portugal,2023,,198.49,,,,,
dataflow,ESTAT:PRC_HPI_A$DEFAULTVIEW(1.0),House price index (2015 = 100) - annual data,A,Annual,DW_EXST,Purchases of existing dwellings,I10_A_AVG,"Annual average index, 2010=100",PT,Portugal,2024,,217.83,,,,,
dataflow,ESTAT:PRC_HPI_A$DEFAULTVIEW(1.0),House price index (2015 = 100) - annual data,A,Annual,DW_EXST,Purchases of existing dwellings,I10_A_AVG,"Annual average index, 2010=100",PT,Portugal,2025,,258.94,,,,,
dataflow,ESTAT:PRC_HPI_A$DEFAULTVIEW(1.0),House price index (2015 = 100) - annual data,A,Annual,DW_EXST,Purchases of existing dwellings,I10_A_AVG,"Annual average index, 2010=100",RO,Romania,2016,,86.63,,,,,
dataflow,ESTAT:PRC_HPI_A$DEFAULTVIEW(1.0),House price index (2015 = 100) - annual data,A,Annual,DW_EXST,Purchases of existing dwellings,I10_A_AVG,"Annual average index, 2010=100",RO,Romania,2017,,92.95,,,,,
dataflow,ESTAT:PRC_HPI_A$DEFAULTVIEW(1.0),House price index (2015 = 100) - annual data,A,Annual,DW_EXST,Purchases of existing dwellings,I10_A_AVG,"Annual average index, 2010=100",RO,Romania,2018,,98.46,,,,,
dataflow,ESTAT:PRC_HPI_A$DEFAULTVIEW(1.0),House price index (2015 = 100) - annual data,A,Annual,DW_EXST,Purchases of existing dwellings,I10_A_AVG,"Annual average index, 2010=100",RO,Romania,2019,,102.18,,,,,
dataflow,ESTAT:PRC_HPI_A$DEFAULTVIEW(1.0),House price index (2015 = 100) - annual data,A,Annual,DW_EXST,Purchases of existing dwellings,I10_A_AVG,"Annual average index, 2010=100",RO,Romania,2020,,107.23,,,,,
dataflow,ESTAT:PRC_HPI_A$DEFAULTVIEW(1.0),House price index (2015 = 100) - annual data,A,Annual,DW_EXST,Purchases of existing dwellings,I10_A_AVG,"Annual average index, 2010=100",RO,Romania,2021,,112.60,,,,,
dataflow,ESTAT:PRC_HPI_A$DEFAULTVIEW(1.0),House price index (2015 = 100) - annual data,A,Annual,DW_EXST,Purchases of existing dwellings,I10_A_AVG,"Annual average index, 2010=100",RO,Romania,2022,,118.38,,,,,
dataflow,ESTAT:PRC_HPI_A$DEFAULTVIEW(1.0),House price index (2015 = 100) - annual data,A,Annual,DW_EXST,Purchases of existing dwellings,I10_A_AVG,"Annual average index, 2010=100",RO,Romania,2023,,119.06,,,,,
dataflow,ESTAT:PRC_HPI_A$DEFAULTVIEW(1.0),House price index (2015 = 100) - annual data,A,Annual,DW_EXST,Purchases of existing dwellings,I10_A_AVG,"Annual average index, 2010=100",RO,Romania,2024,,123.09,,,,,
dataflow,ESTAT:PRC_HPI_A$DEFAULTVIEW(1.0),House price index (2015 = 100) - annual data,A,Annual,DW_EXST,Purchases of existing dwellings,I10_A_AVG,"Annual average index, 2010=100",RO,Romania,2025,,131.61,,,,,
dataflow,ESTAT:PRC_HPI_A$DEFAULTVIEW(1.0),House price index (2015 = 100) - annual data,A,Annual,DW_EXST,Purchases of existing dwellings,I10_A_AVG,"Annual average index, 2010=100",SE,Sweden,2016,,150.93,,,,,
dataflow,ESTAT:PRC_HPI_A$DEFAULTVIEW(1.0),House price index (2015 = 100) - annual data,A,Annual,DW_EXST,Purchases of existing dwellings,I10_A_AVG,"Annual average index, 2010=100",SE,Sweden,2017,,161.00,,,,,
dataflow,ESTAT:PRC_HPI_A$DEFAULTVIEW(1.0),House price index (2015 = 100) - annual data,A,Annual,DW_EXST,Purchases of existing dwellings,I10_A_AVG,"Annual average index, 2010=100",SE,Sweden,2018,,156.26,,,,,
dataflow,ESTAT:PRC_HPI_A$DEFAULTVIEW(1.0),House price index (2015 = 100) - annual data,A,Annual,DW_EXST,Purchases of existing dwellings,I10_A_AVG,"Annual average index, 2010=100",SE,Sweden,2019,,159.34,,,,,
dataflow,ESTAT:PRC_HPI_A$DEFAULTVIEW(1.0),House price index (2015 = 100) - annual data,A,Annual,DW_EXST,Purchases of existing dwellings,I10_A_AVG,"Annual average index, 2010=100",SE,Sweden,2020,,168.48,,,,,
dataflow,ESTAT:PRC_HPI_A$DEFAULTVIEW(1.0),House price index (2015 = 100) - annual data,A,Annual,DW_EXST,Purchases of existing dwellings,I10_A_AVG,"Annual average index, 2010=100",SE,Sweden,2021,,189.16,,,,,
dataflow,ESTAT:PRC_HPI_A$DEFAULTVIEW(1.0),House price index (2015 = 100) - annual data,A,Annual,DW_EXST,Purchases of existing dwellings,I10_A_AVG,"Annual average index, 2010=100",SE,Sweden,2022,,192.69,,,,,
dataflow,ESTAT:PRC_HPI_A$DEFAULTVIEW(1.0),House price index (2015 = 100) - annual data,A,Annual,DW_EXST,Purchases of existing dwellings,I10_A_AVG,"Annual average index, 2010=100",SE,Sweden,2023,,179.94,,,,,
dataflow,ESTAT:PRC_HPI_A$DEFAULTVIEW(1.0),House price index (2015 = 100) - annual data,A,Annual,DW_EXST,Purchases of existing dwellings,I10_A_AVG,"Annual average index, 2010=100",SE,Sweden,2024,,182.23,,,,,
dataflow,ESTAT:PRC_HPI_A$DEFAULTVIEW(1.0),House price index (2015 = 100) - annual data,A,Annual,DW_EXST,Purchases of existing dwellings,I10_A_AVG,"Annual average index, 2010=100",SE,Sweden,2025,,185.24,,,,,
dataflow,ESTAT:PRC_HPI_A$DEFAULTVIEW(1.0),House price index (2015 = 100) - annual data,A,Annual,DW_EXST,Purchases of existing dwellings,I10_A_AVG,"Annual average index, 2010=100",SI,Slovenia,2016,,87.44,,,,,
dataflow,ESTAT:PRC_HPI_A$DEFAULTVIEW(1.0),House price index (2015 = 100) - annual data,A,Annual,DW_EXST,Purchases of existing dwellings,I10_A_AVG,"Annual average index, 2010=100",SI,Slovenia,2017,,94.29,,,,,
dataflow,ESTAT:PRC_HPI_A$DEFAULTVIEW(1.0),House price index (2015 = 100) - annual data,A,Annual,DW_EXST,Purchases of existing dwellings,I10_A_AVG,"Annual average index, 2010=100",SI,Slovenia,2018,,102.66,,,,,
dataflow,ESTAT:PRC_HPI_A$DEFAULTVIEW(1.0),House price index (2015 = 100) - annual data,A,Annual,DW_EXST,Purchases of existing dwellings,I10_A_AVG,"Annual average index, 2010=100",SI,Slovenia,2019,,110.86,,,,,
dataflow,ESTAT:PRC_HPI_A$DEFAULTVIEW(1.0),House price index (2015 = 100) - annual data,A,Annual,DW_EXST,Purchases of existing dwellings,I10_A_AVG,"Annual average index, 2010=100",SI,Slovenia,2020,,116.16,,,,,
dataflow,ESTAT:PRC_HPI_A$DEFAULTVIEW(1.0),House price index (2015 = 100) - annual data,A,Annual,DW_EXST,Purchases of existing dwellings,I10_A_AVG,"Annual average index, 2010=100",SI,Slovenia,2021,,129.56,,,,,
dataflow,ESTAT:PRC_HPI_A$DEFAULTVIEW(1.0),House price index (2015 = 100) - annual data,A,Annual,DW_EXST,Purchases of existing dwellings,I10_A_AVG,"Annual average index, 2010=100",SI,Slovenia,2022,,149.59,,,,,
dataflow,ESTAT:PRC_HPI_A$DEFAULTVIEW(1.0),House price index (2015 = 100) - annual data,A,Annual,DW_EXST,Purchases of existing dwellings,I10_A_AVG,"Annual average index, 2010=100",SI,Slovenia,2023,,160.48,,,,,
dataflow,ESTAT:PRC_HPI_A$DEFAULTVIEW(1.0),House price index (2015 = 100) - annual data,A,Annual,DW_EXST,Purchases of existing dwellings,I10_A_AVG,"Annual average index, 2010=100",SI,Slovenia,2024,,172.38,,,,,
dataflow,ESTAT:PRC_HPI_A$DEFAULTVIEW(1.0),House price index (2015 = 100) - annual data,A,Annual,DW_EXST,Purchases of existing dwellings,I10_A_AVG,"Annual average index, 2010=100",SI,Slovenia,2025,,182.43,,p,provisional,,
dataflow,ESTAT:PRC_HPI_A$DEFAULTVIEW(1.0),House price index (2015 = 100) - annual data,A,Annual,DW_EXST,Purchases of existing dwellings,I10_A_AVG,"Annual average index, 2010=100",SK,Slovakia,2016,,113.85,,,,,
dataflow,ESTAT:PRC_HPI_A$DEFAULTVIEW(1.0),House price index (2015 = 100) - annual data,A,Annual,DW_EXST,Purchases of existing dwellings,I10_A_AVG,"Annual average index, 2010=100",SK,Slovakia,2017,,120.05,,,,,
dataflow,ESTAT:PRC_HPI_A$DEFAULTVIEW(1.0),House price index (2015 = 100) - annual data,A,Annual,DW_EXST,Purchases of existing dwellings,I10_A_AVG,"Annual average index, 2010=100",SK,Slovakia,2018,,129.82,,,,,
dataflow,ESTAT:PRC_HPI_A$DEFAULTVIEW(1.0),House price index (2015 = 100) - annual data,A,Annual,DW_EXST,Purchases of existing dwellings,I10_A_AVG,"Annual average index, 2010=100",SK,Slovakia,2019,,144.07,,,,,
dataflow,ESTAT:PRC_HPI_A$DEFAULTVIEW(1.0),House price index (2015 = 100) - annual data,A,Annual,DW_EXST,Purchases of existing dwellings,I10_A_AVG,"Annual average index, 2010=100",SK,Slovakia,2020,,159.29,,,,,
dataflow,ESTAT:PRC_HPI_A$DEFAULTVIEW(1.0),House price index (2015 = 100) - annual data,A,Annual,DW_EXST,Purchases of existing dwellings,I10_A_AVG,"Annual average index, 2010=100",SK,Slovakia,2021,,171.18,,,,,
dataflow,ESTAT:PRC_HPI_A$DEFAULTVIEW(1.0),House price index (2015 = 100) - annual data,A,Annual,DW_EXST,Purchases of existing dwellings,I10_A_AVG,"Annual average index, 2010=100",SK,Slovakia,2022,,191.91,,,,,
dataflow,ESTAT:PRC_HPI_A$DEFAULTVIEW(1.0),House price index (2015 = 100) - annual data,A,Annual,DW_EXST,Purchases of existing dwellings,I10_A_AVG,"Annual average index, 2010=100",SK,Slovakia,2023,,192.68,,,,,
dataflow,ESTAT:PRC_HPI_A$DEFAULTVIEW(1.0),House price index (2015 = 100) - annual data,A,Annual,DW_EXST,Purchases of existing dwellings,I10_A_AVG,"Annual average index, 2010=100",SK,Slovakia,2024,,200.62,,,,,
dataflow,ESTAT:PRC_HPI_A$DEFAULTVIEW(1.0),House price index (2015 = 100) - annual data,A,Annual,DW_EXST,Purchases of existing dwellings,I10_A_AVG,"Annual average index, 2010=100",SK,Slovakia,2025,,226.20,,,,,
dataflow,ESTAT:PRC_HPI_A$DEFAULTVIEW(1.0),House price index (2015 = 100) - annual data,A,Annual,DW_EXST,Purchases of existing dwellings,I10_A_AVG,"Annual average index, 2010=100",TR,Türkiye,2016,,197.17,,,,,
dataflow,ESTAT:PRC_HPI_A$DEFAULTVIEW(1.0),House price index (2015 = 100) - annual data,A,Annual,DW_EXST,Purchases of existing dwellings,I10_A_AVG,"Annual average index, 2010=100",TR,Türkiye,2017,,218.90,,,,,
dataflow,ESTAT:PRC_HPI_A$DEFAULTVIEW(1.0),House price index (2015 = 100) - annual data,A,Annual,DW_EXST,Purchases of existing dwellings,I10_A_AVG,"Annual average index, 2010=100",TR,Türkiye,2018,,236.58,,,,,
dataflow,ESTAT:PRC_HPI_A$DEFAULTVIEW(1.0),House price index (2015 = 100) - annual data,A,Annual,DW_EXST,Purchases of existing dwellings,I10_A_AVG,"Annual average index, 2010=100",TR,Türkiye,2019,,246.36,,,,,
dataflow,ESTAT:PRC_HPI_A$DEFAULTVIEW(1.0),House price index (2015 = 100) - annual data,A,Annual,DW_EXST,Purchases of existing dwellings,I10_A_AVG,"Annual average index, 2010=100",TR,Türkiye,2020,,304.25,,,,,
dataflow,ESTAT:PRC_HPI_A$DEFAULTVIEW(1.0),House price index (2015 = 100) - annual data,A,Annual,DW_EXST,Purchases of existing dwellings,I10_A_AVG,"Annual average index, 2010=100",TR,Türkiye,2021,,412.75,,,,,
dataflow,ESTAT:PRC_HPI_A$DEFAULTVIEW(1.0),House price index (2015 = 100) - annual data,A,Annual,DW_EXST,Purchases of existing dwellings,I10_A_AVG,"Annual average index, 2010=100",TR,Türkiye,2022,,1046.23,,,,,
dataflow,ESTAT:PRC_HPI_A$DEFAULTVIEW(1.0),House price index (2015 = 100) - annual data,A,Annual,DW_EXST,Purchases of existing dwellings,I10_A_AVG,"Annual average index, 2010=100",TR,Türkiye,2023,,2066.46,,,,,
dataflow,ESTAT:PRC_HPI_A$DEFAULTVIEW(1.0),House price index (2015 = 100) - annual data,A,Annual,DW_EXST,Purchases of existing dwellings,I10_A_AVG,"Annual average index, 2010=100",TR,Türkiye,2024,,2915.86,,,,,
dataflow,ESTAT:PRC_HPI_A$DEFAULTVIEW(1.0),House price index (2015 = 100) - annual data,A,Annual,DW_EXST,Purchases of existing dwellings,I10_A_AVG,"Annual average index, 2010=100",UK,United Kingdom,2016,,123.77,,,,,
dataflow,ESTAT:PRC_HPI_A$DEFAULTVIEW(1.0),House price index (2015 = 100) - annual data,A,Annual,DW_EXST,Purchases of existing dwellings,I10_A_AVG,"Annual average index, 2010=100",UK,United Kingdom,2017,,129.36,,,,,
dataflow,ESTAT:PRC_HPI_A$DEFAULTVIEW(1.0),House price index (2015 = 100) - annual data,A,Annual,DW_EXST,Purchases of existing dwellings,I10_A_AVG,"Annual average index, 2010=100",UK,United Kingdom,2018,,133.40,,,,,
dataflow,ESTAT:PRC_HPI_A$DEFAULTVIEW(1.0),House price index (2015 = 100) - annual data,A,Annual,DW_EXST,Purchases of existing dwellings,I10_A_AVG,"Annual average index, 2010=100",UK,United Kingdom,2019,,134.75,,,,,
dataflow,ESTAT:PRC_HPI_A$DEFAULTVIEW(1.0),House price index (2015 = 100) - annual data,A,Annual,DW_EXST,Purchases of existing dwellings,I15_A_AVG,"Annual average index, 2015=100",AT,Austria,2016,,105.95,,,,,
dataflow,ESTAT:PRC_HPI_A$DEFAULTVIEW(1.0),House price index (2015 = 100) - annual data,A,Annual,DW_EXST,Purchases of existing dwellings,I15_A_AVG,"Annual average index, 2015=100",AT,Austria,2017,,112.33,,,,,
dataflow,ESTAT:PRC_HPI_A$DEFAULTVIEW(1.0),House price index (2015 = 100) - annual data,A,Annual,DW_EXST,Purchases of existing dwellings,I15_A_AVG,"Annual average index, 2015=100",AT,Austria,2018,,119.40,,,,,
dataflow,ESTAT:PRC_HPI_A$DEFAULTVIEW(1.0),House price index (2015 = 100) - annual data,A,Annual,DW_EXST,Purchases of existing dwellings,I15_A_AVG,"Annual average index, 2015=100",AT,Austria,2019,,126.58,,,,,
dataflow,ESTAT:PRC_HPI_A$DEFAULTVIEW(1.0),House price index (2015 = 100) - annual data,A,Annual,DW_EXST,Purchases of existing dwellings,I15_A_AVG,"Annual average index, 2015=100",AT,Austria,2020,,136.29,,,,,
dataflow,ESTAT:PRC_HPI_A$DEFAULTVIEW(1.0),House price index (2015 = 100) - annual data,A,Annual,DW_EXST,Purchases of existing dwellings,I15_A_AVG,"Annual average index, 2015=100",AT,Austria,2021,,154.13,,,,,
dataflow,ESTAT:PRC_HPI_A$DEFAULTVIEW(1.0),House price index (2015 = 100) - annual data,A,Annual,DW_EXST,Purchases of existing dwellings,I15_A_AVG,"Annual average index, 2015=100",AT,Austria,2022,,172.03,,,,,
dataflow,ESTAT:PRC_HPI_A$DEFAULTVIEW(1.0),House price index (2015 = 100) - annual data,A,Annual,DW_EXST,Purchases of existing dwellings,I15_A_AVG,"Annual average index, 2015=100",AT,Austria,2023,,165.02,,,,,
dataflow,ESTAT:PRC_HPI_A$DEFAULTVIEW(1.0),House price index (2015 = 100) - annual data,A,Annual,DW_EXST,Purchases of existing dwellings,I15_A_AVG,"Annual average index, 2015=100",AT,Austria,2024,,162.40,,,,,
dataflow,ESTAT:PRC_HPI_A$DEFAULTVIEW(1.0),House price index (2015 = 100) - annual data,A,Annual,DW_EXST,Purchases of existing dwellings,I15_A_AVG,"Annual average index, 2015=100",AT,Austria,2025,,166.50,,p,provisional,,
dataflow,ESTAT:PRC_HPI_A$DEFAULTVIEW(1.0),House price index (2015 = 100) - annual data,A,Annual,DW_EXST,Purchases of existing dwellings,I15_A_AVG,"Annual average index, 2015=100",BE,Belgium,2016,,102.12,,,,,
dataflow,ESTAT:PRC_HPI_A$DEFAULTVIEW(1.0),House price index (2015 = 100) - annual data,A,Annual,DW_EXST,Purchases of existing dwellings,I15_A_AVG,"Annual average index, 2015=100",BE,Belgium,2017,,105.58,,,,,
dataflow,ESTAT:PRC_HPI_A$DEFAULTVIEW(1.0),House price index (2015 = 100) - annual data,A,Annual,DW_EXST,Purchases of existing dwellings,I15_A_AVG,"Annual average index, 2015=100",BE,Belgium,2018,,108.80,,,,,
dataflow,ESTAT:PRC_HPI_A$DEFAULTVIEW(1.0),House price index (2015 = 100) - annual data,A,Annual,DW_EXST,Purchases of existing dwellings,I15_A_AVG,"Annual average index, 2015=100",BE,Belgium,2019,,113.11,,,,,
dataflow,ESTAT:PRC_HPI_A$DEFAULTVIEW(1.0),House price index (2015 = 100) - annual data,A,Annual,DW_EXST,Purchases of existing dwellings,I15_A_AVG,"Annual average index, 2015=100",BE,Belgium,2020,,117.91,,,,,
dataflow,ESTAT:PRC_HPI_A$DEFAULTVIEW(1.0),House price index (2015 = 100) - annual data,A,Annual,DW_EXST,Purchases of existing dwellings,I15_A_AVG,"Annual average index, 2015=100",BE,Belgium,2021,,125.93,,,,,
dataflow,ESTAT:PRC_HPI_A$DEFAULTVIEW(1.0),House price index (2015 = 100) - annual data,A,Annual,DW_EXST,Purchases of existing dwellings,I15_A_AVG,"Annual average index, 2015=100",BE,Belgium,2022,,132.93,,,,,
dataflow,ESTAT:PRC_HPI_A$DEFAULTVIEW(1.0),House price index (2015 = 100) - annual data,A,Annual,DW_EXST,Purchases of existing dwellings,I15_A_AVG,"Annual average index, 2015=100",BE,Belgium,2023,,136.08,,,,,
dataflow,ESTAT:PRC_HPI_A$DEFAULTVIEW(1.0),House price index (2015 = 100) - annual data,A,Annual,DW_EXST,Purchases of existing dwellings,I15_A_AVG,"Annual average index, 2015=100",BE,Belgium,2024,,139.57,,,,,
dataflow,ESTAT:PRC_HPI_A$DEFAULTVIEW(1.0),House price index (2015 = 100) - annual data,A,Annual,DW_EXST,Purchases of existing dwellings,I15_A_AVG,"Annual average index, 2015=100",BE,Belgium,2025,,144.87,,p,provisional,,
dataflow,ESTAT:PRC_HPI_A$DEFAULTVIEW(1.0),House price index (2015 = 100) - annual data,A,Annual,DW_EXST,Purchases of existing dwellings,I15_A_AVG,"Annual average index, 2015=100",BG,Bulgaria,2016,,107.34,,,,,
dataflow,ESTAT:PRC_HPI_A$DEFAULTVIEW(1.0),House price index (2015 = 100) - annual data,A,Annual,DW_EXST,Purchases of existing dwellings,I15_A_AVG,"Annual average index, 2015=100",BG,Bulgaria,2017,,117.77,,,,,
dataflow,ESTAT:PRC_HPI_A$DEFAULTVIEW(1.0),House price index (2015 = 100) - annual data,A,Annual,DW_EXST,Purchases of existing dwellings,I15_A_AVG,"Annual average index, 2015=100",BG,Bulgaria,2018,,126.07,,,,,
dataflow,ESTAT:PRC_HPI_A$DEFAULTVIEW(1.0),House price index (2015 = 100) - annual data,A,Annual,DW_EXST,Purchases of existing dwellings,I15_A_AVG,"Annual average index, 2015=100",BG,Bulgaria,2019,,132.11,,,,,
dataflow,ESTAT:PRC_HPI_A$DEFAULTVIEW(1.0),House price index (2015 = 100) - annual data,A,Annual,DW_EXST,Purchases of existing dwellings,I15_A_AVG,"Annual average index, 2015=100",BG,Bulgaria,2020,,140.01,,,,,
dataflow,ESTAT:PRC_HPI_A$DEFAULTVIEW(1.0),House price index (2015 = 100) - annual data,A,Annual,DW_EXST,Purchases of existing dwellings,I15_A_AVG,"Annual average index, 2015=100",BG,Bulgaria,2021,,152.94,,,,,
dataflow,ESTAT:PRC_HPI_A$DEFAULTVIEW(1.0),House price index (2015 = 100) - annual data,A,Annual,DW_EXST,Purchases of existing dwellings,I15_A_AVG,"Annual average index, 2015=100",BG,Bulgaria,2022,,176.79,,b,break in time series,,
dataflow,ESTAT:PRC_HPI_A$DEFAULTVIEW(1.0),House price index (2015 = 100) - annual data,A,Annual,DW_EXST,Purchases of existing dwellings,I15_A_AVG,"Annual average index, 2015=100",BG,Bulgaria,2023,,195.51,,,,,
dataflow,ESTAT:PRC_HPI_A$DEFAULTVIEW(1.0),House price index (2015 = 100) - annual data,A,Annual,DW_EXST,Purchases of existing dwellings,I15_A_AVG,"Annual average index, 2015=100",BG,Bulgaria,2024,,226.26,,,,,
dataflow,ESTAT:PRC_HPI_A$DEFAULTVIEW(1.0),House price index (2015 = 100) - annual data,A,Annual,DW_EXST,Purchases of existing dwellings,I15_A_AVG,"Annual average index, 2015=100",BG,Bulgaria,2025,,263.26,,p,provisional,,
dataflow,ESTAT:PRC_HPI_A$DEFAULTVIEW(1.0),House price index (2015 = 100) - annual data,A,Annual,DW_EXST,Purchases of existing dwellings,I15_A_AVG,"Annual average index, 2015=100",CY,Cyprus,2016,,99.69,,,,,
dataflow,ESTAT:PRC_HPI_A$DEFAULTVIEW(1.0),House price index (2015 = 100) - annual data,A,Annual,DW_EXST,Purchases of existing dwellings,I15_A_AVG,"Annual average index, 2015=100",CY,Cyprus,2017,,99.66,,,,,
dataflow,ESTAT:PRC_HPI_A$DEFAULTVIEW(1.0),House price index (2015 = 100) - annual data,A,Annual,DW_EXST,Purchases of existing dwellings,I15_A_AVG,"Annual average index, 2015=100",CY,Cyprus,2018,,98.19,,,,,
dataflow,ESTAT:PRC_HPI_A$DEFAULTVIEW(1.0),House price index (2015 = 100) - annual data,A,Annual,DW_EXST,Purchases of existing dwellings,I15_A_AVG,"Annual average index, 2015=100",CY,Cyprus,2019,,99.75,,,,,
dataflow,ESTAT:PRC_HPI_A$DEFAULTVIEW(1.0),House price index (2015 = 100) - annual data,A,Annual,DW_EXST,Purchases of existing dwellings,I15_A_AVG,"Annual average index, 2015=100",CY,Cyprus,2020,,102.40,,,,,
dataflow,ESTAT:PRC_HPI_A$DEFAULTVIEW(1.0),House price index (2015 = 100) - annual data,A,Annual,DW_EXST,Purchases of existing dwellings,I15_A_AVG,"Annual average index, 2015=100",CY,Cyprus,2021,,103.68,,,,,
dataflow,ESTAT:PRC_HPI_A$DEFAULTVIEW(1.0),House price index (2015 = 100) - annual data,A,Annual,DW_EXST,Purchases of existing dwellings,I15_A_AVG,"Annual average index, 2015=100",CY,Cyprus,2022,,108.95,,,,,
dataflow,ESTAT:PRC_HPI_A$DEFAULTVIEW(1.0),House price index (2015 = 100) - annual data,A,Annual,DW_EXST,Purchases of existing dwellings,I15_A_AVG,"Annual average index, 2015=100",CY,Cyprus,2023,,117.10,,,,,
dataflow,ESTAT:PRC_HPI_A$DEFAULTVIEW(1.0),House price index (2015 = 100) - annual data,A,Annual,DW_EXST,Purchases of existing dwellings,I15_A_AVG,"Annual average index, 2015=100",CY,Cyprus,2024,,125.33,,,,,
dataflow,ESTAT:PRC_HPI_A$DEFAULTVIEW(1.0),House price index (2015 = 100) - annual data,A,Annual,DW_EXST,Purchases of existing dwellings,I15_A_AVG,"Annual average index, 2015=100",CY,Cyprus,2025,,134.81,,,,,
dataflow,ESTAT:PRC_HPI_A$DEFAULTVIEW(1.0),House price index (2015 = 100) - annual data,A,Annual,DW_EXST,Purchases of existing dwellings,I15_A_AVG,"Annual average index, 2015=100",CZ,Czechia,2016,,107.30,,,,,
dataflow,ESTAT:PRC_HPI_A$DEFAULTVIEW(1.0),House price index (2015 = 100) - annual data,A,Annual,DW_EXST,Purchases of existing dwellings,I15_A_AVG,"Annual average index, 2015=100",CZ,Czechia,2017,,119.60,,,,,
dataflow,ESTAT:PRC_HPI_A$DEFAULTVIEW(1.0),House price index (2015 = 100) - annual data,A,Annual,DW_EXST,Purchases of existing dwellings,I15_A_AVG,"Annual average index, 2015=100",CZ,Czechia,2018,,129.30,,,,,
dataflow,ESTAT:PRC_HPI_A$DEFAULTVIEW(1.0),House price index (2015 = 100) - annual data,A,Annual,DW_EXST,Purchases of existing dwellings,I15_A_AVG,"Annual average index, 2015=100",CZ,Czechia,2019,,141.30,,,,,
dataflow,ESTAT:PRC_HPI_A$DEFAULTVIEW(1.0),House price index (2015 = 100) - annual data,A,Annual,DW_EXST,Purchases of existing dwellings,I15_A_AVG,"Annual average index, 2015=100",CZ,Czechia,2020,,153.00,,,,,
dataflow,ESTAT:PRC_HPI_A$DEFAULTVIEW(1.0),House price index (2015 = 100) - annual data,A,Annual,DW_EXST,Purchases of existing dwellings,I15_A_AVG,"Annual average index, 2015=100",CZ,Czechia,2021,,183.60,,,,,
dataflow,ESTAT:PRC_HPI_A$DEFAULTVIEW(1.0),House price index (2015 = 100) - annual data,A,Annual,DW_EXST,Purchases of existing dwellings,I15_A_AVG,"Annual average index, 2015=100",CZ,Czechia,2022,,214.00,,,,,
dataflow,ESTAT:PRC_HPI_A$DEFAULTVIEW(1.0),House price index (2015 = 100) - annual data,A,Annual,DW_EXST,Purchases of existing dwellings,I15_A_AVG,"Annual average index, 2015=100",CZ,Czechia,2023,,210.40,,,,,
dataflow,ESTAT:PRC_HPI_A$DEFAULTVIEW(1.0),House price index (2015 = 100) - annual data,A,Annual,DW_EXST,Purchases of existing dwellings,I15_A_AVG,"Annual average index, 2015=100",CZ,Czechia,2024,,220.90,,,,,
dataflow,ESTAT:PRC_HPI_A$DEFAULTVIEW(1.0),House price index (2015 = 100) - annual data,A,Annual,DW_EXST,Purchases of existing dwellings,I15_A_AVG,"Annual average index, 2015=100",CZ,Czechia,2025,,242.30,,,,,
dataflow,ESTAT:PRC_HPI_A$DEFAULTVIEW(1.0),House price index (2015 = 100) - annual data,A,Annual,DW_EXST,Purchases of existing dwellings,I15_A_AVG,"Annual average index, 2015=100",DE,Germany,2016,,107.60,,,,,
dataflow,ESTAT:PRC_HPI_A$DEFAULTVIEW(1.0),House price index (2015 = 100) - annual data,A,Annual,DW_EXST,Purchases of existing dwellings,I15_A_AVG,"Annual average index, 2015=100",DE,Germany,2017,,114.50,,,,,
dataflow,ESTAT:PRC_HPI_A$DEFAULTVIEW(1.0),House price index (2015 = 100) - annual data,A,Annual,DW_EXST,Purchases of existing dwellings,I15_A_AVG,"Annual average index, 2015=100",DE,Germany,2018,,122.20,,,,,
dataflow,ESTAT:PRC_HPI_A$DEFAULTVIEW(1.0),House price index (2015 = 100) - annual data,A,Annual,DW_EXST,Purchases of existing dwellings,I15_A_AVG,"Annual average index, 2015=100",DE,Germany,2019,,129.80,,,,,
dataflow,ESTAT:PRC_HPI_A$DEFAULTVIEW(1.0),House price index (2015 = 100) - annual data,A,Annual,DW_EXST,Purchases of existing dwellings,I15_A_AVG,"Annual average index, 2015=100",DE,Germany,2020,,140.20,,,,,
dataflow,ESTAT:PRC_HPI_A$DEFAULTVIEW(1.0),House price index (2015 = 100) - annual data,A,Annual,DW_EXST,Purchases of existing dwellings,I15_A_AVG,"Annual average index, 2015=100",DE,Germany,2021,,157.50,,,,,
dataflow,ESTAT:PRC_HPI_A$DEFAULTVIEW(1.0),House price index (2015 = 100) - annual data,A,Annual,DW_EXST,Purchases of existing dwellings,I15_A_AVG,"Annual average index, 2015=100",DE,Germany,2022,,167.00,,,,,
dataflow,ESTAT:PRC_HPI_A$DEFAULTVIEW(1.0),House price index (2015 = 100) - annual data,A,Annual,DW_EXST,Purchases of existing dwellings,I15_A_AVG,"Annual average index, 2015=100",DE,Germany,2023,,151.30,,,,,
dataflow,ESTAT:PRC_HPI_A$DEFAULTVIEW(1.0),House price index (2015 = 100) - annual data,A,Annual,DW_EXST,Purchases of existing dwellings,I15_A_AVG,"Annual average index, 2015=100",DE,Germany,2024,,148.20,,,,,
dataflow,ESTAT:PRC_HPI_A$DEFAULTVIEW(1.0),House price index (2015 = 100) - annual data,A,Annual,DW_EXST,Purchases of existing dwellings,I15_A_AVG,"Annual average index, 2015=100",DE,Germany,2025,,153.10,,p,provisional,,
dataflow,ESTAT:PRC_HPI_A$DEFAULTVIEW(1.0),House price index (2015 = 100) - annual data,A,Annual,DW_EXST,Purchases of existing dwellings,I15_A_AVG,"Annual average index, 2015=100",DK,Denmark,2016,,104.59,,,,,
dataflow,ESTAT:PRC_HPI_A$DEFAULTVIEW(1.0),House price index (2015 = 100) - annual data,A,Annual,DW_EXST,Purchases of existing dwellings,I15_A_AVG,"Annual average index, 2015=100",DK,Denmark,2017,,109.81,,,,,
dataflow,ESTAT:PRC_HPI_A$DEFAULTVIEW(1.0),House price index (2015 = 100) - annual data,A,Annual,DW_EXST,Purchases of existing dwellings,I15_A_AVG,"Annual average index, 2015=100",DK,Denmark,2018,,114.67,,,,,
dataflow,ESTAT:PRC_HPI_A$DEFAULTVIEW(1.0),House price index (2015 = 100) - annual data,A,Annual,DW_EXST,Purchases of existing dwellings,I15_A_AVG,"Annual average index, 2015=100",DK,Denmark,2019,,117.23,,,,,
dataflow,ESTAT:PRC_HPI_A$DEFAULTVIEW(1.0),House price index (2015 = 100) - annual data,A,Annual,DW_EXST,Purchases of existing dwellings,I15_A_AVG,"Annual average index, 2015=100",DK,Denmark,2020,,122.33,,,,,
dataflow,ESTAT:PRC_HPI_A$DEFAULTVIEW(1.0),House price index (2015 = 100) - annual data,A,Annual,DW_EXST,Purchases of existing dwellings,I15_A_AVG,"Annual average index, 2015=100",DK,Denmark,2021,,136.55,,,,,
dataflow,ESTAT:PRC_HPI_A$DEFAULTVIEW(1.0),House price index (2015 = 100) - annual data,A,Annual,DW_EXST,Purchases of existing dwellings,I15_A_AVG,"Annual average index, 2015=100",DK,Denmark,2022,,142.92,,,,,
dataflow,ESTAT:PRC_HPI_A$DEFAULTVIEW(1.0),House price index (2015 = 100) - annual data,A,Annual,DW_EXST,Purchases of existing dwellings,I15_A_AVG,"Annual average index, 2015=100",DK,Denmark,2023,,137.39,,,,,
dataflow,ESTAT:PRC_HPI_A$DEFAULTVIEW(1.0),House price index (2015 = 100) - annual data,A,Annual,DW_EXST,Purchases of existing dwellings,I15_A_AVG,"Annual average index, 2015=100",DK,Denmark,2024,,142.24,,,,,
dataflow,ESTAT:PRC_HPI_A$DEFAULTVIEW(1.0),House price index (2015 = 100) - annual data,A,Annual,DW_EXST,Purchases of existing dwellings,I15_A_AVG,"Annual average index, 2015=100",DK,Denmark,2025,,152.96,,,,,
dataflow,ESTAT:PRC_HPI_A$DEFAULTVIEW(1.0),House price index (2015 = 100) - annual data,A,Annual,DW_EXST,Purchases of existing dwellings,I15_A_AVG,"Annual average index, 2015=100",EA,"Euro area (EA11-1999, EA12-2001, EA13-2007, EA15-2008, EA16-2009, EA17-2011, EA18-2014, EA19-2015, EA20-2023, EA21-2026)",2016,,104.08,,,,,
dataflow,ESTAT:PRC_HPI_A$DEFAULTVIEW(1.0),House price index (2015 = 100) - annual data,A,Annual,DW_EXST,Purchases of existing dwellings,I15_A_AVG,"Annual average index, 2015=100",EA,"Euro area (EA11-1999, EA12-2001, EA13-2007, EA15-2008, EA16-2009, EA17-2011, EA18-2014, EA19-2015, EA20-2023, EA21-2026)",2017,,108.83,,,,,
dataflow,ESTAT:PRC_HPI_A$DEFAULTVIEW(1.0),House price index (2015 = 100) - annual data,A,Annual,DW_EXST,Purchases of existing dwellings,I15_A_AVG,"Annual average index, 2015=100",EA,"Euro area (EA11-1999, EA12-2001, EA13-2007, EA15-2008, EA16-2009, EA17-2011, EA18-2014, EA19-2015, EA20-2023, EA21-2026)",2018,,114.12,,,,,
dataflow,ESTAT:PRC_HPI_A$DEFAULTVIEW(1.0),House price index (2015 = 100) - annual data,A,Annual,DW_EXST,Purchases of existing dwellings,I15_A_AVG,"Annual average index, 2015=100",EA,"Euro area (EA11-1999, EA12-2001, EA13-2007, EA15-2008, EA16-2009, EA17-2011, EA18-2014, EA19-2015, EA20-2023, EA21-2026)",2019,,119.11,,,,,
dataflow,ESTAT:PRC_HPI_A$DEFAULTVIEW(1.0),House price index (2015 = 100) - annual data,A,Annual,DW_EXST,Purchases of existing dwellings,I15_A_AVG,"Annual average index, 2015=100",EA,"Euro area (EA11-1999, EA12-2001, EA13-2007, EA15-2008, EA16-2009, EA17-2011, EA18-2014, EA19-2015, EA20-2023, EA21-2026)",2020,,125.40,,,,,
dataflow,ESTAT:PRC_HPI_A$DEFAULTVIEW(1.0),House price index (2015 = 100) - annual data,A,Annual,DW_EXST,Purchases of existing dwellings,I15_A_AVG,"Annual average index, 2015=100",EA,"Euro area (EA11-1999, EA12-2001, EA13-2007, EA15-2008, EA16-2009, EA17-2011, EA18-2014, EA19-2015, EA20-2023, EA21-2026)",2021,,135.77,,,,,
dataflow,ESTAT:PRC_HPI_A$DEFAULTVIEW(1.0),House price index (2015 = 100) - annual data,A,Annual,DW_EXST,Purchases of existing dwellings,I15_A_AVG,"Annual average index, 2015=100",EA,"Euro area (EA11-1999, EA12-2001, EA13-2007, EA15-2008, EA16-2009, EA17-2011, EA18-2014, EA19-2015, EA20-2023, EA21-2026)",2022,,145.44,,,,,
dataflow,ESTAT:PRC_HPI_A$DEFAULTVIEW(1.0),House price index (2015 = 100) - annual data,A,Annual,DW_EXST,Purchases of existing dwellings,I15_A_AVG,"Annual average index, 2015=100",EA,"Euro area (EA11-1999, EA12-2001, EA13-2007, EA15-2008, EA16-2009, EA17-2011, EA18-2014, EA19-2015, EA20-2023, EA21-2026)",2023,,142.36,,,,,
dataflow,ESTAT:PRC_HPI_A$DEFAULTVIEW(1.0),House price index (2015 = 100) - annual data,A,Annual,DW_EXST,Purchases of existing dwellings,I15_A_AVG,"Annual average index, 2015=100",EA,"Euro area (EA11-1999, EA12-2001, EA13-2007, EA15-2008, EA16-2009, EA17-2011, EA18-2014, EA19-2015, EA20-2023, EA21-2026)",2024,,144.49,,,,,
dataflow,ESTAT:PRC_HPI_A$DEFAULTVIEW(1.0),House price index (2015 = 100) - annual data,A,Annual,DW_EXST,Purchases of existing dwellings,I15_A_AVG,"Annual average index, 2015=100",EA,"Euro area (EA11-1999, EA12-2001, EA13-2007, EA15-2008, EA16-2009, EA17-2011, EA18-2014, EA19-2015, EA20-2023, EA21-2026)",2025,,152.16,,,,,
dataflow,ESTAT:PRC_HPI_A$DEFAULTVIEW(1.0),House price index (2015 = 100) - annual data,A,Annual,DW_EXST,Purchases of existing dwellings,I15_A_AVG,"Annual average index, 2015=100",EA19,Euro area - 19 countries  (2015-2022),2016,,104.08,,,,,
dataflow,ESTAT:PRC_HPI_A$DEFAULTVIEW(1.0),House price index (2015 = 100) - annual data,A,Annual,DW_EXST,Purchases of existing dwellings,I15_A_AVG,"Annual average index, 2015=100",EA19,Euro area - 19 countries  (2015-2022),2017,,108.83,,,,,
dataflow,ESTAT:PRC_HPI_A$DEFAULTVIEW(1.0),House price index (2015 = 100) - annual data,A,Annual,DW_EXST,Purchases of existing dwellings,I15_A_AVG,"Annual average index, 2015=100",EA19,Euro area - 19 countries  (2015-2022),2018,,114.12,,,,,
dataflow,ESTAT:PRC_HPI_A$DEFAULTVIEW(1.0),House price index (2015 = 100) - annual data,A,Annual,DW_EXST,Purchases of existing dwellings,I15_A_AVG,"Annual average index, 2015=100",EA19,Euro area - 19 countries  (2015-2022),2019,,119.11,,,,,
dataflow,ESTAT:PRC_HPI_A$DEFAULTVIEW(1.0),House price index (2015 = 100) - annual data,A,Annual,DW_EXST,Purchases of existing dwellings,I15_A_AVG,"Annual average index, 2015=100",EA19,Euro area - 19 countries  (2015-2022),2020,,125.40,,,,,
dataflow,ESTAT:PRC_HPI_A$DEFAULTVIEW(1.0),House price index (2015 = 100) - annual data,A,Annual,DW_EXST,Purchases of existing dwellings,I15_A_AVG,"Annual average index, 2015=100",EA19,Euro area - 19 countries  (2015-2022),2021,,135.77,,,,,
dataflow,ESTAT:PRC_HPI_A$DEFAULTVIEW(1.0),House price index (2015 = 100) - annual data,A,Annual,DW_EXST,Purchases of existing dwellings,I15_A_AVG,"Annual average index, 2015=100",EA19,Euro area - 19 countries  (2015-2022),2022,,145.44,,,,,
dataflow,ESTAT:PRC_HPI_A$DEFAULTVIEW(1.0),House price index (2015 = 100) - annual data,A,Annual,DW_EXST,Purchases of existing dwellings,I15_A_AVG,"Annual average index, 2015=100",EA19,Euro area - 19 countries  (2015-2022),2023,,142.27,,,,,
dataflow,ESTAT:PRC_HPI_A$DEFAULTVIEW(1.0),House price index (2015 = 100) - annual data,A,Annual,DW_EXST,Purchases of existing dwellings,I15_A_AVG,"Annual average index, 2015=100",EA19,Euro area - 19 countries  (2015-2022),2024,,144.28,,,,,
dataflow,ESTAT:PRC_HPI_A$DEFAULTVIEW(1.0),House price index (2015 = 100) - annual data,A,Annual,DW_EXST,Purchases of existing dwellings,I15_A_AVG,"Annual average index, 2015=100",EA19,Euro area - 19 countries  (2015-2022),2025,,151.83,,,,,
dataflow,ESTAT:PRC_HPI_A$DEFAULTVIEW(1.0),House price index (2015 = 100) - annual data,A,Annual,DW_EXST,Purchases of existing dwellings,I15_A_AVG,"Annual average index, 2015=100",EA20,Euro area – 20 countries (2023-2025),2016,,104.07,,,,,
dataflow,ESTAT:PRC_HPI_A$DEFAULTVIEW(1.0),House price index (2015 = 100) - annual data,A,Annual,DW_EXST,Purchases of existing dwellings,I15_A_AVG,"Annual average index, 2015=100",EA20,Euro area – 20 countries (2023-2025),2017,,108.82,,,,,
dataflow,ESTAT:PRC_HPI_A$DEFAULTVIEW(1.0),House price index (2015 = 100) - annual data,A,Annual,DW_EXST,Purchases of existing dwellings,I15_A_AVG,"Annual average index, 2015=100",EA20,Euro area – 20 countries (2023-2025),2018,,114.12,,,,,
dataflow,ESTAT:PRC_HPI_A$DEFAULTVIEW(1.0),House price index (2015 = 100) - annual data,A,Annual,DW_EXST,Purchases of existing dwellings,I15_A_AVG,"Annual average index, 2015=100",EA20,Euro area – 20 countries (2023-2025),2019,,119.16,,,,,
dataflow,ESTAT:PRC_HPI_A$DEFAULTVIEW(1.0),House price index (2015 = 100) - annual data,A,Annual,DW_EXST,Purchases of existing dwellings,I15_A_AVG,"Annual average index, 2015=100",EA20,Euro area – 20 countries (2023-2025),2020,,125.48,,,,,
dataflow,ESTAT:PRC_HPI_A$DEFAULTVIEW(1.0),House price index (2015 = 100) - annual data,A,Annual,DW_EXST,Purchases of existing dwellings,I15_A_AVG,"Annual average index, 2015=100",EA20,Euro area – 20 countries (2023-2025),2021,,135.84,,,,,
dataflow,ESTAT:PRC_HPI_A$DEFAULTVIEW(1.0),House price index (2015 = 100) - annual data,A,Annual,DW_EXST,Purchases of existing dwellings,I15_A_AVG,"Annual average index, 2015=100",EA20,Euro area – 20 countries (2023-2025),2022,,145.60,,,,,
dataflow,ESTAT:PRC_HPI_A$DEFAULTVIEW(1.0),House price index (2015 = 100) - annual data,A,Annual,DW_EXST,Purchases of existing dwellings,I15_A_AVG,"Annual average index, 2015=100",EA20,Euro area – 20 countries (2023-2025),2023,,142.60,,,,,
dataflow,ESTAT:PRC_HPI_A$DEFAULTVIEW(1.0),House price index (2015 = 100) - annual data,A,Annual,DW_EXST,Purchases of existing dwellings,I15_A_AVG,"Annual average index, 2015=100",EA20,Euro area – 20 countries (2023-2025),2024,,144.73,,,,,
dataflow,ESTAT:PRC_HPI_A$DEFAULTVIEW(1.0),House price index (2015 = 100) - annual data,A,Annual,DW_EXST,Purchases of existing dwellings,I15_A_AVG,"Annual average index, 2015=100",EA20,Euro area – 20 countries (2023-2025),2025,,152.42,,,,,
dataflow,ESTAT:PRC_HPI_A$DEFAULTVIEW(1.0),House price index (2015 = 100) - annual data,A,Annual,DW_EXST,Purchases of existing dwellings,I15_A_AVG,"Annual average index, 2015=100",EA21,Euro area – 21 countries (from 2026),2016,,104.09,,,,,
dataflow,ESTAT:PRC_HPI_A$DEFAULTVIEW(1.0),House price index (2015 = 100) - annual data,A,Annual,DW_EXST,Purchases of existing dwellings,I15_A_AVG,"Annual average index, 2015=100",EA21,Euro area – 21 countries (from 2026),2017,,108.88,,,,,
dataflow,ESTAT:PRC_HPI_A$DEFAULTVIEW(1.0),House price index (2015 = 100) - annual data,A,Annual,DW_EXST,Purchases of existing dwellings,I15_A_AVG,"Annual average index, 2015=100",EA21,Euro area – 21 countries (from 2026),2018,,114.21,,,,,
dataflow,ESTAT:PRC_HPI_A$DEFAULTVIEW(1.0),House price index (2015 = 100) - annual data,A,Annual,DW_EXST,Purchases of existing dwellings,I15_A_AVG,"Annual average index, 2015=100",EA21,Euro area – 21 countries (from 2026),2019,,119.25,,,,,
dataflow,ESTAT:PRC_HPI_A$DEFAULTVIEW(1.0),House price index (2015 = 100) - annual data,A,Annual,DW_EXST,Purchases of existing dwellings,I15_A_AVG,"Annual average index, 2015=100",EA21,Euro area – 21 countries (from 2026),2020,,125.58,,,,,
dataflow,ESTAT:PRC_HPI_A$DEFAULTVIEW(1.0),House price index (2015 = 100) - annual data,A,Annual,DW_EXST,Purchases of existing dwellings,I15_A_AVG,"Annual average index, 2015=100",EA21,Euro area – 21 countries (from 2026),2021,,135.96,,,,,
dataflow,ESTAT:PRC_HPI_A$DEFAULTVIEW(1.0),House price index (2015 = 100) - annual data,A,Annual,DW_EXST,Purchases of existing dwellings,I15_A_AVG,"Annual average index, 2015=100",EA21,Euro area – 21 countries (from 2026),2022,,145.82,,,,,
dataflow,ESTAT:PRC_HPI_A$DEFAULTVIEW(1.0),House price index (2015 = 100) - annual data,A,Annual,DW_EXST,Purchases of existing dwellings,I15_A_AVG,"Annual average index, 2015=100",EA21,Euro area – 21 countries (from 2026),2023,,142.97,,,,,
dataflow,ESTAT:PRC_HPI_A$DEFAULTVIEW(1.0),House price index (2015 = 100) - annual data,A,Annual,DW_EXST,Purchases of existing dwellings,I15_A_AVG,"Annual average index, 2015=100",EA21,Euro area – 21 countries (from 2026),2024,,145.28,,,,,
dataflow,ESTAT:PRC_HPI_A$DEFAULTVIEW(1.0),House price index (2015 = 100) - annual data,A,Annual,DW_EXST,Purchases of existing dwellings,I15_A_AVG,"Annual average index, 2015=100",EA21,Euro area – 21 countries (from 2026),2025,,153.14,,,,,
dataflow,ESTAT:PRC_HPI_A$DEFAULTVIEW(1.0),House price index (2015 = 100) - annual data,A,Annual,DW_EXST,Purchases of existing dwellings,I15_A_AVG,"Annual average index, 2015=100",EE,Estonia,2016,,104.35,,,,,
dataflow,ESTAT:PRC_HPI_A$DEFAULTVIEW(1.0),House price index (2015 = 100) - annual data,A,Annual,DW_EXST,Purchases of existing dwellings,I15_A_AVG,"Annual average index, 2015=100",EE,Estonia,2017,,110.55,,,,,
dataflow,ESTAT:PRC_HPI_A$DEFAULTVIEW(1.0),House price index (2015 = 100) - annual data,A,Annual,DW_EXST,Purchases of existing dwellings,I15_A_AVG,"Annual average index, 2015=100",EE,Estonia,2018,,115.03,,,,,
dataflow,ESTAT:PRC_HPI_A$DEFAULTVIEW(1.0),House price index (2015 = 100) - annual data,A,Annual,DW_EXST,Purchases of existing dwellings,I15_A_AVG,"Annual average index, 2015=100",EE,Estonia,2019,,122.76,,,,,
dataflow,ESTAT:PRC_HPI_A$DEFAULTVIEW(1.0),House price index (2015 = 100) - annual data,A,Annual,DW_EXST,Purchases of existing dwellings,I15_A_AVG,"Annual average index, 2015=100",EE,Estonia,2020,,127.02,,,,,
dataflow,ESTAT:PRC_HPI_A$DEFAULTVIEW(1.0),House price index (2015 = 100) - annual data,A,Annual,DW_EXST,Purchases of existing dwellings,I15_A_AVG,"Annual average index, 2015=100",EE,Estonia,2021,,148.79,,,,,
dataflow,ESTAT:PRC_HPI_A$DEFAULTVIEW(1.0),House price index (2015 = 100) - annual data,A,Annual,DW_EXST,Purchases of existing dwellings,I15_A_AVG,"Annual average index, 2015=100",EE,Estonia,2022,,186.63,,,,,
dataflow,ESTAT:PRC_HPI_A$DEFAULTVIEW(1.0),House price index (2015 = 100) - annual data,A,Annual,DW_EXST,Purchases of existing dwellings,I15_A_AVG,"Annual average index, 2015=100",EE,Estonia,2023,,189.66,,,,,
dataflow,ESTAT:PRC_HPI_A$DEFAULTVIEW(1.0),House price index (2015 = 100) - annual data,A,Annual,DW_EXST,Purchases of existing dwellings,I15_A_AVG,"Annual average index, 2015=100",EE,Estonia,2024,,202.19,,,,,
dataflow,ESTAT:PRC_HPI_A$DEFAULTVIEW(1.0),House price index (2015 = 100) - annual data,A,Annual,DW_EXST,Purchases of existing dwellings,I15_A_AVG,"Annual average index, 2015=100",EE,Estonia,2025,,213.74,,,,,
dataflow,ESTAT:PRC_HPI_A$DEFAULTVIEW(1.0),House price index (2015 = 100) - annual data,A,Annual,DW_EXST,Purchases of existing dwellings,I15_A_AVG,"Annual average index, 2015=100",ES,Spain,2016,,104.32,,,,,
dataflow,ESTAT:PRC_HPI_A$DEFAULTVIEW(1.0),House price index (2015 = 100) - annual data,A,Annual,DW_EXST,Purchases of existing dwellings,I15_A_AVG,"Annual average index, 2015=100",ES,Spain,2017,,110.82,,,,,
dataflow,ESTAT:PRC_HPI_A$DEFAULTVIEW(1.0),House price index (2015 = 100) - annual data,A,Annual,DW_EXST,Purchases of existing dwellings,I15_A_AVG,"Annual average index, 2015=100",ES,Spain,2018,,118.34,,,,,
dataflow,ESTAT:PRC_HPI_A$DEFAULTVIEW(1.0),House price index (2015 = 100) - annual data,A,Annual,DW_EXST,Purchases of existing dwellings,I15_A_AVG,"Annual average index, 2015=100",ES,Spain,2019,,124.00,,,,,
dataflow,ESTAT:PRC_HPI_A$DEFAULTVIEW(1.0),House price index (2015 = 100) - annual data,A,Annual,DW_EXST,Purchases of existing dwellings,I15_A_AVG,"Annual average index, 2015=100",ES,Spain,2020,,125.79,,,,,
dataflow,ESTAT:PRC_HPI_A$DEFAULTVIEW(1.0),House price index (2015 = 100) - annual data,A,Annual,DW_EXST,Purchases of existing dwellings,I15_A_AVG,"Annual average index, 2015=100",ES,Spain,2021,,130.32,,,,,
dataflow,ESTAT:PRC_HPI_A$DEFAULTVIEW(1.0),House price index (2015 = 100) - annual data,A,Annual,DW_EXST,Purchases of existing dwellings,I15_A_AVG,"Annual average index, 2015=100",ES,Spain,2022,,139.80,,,,,
dataflow,ESTAT:PRC_HPI_A$DEFAULTVIEW(1.0),House price index (2015 = 100) - annual data,A,Annual,DW_EXST,Purchases of existing dwellings,I15_A_AVG,"Annual average index, 2015=100",ES,Spain,2023,,144.35,,,,,
dataflow,ESTAT:PRC_HPI_A$DEFAULTVIEW(1.0),House price index (2015 = 100) - annual data,A,Annual,DW_EXST,Purchases of existing dwellings,I15_A_AVG,"Annual average index, 2015=100",ES,Spain,2024,,156.01,,,,,
dataflow,ESTAT:PRC_HPI_A$DEFAULTVIEW(1.0),House price index (2015 = 100) - annual data,A,Annual,DW_EXST,Purchases of existing dwellings,I15_A_AVG,"Annual average index, 2015=100",ES,Spain,2025,,176.22,,,,,
dataflow,ESTAT:PRC_HPI_A$DEFAULTVIEW(1.0),House price index (2015 = 100) - annual data,A,Annual,DW_EXST,Purchases of existing dwellings,I15_A_AVG,"Annual average index, 2015=100",EU,"European Union (EU6-1958, EU9-1973, EU10-1981, EU12-1986, EU15-1995, EU25-2004, EU27-2007, EU28-2013, EU27-2020)",2016,,104.87,,,,,
dataflow,ESTAT:PRC_HPI_A$DEFAULTVIEW(1.0),House price index (2015 = 100) - annual data,A,Annual,DW_EXST,Purchases of existing dwellings,I15_A_AVG,"Annual average index, 2015=100",EU,"European Union (EU6-1958, EU9-1973, EU10-1981, EU12-1986, EU15-1995, EU25-2004, EU27-2007, EU28-2013, EU27-2020)",2017,,110.06,,,,,
dataflow,ESTAT:PRC_HPI_A$DEFAULTVIEW(1.0),House price index (2015 = 100) - annual data,A,Annual,DW_EXST,Purchases of existing dwellings,I15_A_AVG,"Annual average index, 2015=100",EU,"European Union (EU6-1958, EU9-1973, EU10-1981, EU12-1986, EU15-1995, EU25-2004, EU27-2007, EU28-2013, EU27-2020)",2018,,115.29,,,,,
dataflow,ESTAT:PRC_HPI_A$DEFAULTVIEW(1.0),House price index (2015 = 100) - annual data,A,Annual,DW_EXST,Purchases of existing dwellings,I15_A_AVG,"Annual average index, 2015=100",EU,"European Union (EU6-1958, EU9-1973, EU10-1981, EU12-1986, EU15-1995, EU25-2004, EU27-2007, EU28-2013, EU27-2020)",2019,,120.27,,,,,
dataflow,ESTAT:PRC_HPI_A$DEFAULTVIEW(1.0),House price index (2015 = 100) - annual data,A,Annual,DW_EXST,Purchases of existing dwellings,I15_A_AVG,"Annual average index, 2015=100",EU,"European Union (EU6-1958, EU9-1973, EU10-1981, EU12-1986, EU15-1995, EU25-2004, EU27-2007, EU28-2013, EU27-2020)",2020,,126.99,,,,,
dataflow,ESTAT:PRC_HPI_A$DEFAULTVIEW(1.0),House price index (2015 = 100) - annual data,A,Annual,DW_EXST,Purchases of existing dwellings,I15_A_AVG,"Annual average index, 2015=100",EU,"European Union (EU6-1958, EU9-1973, EU10-1981, EU12-1986, EU15-1995, EU25-2004, EU27-2007, EU28-2013, EU27-2020)",2021,,138.19,,,,,
dataflow,ESTAT:PRC_HPI_A$DEFAULTVIEW(1.0),House price index (2015 = 100) - annual data,A,Annual,DW_EXST,Purchases of existing dwellings,I15_A_AVG,"Annual average index, 2015=100",EU,"European Union (EU6-1958, EU9-1973, EU10-1981, EU12-1986, EU15-1995, EU25-2004, EU27-2007, EU28-2013, EU27-2020)",2022,,148.77,,,,,
dataflow,ESTAT:PRC_HPI_A$DEFAULTVIEW(1.0),House price index (2015 = 100) - annual data,A,Annual,DW_EXST,Purchases of existing dwellings,I15_A_AVG,"Annual average index, 2015=100",EU,"European Union (EU6-1958, EU9-1973, EU10-1981, EU12-1986, EU15-1995, EU25-2004, EU27-2007, EU28-2013, EU27-2020)",2023,,146.49,,,,,
dataflow,ESTAT:PRC_HPI_A$DEFAULTVIEW(1.0),House price index (2015 = 100) - annual data,A,Annual,DW_EXST,Purchases of existing dwellings,I15_A_AVG,"Annual average index, 2015=100",EU,"European Union (EU6-1958, EU9-1973, EU10-1981, EU12-1986, EU15-1995, EU25-2004, EU27-2007, EU28-2013, EU27-2020)",2024,,150.13,,,,,
dataflow,ESTAT:PRC_HPI_A$DEFAULTVIEW(1.0),House price index (2015 = 100) - annual data,A,Annual,DW_EXST,Purchases of existing dwellings,I15_A_AVG,"Annual average index, 2015=100",EU,"European Union (EU6-1958, EU9-1973, EU10-1981, EU12-1986, EU15-1995, EU25-2004, EU27-2007, EU28-2013, EU27-2020)",2025,,158.67,,,,,
dataflow,ESTAT:PRC_HPI_A$DEFAULTVIEW(1.0),House price index (2015 = 100) - annual data,A,Annual,DW_EXST,Purchases of existing dwellings,I15_A_AVG,"Annual average index, 2015=100",EU27_2020,European Union - 27 countries (from 2020),2016,,104.49,,,,,
dataflow,ESTAT:PRC_HPI_A$DEFAULTVIEW(1.0),House price index (2015 = 100) - annual data,A,Annual,DW_EXST,Purchases of existing dwellings,I15_A_AVG,"Annual average index, 2015=100",EU27_2020,European Union - 27 countries (from 2020),2017,,109.75,,,,,
dataflow,ESTAT:PRC_HPI_A$DEFAULTVIEW(1.0),House price index (2015 = 100) - annual data,A,Annual,DW_EXST,Purchases of existing dwellings,I15_A_AVG,"Annual average index, 2015=100",EU27_2020,European Union - 27 countries (from 2020),2018,,115.27,,,,,
dataflow,ESTAT:PRC_HPI_A$DEFAULTVIEW(1.0),House price index (2015 = 100) - annual data,A,Annual,DW_EXST,Purchases of existing dwellings,I15_A_AVG,"Annual average index, 2015=100",EU27_2020,European Union - 27 countries (from 2020),2019,,120.90,,,,,
dataflow,ESTAT:PRC_HPI_A$DEFAULTVIEW(1.0),House price index (2015 = 100) - annual data,A,Annual,DW_EXST,Purchases of existing dwellings,I15_A_AVG,"Annual average index, 2015=100",EU27_2020,European Union - 27 countries (from 2020),2020,,127.81,,,,,
dataflow,ESTAT:PRC_HPI_A$DEFAULTVIEW(1.0),House price index (2015 = 100) - annual data,A,Annual,DW_EXST,Purchases of existing dwellings,I15_A_AVG,"Annual average index, 2015=100",EU27_2020,European Union - 27 countries (from 2020),2021,,139.08,,,,,
dataflow,ESTAT:PRC_HPI_A$DEFAULTVIEW(1.0),House price index (2015 = 100) - annual data,A,Annual,DW_EXST,Purchases of existing dwellings,I15_A_AVG,"Annual average index, 2015=100",EU27_2020,European Union - 27 countries (from 2020),2022,,149.74,,,,,
dataflow,ESTAT:PRC_HPI_A$DEFAULTVIEW(1.0),House price index (2015 = 100) - annual data,A,Annual,DW_EXST,Purchases of existing dwellings,I15_A_AVG,"Annual average index, 2015=100",EU27_2020,European Union - 27 countries (from 2020),2023,,147.43,,,,,
dataflow,ESTAT:PRC_HPI_A$DEFAULTVIEW(1.0),House price index (2015 = 100) - annual data,A,Annual,DW_EXST,Purchases of existing dwellings,I15_A_AVG,"Annual average index, 2015=100",EU27_2020,European Union - 27 countries (from 2020),2024,,151.10,,,,,
dataflow,ESTAT:PRC_HPI_A$DEFAULTVIEW(1.0),House price index (2015 = 100) - annual data,A,Annual,DW_EXST,Purchases of existing dwellings,I15_A_AVG,"Annual average index, 2015=100",EU27_2020,European Union - 27 countries (from 2020),2025,,159.70,,,,,
dataflow,ESTAT:PRC_HPI_A$DEFAULTVIEW(1.0),House price index (2015 = 100) - annual data,A,Annual,DW_EXST,Purchases of existing dwellings,I15_A_AVG,"Annual average index, 2015=100",EU28,European Union - 28 countries (2013-2020),2016,,104.87,,,,,
dataflow,ESTAT:PRC_HPI_A$DEFAULTVIEW(1.0),House price index (2015 = 100) - annual data,A,Annual,DW_EXST,Purchases of existing dwellings,I15_A_AVG,"Annual average index, 2015=100",EU28,European Union - 28 countries (2013-2020),2017,,110.06,,,,,
dataflow,ESTAT:PRC_HPI_A$DEFAULTVIEW(1.0),House price index (2015 = 100) - annual data,A,Annual,DW_EXST,Purchases of existing dwellings,I15_A_AVG,"Annual average index, 2015=100",EU28,European Union - 28 countries (2013-2020),2018,,115.29,,,,,
dataflow,ESTAT:PRC_HPI_A$DEFAULTVIEW(1.0),House price index (2015 = 100) - annual data,A,Annual,DW_EXST,Purchases of existing dwellings,I15_A_AVG,"Annual average index, 2015=100",EU28,European Union - 28 countries (2013-2020),2019,,120.27,,,,,
dataflow,ESTAT:PRC_HPI_A$DEFAULTVIEW(1.0),House price index (2015 = 100) - annual data,A,Annual,DW_EXST,Purchases of existing dwellings,I15_A_AVG,"Annual average index, 2015=100",FI,Finland,2016,,101.10,,,,,
dataflow,ESTAT:PRC_HPI_A$DEFAULTVIEW(1.0),House price index (2015 = 100) - annual data,A,Annual,DW_EXST,Purchases of existing dwellings,I15_A_AVG,"Annual average index, 2015=100",FI,Finland,2017,,101.76,,,,,
dataflow,ESTAT:PRC_HPI_A$DEFAULTVIEW(1.0),House price index (2015 = 100) - annual data,A,Annual,DW_EXST,Purchases of existing dwellings,I15_A_AVG,"Annual average index, 2015=100",FI,Finland,2018,,102.45,,,,,
dataflow,ESTAT:PRC_HPI_A$DEFAULTVIEW(1.0),House price index (2015 = 100) - annual data,A,Annual,DW_EXST,Purchases of existing dwellings,I15_A_AVG,"Annual average index, 2015=100",FI,Finland,2019,,102.59,,,,,
dataflow,ESTAT:PRC_HPI_A$DEFAULTVIEW(1.0),House price index (2015 = 100) - annual data,A,Annual,DW_EXST,Purchases of existing dwellings,I15_A_AVG,"Annual average index, 2015=100",FI,Finland,2020,,103.99,,,,,
dataflow,ESTAT:PRC_HPI_A$DEFAULTVIEW(1.0),House price index (2015 = 100) - annual data,A,Annual,DW_EXST,Purchases of existing dwellings,I15_A_AVG,"Annual average index, 2015=100",FI,Finland,2021,,108.51,,,,,
dataflow,ESTAT:PRC_HPI_A$DEFAULTVIEW(1.0),House price index (2015 = 100) - annual data,A,Annual,DW_EXST,Purchases of existing dwellings,I15_A_AVG,"Annual average index, 2015=100",FI,Finland,2022,,108.78,,,,,
dataflow,ESTAT:PRC_HPI_A$DEFAULTVIEW(1.0),House price index (2015 = 100) - annual data,A,Annual,DW_EXST,Purchases of existing dwellings,I15_A_AVG,"Annual average index, 2015=100",FI,Finland,2023,,100.65,,,,,
dataflow,ESTAT:PRC_HPI_A$DEFAULTVIEW(1.0),House price index (2015 = 100) - annual data,A,Annual,DW_EXST,Purchases of existing dwellings,I15_A_AVG,"Annual average index, 2015=100",FI,Finland,2024,,97.34,,,,,
dataflow,ESTAT:PRC_HPI_A$DEFAULTVIEW(1.0),House price index (2015 = 100) - annual data,A,Annual,DW_EXST,Purchases of existing dwellings,I15_A_AVG,"Annual average index, 2015=100",FI,Finland,2025,,94.44,,p,provisional,,
dataflow,ESTAT:PRC_HPI_A$DEFAULTVIEW(1.0),House price index (2015 = 100) - annual data,A,Annual,DW_EXST,Purchases of existing dwellings,I15_A_AVG,"Annual average index, 2015=100",FR,France,2016,,100.93,,,,,
dataflow,ESTAT:PRC_HPI_A$DEFAULTVIEW(1.0),House price index (2015 = 100) - annual data,A,Annual,DW_EXST,Purchases of existing dwellings,I15_A_AVG,"Annual average index, 2015=100",FR,France,2017,,103.98,,,,,
dataflow,ESTAT:PRC_HPI_A$DEFAULTVIEW(1.0),House price index (2015 = 100) - annual data,A,Annual,DW_EXST,Purchases of existing dwellings,I15_A_AVG,"Annual average index, 2015=100",FR,France,2018,,107.10,,,,,
dataflow,ESTAT:PRC_HPI_A$DEFAULTVIEW(1.0),House price index (2015 = 100) - annual data,A,Annual,DW_EXST,Purchases of existing dwellings,I15_A_AVG,"Annual average index, 2015=100",FR,France,2019,,110.60,,,,,
dataflow,ESTAT:PRC_HPI_A$DEFAULTVIEW(1.0),House price index (2015 = 100) - annual data,A,Annual,DW_EXST,Purchases of existing dwellings,I15_A_AVG,"Annual average index, 2015=100",FR,France,2020,,116.76,,,,,
dataflow,ESTAT:PRC_HPI_A$DEFAULTVIEW(1.0),House price index (2015 = 100) - annual data,A,Annual,DW_EXST,Purchases of existing dwellings,I15_A_AVG,"Annual average index, 2015=100",FR,France,2021,,124.46,,,,,
dataflow,ESTAT:PRC_HPI_A$DEFAULTVIEW(1.0),House price index (2015 = 100) - annual data,A,Annual,DW_EXST,Purchases of existing dwellings,I15_A_AVG,"Annual average index, 2015=100",FR,France,2022,,132.42,,,,,
dataflow,ESTAT:PRC_HPI_A$DEFAULTVIEW(1.0),House price index (2015 = 100) - annual data,A,Annual,DW_EXST,Purchases of existing dwellings,I15_A_AVG,"Annual average index, 2015=100",FR,France,2023,,131.52,,,,,
dataflow,ESTAT:PRC_HPI_A$DEFAULTVIEW(1.0),House price index (2015 = 100) - annual data,A,Annual,DW_EXST,Purchases of existing dwellings,I15_A_AVG,"Annual average index, 2015=100",FR,France,2024,,126.17,,,,,
dataflow,ESTAT:PRC_HPI_A$DEFAULTVIEW(1.0),House price index (2015 = 100) - annual data,A,Annual,DW_EXST,Purchases of existing dwellings,I15_A_AVG,"Annual average index, 2015=100",FR,France,2025,,126.97,,p,provisional,,
dataflow,ESTAT:PRC_HPI_A$DEFAULTVIEW(1.0),House price index (2015 = 100) - annual data,A,Annual,DW_EXST,Purchases of existing dwellings,I15_A_AVG,"Annual average index, 2015=100",HR,Croatia,2016,,101.81,,,,,
dataflow,ESTAT:PRC_HPI_A$DEFAULTVIEW(1.0),House price index (2015 = 100) - annual data,A,Annual,DW_EXST,Purchases of existing dwellings,I15_A_AVG,"Annual average index, 2015=100",HR,Croatia,2017,,106.45,,,,,
dataflow,ESTAT:PRC_HPI_A$DEFAULTVIEW(1.0),House price index (2015 = 100) - annual data,A,Annual,DW_EXST,Purchases of existing dwellings,I15_A_AVG,"Annual average index, 2015=100",HR,Croatia,2018,,113.44,,,,,
dataflow,ESTAT:PRC_HPI_A$DEFAULTVIEW(1.0),House price index (2015 = 100) - annual data,A,Annual,DW_EXST,Purchases of existing dwellings,I15_A_AVG,"Annual average index, 2015=100",HR,Croatia,2019,,123.73,,,,,
dataflow,ESTAT:PRC_HPI_A$DEFAULTVIEW(1.0),House price index (2015 = 100) - annual data,A,Annual,DW_EXST,Purchases of existing dwellings,I15_A_AVG,"Annual average index, 2015=100",HR,Croatia,2020,,134.29,,,,,
dataflow,ESTAT:PRC_HPI_A$DEFAULTVIEW(1.0),House price index (2015 = 100) - annual data,A,Annual,DW_EXST,Purchases of existing dwellings,I15_A_AVG,"Annual average index, 2015=100",HR,Croatia,2021,,143.93,,,,,
dataflow,ESTAT:PRC_HPI_A$DEFAULTVIEW(1.0),House price index (2015 = 100) - annual data,A,Annual,DW_EXST,Purchases of existing dwellings,I15_A_AVG,"Annual average index, 2015=100",HR,Croatia,2022,,164.80,,,,,
dataflow,ESTAT:PRC_HPI_A$DEFAULTVIEW(1.0),House price index (2015 = 100) - annual data,A,Annual,DW_EXST,Purchases of existing dwellings,I15_A_AVG,"Annual average index, 2015=100",HR,Croatia,2023,,185.23,,,,,
dataflow,ESTAT:PRC_HPI_A$DEFAULTVIEW(1.0),House price index (2015 = 100) - annual data,A,Annual,DW_EXST,Purchases of existing dwellings,I15_A_AVG,"Annual average index, 2015=100",HR,Croatia,2024,,205.37,,,,,
dataflow,ESTAT:PRC_HPI_A$DEFAULTVIEW(1.0),House price index (2015 = 100) - annual data,A,Annual,DW_EXST,Purchases of existing dwellings,I15_A_AVG,"Annual average index, 2015=100",HR,Croatia,2025,,234.73,,p,provisional,,
dataflow,ESTAT:PRC_HPI_A$DEFAULTVIEW(1.0),House price index (2015 = 100) - annual data,A,Annual,DW_EXST,Purchases of existing dwellings,I15_A_AVG,"Annual average index, 2015=100",HU,Hungary,2016,,113.54,,,,,
dataflow,ESTAT:PRC_HPI_A$DEFAULTVIEW(1.0),House price index (2015 = 100) - annual data,A,Annual,DW_EXST,Purchases of existing dwellings,I15_A_AVG,"Annual average index, 2015=100",HU,Hungary,2017,,127.02,,,,,
dataflow,ESTAT:PRC_HPI_A$DEFAULTVIEW(1.0),House price index (2015 = 100) - annual data,A,Annual,DW_EXST,Purchases of existing dwellings,I15_A_AVG,"Annual average index, 2015=100",HU,Hungary,2018,,145.30,,,,,
dataflow,ESTAT:PRC_HPI_A$DEFAULTVIEW(1.0),House price index (2015 = 100) - annual data,A,Annual,DW_EXST,Purchases of existing dwellings,I15_A_AVG,"Annual average index, 2015=100",HU,Hungary,2019,,170.60,,,,,
dataflow,ESTAT:PRC_HPI_A$DEFAULTVIEW(1.0),House price index (2015 = 100) - annual data,A,Annual,DW_EXST,Purchases of existing dwellings,I15_A_AVG,"Annual average index, 2015=100",HU,Hungary,2020,,177.29,,,,,
dataflow,ESTAT:PRC_HPI_A$DEFAULTVIEW(1.0),House price index (2015 = 100) - annual data,A,Annual,DW_EXST,Purchases of existing dwellings,I15_A_AVG,"Annual average index, 2015=100",HU,Hungary,2021,,205.76,,,,,
dataflow,ESTAT:PRC_HPI_A$DEFAULTVIEW(1.0),House price index (2015 = 100) - annual data,A,Annual,DW_EXST,Purchases of existing dwellings,I15_A_AVG,"Annual average index, 2015=100",HU,Hungary,2022,,251.97,,,,,
dataflow,ESTAT:PRC_HPI_A$DEFAULTVIEW(1.0),House price index (2015 = 100) - annual data,A,Annual,DW_EXST,Purchases of existing dwellings,I15_A_AVG,"Annual average index, 2015=100",HU,Hungary,2023,,266.89,,,,,
dataflow,ESTAT:PRC_HPI_A$DEFAULTVIEW(1.0),House price index (2015 = 100) - annual data,A,Annual,DW_EXST,Purchases of existing dwellings,I15_A_AVG,"Annual average index, 2015=100",HU,Hungary,2024,,302.53,,p,provisional,,
dataflow,ESTAT:PRC_HPI_A$DEFAULTVIEW(1.0),House price index (2015 = 100) - annual data,A,Annual,DW_EXST,Purchases of existing dwellings,I15_A_AVG,"Annual average index, 2015=100",HU,Hungary,2025,,362.14,,p,provisional,,
dataflow,ESTAT:PRC_HPI_A$DEFAULTVIEW(1.0),House price index (2015 = 100) - annual data,A,Annual,DW_EXST,Purchases of existing dwellings,I15_A_AVG,"Annual average index, 2015=100",IE,Ireland,2016,,107.45,,,,,
dataflow,ESTAT:PRC_HPI_A$DEFAULTVIEW(1.0),House price index (2015 = 100) - annual data,A,Annual,DW_EXST,Purchases of existing dwellings,I15_A_AVG,"Annual average index, 2015=100",IE,Ireland,2017,,120.22,,,,,
dataflow,ESTAT:PRC_HPI_A$DEFAULTVIEW(1.0),House price index (2015 = 100) - annual data,A,Annual,DW_EXST,Purchases of existing dwellings,I15_A_AVG,"Annual average index, 2015=100",IE,Ireland,2018,,132.40,,,,,
dataflow,ESTAT:PRC_HPI_A$DEFAULTVIEW(1.0),House price index (2015 = 100) - annual data,A,Annual,DW_EXST,Purchases of existing dwellings,I15_A_AVG,"Annual average index, 2015=100",IE,Ireland,2019,,134.78,,,,,
dataflow,ESTAT:PRC_HPI_A$DEFAULTVIEW(1.0),House price index (2015 = 100) - annual data,A,Annual,DW_EXST,Purchases of existing dwellings,I15_A_AVG,"Annual average index, 2015=100",IE,Ireland,2020,,134.40,,,,,
dataflow,ESTAT:PRC_HPI_A$DEFAULTVIEW(1.0),House price index (2015 = 100) - annual data,A,Annual,DW_EXST,Purchases of existing dwellings,I15_A_AVG,"Annual average index, 2015=100",IE,Ireland,2021,,147.66,,,,,
dataflow,ESTAT:PRC_HPI_A$DEFAULTVIEW(1.0),House price index (2015 = 100) - annual data,A,Annual,DW_EXST,Purchases of existing dwellings,I15_A_AVG,"Annual average index, 2015=100",IE,Ireland,2022,,167.58,,,,,
dataflow,ESTAT:PRC_HPI_A$DEFAULTVIEW(1.0),House price index (2015 = 100) - annual data,A,Annual,DW_EXST,Purchases of existing dwellings,I15_A_AVG,"Annual average index, 2015=100",IE,Ireland,2023,,169.55,,,,,
dataflow,ESTAT:PRC_HPI_A$DEFAULTVIEW(1.0),House price index (2015 = 100) - annual data,A,Annual,DW_EXST,Purchases of existing dwellings,I15_A_AVG,"Annual average index, 2015=100",IE,Ireland,2024,,184.83,,,,,
dataflow,ESTAT:PRC_HPI_A$DEFAULTVIEW(1.0),House price index (2015 = 100) - annual data,A,Annual,DW_EXST,Purchases of existing dwellings,I15_A_AVG,"Annual average index, 2015=100",IE,Ireland,2025,,200.16,,p,provisional,,
dataflow,ESTAT:PRC_HPI_A$DEFAULTVIEW(1.0),House price index (2015 = 100) - annual data,A,Annual,DW_EXST,Purchases of existing dwellings,I15_A_AVG,"Annual average index, 2015=100",IS,Iceland,2016,,109.77,,d,definition differs (see metadata),,
dataflow,ESTAT:PRC_HPI_A$DEFAULTVIEW(1.0),House price index (2015 = 100) - annual data,A,Annual,DW_EXST,Purchases of existing dwellings,I15_A_AVG,"Annual average index, 2015=100",IS,Iceland,2017,,131.20,,d,definition differs (see metadata),,
dataflow,ESTAT:PRC_HPI_A$DEFAULTVIEW(1.0),House price index (2015 = 100) - annual data,A,Annual,DW_EXST,Purchases of existing dwellings,I15_A_AVG,"Annual average index, 2015=100",IS,Iceland,2018,,142.01,,d,definition differs (see metadata),,
dataflow,ESTAT:PRC_HPI_A$DEFAULTVIEW(1.0),House price index (2015 = 100) - annual data,A,Annual,DW_EXST,Purchases of existing dwellings,I15_A_AVG,"Annual average index, 2015=100",IS,Iceland,2019,,148.29,,d,definition differs (see metadata),,
dataflow,ESTAT:PRC_HPI_A$DEFAULTVIEW(1.0),House price index (2015 = 100) - annual data,A,Annual,DW_EXST,Purchases of existing dwellings,I15_A_AVG,"Annual average index, 2015=100",IS,Iceland,2020,,157.79,,d,definition differs (see metadata),,
dataflow,ESTAT:PRC_HPI_A$DEFAULTVIEW(1.0),House price index (2015 = 100) - annual data,A,Annual,DW_EXST,Purchases of existing dwellings,I15_A_AVG,"Annual average index, 2015=100",IS,Iceland,2021,,177.57,,d,definition differs (see metadata),,
dataflow,ESTAT:PRC_HPI_A$DEFAULTVIEW(1.0),House price index (2015 = 100) - annual data,A,Annual,DW_EXST,Purchases of existing dwellings,I15_A_AVG,"Annual average index, 2015=100",IS,Iceland,2022,,214.84,,d,definition differs (see metadata),,
dataflow,ESTAT:PRC_HPI_A$DEFAULTVIEW(1.0),House price index (2015 = 100) - annual data,A,Annual,DW_EXST,Purchases of existing dwellings,I15_A_AVG,"Annual average index, 2015=100",IS,Iceland,2023,,231.57,,d,definition differs (see metadata),,
dataflow,ESTAT:PRC_HPI_A$DEFAULTVIEW(1.0),House price index (2015 = 100) - annual data,A,Annual,DW_EXST,Purchases of existing dwellings,I15_A_AVG,"Annual average index, 2015=100",IS,Iceland,2024,,250.22,,d,definition differs (see metadata),,
dataflow,ESTAT:PRC_HPI_A$DEFAULTVIEW(1.0),House price index (2015 = 100) - annual data,A,Annual,DW_EXST,Purchases of existing dwellings,I15_A_AVG,"Annual average index, 2015=100",IS,Iceland,2025,,263.10,,d,definition differs (see metadata),,
dataflow,ESTAT:PRC_HPI_A$DEFAULTVIEW(1.0),House price index (2015 = 100) - annual data,A,Annual,DW_EXST,Purchases of existing dwellings,I15_A_AVG,"Annual average index, 2015=100",IT,Italy,2016,,100.10,,,,,
dataflow,ESTAT:PRC_HPI_A$DEFAULTVIEW(1.0),House price index (2015 = 100) - annual data,A,Annual,DW_EXST,Purchases of existing dwellings,I15_A_AVG,"Annual average index, 2015=100",IT,Italy,2017,,98.90,,,,,
dataflow,ESTAT:PRC_HPI_A$DEFAULTVIEW(1.0),House price index (2015 = 100) - annual data,A,Annual,DW_EXST,Purchases of existing dwellings,I15_A_AVG,"Annual average index, 2015=100",IT,Italy,2018,,98.00,,,,,
dataflow,ESTAT:PRC_HPI_A$DEFAULTVIEW(1.0),House price index (2015 = 100) - annual data,A,Annual,DW_EXST,Purchases of existing dwellings,I15_A_AVG,"Annual average index, 2015=100",IT,Italy,2019,,97.60,,,,,
dataflow,ESTAT:PRC_HPI_A$DEFAULTVIEW(1.0),House price index (2015 = 100) - annual data,A,Annual,DW_EXST,Purchases of existing dwellings,I15_A_AVG,"Annual average index, 2015=100",IT,Italy,2020,,99.40,,,,,
dataflow,ESTAT:PRC_HPI_A$DEFAULTVIEW(1.0),House price index (2015 = 100) - annual data,A,Annual,DW_EXST,Purchases of existing dwellings,I15_A_AVG,"Annual average index, 2015=100",IT,Italy,2021,,101.60,,,,,
dataflow,ESTAT:PRC_HPI_A$DEFAULTVIEW(1.0),House price index (2015 = 100) - annual data,A,Annual,DW_EXST,Purchases of existing dwellings,I15_A_AVG,"Annual average index, 2015=100",IT,Italy,2022,,105.10,,,,,
dataflow,ESTAT:PRC_HPI_A$DEFAULTVIEW(1.0),House price index (2015 = 100) - annual data,A,Annual,DW_EXST,Purchases of existing dwellings,I15_A_AVG,"Annual average index, 2015=100",IT,Italy,2023,,105.50,,,,,
dataflow,ESTAT:PRC_HPI_A$DEFAULTVIEW(1.0),House price index (2015 = 100) - annual data,A,Annual,DW_EXST,Purchases of existing dwellings,I15_A_AVG,"Annual average index, 2015=100",IT,Italy,2024,,107.80,,,,,
dataflow,ESTAT:PRC_HPI_A$DEFAULTVIEW(1.0),House price index (2015 = 100) - annual data,A,Annual,DW_EXST,Purchases of existing dwellings,I15_A_AVG,"Annual average index, 2015=100",IT,Italy,2025,,112.80,,p,provisional,,
dataflow,ESTAT:PRC_HPI_A$DEFAULTVIEW(1.0),House price index (2015 = 100) - annual data,A,Annual,DW_EXST,Purchases of existing dwellings,I15_A_AVG,"Annual average index, 2015=100",LT,Lithuania,2016,,106.47,,,,,
dataflow,ESTAT:PRC_HPI_A$DEFAULTVIEW(1.0),House price index (2015 = 100) - annual data,A,Annual,DW_EXST,Purchases of existing dwellings,I15_A_AVG,"Annual average index, 2015=100",LT,Lithuania,2017,,115.58,,,,,
dataflow,ESTAT:PRC_HPI_A$DEFAULTVIEW(1.0),House price index (2015 = 100) - annual data,A,Annual,DW_EXST,Purchases of existing dwellings,I15_A_AVG,"Annual average index, 2015=100",LT,Lithuania,2018,,123.78,,,,,
dataflow,ESTAT:PRC_HPI_A$DEFAULTVIEW(1.0),House price index (2015 = 100) - annual data,A,Annual,DW_EXST,Purchases of existing dwellings,I15_A_AVG,"Annual average index, 2015=100",LT,Lithuania,2019,,132.50,,,,,
dataflow,ESTAT:PRC_HPI_A$DEFAULTVIEW(1.0),House price index (2015 = 100) - annual data,A,Annual,DW_EXST,Purchases of existing dwellings,I15_A_AVG,"Annual average index, 2015=100",LT,Lithuania,2020,,142.72,,,,,
dataflow,ESTAT:PRC_HPI_A$DEFAULTVIEW(1.0),House price index (2015 = 100) - annual data,A,Annual,DW_EXST,Purchases of existing dwellings,I15_A_AVG,"Annual average index, 2015=100",LT,Lithuania,2021,,167.17,,,,,
dataflow,ESTAT:PRC_HPI_A$DEFAULTVIEW(1.0),House price index (2015 = 100) - annual data,A,Annual,DW_EXST,Purchases of existing dwellings,I15_A_AVG,"Annual average index, 2015=100",LT,Lithuania,2022,,197.74,,,,,
dataflow,ESTAT:PRC_HPI_A$DEFAULTVIEW(1.0),House price index (2015 = 100) - annual data,A,Annual,DW_EXST,Purchases of existing dwellings,I15_A_AVG,"Annual average index, 2015=100",LT,Lithuania,2023,,211.26,,,,,
dataflow,ESTAT:PRC_HPI_A$DEFAULTVIEW(1.0),House price index (2015 = 100) - annual data,A,Annual,DW_EXST,Purchases of existing dwellings,I15_A_AVG,"Annual average index, 2015=100",LT,Lithuania,2024,,231.46,,,,,
dataflow,ESTAT:PRC_HPI_A$DEFAULTVIEW(1.0),House price index (2015 = 100) - annual data,A,Annual,DW_EXST,Purchases of existing dwellings,I15_A_AVG,"Annual average index, 2015=100",LT,Lithuania,2025,,256.14,,,,,
dataflow,ESTAT:PRC_HPI_A$DEFAULTVIEW(1.0),House price index (2015 = 100) - annual data,A,Annual,DW_EXST,Purchases of existing dwellings,I15_A_AVG,"Annual average index, 2015=100",LU,Luxembourg,2016,,106.21,,,,,
dataflow,ESTAT:PRC_HPI_A$DEFAULTVIEW(1.0),House price index (2015 = 100) - annual data,A,Annual,DW_EXST,Purchases of existing dwellings,I15_A_AVG,"Annual average index, 2015=100",LU,Luxembourg,2017,,112.26,,,,,
dataflow,ESTAT:PRC_HPI_A$DEFAULTVIEW(1.0),House price index (2015 = 100) - annual data,A,Annual,DW_EXST,Purchases of existing dwellings,I15_A_AVG,"Annual average index, 2015=100",LU,Luxembourg,2018,,120.98,,,,,
dataflow,ESTAT:PRC_HPI_A$DEFAULTVIEW(1.0),House price index (2015 = 100) - annual data,A,Annual,DW_EXST,Purchases of existing dwellings,I15_A_AVG,"Annual average index, 2015=100",LU,Luxembourg,2019,,134.12,,,,,
dataflow,ESTAT:PRC_HPI_A$DEFAULTVIEW(1.0),House price index (2015 = 100) - annual data,A,Annual,DW_EXST,Purchases of existing dwellings,I15_A_AVG,"Annual average index, 2015=100",LU,Luxembourg,2020,,153.82,,,,,
dataflow,ESTAT:PRC_HPI_A$DEFAULTVIEW(1.0),House price index (2015 = 100) - annual data,A,Annual,DW_EXST,Purchases of existing dwellings,I15_A_AVG,"Annual average index, 2015=100",LU,Luxembourg,2021,,176.81,,,,,
dataflow,ESTAT:PRC_HPI_A$DEFAULTVIEW(1.0),House price index (2015 = 100) - annual data,A,Annual,DW_EXST,Purchases of existing dwellings,I15_A_AVG,"Annual average index, 2015=100",LU,Luxembourg,2022,,192.44,,,,,
dataflow,ESTAT:PRC_HPI_A$DEFAULTVIEW(1.0),House price index (2015 = 100) - annual data,A,Annual,DW_EXST,Purchases of existing dwellings,I15_A_AVG,"Annual average index, 2015=100",LU,Luxembourg,2023,,171.11,,,,,
dataflow,ESTAT:PRC_HPI_A$DEFAULTVIEW(1.0),House price index (2015 = 100) - annual data,A,Annual,DW_EXST,Purchases of existing dwellings,I15_A_AVG,"Annual average index, 2015=100",LU,Luxembourg,2024,,160.75,,,,,
dataflow,ESTAT:PRC_HPI_A$DEFAULTVIEW(1.0),House price index (2015 = 100) - annual data,A,Annual,DW_EXST,Purchases of existing dwellings,I15_A_AVG,"Annual average index, 2015=100",LU,Luxembourg,2025,,163.28,,p,provisional,,
dataflow,ESTAT:PRC_HPI_A$DEFAULTVIEW(1.0),House price index (2015 = 100) - annual data,A,Annual,DW_EXST,Purchases of existing dwellings,I15_A_AVG,"Annual average index, 2015=100",LV,Latvia,2016,,108.51,,,,,
dataflow,ESTAT:PRC_HPI_A$DEFAULTVIEW(1.0),House price index (2015 = 100) - annual data,A,Annual,DW_EXST,Purchases of existing dwellings,I15_A_AVG,"Annual average index, 2015=100",LV,Latvia,2017,,118.17,,,,,
dataflow,ESTAT:PRC_HPI_A$DEFAULTVIEW(1.0),House price index (2015 = 100) - annual data,A,Annual,DW_EXST,Purchases of existing dwellings,I15_A_AVG,"Annual average index, 2015=100",LV,Latvia,2018,,130.24,,,,,
dataflow,ESTAT:PRC_HPI_A$DEFAULTVIEW(1.0),House price index (2015 = 100) - annual data,A,Annual,DW_EXST,Purchases of existing dwellings,I15_A_AVG,"Annual average index, 2015=100",LV,Latvia,2019,,141.83,,,,,
dataflow,ESTAT:PRC_HPI_A$DEFAULTVIEW(1.0),House price index (2015 = 100) - annual data,A,Annual,DW_EXST,Purchases of existing dwellings,I15_A_AVG,"Annual average index, 2015=100",LV,Latvia,2020,,145.40,,,,,
dataflow,ESTAT:PRC_HPI_A$DEFAULTVIEW(1.0),House price index (2015 = 100) - annual data,A,Annual,DW_EXST,Purchases of existing dwellings,I15_A_AVG,"Annual average index, 2015=100",LV,Latvia,2021,,165.80,,,,,
dataflow,ESTAT:PRC_HPI_A$DEFAULTVIEW(1.0),House price index (2015 = 100) - annual data,A,Annual,DW_EXST,Purchases of existing dwellings,I15_A_AVG,"Annual average index, 2015=100",LV,Latvia,2022,,189.30,,,,,
dataflow,ESTAT:PRC_HPI_A$DEFAULTVIEW(1.0),House price index (2015 = 100) - annual data,A,Annual,DW_EXST,Purchases of existing dwellings,I15_A_AVG,"Annual average index, 2015=100",LV,Latvia,2023,,190.76,,,,,
dataflow,ESTAT:PRC_HPI_A$DEFAULTVIEW(1.0),House price index (2015 = 100) - annual data,A,Annual,DW_EXST,Purchases of existing dwellings,I15_A_AVG,"Annual average index, 2015=100",LV,Latvia,2024,,195.38,,,,,
dataflow,ESTAT:PRC_HPI_A$DEFAULTVIEW(1.0),House price index (2015 = 100) - annual data,A,Annual,DW_EXST,Purchases of existing dwellings,I15_A_AVG,"Annual average index, 2015=100",LV,Latvia,2025,,211.94,,p,provisional,,
dataflow,ESTAT:PRC_HPI_A$DEFAULTVIEW(1.0),House price index (2015 = 100) - annual data,A,Annual,DW_EXST,Purchases of existing dwellings,I15_A_AVG,"Annual average index, 2015=100",MT,Malta,2016,,106.78,,,,,
dataflow,ESTAT:PRC_HPI_A$DEFAULTVIEW(1.0),House price index (2015 = 100) - annual data,A,Annual,DW_EXST,Purchases of existing dwellings,I15_A_AVG,"Annual average index, 2015=100",MT,Malta,2017,,112.58,,,,,
dataflow,ESTAT:PRC_HPI_A$DEFAULTVIEW(1.0),House price index (2015 = 100) - annual data,A,Annual,DW_EXST,Purchases of existing dwellings,I15_A_AVG,"Annual average index, 2015=100",MT,Malta,2018,,117.58,,,,,
dataflow,ESTAT:PRC_HPI_A$DEFAULTVIEW(1.0),House price index (2015 = 100) - annual data,A,Annual,DW_EXST,Purchases of existing dwellings,I15_A_AVG,"Annual average index, 2015=100",MT,Malta,2019,,123.51,,,,,
dataflow,ESTAT:PRC_HPI_A$DEFAULTVIEW(1.0),House price index (2015 = 100) - annual data,A,Annual,DW_EXST,Purchases of existing dwellings,I15_A_AVG,"Annual average index, 2015=100",MT,Malta,2020,,131.58,,,,,
dataflow,ESTAT:PRC_HPI_A$DEFAULTVIEW(1.0),House price index (2015 = 100) - annual data,A,Annual,DW_EXST,Purchases of existing dwellings,I15_A_AVG,"Annual average index, 2015=100",MT,Malta,2021,,134.44,,,,,
dataflow,ESTAT:PRC_HPI_A$DEFAULTVIEW(1.0),House price index (2015 = 100) - annual data,A,Annual,DW_EXST,Purchases of existing dwellings,I15_A_AVG,"Annual average index, 2015=100",MT,Malta,2022,,142.36,,,,,
dataflow,ESTAT:PRC_HPI_A$DEFAULTVIEW(1.0),House price index (2015 = 100) - annual data,A,Annual,DW_EXST,Purchases of existing dwellings,I15_A_AVG,"Annual average index, 2015=100",MT,Malta,2023,,152.02,,,,,
dataflow,ESTAT:PRC_HPI_A$DEFAULTVIEW(1.0),House price index (2015 = 100) - annual data,A,Annual,DW_EXST,Purchases of existing dwellings,I15_A_AVG,"Annual average index, 2015=100",MT,Malta,2024,,162.91,,,,,
dataflow,ESTAT:PRC_HPI_A$DEFAULTVIEW(1.0),House price index (2015 = 100) - annual data,A,Annual,DW_EXST,Purchases of existing dwellings,I15_A_AVG,"Annual average index, 2015=100",MT,Malta,2025,,173.56,,p,provisional,,
dataflow,ESTAT:PRC_HPI_A$DEFAULTVIEW(1.0),House price index (2015 = 100) - annual data,A,Annual,DW_EXST,Purchases of existing dwellings,I15_A_AVG,"Annual average index, 2015=100",NL,Netherlands,2016,,105.51,,,,,
dataflow,ESTAT:PRC_HPI_A$DEFAULTVIEW(1.0),House price index (2015 = 100) - annual data,A,Annual,DW_EXST,Purchases of existing dwellings,I15_A_AVG,"Annual average index, 2015=100",NL,Netherlands,2017,,114.06,,,,,
dataflow,ESTAT:PRC_HPI_A$DEFAULTVIEW(1.0),House price index (2015 = 100) - annual data,A,Annual,DW_EXST,Purchases of existing dwellings,I15_A_AVG,"Annual average index, 2015=100",NL,Netherlands,2018,,124.57,,,,,
dataflow,ESTAT:PRC_HPI_A$DEFAULTVIEW(1.0),House price index (2015 = 100) - annual data,A,Annual,DW_EXST,Purchases of existing dwellings,I15_A_AVG,"Annual average index, 2015=100",NL,Netherlands,2019,,133.34,,,,,
dataflow,ESTAT:PRC_HPI_A$DEFAULTVIEW(1.0),House price index (2015 = 100) - annual data,A,Annual,DW_EXST,Purchases of existing dwellings,I15_A_AVG,"Annual average index, 2015=100",NL,Netherlands,2020,,143.85,,,,,
dataflow,ESTAT:PRC_HPI_A$DEFAULTVIEW(1.0),House price index (2015 = 100) - annual data,A,Annual,DW_EXST,Purchases of existing dwellings,I15_A_AVG,"Annual average index, 2015=100",NL,Netherlands,2021,,165.50,,,,,
dataflow,ESTAT:PRC_HPI_A$DEFAULTVIEW(1.0),House price index (2015 = 100) - annual data,A,Annual,DW_EXST,Purchases of existing dwellings,I15_A_AVG,"Annual average index, 2015=100",NL,Netherlands,2022,,187.52,,,,,
dataflow,ESTAT:PRC_HPI_A$DEFAULTVIEW(1.0),House price index (2015 = 100) - annual data,A,Annual,DW_EXST,Purchases of existing dwellings,I15_A_AVG,"Annual average index, 2015=100",NL,Netherlands,2023,,182.18,,,,,
dataflow,ESTAT:PRC_HPI_A$DEFAULTVIEW(1.0),House price index (2015 = 100) - annual data,A,Annual,DW_EXST,Purchases of existing dwellings,I15_A_AVG,"Annual average index, 2015=100",NL,Netherlands,2024,,198.10,,,,,
dataflow,ESTAT:PRC_HPI_A$DEFAULTVIEW(1.0),House price index (2015 = 100) - annual data,A,Annual,DW_EXST,Purchases of existing dwellings,I15_A_AVG,"Annual average index, 2015=100",NL,Netherlands,2025,,215.10,,,,,
dataflow,ESTAT:PRC_HPI_A$DEFAULTVIEW(1.0),House price index (2015 = 100) - annual data,A,Annual,DW_EXST,Purchases of existing dwellings,I15_A_AVG,"Annual average index, 2015=100",NO,Norway,2016,,108.25,,,,,
dataflow,ESTAT:PRC_HPI_A$DEFAULTVIEW(1.0),House price index (2015 = 100) - annual data,A,Annual,DW_EXST,Purchases of existing dwellings,I15_A_AVG,"Annual average index, 2015=100",NO,Norway,2017,,114.35,,,,,
dataflow,ESTAT:PRC_HPI_A$DEFAULTVIEW(1.0),House price index (2015 = 100) - annual data,A,Annual,DW_EXST,Purchases of existing dwellings,I15_A_AVG,"Annual average index, 2015=100",NO,Norway,2018,,115.64,,,,,
dataflow,ESTAT:PRC_HPI_A$DEFAULTVIEW(1.0),House price index (2015 = 100) - annual data,A,Annual,DW_EXST,Purchases of existing dwellings,I15_A_AVG,"Annual average index, 2015=100",NO,Norway,2019,,118.77,,,,,
dataflow,ESTAT:PRC_HPI_A$DEFAULTVIEW(1.0),House price index (2015 = 100) - annual data,A,Annual,DW_EXST,Purchases of existing dwellings,I15_A_AVG,"Annual average index, 2015=100",NO,Norway,2020,,124.17,,,,,
dataflow,ESTAT:PRC_HPI_A$DEFAULTVIEW(1.0),House price index (2015 = 100) - annual data,A,Annual,DW_EXST,Purchases of existing dwellings,I15_A_AVG,"Annual average index, 2015=100",NO,Norway,2021,,136.71,,,,,
dataflow,ESTAT:PRC_HPI_A$DEFAULTVIEW(1.0),House price index (2015 = 100) - annual data,A,Annual,DW_EXST,Purchases of existing dwellings,I15_A_AVG,"Annual average index, 2015=100",NO,Norway,2022,,143.97,,,,,
dataflow,ESTAT:PRC_HPI_A$DEFAULTVIEW(1.0),House price index (2015 = 100) - annual data,A,Annual,DW_EXST,Purchases of existing dwellings,I15_A_AVG,"Annual average index, 2015=100",NO,Norway,2023,,144.03,,,,,
dataflow,ESTAT:PRC_HPI_A$DEFAULTVIEW(1.0),House price index (2015 = 100) - annual data,A,Annual,DW_EXST,Purchases of existing dwellings,I15_A_AVG,"Annual average index, 2015=100",NO,Norway,2024,,148.44,,,,,
dataflow,ESTAT:PRC_HPI_A$DEFAULTVIEW(1.0),House price index (2015 = 100) - annual data,A,Annual,DW_EXST,Purchases of existing dwellings,I15_A_AVG,"Annual average index, 2015=100",NO,Norway,2025,,156.96,,,,,
dataflow,ESTAT:PRC_HPI_A$DEFAULTVIEW(1.0),House price index (2015 = 100) - annual data,A,Annual,DW_EXST,Purchases of existing dwellings,I15_A_AVG,"Annual average index, 2015=100",PL,Poland,2016,,102.55,,,,,
dataflow,ESTAT:PRC_HPI_A$DEFAULTVIEW(1.0),House price index (2015 = 100) - annual data,A,Annual,DW_EXST,Purchases of existing dwellings,I15_A_AVG,"Annual average index, 2015=100",PL,Poland,2017,,107.13,,,,,
dataflow,ESTAT:PRC_HPI_A$DEFAULTVIEW(1.0),House price index (2015 = 100) - annual data,A,Annual,DW_EXST,Purchases of existing dwellings,I15_A_AVG,"Annual average index, 2015=100",PL,Poland,2018,,115.17,,,,,
dataflow,ESTAT:PRC_HPI_A$DEFAULTVIEW(1.0),House price index (2015 = 100) - annual data,A,Annual,DW_EXST,Purchases of existing dwellings,I15_A_AVG,"Annual average index, 2015=100",PL,Poland,2019,,127.16,,,,,
dataflow,ESTAT:PRC_HPI_A$DEFAULTVIEW(1.0),House price index (2015 = 100) - annual data,A,Annual,DW_EXST,Purchases of existing dwellings,I15_A_AVG,"Annual average index, 2015=100",PL,Poland,2020,,144.68,,,,,
dataflow,ESTAT:PRC_HPI_A$DEFAULTVIEW(1.0),House price index (2015 = 100) - annual data,A,Annual,DW_EXST,Purchases of existing dwellings,I15_A_AVG,"Annual average index, 2015=100",PL,Poland,2021,,158.10,,,,,
dataflow,ESTAT:PRC_HPI_A$DEFAULTVIEW(1.0),House price index (2015 = 100) - annual data,A,Annual,DW_EXST,Purchases of existing dwellings,I15_A_AVG,"Annual average index, 2015=100",PL,Poland,2022,,176.72,,,,,
dataflow,ESTAT:PRC_HPI_A$DEFAULTVIEW(1.0),House price index (2015 = 100) - annual data,A,Annual,DW_EXST,Purchases of existing dwellings,I15_A_AVG,"Annual average index, 2015=100",PL,Poland,2023,,189.59,,,,,
dataflow,ESTAT:PRC_HPI_A$DEFAULTVIEW(1.0),House price index (2015 = 100) - annual data,A,Annual,DW_EXST,Purchases of existing dwellings,I15_A_AVG,"Annual average index, 2015=100",PL,Poland,2024,,215.02,,,,,
dataflow,ESTAT:PRC_HPI_A$DEFAULTVIEW(1.0),House price index (2015 = 100) - annual data,A,Annual,DW_EXST,Purchases of existing dwellings,I15_A_AVG,"Annual average index, 2015=100",PL,Poland,2025,,223.99,,,,,
dataflow,ESTAT:PRC_HPI_A$DEFAULTVIEW(1.0),House price index (2015 = 100) - annual data,A,Annual,DW_EXST,Purchases of existing dwellings,I15_A_AVG,"Annual average index, 2015=100",PT,Portugal,2016,,108.68,,,,,
dataflow,ESTAT:PRC_HPI_A$DEFAULTVIEW(1.0),House price index (2015 = 100) - annual data,A,Annual,DW_EXST,Purchases of existing dwellings,I15_A_AVG,"Annual average index, 2015=100",PT,Portugal,2017,,119.98,,,,,
dataflow,ESTAT:PRC_HPI_A$DEFAULTVIEW(1.0),House price index (2015 = 100) - annual data,A,Annual,DW_EXST,Purchases of existing dwellings,I15_A_AVG,"Annual average index, 2015=100",PT,Portugal,2018,,133.20,,,,,
dataflow,ESTAT:PRC_HPI_A$DEFAULTVIEW(1.0),House price index (2015 = 100) - annual data,A,Annual,DW_EXST,Purchases of existing dwellings,I15_A_AVG,"Annual average index, 2015=100",PT,Portugal,2019,,146.85,,,,,
dataflow,ESTAT:PRC_HPI_A$DEFAULTVIEW(1.0),House price index (2015 = 100) - annual data,A,Annual,DW_EXST,Purchases of existing dwellings,I15_A_AVG,"Annual average index, 2015=100",PT,Portugal,2020,,160.18,,,,,
dataflow,ESTAT:PRC_HPI_A$DEFAULTVIEW(1.0),House price index (2015 = 100) - annual data,A,Annual,DW_EXST,Purchases of existing dwellings,I15_A_AVG,"Annual average index, 2015=100",PT,Portugal,2021,,175.63,,,,,
dataflow,ESTAT:PRC_HPI_A$DEFAULTVIEW(1.0),House price index (2015 = 100) - annual data,A,Annual,DW_EXST,Purchases of existing dwellings,I15_A_AVG,"Annual average index, 2015=100",PT,Portugal,2022,,200.03,,,,,
dataflow,ESTAT:PRC_HPI_A$DEFAULTVIEW(1.0),House price index (2015 = 100) - annual data,A,Annual,DW_EXST,Purchases of existing dwellings,I15_A_AVG,"Annual average index, 2015=100",PT,Portugal,2023,,217.44,,,,,
dataflow,ESTAT:PRC_HPI_A$DEFAULTVIEW(1.0),House price index (2015 = 100) - annual data,A,Annual,DW_EXST,Purchases of existing dwellings,I15_A_AVG,"Annual average index, 2015=100",PT,Portugal,2024,,238.63,,,,,
dataflow,ESTAT:PRC_HPI_A$DEFAULTVIEW(1.0),House price index (2015 = 100) - annual data,A,Annual,DW_EXST,Purchases of existing dwellings,I15_A_AVG,"Annual average index, 2015=100",PT,Portugal,2025,,283.67,,,,,
dataflow,ESTAT:PRC_HPI_A$DEFAULTVIEW(1.0),House price index (2015 = 100) - annual data,A,Annual,DW_EXST,Purchases of existing dwellings,I15_A_AVG,"Annual average index, 2015=100",RO,Romania,2016,,106.00,,,,,
dataflow,ESTAT:PRC_HPI_A$DEFAULTVIEW(1.0),House price index (2015 = 100) - annual data,A,Annual,DW_EXST,Purchases of existing dwellings,I15_A_AVG,"Annual average index, 2015=100",RO,Romania,2017,,113.73,,,,,
dataflow,ESTAT:PRC_HPI_A$DEFAULTVIEW(1.0),House price index (2015 = 100) - annual data,A,Annual,DW_EXST,Purchases of existing dwellings,I15_A_AVG,"Annual average index, 2015=100",RO,Romania,2018,,120.48,,,,,
dataflow,ESTAT:PRC_HPI_A$DEFAULTVIEW(1.0),House price index (2015 = 100) - annual data,A,Annual,DW_EXST,Purchases of existing dwellings,I15_A_AVG,"Annual average index, 2015=100",RO,Romania,2019,,125.03,,,,,
dataflow,ESTAT:PRC_HPI_A$DEFAULTVIEW(1.0),House price index (2015 = 100) - annual data,A,Annual,DW_EXST,Purchases of existing dwellings,I15_A_AVG,"Annual average index, 2015=100",RO,Romania,2020,,131.20,,,,,
dataflow,ESTAT:PRC_HPI_A$DEFAULTVIEW(1.0),House price index (2015 = 100) - annual data,A,Annual,DW_EXST,Purchases of existing dwellings,I15_A_AVG,"Annual average index, 2015=100",RO,Romania,2021,,137.78,,,,,
dataflow,ESTAT:PRC_HPI_A$DEFAULTVIEW(1.0),House price index (2015 = 100) - annual data,A,Annual,DW_EXST,Purchases of existing dwellings,I15_A_AVG,"Annual average index, 2015=100",RO,Romania,2022,,144.85,,,,,
dataflow,ESTAT:PRC_HPI_A$DEFAULTVIEW(1.0),House price index (2015 = 100) - annual data,A,Annual,DW_EXST,Purchases of existing dwellings,I15_A_AVG,"Annual average index, 2015=100",RO,Romania,2023,,145.68,,,,,
dataflow,ESTAT:PRC_HPI_A$DEFAULTVIEW(1.0),House price index (2015 = 100) - annual data,A,Annual,DW_EXST,Purchases of existing dwellings,I15_A_AVG,"Annual average index, 2015=100",RO,Romania,2024,,150.61,,,,,
dataflow,ESTAT:PRC_HPI_A$DEFAULTVIEW(1.0),House price index (2015 = 100) - annual data,A,Annual,DW_EXST,Purchases of existing dwellings,I15_A_AVG,"Annual average index, 2015=100",RO,Romania,2025,,161.04,,,,,
dataflow,ESTAT:PRC_HPI_A$DEFAULTVIEW(1.0),House price index (2015 = 100) - annual data,A,Annual,DW_EXST,Purchases of existing dwellings,I15_A_AVG,"Annual average index, 2015=100",SE,Sweden,2016,,108.54,,,,,
dataflow,ESTAT:PRC_HPI_A$DEFAULTVIEW(1.0),House price index (2015 = 100) - annual data,A,Annual,DW_EXST,Purchases of existing dwellings,I15_A_AVG,"Annual average index, 2015=100",SE,Sweden,2017,,115.78,,,,,
dataflow,ESTAT:PRC_HPI_A$DEFAULTVIEW(1.0),House price index (2015 = 100) - annual data,A,Annual,DW_EXST,Purchases of existing dwellings,I15_A_AVG,"Annual average index, 2015=100",SE,Sweden,2018,,112.37,,,,,
dataflow,ESTAT:PRC_HPI_A$DEFAULTVIEW(1.0),House price index (2015 = 100) - annual data,A,Annual,DW_EXST,Purchases of existing dwellings,I15_A_AVG,"Annual average index, 2015=100",SE,Sweden,2019,,114.59,,,,,
dataflow,ESTAT:PRC_HPI_A$DEFAULTVIEW(1.0),House price index (2015 = 100) - annual data,A,Annual,DW_EXST,Purchases of existing dwellings,I15_A_AVG,"Annual average index, 2015=100",SE,Sweden,2020,,121.16,,,,,
dataflow,ESTAT:PRC_HPI_A$DEFAULTVIEW(1.0),House price index (2015 = 100) - annual data,A,Annual,DW_EXST,Purchases of existing dwellings,I15_A_AVG,"Annual average index, 2015=100",SE,Sweden,2021,,136.03,,,,,
dataflow,ESTAT:PRC_HPI_A$DEFAULTVIEW(1.0),House price index (2015 = 100) - annual data,A,Annual,DW_EXST,Purchases of existing dwellings,I15_A_AVG,"Annual average index, 2015=100",SE,Sweden,2022,,138.57,,,,,
dataflow,ESTAT:PRC_HPI_A$DEFAULTVIEW(1.0),House price index (2015 = 100) - annual data,A,Annual,DW_EXST,Purchases of existing dwellings,I15_A_AVG,"Annual average index, 2015=100",SE,Sweden,2023,,129.40,,,,,
dataflow,ESTAT:PRC_HPI_A$DEFAULTVIEW(1.0),House price index (2015 = 100) - annual data,A,Annual,DW_EXST,Purchases of existing dwellings,I15_A_AVG,"Annual average index, 2015=100",SE,Sweden,2024,,131.05,,,,,
dataflow,ESTAT:PRC_HPI_A$DEFAULTVIEW(1.0),House price index (2015 = 100) - annual data,A,Annual,DW_EXST,Purchases of existing dwellings,I15_A_AVG,"Annual average index, 2015=100",SE,Sweden,2025,,133.22,,,,,
dataflow,ESTAT:PRC_HPI_A$DEFAULTVIEW(1.0),House price index (2015 = 100) - annual data,A,Annual,DW_EXST,Purchases of existing dwellings,I15_A_AVG,"Annual average index, 2015=100",SI,Slovenia,2016,,103.77,,,,,
dataflow,ESTAT:PRC_HPI_A$DEFAULTVIEW(1.0),House price index (2015 = 100) - annual data,A,Annual,DW_EXST,Purchases of existing dwellings,I15_A_AVG,"Annual average index, 2015=100",SI,Slovenia,2017,,111.89,,,,,
dataflow,ESTAT:PRC_HPI_A$DEFAULTVIEW(1.0),House price index (2015 = 100) - annual data,A,Annual,DW_EXST,Purchases of existing dwellings,I15_A_AVG,"Annual average index, 2015=100",SI,Slovenia,2018,,121.83,,,,,
dataflow,ESTAT:PRC_HPI_A$DEFAULTVIEW(1.0),House price index (2015 = 100) - annual data,A,Annual,DW_EXST,Purchases of existing dwellings,I15_A_AVG,"Annual average index, 2015=100",SI,Slovenia,2019,,131.56,,,,,
dataflow,ESTAT:PRC_HPI_A$DEFAULTVIEW(1.0),House price index (2015 = 100) - annual data,A,Annual,DW_EXST,Purchases of existing dwellings,I15_A_AVG,"Annual average index, 2015=100",SI,Slovenia,2020,,137.85,,,,,
dataflow,ESTAT:PRC_HPI_A$DEFAULTVIEW(1.0),House price index (2015 = 100) - annual data,A,Annual,DW_EXST,Purchases of existing dwellings,I15_A_AVG,"Annual average index, 2015=100",SI,Slovenia,2021,,153.75,,,,,
dataflow,ESTAT:PRC_HPI_A$DEFAULTVIEW(1.0),House price index (2015 = 100) - annual data,A,Annual,DW_EXST,Purchases of existing dwellings,I15_A_AVG,"Annual average index, 2015=100",SI,Slovenia,2022,,177.53,,,,,
dataflow,ESTAT:PRC_HPI_A$DEFAULTVIEW(1.0),House price index (2015 = 100) - annual data,A,Annual,DW_EXST,Purchases of existing dwellings,I15_A_AVG,"Annual average index, 2015=100",SI,Slovenia,2023,,190.45,,,,,
dataflow,ESTAT:PRC_HPI_A$DEFAULTVIEW(1.0),House price index (2015 = 100) - annual data,A,Annual,DW_EXST,Purchases of existing dwellings,I15_A_AVG,"Annual average index, 2015=100",SI,Slovenia,2024,,204.57,,,,,
dataflow,ESTAT:PRC_HPI_A$DEFAULTVIEW(1.0),House price index (2015 = 100) - annual data,A,Annual,DW_EXST,Purchases of existing dwellings,I15_A_AVG,"Annual average index, 2015=100",SI,Slovenia,2025,,216.49,,p,provisional,,
dataflow,ESTAT:PRC_HPI_A$DEFAULTVIEW(1.0),House price index (2015 = 100) - annual data,A,Annual,DW_EXST,Purchases of existing dwellings,I15_A_AVG,"Annual average index, 2015=100",SK,Slovakia,2016,,106.96,,,,,
dataflow,ESTAT:PRC_HPI_A$DEFAULTVIEW(1.0),House price index (2015 = 100) - annual data,A,Annual,DW_EXST,Purchases of existing dwellings,I15_A_AVG,"Annual average index, 2015=100",SK,Slovakia,2017,,112.77,,,,,
dataflow,ESTAT:PRC_HPI_A$DEFAULTVIEW(1.0),House price index (2015 = 100) - annual data,A,Annual,DW_EXST,Purchases of existing dwellings,I15_A_AVG,"Annual average index, 2015=100",SK,Slovakia,2018,,121.96,,,,,
dataflow,ESTAT:PRC_HPI_A$DEFAULTVIEW(1.0),House price index (2015 = 100) - annual data,A,Annual,DW_EXST,Purchases of existing dwellings,I15_A_AVG,"Annual average index, 2015=100",SK,Slovakia,2019,,135.34,,,,,
dataflow,ESTAT:PRC_HPI_A$DEFAULTVIEW(1.0),House price index (2015 = 100) - annual data,A,Annual,DW_EXST,Purchases of existing dwellings,I15_A_AVG,"Annual average index, 2015=100",SK,Slovakia,2020,,149.64,,,,,
dataflow,ESTAT:PRC_HPI_A$DEFAULTVIEW(1.0),House price index (2015 = 100) - annual data,A,Annual,DW_EXST,Purchases of existing dwellings,I15_A_AVG,"Annual average index, 2015=100",SK,Slovakia,2021,,160.81,,,,,
dataflow,ESTAT:PRC_HPI_A$DEFAULTVIEW(1.0),House price index (2015 = 100) - annual data,A,Annual,DW_EXST,Purchases of existing dwellings,I15_A_AVG,"Annual average index, 2015=100",SK,Slovakia,2022,,180.29,,,,,
dataflow,ESTAT:PRC_HPI_A$DEFAULTVIEW(1.0),House price index (2015 = 100) - annual data,A,Annual,DW_EXST,Purchases of existing dwellings,I15_A_AVG,"Annual average index, 2015=100",SK,Slovakia,2023,,181.01,,,,,
dataflow,ESTAT:PRC_HPI_A$DEFAULTVIEW(1.0),House price index (2015 = 100) - annual data,A,Annual,DW_EXST,Purchases of existing dwellings,I15_A_AVG,"Annual average index, 2015=100",SK,Slovakia,2024,,188.46,,,,,
dataflow,ESTAT:PRC_HPI_A$DEFAULTVIEW(1.0),House price index (2015 = 100) - annual data,A,Annual,DW_EXST,Purchases of existing dwellings,I15_A_AVG,"Annual average index, 2015=100",SK,Slovakia,2025,,212.50,,,,,
dataflow,ESTAT:PRC_HPI_A$DEFAULTVIEW(1.0),House price index (2015 = 100) - annual data,A,Annual,DW_EXST,Purchases of existing dwellings,I15_A_AVG,"Annual average index, 2015=100",TR,Türkiye,2016,,112.68,,,,,
dataflow,ESTAT:PRC_HPI_A$DEFAULTVIEW(1.0),House price index (2015 = 100) - annual data,A,Annual,DW_EXST,Purchases of existing dwellings,I15_A_AVG,"Annual average index, 2015=100",TR,Türkiye,2017,,125.09,,,,,
dataflow,ESTAT:PRC_HPI_A$DEFAULTVIEW(1.0),House price index (2015 = 100) - annual data,A,Annual,DW_EXST,Purchases of existing dwellings,I15_A_AVG,"Annual average index, 2015=100",TR,Türkiye,2018,,135.19,,,,,
dataflow,ESTAT:PRC_HPI_A$DEFAULTVIEW(1.0),House price index (2015 = 100) - annual data,A,Annual,DW_EXST,Purchases of existing dwellings,I15_A_AVG,"Annual average index, 2015=100",TR,Türkiye,2019,,140.78,,,,,
dataflow,ESTAT:PRC_HPI_A$DEFAULTVIEW(1.0),House price index (2015 = 100) - annual data,A,Annual,DW_EXST,Purchases of existing dwellings,I15_A_AVG,"Annual average index, 2015=100",TR,Türkiye,2020,,173.86,,,,,
dataflow,ESTAT:PRC_HPI_A$DEFAULTVIEW(1.0),House price index (2015 = 100) - annual data,A,Annual,DW_EXST,Purchases of existing dwellings,I15_A_AVG,"Annual average index, 2015=100",TR,Türkiye,2021,,235.87,,,,,
dataflow,ESTAT:PRC_HPI_A$DEFAULTVIEW(1.0),House price index (2015 = 100) - annual data,A,Annual,DW_EXST,Purchases of existing dwellings,I15_A_AVG,"Annual average index, 2015=100",TR,Türkiye,2022,,597.87,,,,,
dataflow,ESTAT:PRC_HPI_A$DEFAULTVIEW(1.0),House price index (2015 = 100) - annual data,A,Annual,DW_EXST,Purchases of existing dwellings,I15_A_AVG,"Annual average index, 2015=100",TR,Türkiye,2023,,1180.88,,,,,
dataflow,ESTAT:PRC_HPI_A$DEFAULTVIEW(1.0),House price index (2015 = 100) - annual data,A,Annual,DW_EXST,Purchases of existing dwellings,I15_A_AVG,"Annual average index, 2015=100",TR,Türkiye,2024,,1666.27,,,,,
dataflow,ESTAT:PRC_HPI_A$DEFAULTVIEW(1.0),House price index (2015 = 100) - annual data,A,Annual,DW_EXST,Purchases of existing dwellings,I15_A_AVG,"Annual average index, 2015=100",UK,United Kingdom,2016,,106.81,,,,,
dataflow,ESTAT:PRC_HPI_A$DEFAULTVIEW(1.0),House price index (2015 = 100) - annual data,A,Annual,DW_EXST,Purchases of existing dwellings,I15_A_AVG,"Annual average index, 2015=100",UK,United Kingdom,2017,,111.63,,,,,
dataflow,ESTAT:PRC_HPI_A$DEFAULTVIEW(1.0),House price index (2015 = 100) - annual data,A,Annual,DW_EXST,Purchases of existing dwellings,I15_A_AVG,"Annual average index, 2015=100",UK,United Kingdom,2018,,115.12,,,,,
dataflow,ESTAT:PRC_HPI_A$DEFAULTVIEW(1.0),House price index (2015 = 100) - annual data,A,Annual,DW_EXST,Purchases of existing dwellings,I15_A_AVG,"Annual average index, 2015=100",UK,United Kingdom,2019,,116.28,,,,,
dataflow,ESTAT:PRC_HPI_A$DEFAULTVIEW(1.0),House price index (2015 = 100) - annual data,A,Annual,DW_EXST,Purchases of existing dwellings,RCH_A_AVG,Annual average rate of change,AT,Austria,2016,,5.9,,,,,
dataflow,ESTAT:PRC_HPI_A$DEFAULTVIEW(1.0),House price index (2015 = 100) - annual data,A,Annual,DW_EXST,Purchases of existing dwellings,RCH_A_AVG,Annual average rate of change,AT,Austria,2017,,6.0,,,,,
dataflow,ESTAT:PRC_HPI_A$DEFAULTVIEW(1.0),House price index (2015 = 100) - annual data,A,Annual,DW_EXST,Purchases of existing dwellings,RCH_A_AVG,Annual average rate of change,AT,Austria,2018,,6.3,,,,,
dataflow,ESTAT:PRC_HPI_A$DEFAULTVIEW(1.0),House price index (2015 = 100) - annual data,A,Annual,DW_EXST,Purchases of existing dwellings,RCH_A_AVG,Annual average rate of change,AT,Austria,2019,,6.0,,,,,
dataflow,ESTAT:PRC_HPI_A$DEFAULTVIEW(1.0),House price index (2015 = 100) - annual data,A,Annual,DW_EXST,Purchases of existing dwellings,RCH_A_AVG,Annual average rate of change,AT,Austria,2020,,7.7,,,,,
dataflow,ESTAT:PRC_HPI_A$DEFAULTVIEW(1.0),House price index (2015 = 100) - annual data,A,Annual,DW_EXST,Purchases of existing dwellings,RCH_A_AVG,Annual average rate of change,AT,Austria,2021,,13.1,,,,,
dataflow,ESTAT:PRC_HPI_A$DEFAULTVIEW(1.0),House price index (2015 = 100) - annual data,A,Annual,DW_EXST,Purchases of existing dwellings,RCH_A_AVG,Annual average rate of change,AT,Austria,2022,,11.6,,,,,
dataflow,ESTAT:PRC_HPI_A$DEFAULTVIEW(1.0),House price index (2015 = 100) - annual data,A,Annual,DW_EXST,Purchases of existing dwellings,RCH_A_AVG,Annual average rate of change,AT,Austria,2023,,-4.1,,,,,
dataflow,ESTAT:PRC_HPI_A$DEFAULTVIEW(1.0),House price index (2015 = 100) - annual data,A,Annual,DW_EXST,Purchases of existing dwellings,RCH_A_AVG,Annual average rate of change,AT,Austria,2024,,-1.6,,,,,
dataflow,ESTAT:PRC_HPI_A$DEFAULTVIEW(1.0),House price index (2015 = 100) - annual data,A,Annual,DW_EXST,Purchases of existing dwellings,RCH_A_AVG,Annual average rate of change,AT,Austria,2025,,2.5,,p,provisional,,
dataflow,ESTAT:PRC_HPI_A$DEFAULTVIEW(1.0),House price index (2015 = 100) - annual data,A,Annual,DW_EXST,Purchases of existing dwellings,RCH_A_AVG,Annual average rate of change,BE,Belgium,2016,,2.1,,,,,
dataflow,ESTAT:PRC_HPI_A$DEFAULTVIEW(1.0),House price index (2015 = 100) - annual data,A,Annual,DW_EXST,Purchases of existing dwellings,RCH_A_AVG,Annual average rate of change,BE,Belgium,2017,,3.4,,,,,
dataflow,ESTAT:PRC_HPI_A$DEFAULTVIEW(1.0),House price index (2015 = 100) - annual data,A,Annual,DW_EXST,Purchases of existing dwellings,RCH_A_AVG,Annual average rate of change,BE,Belgium,2018,,3.1,,,,,
dataflow,ESTAT:PRC_HPI_A$DEFAULTVIEW(1.0),House price index (2015 = 100) - annual data,A,Annual,DW_EXST,Purchases of existing dwellings,RCH_A_AVG,Annual average rate of change,BE,Belgium,2019,,4.0,,,,,
dataflow,ESTAT:PRC_HPI_A$DEFAULTVIEW(1.0),House price index (2015 = 100) - annual data,A,Annual,DW_EXST,Purchases of existing dwellings,RCH_A_AVG,Annual average rate of change,BE,Belgium,2020,,4.2,,,,,
dataflow,ESTAT:PRC_HPI_A$DEFAULTVIEW(1.0),House price index (2015 = 100) - annual data,A,Annual,DW_EXST,Purchases of existing dwellings,RCH_A_AVG,Annual average rate of change,BE,Belgium,2021,,6.8,,,,,
dataflow,ESTAT:PRC_HPI_A$DEFAULTVIEW(1.0),House price index (2015 = 100) - annual data,A,Annual,DW_EXST,Purchases of existing dwellings,RCH_A_AVG,Annual average rate of change,BE,Belgium,2022,,5.6,,,,,
dataflow,ESTAT:PRC_HPI_A$DEFAULTVIEW(1.0),House price index (2015 = 100) - annual data,A,Annual,DW_EXST,Purchases of existing dwellings,RCH_A_AVG,Annual average rate of change,BE,Belgium,2023,,2.4,,,,,
dataflow,ESTAT:PRC_HPI_A$DEFAULTVIEW(1.0),House price index (2015 = 100) - annual data,A,Annual,DW_EXST,Purchases of existing dwellings,RCH_A_AVG,Annual average rate of change,BE,Belgium,2024,,2.6,,,,,
dataflow,ESTAT:PRC_HPI_A$DEFAULTVIEW(1.0),House price index (2015 = 100) - annual data,A,Annual,DW_EXST,Purchases of existing dwellings,RCH_A_AVG,Annual average rate of change,BE,Belgium,2025,,3.8,,p,provisional,,
dataflow,ESTAT:PRC_HPI_A$DEFAULTVIEW(1.0),House price index (2015 = 100) - annual data,A,Annual,DW_EXST,Purchases of existing dwellings,RCH_A_AVG,Annual average rate of change,BG,Bulgaria,2016,,7.3,,,,,
dataflow,ESTAT:PRC_HPI_A$DEFAULTVIEW(1.0),House price index (2015 = 100) - annual data,A,Annual,DW_EXST,Purchases of existing dwellings,RCH_A_AVG,Annual average rate of change,BG,Bulgaria,2017,,9.7,,,,,
dataflow,ESTAT:PRC_HPI_A$DEFAULTVIEW(1.0),House price index (2015 = 100) - annual data,A,Annual,DW_EXST,Purchases of existing dwellings,RCH_A_AVG,Annual average rate of change,BG,Bulgaria,2018,,7.0,,,,,
dataflow,ESTAT:PRC_HPI_A$DEFAULTVIEW(1.0),House price index (2015 = 100) - annual data,A,Annual,DW_EXST,Purchases of existing dwellings,RCH_A_AVG,Annual average rate of change,BG,Bulgaria,2019,,4.8,,,,,
dataflow,ESTAT:PRC_HPI_A$DEFAULTVIEW(1.0),House price index (2015 = 100) - annual data,A,Annual,DW_EXST,Purchases of existing dwellings,RCH_A_AVG,Annual average rate of change,BG,Bulgaria,2020,,6.0,,,,,
dataflow,ESTAT:PRC_HPI_A$DEFAULTVIEW(1.0),House price index (2015 = 100) - annual data,A,Annual,DW_EXST,Purchases of existing dwellings,RCH_A_AVG,Annual average rate of change,BG,Bulgaria,2021,,9.2,,,,,
dataflow,ESTAT:PRC_HPI_A$DEFAULTVIEW(1.0),House price index (2015 = 100) - annual data,A,Annual,DW_EXST,Purchases of existing dwellings,RCH_A_AVG,Annual average rate of change,BG,Bulgaria,2022,,15.6,,b,break in time series,,
dataflow,ESTAT:PRC_HPI_A$DEFAULTVIEW(1.0),House price index (2015 = 100) - annual data,A,Annual,DW_EXST,Purchases of existing dwellings,RCH_A_AVG,Annual average rate of change,BG,Bulgaria,2023,,10.6,,,,,
dataflow,ESTAT:PRC_HPI_A$DEFAULTVIEW(1.0),House price index (2015 = 100) - annual data,A,Annual,DW_EXST,Purchases of existing dwellings,RCH_A_AVG,Annual average rate of change,BG,Bulgaria,2024,,15.7,,,,,
dataflow,ESTAT:PRC_HPI_A$DEFAULTVIEW(1.0),House price index (2015 = 100) - annual data,A,Annual,DW_EXST,Purchases of existing dwellings,RCH_A_AVG,Annual average rate of change,BG,Bulgaria,2025,,16.4,,p,provisional,,
dataflow,ESTAT:PRC_HPI_A$DEFAULTVIEW(1.0),House price index (2015 = 100) - annual data,A,Annual,DW_EXST,Purchases of existing dwellings,RCH_A_AVG,Annual average rate of change,CY,Cyprus,2016,,-0.3,,,,,
dataflow,ESTAT:PRC_HPI_A$DEFAULTVIEW(1.0),House price index (2015 = 100) - annual data,A,Annual,DW_EXST,Purchases of existing dwellings,RCH_A_AVG,Annual average rate of change,CY,Cyprus,2017,,0.0,,,,,
dataflow,ESTAT:PRC_HPI_A$DEFAULTVIEW(1.0),House price index (2015 = 100) - annual data,A,Annual,DW_EXST,Purchases of existing dwellings,RCH_A_AVG,Annual average rate of change,CY,Cyprus,2018,,-1.5,,,,,
dataflow,ESTAT:PRC_HPI_A$DEFAULTVIEW(1.0),House price index (2015 = 100) - annual data,A,Annual,DW_EXST,Purchases of existing dwellings,RCH_A_AVG,Annual average rate of change,CY,Cyprus,2019,,1.6,,,,,
dataflow,ESTAT:PRC_HPI_A$DEFAULTVIEW(1.0),House price index (2015 = 100) - annual data,A,Annual,DW_EXST,Purchases of existing dwellings,RCH_A_AVG,Annual average rate of change,CY,Cyprus,2020,,2.7,,,,,
dataflow,ESTAT:PRC_HPI_A$DEFAULTVIEW(1.0),House price index (2015 = 100) - annual data,A,Annual,DW_EXST,Purchases of existing dwellings,RCH_A_AVG,Annual average rate of change,CY,Cyprus,2021,,1.3,,,,,
dataflow,ESTAT:PRC_HPI_A$DEFAULTVIEW(1.0),House price index (2015 = 100) - annual data,A,Annual,DW_EXST,Purchases of existing dwellings,RCH_A_AVG,Annual average rate of change,CY,Cyprus,2022,,5.1,,,,,
dataflow,ESTAT:PRC_HPI_A$DEFAULTVIEW(1.0),House price index (2015 = 100) - annual data,A,Annual,DW_EXST,Purchases of existing dwellings,RCH_A_AVG,Annual average rate of change,CY,Cyprus,2023,,7.5,,,,,
dataflow,ESTAT:PRC_HPI_A$DEFAULTVIEW(1.0),House price index (2015 = 100) - annual data,A,Annual,DW_EXST,Purchases of existing dwellings,RCH_A_AVG,Annual average rate of change,CY,Cyprus,2024,,7.0,,,,,
dataflow,ESTAT:PRC_HPI_A$DEFAULTVIEW(1.0),House price index (2015 = 100) - annual data,A,Annual,DW_EXST,Purchases of existing dwellings,RCH_A_AVG,Annual average rate of change,CY,Cyprus,2025,,7.6,,,,,
dataflow,ESTAT:PRC_HPI_A$DEFAULTVIEW(1.0),House price index (2015 = 100) - annual data,A,Annual,DW_EXST,Purchases of existing dwellings,RCH_A_AVG,Annual average rate of change,CZ,Czechia,2016,,7.3,,,,,
dataflow,ESTAT:PRC_HPI_A$DEFAULTVIEW(1.0),House price index (2015 = 100) - annual data,A,Annual,DW_EXST,Purchases of existing dwellings,RCH_A_AVG,Annual average rate of change,CZ,Czechia,2017,,11.4,,,,,
dataflow,ESTAT:PRC_HPI_A$DEFAULTVIEW(1.0),House price index (2015 = 100) - annual data,A,Annual,DW_EXST,Purchases of existing dwellings,RCH_A_AVG,Annual average rate of change,CZ,Czechia,2018,,8.1,,,,,
dataflow,ESTAT:PRC_HPI_A$DEFAULTVIEW(1.0),House price index (2015 = 100) - annual data,A,Annual,DW_EXST,Purchases of existing dwellings,RCH_A_AVG,Annual average rate of change,CZ,Czechia,2019,,9.3,,,,,
dataflow,ESTAT:PRC_HPI_A$DEFAULTVIEW(1.0),House price index (2015 = 100) - annual data,A,Annual,DW_EXST,Purchases of existing dwellings,RCH_A_AVG,Annual average rate of change,CZ,Czechia,2020,,8.3,,,,,
dataflow,ESTAT:PRC_HPI_A$DEFAULTVIEW(1.0),House price index (2015 = 100) - annual data,A,Annual,DW_EXST,Purchases of existing dwellings,RCH_A_AVG,Annual average rate of change,CZ,Czechia,2021,,20.0,,,,,
dataflow,ESTAT:PRC_HPI_A$DEFAULTVIEW(1.0),House price index (2015 = 100) - annual data,A,Annual,DW_EXST,Purchases of existing dwellings,RCH_A_AVG,Annual average rate of change,CZ,Czechia,2022,,16.5,,,,,
dataflow,ESTAT:PRC_HPI_A$DEFAULTVIEW(1.0),House price index (2015 = 100) - annual data,A,Annual,DW_EXST,Purchases of existing dwellings,RCH_A_AVG,Annual average rate of change,CZ,Czechia,2023,,-1.7,,,,,
dataflow,ESTAT:PRC_HPI_A$DEFAULTVIEW(1.0),House price index (2015 = 100) - annual data,A,Annual,DW_EXST,Purchases of existing dwellings,RCH_A_AVG,Annual average rate of change,CZ,Czechia,2024,,5.0,,,,,
dataflow,ESTAT:PRC_HPI_A$DEFAULTVIEW(1.0),House price index (2015 = 100) - annual data,A,Annual,DW_EXST,Purchases of existing dwellings,RCH_A_AVG,Annual average rate of change,CZ,Czechia,2025,,9.7,,,,,
dataflow,ESTAT:PRC_HPI_A$DEFAULTVIEW(1.0),House price index (2015 = 100) - annual data,A,Annual,DW_EXST,Purchases of existing dwellings,RCH_A_AVG,Annual average rate of change,DE,Germany,2016,,7.6,,,,,
dataflow,ESTAT:PRC_HPI_A$DEFAULTVIEW(1.0),House price index (2015 = 100) - annual data,A,Annual,DW_EXST,Purchases of existing dwellings,RCH_A_AVG,Annual average rate of change,DE,Germany,2017,,6.4,,,,,
dataflow,ESTAT:PRC_HPI_A$DEFAULTVIEW(1.0),House price index (2015 = 100) - annual data,A,Annual,DW_EXST,Purchases of existing dwellings,RCH_A_AVG,Annual average rate of change,DE,Germany,2018,,6.7,,,,,
dataflow,ESTAT:PRC_HPI_A$DEFAULTVIEW(1.0),House price index (2015 = 100) - annual data,A,Annual,DW_EXST,Purchases of existing dwellings,RCH_A_AVG,Annual average rate of change,DE,Germany,2019,,6.2,,,,,
dataflow,ESTAT:PRC_HPI_A$DEFAULTVIEW(1.0),House price index (2015 = 100) - annual data,A,Annual,DW_EXST,Purchases of existing dwellings,RCH_A_AVG,Annual average rate of change,DE,Germany,2020,,8.0,,,,,
dataflow,ESTAT:PRC_HPI_A$DEFAULTVIEW(1.0),House price index (2015 = 100) - annual data,A,Annual,DW_EXST,Purchases of existing dwellings,RCH_A_AVG,Annual average rate of change,DE,Germany,2021,,12.3,,,,,
dataflow,ESTAT:PRC_HPI_A$DEFAULTVIEW(1.0),House price index (2015 = 100) - annual data,A,Annual,DW_EXST,Purchases of existing dwellings,RCH_A_AVG,Annual average rate of change,DE,Germany,2022,,6.0,,,,,
dataflow,ESTAT:PRC_HPI_A$DEFAULTVIEW(1.0),House price index (2015 = 100) - annual data,A,Annual,DW_EXST,Purchases of existing dwellings,RCH_A_AVG,Annual average rate of change,DE,Germany,2023,,-9.4,,,,,
dataflow,ESTAT:PRC_HPI_A$DEFAULTVIEW(1.0),House price index (2015 = 100) - annual data,A,Annual,DW_EXST,Purchases of existing dwellings,RCH_A_AVG,Annual average rate of change,DE,Germany,2024,,-2.0,,,,,
dataflow,ESTAT:PRC_HPI_A$DEFAULTVIEW(1.0),House price index (2015 = 100) - annual data,A,Annual,DW_EXST,Purchases of existing dwellings,RCH_A_AVG,Annual average rate of change,DE,Germany,2025,,3.3,,p,provisional,,
dataflow,ESTAT:PRC_HPI_A$DEFAULTVIEW(1.0),House price index (2015 = 100) - annual data,A,Annual,DW_EXST,Purchases of existing dwellings,RCH_A_AVG,Annual average rate of change,DK,Denmark,2016,,4.6,,,,,
dataflow,ESTAT:PRC_HPI_A$DEFAULTVIEW(1.0),House price index (2015 = 100) - annual data,A,Annual,DW_EXST,Purchases of existing dwellings,RCH_A_AVG,Annual average rate of change,DK,Denmark,2017,,5.0,,,,,
dataflow,ESTAT:PRC_HPI_A$DEFAULTVIEW(1.0),House price index (2015 = 100) - annual data,A,Annual,DW_EXST,Purchases of existing dwellings,RCH_A_AVG,Annual average rate of change,DK,Denmark,2018,,4.4,,,,,
dataflow,ESTAT:PRC_HPI_A$DEFAULTVIEW(1.0),House price index (2015 = 100) - annual data,A,Annual,DW_EXST,Purchases of existing dwellings,RCH_A_AVG,Annual average rate of change,DK,Denmark,2019,,2.2,,,,,
dataflow,ESTAT:PRC_HPI_A$DEFAULTVIEW(1.0),House price index (2015 = 100) - annual data,A,Annual,DW_EXST,Purchases of existing dwellings,RCH_A_AVG,Annual average rate of change,DK,Denmark,2020,,4.3,,,,,
dataflow,ESTAT:PRC_HPI_A$DEFAULTVIEW(1.0),House price index (2015 = 100) - annual data,A,Annual,DW_EXST,Purchases of existing dwellings,RCH_A_AVG,Annual average rate of change,DK,Denmark,2021,,11.6,,,,,
dataflow,ESTAT:PRC_HPI_A$DEFAULTVIEW(1.0),House price index (2015 = 100) - annual data,A,Annual,DW_EXST,Purchases of existing dwellings,RCH_A_AVG,Annual average rate of change,DK,Denmark,2022,,4.7,,,,,
dataflow,ESTAT:PRC_HPI_A$DEFAULTVIEW(1.0),House price index (2015 = 100) - annual data,A,Annual,DW_EXST,Purchases of existing dwellings,RCH_A_AVG,Annual average rate of change,DK,Denmark,2023,,-3.9,,,,,
dataflow,ESTAT:PRC_HPI_A$DEFAULTVIEW(1.0),House price index (2015 = 100) - annual data,A,Annual,DW_EXST,Purchases of existing dwellings,RCH_A_AVG,Annual average rate of change,DK,Denmark,2024,,3.5,,,,,
dataflow,ESTAT:PRC_HPI_A$DEFAULTVIEW(1.0),House price index (2015 = 100) - annual data,A,Annual,DW_EXST,Purchases of existing dwellings,RCH_A_AVG,Annual average rate of change,DK,Denmark,2025,,7.5,,,,,
dataflow,ESTAT:PRC_HPI_A$DEFAULTVIEW(1.0),House price index (2015 = 100) - annual data,A,Annual,DW_EXST,Purchases of existing dwellings,RCH_A_AVG,Annual average rate of change,EA,"Euro area (EA11-1999, EA12-2001, EA13-2007, EA15-2008, EA16-2009, EA17-2011, EA18-2014, EA19-2015, EA20-2023, EA21-2026)",2016,,4.1,,,,,
dataflow,ESTAT:PRC_HPI_A$DEFAULTVIEW(1.0),House price index (2015 = 100) - annual data,A,Annual,DW_EXST,Purchases of existing dwellings,RCH_A_AVG,Annual average rate of change,EA,"Euro area (EA11-1999, EA12-2001, EA13-2007, EA15-2008, EA16-2009, EA17-2011, EA18-2014, EA19-2015, EA20-2023, EA21-2026)",2017,,4.6,,,,,
dataflow,ESTAT:PRC_HPI_A$DEFAULTVIEW(1.0),House price index (2015 = 100) - annual data,A,Annual,DW_EXST,Purchases of existing dwellings,RCH_A_AVG,Annual average rate of change,EA,"Euro area (EA11-1999, EA12-2001, EA13-2007, EA15-2008, EA16-2009, EA17-2011, EA18-2014, EA19-2015, EA20-2023, EA21-2026)",2018,,4.9,,,,,
dataflow,ESTAT:PRC_HPI_A$DEFAULTVIEW(1.0),House price index (2015 = 100) - annual data,A,Annual,DW_EXST,Purchases of existing dwellings,RCH_A_AVG,Annual average rate of change,EA,"Euro area (EA11-1999, EA12-2001, EA13-2007, EA15-2008, EA16-2009, EA17-2011, EA18-2014, EA19-2015, EA20-2023, EA21-2026)",2019,,4.4,,,,,
dataflow,ESTAT:PRC_HPI_A$DEFAULTVIEW(1.0),House price index (2015 = 100) - annual data,A,Annual,DW_EXST,Purchases of existing dwellings,RCH_A_AVG,Annual average rate of change,EA,"Euro area (EA11-1999, EA12-2001, EA13-2007, EA15-2008, EA16-2009, EA17-2011, EA18-2014, EA19-2015, EA20-2023, EA21-2026)",2020,,5.3,,,,,
dataflow,ESTAT:PRC_HPI_A$DEFAULTVIEW(1.0),House price index (2015 = 100) - annual data,A,Annual,DW_EXST,Purchases of existing dwellings,RCH_A_AVG,Annual average rate of change,EA,"Euro area (EA11-1999, EA12-2001, EA13-2007, EA15-2008, EA16-2009, EA17-2011, EA18-2014, EA19-2015, EA20-2023, EA21-2026)",2021,,8.3,,,,,
dataflow,ESTAT:PRC_HPI_A$DEFAULTVIEW(1.0),House price index (2015 = 100) - annual data,A,Annual,DW_EXST,Purchases of existing dwellings,RCH_A_AVG,Annual average rate of change,EA,"Euro area (EA11-1999, EA12-2001, EA13-2007, EA15-2008, EA16-2009, EA17-2011, EA18-2014, EA19-2015, EA20-2023, EA21-2026)",2022,,7.1,,,,,
dataflow,ESTAT:PRC_HPI_A$DEFAULTVIEW(1.0),House price index (2015 = 100) - annual data,A,Annual,DW_EXST,Purchases of existing dwellings,RCH_A_AVG,Annual average rate of change,EA,"Euro area (EA11-1999, EA12-2001, EA13-2007, EA15-2008, EA16-2009, EA17-2011, EA18-2014, EA19-2015, EA20-2023, EA21-2026)",2023,,-2.1,,,,,
dataflow,ESTAT:PRC_HPI_A$DEFAULTVIEW(1.0),House price index (2015 = 100) - annual data,A,Annual,DW_EXST,Purchases of existing dwellings,RCH_A_AVG,Annual average rate of change,EA,"Euro area (EA11-1999, EA12-2001, EA13-2007, EA15-2008, EA16-2009, EA17-2011, EA18-2014, EA19-2015, EA20-2023, EA21-2026)",2024,,1.5,,,,,
dataflow,ESTAT:PRC_HPI_A$DEFAULTVIEW(1.0),House price index (2015 = 100) - annual data,A,Annual,DW_EXST,Purchases of existing dwellings,RCH_A_AVG,Annual average rate of change,EA,"Euro area (EA11-1999, EA12-2001, EA13-2007, EA15-2008, EA16-2009, EA17-2011, EA18-2014, EA19-2015, EA20-2023, EA21-2026)",2025,,5.3,,,,,
dataflow,ESTAT:PRC_HPI_A$DEFAULTVIEW(1.0),House price index (2015 = 100) - annual data,A,Annual,DW_EXST,Purchases of existing dwellings,RCH_A_AVG,Annual average rate of change,EA19,Euro area - 19 countries  (2015-2022),2016,,4.1,,,,,
dataflow,ESTAT:PRC_HPI_A$DEFAULTVIEW(1.0),House price index (2015 = 100) - annual data,A,Annual,DW_EXST,Purchases of existing dwellings,RCH_A_AVG,Annual average rate of change,EA19,Euro area - 19 countries  (2015-2022),2017,,4.6,,,,,
dataflow,ESTAT:PRC_HPI_A$DEFAULTVIEW(1.0),House price index (2015 = 100) - annual data,A,Annual,DW_EXST,Purchases of existing dwellings,RCH_A_AVG,Annual average rate of change,EA19,Euro area - 19 countries  (2015-2022),2018,,4.9,,,,,
dataflow,ESTAT:PRC_HPI_A$DEFAULTVIEW(1.0),House price index (2015 = 100) - annual data,A,Annual,DW_EXST,Purchases of existing dwellings,RCH_A_AVG,Annual average rate of change,EA19,Euro area - 19 countries  (2015-2022),2019,,4.4,,,,,
dataflow,ESTAT:PRC_HPI_A$DEFAULTVIEW(1.0),House price index (2015 = 100) - annual data,A,Annual,DW_EXST,Purchases of existing dwellings,RCH_A_AVG,Annual average rate of change,EA19,Euro area - 19 countries  (2015-2022),2020,,5.3,,,,,
dataflow,ESTAT:PRC_HPI_A$DEFAULTVIEW(1.0),House price index (2015 = 100) - annual data,A,Annual,DW_EXST,Purchases of existing dwellings,RCH_A_AVG,Annual average rate of change,EA19,Euro area - 19 countries  (2015-2022),2021,,8.3,,,,,
dataflow,ESTAT:PRC_HPI_A$DEFAULTVIEW(1.0),House price index (2015 = 100) - annual data,A,Annual,DW_EXST,Purchases of existing dwellings,RCH_A_AVG,Annual average rate of change,EA19,Euro area - 19 countries  (2015-2022),2022,,7.1,,,,,
dataflow,ESTAT:PRC_HPI_A$DEFAULTVIEW(1.0),House price index (2015 = 100) - annual data,A,Annual,DW_EXST,Purchases of existing dwellings,RCH_A_AVG,Annual average rate of change,EA19,Euro area - 19 countries  (2015-2022),2023,,-2.2,,,,,
dataflow,ESTAT:PRC_HPI_A$DEFAULTVIEW(1.0),House price index (2015 = 100) - annual data,A,Annual,DW_EXST,Purchases of existing dwellings,RCH_A_AVG,Annual average rate of change,EA19,Euro area - 19 countries  (2015-2022),2024,,1.4,,,,,
dataflow,ESTAT:PRC_HPI_A$DEFAULTVIEW(1.0),House price index (2015 = 100) - annual data,A,Annual,DW_EXST,Purchases of existing dwellings,RCH_A_AVG,Annual average rate of change,EA19,Euro area - 19 countries  (2015-2022),2025,,5.2,,,,,
dataflow,ESTAT:PRC_HPI_A$DEFAULTVIEW(1.0),House price index (2015 = 100) - annual data,A,Annual,DW_EXST,Purchases of existing dwellings,RCH_A_AVG,Annual average rate of change,EA20,Euro area – 20 countries (2023-2025),2016,,4.1,,,,,
dataflow,ESTAT:PRC_HPI_A$DEFAULTVIEW(1.0),House price index (2015 = 100) - annual data,A,Annual,DW_EXST,Purchases of existing dwellings,RCH_A_AVG,Annual average rate of change,EA20,Euro area – 20 countries (2023-2025),2017,,4.6,,,,,
dataflow,ESTAT:PRC_HPI_A$DEFAULTVIEW(1.0),House price index (2015 = 100) - annual data,A,Annual,DW_EXST,Purchases of existing dwellings,RCH_A_AVG,Annual average rate of change,EA20,Euro area – 20 countries (2023-2025),2018,,4.9,,,,,
dataflow,ESTAT:PRC_HPI_A$DEFAULTVIEW(1.0),House price index (2015 = 100) - annual data,A,Annual,DW_EXST,Purchases of existing dwellings,RCH_A_AVG,Annual average rate of change,EA20,Euro area – 20 countries (2023-2025),2019,,4.4,,,,,
dataflow,ESTAT:PRC_HPI_A$DEFAULTVIEW(1.0),House price index (2015 = 100) - annual data,A,Annual,DW_EXST,Purchases of existing dwellings,RCH_A_AVG,Annual average rate of change,EA20,Euro area – 20 countries (2023-2025),2020,,5.3,,,,,
dataflow,ESTAT:PRC_HPI_A$DEFAULTVIEW(1.0),House price index (2015 = 100) - annual data,A,Annual,DW_EXST,Purchases of existing dwellings,RCH_A_AVG,Annual average rate of change,EA20,Euro area – 20 countries (2023-2025),2021,,8.3,,,,,
dataflow,ESTAT:PRC_HPI_A$DEFAULTVIEW(1.0),House price index (2015 = 100) - annual data,A,Annual,DW_EXST,Purchases of existing dwellings,RCH_A_AVG,Annual average rate of change,EA20,Euro area – 20 countries (2023-2025),2022,,7.2,,,,,
dataflow,ESTAT:PRC_HPI_A$DEFAULTVIEW(1.0),House price index (2015 = 100) - annual data,A,Annual,DW_EXST,Purchases of existing dwellings,RCH_A_AVG,Annual average rate of change,EA20,Euro area – 20 countries (2023-2025),2023,,-2.1,,,,,
dataflow,ESTAT:PRC_HPI_A$DEFAULTVIEW(1.0),House price index (2015 = 100) - annual data,A,Annual,DW_EXST,Purchases of existing dwellings,RCH_A_AVG,Annual average rate of change,EA20,Euro area – 20 countries (2023-2025),2024,,1.5,,,,,
dataflow,ESTAT:PRC_HPI_A$DEFAULTVIEW(1.0),House price index (2015 = 100) - annual data,A,Annual,DW_EXST,Purchases of existing dwellings,RCH_A_AVG,Annual average rate of change,EA20,Euro area – 20 countries (2023-2025),2025,,5.3,,,,,
dataflow,ESTAT:PRC_HPI_A$DEFAULTVIEW(1.0),House price index (2015 = 100) - annual data,A,Annual,DW_EXST,Purchases of existing dwellings,RCH_A_AVG,Annual average rate of change,EA21,Euro area – 21 countries (from 2026),2016,,4.1,,,,,
dataflow,ESTAT:PRC_HPI_A$DEFAULTVIEW(1.0),House price index (2015 = 100) - annual data,A,Annual,DW_EXST,Purchases of existing dwellings,RCH_A_AVG,Annual average rate of change,EA21,Euro area – 21 countries (from 2026),2017,,4.6,,,,,
dataflow,ESTAT:PRC_HPI_A$DEFAULTVIEW(1.0),House price index (2015 = 100) - annual data,A,Annual,DW_EXST,Purchases of existing dwellings,RCH_A_AVG,Annual average rate of change,EA21,Euro area – 21 countries (from 2026),2018,,4.9,,,,,
dataflow,ESTAT:PRC_HPI_A$DEFAULTVIEW(1.0),House price index (2015 = 100) - annual data,A,Annual,DW_EXST,Purchases of existing dwellings,RCH_A_AVG,Annual average rate of change,EA21,Euro area – 21 countries (from 2026),2019,,4.4,,,,,
dataflow,ESTAT:PRC_HPI_A$DEFAULTVIEW(1.0),House price index (2015 = 100) - annual data,A,Annual,DW_EXST,Purchases of existing dwellings,RCH_A_AVG,Annual average rate of change,EA21,Euro area – 21 countries (from 2026),2020,,5.3,,,,,
dataflow,ESTAT:PRC_HPI_A$DEFAULTVIEW(1.0),House price index (2015 = 100) - annual data,A,Annual,DW_EXST,Purchases of existing dwellings,RCH_A_AVG,Annual average rate of change,EA21,Euro area – 21 countries (from 2026),2021,,8.3,,,,,
dataflow,ESTAT:PRC_HPI_A$DEFAULTVIEW(1.0),House price index (2015 = 100) - annual data,A,Annual,DW_EXST,Purchases of existing dwellings,RCH_A_AVG,Annual average rate of change,EA21,Euro area – 21 countries (from 2026),2022,,7.2,,,,,
dataflow,ESTAT:PRC_HPI_A$DEFAULTVIEW(1.0),House price index (2015 = 100) - annual data,A,Annual,DW_EXST,Purchases of existing dwellings,RCH_A_AVG,Annual average rate of change,EA21,Euro area – 21 countries (from 2026),2023,,-2.0,,,,,
dataflow,ESTAT:PRC_HPI_A$DEFAULTVIEW(1.0),House price index (2015 = 100) - annual data,A,Annual,DW_EXST,Purchases of existing dwellings,RCH_A_AVG,Annual average rate of change,EA21,Euro area – 21 countries (from 2026),2024,,1.6,,,,,
dataflow,ESTAT:PRC_HPI_A$DEFAULTVIEW(1.0),House price index (2015 = 100) - annual data,A,Annual,DW_EXST,Purchases of existing dwellings,RCH_A_AVG,Annual average rate of change,EA21,Euro area – 21 countries (from 2026),2025,,5.4,,,,,
dataflow,ESTAT:PRC_HPI_A$DEFAULTVIEW(1.0),House price index (2015 = 100) - annual data,A,Annual,DW_EXST,Purchases of existing dwellings,RCH_A_AVG,Annual average rate of change,EE,Estonia,2016,,4.3,,,,,
dataflow,ESTAT:PRC_HPI_A$DEFAULTVIEW(1.0),House price index (2015 = 100) - annual data,A,Annual,DW_EXST,Purchases of existing dwellings,RCH_A_AVG,Annual average rate of change,EE,Estonia,2017,,5.9,,,,,
dataflow,ESTAT:PRC_HPI_A$DEFAULTVIEW(1.0),House price index (2015 = 100) - annual data,A,Annual,DW_EXST,Purchases of existing dwellings,RCH_A_AVG,Annual average rate of change,EE,Estonia,2018,,4.0,,,,,
dataflow,ESTAT:PRC_HPI_A$DEFAULTVIEW(1.0),House price index (2015 = 100) - annual data,A,Annual,DW_EXST,Purchases of existing dwellings,RCH_A_AVG,Annual average rate of change,EE,Estonia,2019,,6.7,,,,,
dataflow,ESTAT:PRC_HPI_A$DEFAULTVIEW(1.0),House price index (2015 = 100) - annual data,A,Annual,DW_EXST,Purchases of existing dwellings,RCH_A_AVG,Annual average rate of change,EE,Estonia,2020,,3.5,,,,,
dataflow,ESTAT:PRC_HPI_A$DEFAULTVIEW(1.0),House price index (2015 = 100) - annual data,A,Annual,DW_EXST,Purchases of existing dwellings,RCH_A_AVG,Annual average rate of change,EE,Estonia,2021,,17.1,,,,,
dataflow,ESTAT:PRC_HPI_A$DEFAULTVIEW(1.0),House price index (2015 = 100) - annual data,A,Annual,DW_EXST,Purchases of existing dwellings,RCH_A_AVG,Annual average rate of change,EE,Estonia,2022,,25.4,,,,,
dataflow,ESTAT:PRC_HPI_A$DEFAULTVIEW(1.0),House price index (2015 = 100) - annual data,A,Annual,DW_EXST,Purchases of existing dwellings,RCH_A_AVG,Annual average rate of change,EE,Estonia,2023,,1.6,,,,,
dataflow,ESTAT:PRC_HPI_A$DEFAULTVIEW(1.0),House price index (2015 = 100) - annual data,A,Annual,DW_EXST,Purchases of existing dwellings,RCH_A_AVG,Annual average rate of change,EE,Estonia,2024,,6.6,,,,,
dataflow,ESTAT:PRC_HPI_A$DEFAULTVIEW(1.0),House price index (2015 = 100) - annual data,A,Annual,DW_EXST,Purchases of existing dwellings,RCH_A_AVG,Annual average rate of change,EE,Estonia,2025,,5.7,,,,,
dataflow,ESTAT:PRC_HPI_A$DEFAULTVIEW(1.0),House price index (2015 = 100) - annual data,A,Annual,DW_EXST,Purchases of existing dwellings,RCH_A_AVG,Annual average rate of change,ES,Spain,2016,,4.3,,,,,
dataflow,ESTAT:PRC_HPI_A$DEFAULTVIEW(1.0),House price index (2015 = 100) - annual data,A,Annual,DW_EXST,Purchases of existing dwellings,RCH_A_AVG,Annual average rate of change,ES,Spain,2017,,6.2,,,,,
dataflow,ESTAT:PRC_HPI_A$DEFAULTVIEW(1.0),House price index (2015 = 100) - annual data,A,Annual,DW_EXST,Purchases of existing dwellings,RCH_A_AVG,Annual average rate of change,ES,Spain,2018,,6.8,,,,,
dataflow,ESTAT:PRC_HPI_A$DEFAULTVIEW(1.0),House price index (2015 = 100) - annual data,A,Annual,DW_EXST,Purchases of existing dwellings,RCH_A_AVG,Annual average rate of change,ES,Spain,2019,,4.8,,,,,
dataflow,ESTAT:PRC_HPI_A$DEFAULTVIEW(1.0),House price index (2015 = 100) - annual data,A,Annual,DW_EXST,Purchases of existing dwellings,RCH_A_AVG,Annual average rate of change,ES,Spain,2020,,1.4,,,,,
dataflow,ESTAT:PRC_HPI_A$DEFAULTVIEW(1.0),House price index (2015 = 100) - annual data,A,Annual,DW_EXST,Purchases of existing dwellings,RCH_A_AVG,Annual average rate of change,ES,Spain,2021,,3.6,,,,,
dataflow,ESTAT:PRC_HPI_A$DEFAULTVIEW(1.0),House price index (2015 = 100) - annual data,A,Annual,DW_EXST,Purchases of existing dwellings,RCH_A_AVG,Annual average rate of change,ES,Spain,2022,,7.3,,,,,
dataflow,ESTAT:PRC_HPI_A$DEFAULTVIEW(1.0),House price index (2015 = 100) - annual data,A,Annual,DW_EXST,Purchases of existing dwellings,RCH_A_AVG,Annual average rate of change,ES,Spain,2023,,3.3,,,,,
dataflow,ESTAT:PRC_HPI_A$DEFAULTVIEW(1.0),House price index (2015 = 100) - annual data,A,Annual,DW_EXST,Purchases of existing dwellings,RCH_A_AVG,Annual average rate of change,ES,Spain,2024,,8.1,,,,,
dataflow,ESTAT:PRC_HPI_A$DEFAULTVIEW(1.0),House price index (2015 = 100) - annual data,A,Annual,DW_EXST,Purchases of existing dwellings,RCH_A_AVG,Annual average rate of change,ES,Spain,2025,,13.0,,,,,
dataflow,ESTAT:PRC_HPI_A$DEFAULTVIEW(1.0),House price index (2015 = 100) - annual data,A,Annual,DW_EXST,Purchases of existing dwellings,RCH_A_AVG,Annual average rate of change,EU,"European Union (EU6-1958, EU9-1973, EU10-1981, EU12-1986, EU15-1995, EU25-2004, EU27-2007, EU28-2013, EU27-2020)",2016,,4.9,,,,,
dataflow,ESTAT:PRC_HPI_A$DEFAULTVIEW(1.0),House price index (2015 = 100) - annual data,A,Annual,DW_EXST,Purchases of existing dwellings,RCH_A_AVG,Annual average rate of change,EU,"European Union (EU6-1958, EU9-1973, EU10-1981, EU12-1986, EU15-1995, EU25-2004, EU27-2007, EU28-2013, EU27-2020)",2017,,4.9,,,,,
dataflow,ESTAT:PRC_HPI_A$DEFAULTVIEW(1.0),House price index (2015 = 100) - annual data,A,Annual,DW_EXST,Purchases of existing dwellings,RCH_A_AVG,Annual average rate of change,EU,"European Union (EU6-1958, EU9-1973, EU10-1981, EU12-1986, EU15-1995, EU25-2004, EU27-2007, EU28-2013, EU27-2020)",2018,,4.8,,,,,
dataflow,ESTAT:PRC_HPI_A$DEFAULTVIEW(1.0),House price index (2015 = 100) - annual data,A,Annual,DW_EXST,Purchases of existing dwellings,RCH_A_AVG,Annual average rate of change,EU,"European Union (EU6-1958, EU9-1973, EU10-1981, EU12-1986, EU15-1995, EU25-2004, EU27-2007, EU28-2013, EU27-2020)",2019,,4.3,,,,,
dataflow,ESTAT:PRC_HPI_A$DEFAULTVIEW(1.0),House price index (2015 = 100) - annual data,A,Annual,DW_EXST,Purchases of existing dwellings,RCH_A_AVG,Annual average rate of change,EU,"European Union (EU6-1958, EU9-1973, EU10-1981, EU12-1986, EU15-1995, EU25-2004, EU27-2007, EU28-2013, EU27-2020)",2020,,5.6,,,,,
dataflow,ESTAT:PRC_HPI_A$DEFAULTVIEW(1.0),House price index (2015 = 100) - annual data,A,Annual,DW_EXST,Purchases of existing dwellings,RCH_A_AVG,Annual average rate of change,EU,"European Union (EU6-1958, EU9-1973, EU10-1981, EU12-1986, EU15-1995, EU25-2004, EU27-2007, EU28-2013, EU27-2020)",2021,,8.8,,,,,
dataflow,ESTAT:PRC_HPI_A$DEFAULTVIEW(1.0),House price index (2015 = 100) - annual data,A,Annual,DW_EXST,Purchases of existing dwellings,RCH_A_AVG,Annual average rate of change,EU,"European Union (EU6-1958, EU9-1973, EU10-1981, EU12-1986, EU15-1995, EU25-2004, EU27-2007, EU28-2013, EU27-2020)",2022,,7.7,,,,,
dataflow,ESTAT:PRC_HPI_A$DEFAULTVIEW(1.0),House price index (2015 = 100) - annual data,A,Annual,DW_EXST,Purchases of existing dwellings,RCH_A_AVG,Annual average rate of change,EU,"European Union (EU6-1958, EU9-1973, EU10-1981, EU12-1986, EU15-1995, EU25-2004, EU27-2007, EU28-2013, EU27-2020)",2023,,-1.5,,,,,
dataflow,ESTAT:PRC_HPI_A$DEFAULTVIEW(1.0),House price index (2015 = 100) - annual data,A,Annual,DW_EXST,Purchases of existing dwellings,RCH_A_AVG,Annual average rate of change,EU,"European Union (EU6-1958, EU9-1973, EU10-1981, EU12-1986, EU15-1995, EU25-2004, EU27-2007, EU28-2013, EU27-2020)",2024,,2.5,,,,,
dataflow,ESTAT:PRC_HPI_A$DEFAULTVIEW(1.0),House price index (2015 = 100) - annual data,A,Annual,DW_EXST,Purchases of existing dwellings,RCH_A_AVG,Annual average rate of change,EU,"European Union (EU6-1958, EU9-1973, EU10-1981, EU12-1986, EU15-1995, EU25-2004, EU27-2007, EU28-2013, EU27-2020)",2025,,5.7,,,,,
dataflow,ESTAT:PRC_HPI_A$DEFAULTVIEW(1.0),House price index (2015 = 100) - annual data,A,Annual,DW_EXST,Purchases of existing dwellings,RCH_A_AVG,Annual average rate of change,EU27_2020,European Union - 27 countries (from 2020),2016,,4.5,,,,,
dataflow,ESTAT:PRC_HPI_A$DEFAULTVIEW(1.0),House price index (2015 = 100) - annual data,A,Annual,DW_EXST,Purchases of existing dwellings,RCH_A_AVG,Annual average rate of change,EU27_2020,European Union - 27 countries (from 2020),2017,,5.0,,,,,
dataflow,ESTAT:PRC_HPI_A$DEFAULTVIEW(1.0),House price index (2015 = 100) - annual data,A,Annual,DW_EXST,Purchases of existing dwellings,RCH_A_AVG,Annual average rate of change,EU27_2020,European Union - 27 countries (from 2020),2018,,5.0,,,,,
dataflow,ESTAT:PRC_HPI_A$DEFAULTVIEW(1.0),House price index (2015 = 100) - annual data,A,Annual,DW_EXST,Purchases of existing dwellings,RCH_A_AVG,Annual average rate of change,EU27_2020,European Union - 27 countries (from 2020),2019,,4.9,,,,,
dataflow,ESTAT:PRC_HPI_A$DEFAULTVIEW(1.0),House price index (2015 = 100) - annual data,A,Annual,DW_EXST,Purchases of existing dwellings,RCH_A_AVG,Annual average rate of change,EU27_2020,European Union - 27 countries (from 2020),2020,,5.7,,,,,
dataflow,ESTAT:PRC_HPI_A$DEFAULTVIEW(1.0),House price index (2015 = 100) - annual data,A,Annual,DW_EXST,Purchases of existing dwellings,RCH_A_AVG,Annual average rate of change,EU27_2020,European Union - 27 countries (from 2020),2021,,8.8,,,,,
dataflow,ESTAT:PRC_HPI_A$DEFAULTVIEW(1.0),House price index (2015 = 100) - annual data,A,Annual,DW_EXST,Purchases of existing dwellings,RCH_A_AVG,Annual average rate of change,EU27_2020,European Union - 27 countries (from 2020),2022,,7.7,,,,,
dataflow,ESTAT:PRC_HPI_A$DEFAULTVIEW(1.0),House price index (2015 = 100) - annual data,A,Annual,DW_EXST,Purchases of existing dwellings,RCH_A_AVG,Annual average rate of change,EU27_2020,European Union - 27 countries (from 2020),2023,,-1.5,,,,,
dataflow,ESTAT:PRC_HPI_A$DEFAULTVIEW(1.0),House price index (2015 = 100) - annual data,A,Annual,DW_EXST,Purchases of existing dwellings,RCH_A_AVG,Annual average rate of change,EU27_2020,European Union - 27 countries (from 2020),2024,,2.5,,,,,
dataflow,ESTAT:PRC_HPI_A$DEFAULTVIEW(1.0),House price index (2015 = 100) - annual data,A,Annual,DW_EXST,Purchases of existing dwellings,RCH_A_AVG,Annual average rate of change,EU27_2020,European Union - 27 countries (from 2020),2025,,5.7,,,,,
dataflow,ESTAT:PRC_HPI_A$DEFAULTVIEW(1.0),House price index (2015 = 100) - annual data,A,Annual,DW_EXST,Purchases of existing dwellings,RCH_A_AVG,Annual average rate of change,EU28,European Union - 28 countries (2013-2020),2016,,4.9,,,,,
dataflow,ESTAT:PRC_HPI_A$DEFAULTVIEW(1.0),House price index (2015 = 100) - annual data,A,Annual,DW_EXST,Purchases of existing dwellings,RCH_A_AVG,Annual average rate of change,EU28,European Union - 28 countries (2013-2020),2017,,4.9,,,,,
dataflow,ESTAT:PRC_HPI_A$DEFAULTVIEW(1.0),House price index (2015 = 100) - annual data,A,Annual,DW_EXST,Purchases of existing dwellings,RCH_A_AVG,Annual average rate of change,EU28,European Union - 28 countries (2013-2020),2018,,4.8,,,,,
dataflow,ESTAT:PRC_HPI_A$DEFAULTVIEW(1.0),House price index (2015 = 100) - annual data,A,Annual,DW_EXST,Purchases of existing dwellings,RCH_A_AVG,Annual average rate of change,EU28,European Union - 28 countries (2013-2020),2019,,4.3,,,,,
dataflow,ESTAT:PRC_HPI_A$DEFAULTVIEW(1.0),House price index (2015 = 100) - annual data,A,Annual,DW_EXST,Purchases of existing dwellings,RCH_A_AVG,Annual average rate of change,FI,Finland,2016,,1.1,,,,,
dataflow,ESTAT:PRC_HPI_A$DEFAULTVIEW(1.0),House price index (2015 = 100) - annual data,A,Annual,DW_EXST,Purchases of existing dwellings,RCH_A_AVG,Annual average rate of change,FI,Finland,2017,,0.6,,,,,
dataflow,ESTAT:PRC_HPI_A$DEFAULTVIEW(1.0),House price index (2015 = 100) - annual data,A,Annual,DW_EXST,Purchases of existing dwellings,RCH_A_AVG,Annual average rate of change,FI,Finland,2018,,0.7,,,,,
dataflow,ESTAT:PRC_HPI_A$DEFAULTVIEW(1.0),House price index (2015 = 100) - annual data,A,Annual,DW_EXST,Purchases of existing dwellings,RCH_A_AVG,Annual average rate of change,FI,Finland,2019,,0.1,,,,,
dataflow,ESTAT:PRC_HPI_A$DEFAULTVIEW(1.0),House price index (2015 = 100) - annual data,A,Annual,DW_EXST,Purchases of existing dwellings,RCH_A_AVG,Annual average rate of change,FI,Finland,2020,,1.4,,,,,
dataflow,ESTAT:PRC_HPI_A$DEFAULTVIEW(1.0),House price index (2015 = 100) - annual data,A,Annual,DW_EXST,Purchases of existing dwellings,RCH_A_AVG,Annual average rate of change,FI,Finland,2021,,4.3,,,,,
dataflow,ESTAT:PRC_HPI_A$DEFAULTVIEW(1.0),House price index (2015 = 100) - annual data,A,Annual,DW_EXST,Purchases of existing dwellings,RCH_A_AVG,Annual average rate of change,FI,Finland,2022,,0.3,,,,,
dataflow,ESTAT:PRC_HPI_A$DEFAULTVIEW(1.0),House price index (2015 = 100) - annual data,A,Annual,DW_EXST,Purchases of existing dwellings,RCH_A_AVG,Annual average rate of change,FI,Finland,2023,,-7.5,,,,,
dataflow,ESTAT:PRC_HPI_A$DEFAULTVIEW(1.0),House price index (2015 = 100) - annual data,A,Annual,DW_EXST,Purchases of existing dwellings,RCH_A_AVG,Annual average rate of change,FI,Finland,2024,,-3.3,,,,,
dataflow,ESTAT:PRC_HPI_A$DEFAULTVIEW(1.0),House price index (2015 = 100) - annual data,A,Annual,DW_EXST,Purchases of existing dwellings,RCH_A_AVG,Annual average rate of change,FI,Finland,2025,,-3.0,,p,provisional,,
dataflow,ESTAT:PRC_HPI_A$DEFAULTVIEW(1.0),House price index (2015 = 100) - annual data,A,Annual,DW_EXST,Purchases of existing dwellings,RCH_A_AVG,Annual average rate of change,FR,France,2016,,0.9,,,,,
dataflow,ESTAT:PRC_HPI_A$DEFAULTVIEW(1.0),House price index (2015 = 100) - annual data,A,Annual,DW_EXST,Purchases of existing dwellings,RCH_A_AVG,Annual average rate of change,FR,France,2017,,3.0,,,,,
dataflow,ESTAT:PRC_HPI_A$DEFAULTVIEW(1.0),House price index (2015 = 100) - annual data,A,Annual,DW_EXST,Purchases of existing dwellings,RCH_A_AVG,Annual average rate of change,FR,France,2018,,3.0,,,,,
dataflow,ESTAT:PRC_HPI_A$DEFAULTVIEW(1.0),House price index (2015 = 100) - annual data,A,Annual,DW_EXST,Purchases of existing dwellings,RCH_A_AVG,Annual average rate of change,FR,France,2019,,3.3,,,,,
dataflow,ESTAT:PRC_HPI_A$DEFAULTVIEW(1.0),House price index (2015 = 100) - annual data,A,Annual,DW_EXST,Purchases of existing dwellings,RCH_A_AVG,Annual average rate of change,FR,France,2020,,5.6,,,,,
dataflow,ESTAT:PRC_HPI_A$DEFAULTVIEW(1.0),House price index (2015 = 100) - annual data,A,Annual,DW_EXST,Purchases of existing dwellings,RCH_A_AVG,Annual average rate of change,FR,France,2021,,6.6,,,,,
dataflow,ESTAT:PRC_HPI_A$DEFAULTVIEW(1.0),House price index (2015 = 100) - annual data,A,Annual,DW_EXST,Purchases of existing dwellings,RCH_A_AVG,Annual average rate of change,FR,France,2022,,6.4,,,,,
dataflow,ESTAT:PRC_HPI_A$DEFAULTVIEW(1.0),House price index (2015 = 100) - annual data,A,Annual,DW_EXST,Purchases of existing dwellings,RCH_A_AVG,Annual average rate of change,FR,France,2023,,-0.7,,,,,
dataflow,ESTAT:PRC_HPI_A$DEFAULTVIEW(1.0),House price index (2015 = 100) - annual data,A,Annual,DW_EXST,Purchases of existing dwellings,RCH_A_AVG,Annual average rate of change,FR,France,2024,,-4.1,,,,,
dataflow,ESTAT:PRC_HPI_A$DEFAULTVIEW(1.0),House price index (2015 = 100) - annual data,A,Annual,DW_EXST,Purchases of existing dwellings,RCH_A_AVG,Annual average rate of change,FR,France,2025,,0.6,,p,provisional,,
dataflow,ESTAT:PRC_HPI_A$DEFAULTVIEW(1.0),House price index (2015 = 100) - annual data,A,Annual,DW_EXST,Purchases of existing dwellings,RCH_A_AVG,Annual average rate of change,HR,Croatia,2016,,1.8,,,,,
dataflow,ESTAT:PRC_HPI_A$DEFAULTVIEW(1.0),House price index (2015 = 100) - annual data,A,Annual,DW_EXST,Purchases of existing dwellings,RCH_A_AVG,Annual average rate of change,HR,Croatia,2017,,4.6,,,,,
dataflow,ESTAT:PRC_HPI_A$DEFAULTVIEW(1.0),House price index (2015 = 100) - annual data,A,Annual,DW_EXST,Purchases of existing dwellings,RCH_A_AVG,Annual average rate of change,HR,Croatia,2018,,6.6,,,,,
dataflow,ESTAT:PRC_HPI_A$DEFAULTVIEW(1.0),House price index (2015 = 100) - annual data,A,Annual,DW_EXST,Purchases of existing dwellings,RCH_A_AVG,Annual average rate of change,HR,Croatia,2019,,9.1,,,,,
dataflow,ESTAT:PRC_HPI_A$DEFAULTVIEW(1.0),House price index (2015 = 100) - annual data,A,Annual,DW_EXST,Purchases of existing dwellings,RCH_A_AVG,Annual average rate of change,HR,Croatia,2020,,8.5,,,,,
dataflow,ESTAT:PRC_HPI_A$DEFAULTVIEW(1.0),House price index (2015 = 100) - annual data,A,Annual,DW_EXST,Purchases of existing dwellings,RCH_A_AVG,Annual average rate of change,HR,Croatia,2021,,7.2,,,,,
dataflow,ESTAT:PRC_HPI_A$DEFAULTVIEW(1.0),House price index (2015 = 100) - annual data,A,Annual,DW_EXST,Purchases of existing dwellings,RCH_A_AVG,Annual average rate of change,HR,Croatia,2022,,14.5,,,,,
dataflow,ESTAT:PRC_HPI_A$DEFAULTVIEW(1.0),House price index (2015 = 100) - annual data,A,Annual,DW_EXST,Purchases of existing dwellings,RCH_A_AVG,Annual average rate of change,HR,Croatia,2023,,12.4,,,,,
dataflow,ESTAT:PRC_HPI_A$DEFAULTVIEW(1.0),House price index (2015 = 100) - annual data,A,Annual,DW_EXST,Purchases of existing dwellings,RCH_A_AVG,Annual average rate of change,HR,Croatia,2024,,10.9,,,,,
dataflow,ESTAT:PRC_HPI_A$DEFAULTVIEW(1.0),House price index (2015 = 100) - annual data,A,Annual,DW_EXST,Purchases of existing dwellings,RCH_A_AVG,Annual average rate of change,HR,Croatia,2025,,14.3,,p,provisional,,
dataflow,ESTAT:PRC_HPI_A$DEFAULTVIEW(1.0),House price index (2015 = 100) - annual data,A,Annual,DW_EXST,Purchases of existing dwellings,RCH_A_AVG,Annual average rate of change,HU,Hungary,2016,,13.5,,,,,
dataflow,ESTAT:PRC_HPI_A$DEFAULTVIEW(1.0),House price index (2015 = 100) - annual data,A,Annual,DW_EXST,Purchases of existing dwellings,RCH_A_AVG,Annual average rate of change,HU,Hungary,2017,,11.9,,,,,
dataflow,ESTAT:PRC_HPI_A$DEFAULTVIEW(1.0),House price index (2015 = 100) - annual data,A,Annual,DW_EXST,Purchases of existing dwellings,RCH_A_AVG,Annual average rate of change,HU,Hungary,2018,,14.4,,,,,
dataflow,ESTAT:PRC_HPI_A$DEFAULTVIEW(1.0),House price index (2015 = 100) - annual data,A,Annual,DW_EXST,Purchases of existing dwellings,RCH_A_AVG,Annual average rate of change,HU,Hungary,2019,,17.4,,,,,
dataflow,ESTAT:PRC_HPI_A$DEFAULTVIEW(1.0),House price index (2015 = 100) - annual data,A,Annual,DW_EXST,Purchases of existing dwellings,RCH_A_AVG,Annual average rate of change,HU,Hungary,2020,,3.9,,,,,
dataflow,ESTAT:PRC_HPI_A$DEFAULTVIEW(1.0),House price index (2015 = 100) - annual data,A,Annual,DW_EXST,Purchases of existing dwellings,RCH_A_AVG,Annual average rate of change,HU,Hungary,2021,,16.1,,,,,
dataflow,ESTAT:PRC_HPI_A$DEFAULTVIEW(1.0),House price index (2015 = 100) - annual data,A,Annual,DW_EXST,Purchases of existing dwellings,RCH_A_AVG,Annual average rate of change,HU,Hungary,2022,,22.5,,,,,
dataflow,ESTAT:PRC_HPI_A$DEFAULTVIEW(1.0),House price index (2015 = 100) - annual data,A,Annual,DW_EXST,Purchases of existing dwellings,RCH_A_AVG,Annual average rate of change,HU,Hungary,2023,,5.9,,,,,
dataflow,ESTAT:PRC_HPI_A$DEFAULTVIEW(1.0),House price index (2015 = 100) - annual data,A,Annual,DW_EXST,Purchases of existing dwellings,RCH_A_AVG,Annual average rate of change,HU,Hungary,2024,,13.4,,p,provisional,,
dataflow,ESTAT:PRC_HPI_A$DEFAULTVIEW(1.0),House price index (2015 = 100) - annual data,A,Annual,DW_EXST,Purchases of existing dwellings,RCH_A_AVG,Annual average rate of change,HU,Hungary,2025,,19.7,,p,provisional,,
dataflow,ESTAT:PRC_HPI_A$DEFAULTVIEW(1.0),House price index (2015 = 100) - annual data,A,Annual,DW_EXST,Purchases of existing dwellings,RCH_A_AVG,Annual average rate of change,IE,Ireland,2016,,7.4,,,,,
dataflow,ESTAT:PRC_HPI_A$DEFAULTVIEW(1.0),House price index (2015 = 100) - annual data,A,Annual,DW_EXST,Purchases of existing dwellings,RCH_A_AVG,Annual average rate of change,IE,Ireland,2017,,11.9,,,,,
dataflow,ESTAT:PRC_HPI_A$DEFAULTVIEW(1.0),House price index (2015 = 100) - annual data,A,Annual,DW_EXST,Purchases of existing dwellings,RCH_A_AVG,Annual average rate of change,IE,Ireland,2018,,10.1,,,,,
dataflow,ESTAT:PRC_HPI_A$DEFAULTVIEW(1.0),House price index (2015 = 100) - annual data,A,Annual,DW_EXST,Purchases of existing dwellings,RCH_A_AVG,Annual average rate of change,IE,Ireland,2019,,1.8,,,,,
dataflow,ESTAT:PRC_HPI_A$DEFAULTVIEW(1.0),House price index (2015 = 100) - annual data,A,Annual,DW_EXST,Purchases of existing dwellings,RCH_A_AVG,Annual average rate of change,IE,Ireland,2020,,-0.3,,,,,
dataflow,ESTAT:PRC_HPI_A$DEFAULTVIEW(1.0),House price index (2015 = 100) - annual data,A,Annual,DW_EXST,Purchases of existing dwellings,RCH_A_AVG,Annual average rate of change,IE,Ireland,2021,,9.9,,,,,
dataflow,ESTAT:PRC_HPI_A$DEFAULTVIEW(1.0),House price index (2015 = 100) - annual data,A,Annual,DW_EXST,Purchases of existing dwellings,RCH_A_AVG,Annual average rate of change,IE,Ireland,2022,,13.5,,,,,
dataflow,ESTAT:PRC_HPI_A$DEFAULTVIEW(1.0),House price index (2015 = 100) - annual data,A,Annual,DW_EXST,Purchases of existing dwellings,RCH_A_AVG,Annual average rate of change,IE,Ireland,2023,,1.2,,,,,
dataflow,ESTAT:PRC_HPI_A$DEFAULTVIEW(1.0),House price index (2015 = 100) - annual data,A,Annual,DW_EXST,Purchases of existing dwellings,RCH_A_AVG,Annual average rate of change,IE,Ireland,2024,,9.0,,,,,
dataflow,ESTAT:PRC_HPI_A$DEFAULTVIEW(1.0),House price index (2015 = 100) - annual data,A,Annual,DW_EXST,Purchases of existing dwellings,RCH_A_AVG,Annual average rate of change,IE,Ireland,2025,,8.3,,p,provisional,,
dataflow,ESTAT:PRC_HPI_A$DEFAULTVIEW(1.0),House price index (2015 = 100) - annual data,A,Annual,DW_EXST,Purchases of existing dwellings,RCH_A_AVG,Annual average rate of change,IS,Iceland,2017,,19.5,,d,definition differs (see metadata),,
dataflow,ESTAT:PRC_HPI_A$DEFAULTVIEW(1.0),House price index (2015 = 100) - annual data,A,Annual,DW_EXST,Purchases of existing dwellings,RCH_A_AVG,Annual average rate of change,IS,Iceland,2018,,8.2,,d,definition differs (see metadata),,
dataflow,ESTAT:PRC_HPI_A$DEFAULTVIEW(1.0),House price index (2015 = 100) - annual data,A,Annual,DW_EXST,Purchases of existing dwellings,RCH_A_AVG,Annual average rate of change,IS,Iceland,2019,,4.4,,d,definition differs (see metadata),,
dataflow,ESTAT:PRC_HPI_A$DEFAULTVIEW(1.0),House price index (2015 = 100) - annual data,A,Annual,DW_EXST,Purchases of existing dwellings,RCH_A_AVG,Annual average rate of change,IS,Iceland,2020,,6.4,,d,definition differs (see metadata),,
dataflow,ESTAT:PRC_HPI_A$DEFAULTVIEW(1.0),House price index (2015 = 100) - annual data,A,Annual,DW_EXST,Purchases of existing dwellings,RCH_A_AVG,Annual average rate of change,IS,Iceland,2021,,12.5,,d,definition differs (see metadata),,
dataflow,ESTAT:PRC_HPI_A$DEFAULTVIEW(1.0),House price index (2015 = 100) - annual data,A,Annual,DW_EXST,Purchases of existing dwellings,RCH_A_AVG,Annual average rate of change,IS,Iceland,2022,,21.0,,d,definition differs (see metadata),,
dataflow,ESTAT:PRC_HPI_A$DEFAULTVIEW(1.0),House price index (2015 = 100) - annual data,A,Annual,DW_EXST,Purchases of existing dwellings,RCH_A_AVG,Annual average rate of change,IS,Iceland,2023,,7.8,,d,definition differs (see metadata),,
dataflow,ESTAT:PRC_HPI_A$DEFAULTVIEW(1.0),House price index (2015 = 100) - annual data,A,Annual,DW_EXST,Purchases of existing dwellings,RCH_A_AVG,Annual average rate of change,IS,Iceland,2024,,8.1,,d,definition differs (see metadata),,
dataflow,ESTAT:PRC_HPI_A$DEFAULTVIEW(1.0),House price index (2015 = 100) - annual data,A,Annual,DW_EXST,Purchases of existing dwellings,RCH_A_AVG,Annual average rate of change,IS,Iceland,2025,,5.1,,d,definition differs (see metadata),,
dataflow,ESTAT:PRC_HPI_A$DEFAULTVIEW(1.0),House price index (2015 = 100) - annual data,A,Annual,DW_EXST,Purchases of existing dwellings,RCH_A_AVG,Annual average rate of change,IT,Italy,2016,,0.1,,,,,
dataflow,ESTAT:PRC_HPI_A$DEFAULTVIEW(1.0),House price index (2015 = 100) - annual data,A,Annual,DW_EXST,Purchases of existing dwellings,RCH_A_AVG,Annual average rate of change,IT,Italy,2017,,-1.2,,,,,
dataflow,ESTAT:PRC_HPI_A$DEFAULTVIEW(1.0),House price index (2015 = 100) - annual data,A,Annual,DW_EXST,Purchases of existing dwellings,RCH_A_AVG,Annual average rate of change,IT,Italy,2018,,-1.0,,,,,
dataflow,ESTAT:PRC_HPI_A$DEFAULTVIEW(1.0),House price index (2015 = 100) - annual data,A,Annual,DW_EXST,Purchases of existing dwellings,RCH_A_AVG,Annual average rate of change,IT,Italy,2019,,-0.4,,,,,
dataflow,ESTAT:PRC_HPI_A$DEFAULTVIEW(1.0),House price index (2015 = 100) - annual data,A,Annual,DW_EXST,Purchases of existing dwellings,RCH_A_AVG,Annual average rate of change,IT,Italy,2020,,1.9,,,,,
dataflow,ESTAT:PRC_HPI_A$DEFAULTVIEW(1.0),House price index (2015 = 100) - annual data,A,Annual,DW_EXST,Purchases of existing dwellings,RCH_A_AVG,Annual average rate of change,IT,Italy,2021,,2.2,,,,,
dataflow,ESTAT:PRC_HPI_A$DEFAULTVIEW(1.0),House price index (2015 = 100) - annual data,A,Annual,DW_EXST,Purchases of existing dwellings,RCH_A_AVG,Annual average rate of change,IT,Italy,2022,,3.4,,,,,
dataflow,ESTAT:PRC_HPI_A$DEFAULTVIEW(1.0),House price index (2015 = 100) - annual data,A,Annual,DW_EXST,Purchases of existing dwellings,RCH_A_AVG,Annual average rate of change,IT,Italy,2023,,0.4,,,,,
dataflow,ESTAT:PRC_HPI_A$DEFAULTVIEW(1.0),House price index (2015 = 100) - annual data,A,Annual,DW_EXST,Purchases of existing dwellings,RCH_A_AVG,Annual average rate of change,IT,Italy,2024,,2.2,,,,,
dataflow,ESTAT:PRC_HPI_A$DEFAULTVIEW(1.0),House price index (2015 = 100) - annual data,A,Annual,DW_EXST,Purchases of existing dwellings,RCH_A_AVG,Annual average rate of change,IT,Italy,2025,,4.7,,p,provisional,,
dataflow,ESTAT:PRC_HPI_A$DEFAULTVIEW(1.0),House price index (2015 = 100) - annual data,A,Annual,DW_EXST,Purchases of existing dwellings,RCH_A_AVG,Annual average rate of change,LT,Lithuania,2016,,6.5,,,,,
dataflow,ESTAT:PRC_HPI_A$DEFAULTVIEW(1.0),House price index (2015 = 100) - annual data,A,Annual,DW_EXST,Purchases of existing dwellings,RCH_A_AVG,Annual average rate of change,LT,Lithuania,2017,,8.6,,,,,
dataflow,ESTAT:PRC_HPI_A$DEFAULTVIEW(1.0),House price index (2015 = 100) - annual data,A,Annual,DW_EXST,Purchases of existing dwellings,RCH_A_AVG,Annual average rate of change,LT,Lithuania,2018,,7.1,,,,,
dataflow,ESTAT:PRC_HPI_A$DEFAULTVIEW(1.0),House price index (2015 = 100) - annual data,A,Annual,DW_EXST,Purchases of existing dwellings,RCH_A_AVG,Annual average rate of change,LT,Lithuania,2019,,7.0,,,,,
dataflow,ESTAT:PRC_HPI_A$DEFAULTVIEW(1.0),House price index (2015 = 100) - annual data,A,Annual,DW_EXST,Purchases of existing dwellings,RCH_A_AVG,Annual average rate of change,LT,Lithuania,2020,,7.7,,,,,
dataflow,ESTAT:PRC_HPI_A$DEFAULTVIEW(1.0),House price index (2015 = 100) - annual data,A,Annual,DW_EXST,Purchases of existing dwellings,RCH_A_AVG,Annual average rate of change,LT,Lithuania,2021,,17.1,,,,,
dataflow,ESTAT:PRC_HPI_A$DEFAULTVIEW(1.0),House price index (2015 = 100) - annual data,A,Annual,DW_EXST,Purchases of existing dwellings,RCH_A_AVG,Annual average rate of change,LT,Lithuania,2022,,18.3,,,,,
dataflow,ESTAT:PRC_HPI_A$DEFAULTVIEW(1.0),House price index (2015 = 100) - annual data,A,Annual,DW_EXST,Purchases of existing dwellings,RCH_A_AVG,Annual average rate of change,LT,Lithuania,2023,,6.8,,,,,
dataflow,ESTAT:PRC_HPI_A$DEFAULTVIEW(1.0),House price index (2015 = 100) - annual data,A,Annual,DW_EXST,Purchases of existing dwellings,RCH_A_AVG,Annual average rate of change,LT,Lithuania,2024,,9.6,,,,,
dataflow,ESTAT:PRC_HPI_A$DEFAULTVIEW(1.0),House price index (2015 = 100) - annual data,A,Annual,DW_EXST,Purchases of existing dwellings,RCH_A_AVG,Annual average rate of change,LT,Lithuania,2025,,10.7,,,,,
dataflow,ESTAT:PRC_HPI_A$DEFAULTVIEW(1.0),House price index (2015 = 100) - annual data,A,Annual,DW_EXST,Purchases of existing dwellings,RCH_A_AVG,Annual average rate of change,LU,Luxembourg,2016,,6.2,,,,,
dataflow,ESTAT:PRC_HPI_A$DEFAULTVIEW(1.0),House price index (2015 = 100) - annual data,A,Annual,DW_EXST,Purchases of existing dwellings,RCH_A_AVG,Annual average rate of change,LU,Luxembourg,2017,,5.7,,,,,
dataflow,ESTAT:PRC_HPI_A$DEFAULTVIEW(1.0),House price index (2015 = 100) - annual data,A,Annual,DW_EXST,Purchases of existing dwellings,RCH_A_AVG,Annual average rate of change,LU,Luxembourg,2018,,7.8,,,,,
dataflow,ESTAT:PRC_HPI_A$DEFAULTVIEW(1.0),House price index (2015 = 100) - annual data,A,Annual,DW_EXST,Purchases of existing dwellings,RCH_A_AVG,Annual average rate of change,LU,Luxembourg,2019,,10.9,,,,,
dataflow,ESTAT:PRC_HPI_A$DEFAULTVIEW(1.0),House price index (2015 = 100) - annual data,A,Annual,DW_EXST,Purchases of existing dwellings,RCH_A_AVG,Annual average rate of change,LU,Luxembourg,2020,,14.7,,,,,
dataflow,ESTAT:PRC_HPI_A$DEFAULTVIEW(1.0),House price index (2015 = 100) - annual data,A,Annual,DW_EXST,Purchases of existing dwellings,RCH_A_AVG,Annual average rate of change,LU,Luxembourg,2021,,14.9,,,,,
dataflow,ESTAT:PRC_HPI_A$DEFAULTVIEW(1.0),House price index (2015 = 100) - annual data,A,Annual,DW_EXST,Purchases of existing dwellings,RCH_A_AVG,Annual average rate of change,LU,Luxembourg,2022,,8.8,,,,,
dataflow,ESTAT:PRC_HPI_A$DEFAULTVIEW(1.0),House price index (2015 = 100) - annual data,A,Annual,DW_EXST,Purchases of existing dwellings,RCH_A_AVG,Annual average rate of change,LU,Luxembourg,2023,,-11.1,,,,,
dataflow,ESTAT:PRC_HPI_A$DEFAULTVIEW(1.0),House price index (2015 = 100) - annual data,A,Annual,DW_EXST,Purchases of existing dwellings,RCH_A_AVG,Annual average rate of change,LU,Luxembourg,2024,,-6.1,,,,,
dataflow,ESTAT:PRC_HPI_A$DEFAULTVIEW(1.0),House price index (2015 = 100) - annual data,A,Annual,DW_EXST,Purchases of existing dwellings,RCH_A_AVG,Annual average rate of change,LU,Luxembourg,2025,,1.6,,p,provisional,,
dataflow,ESTAT:PRC_HPI_A$DEFAULTVIEW(1.0),House price index (2015 = 100) - annual data,A,Annual,DW_EXST,Purchases of existing dwellings,RCH_A_AVG,Annual average rate of change,LV,Latvia,2016,,8.5,,,,,
dataflow,ESTAT:PRC_HPI_A$DEFAULTVIEW(1.0),House price index (2015 = 100) - annual data,A,Annual,DW_EXST,Purchases of existing dwellings,RCH_A_AVG,Annual average rate of change,LV,Latvia,2017,,8.9,,,,,
dataflow,ESTAT:PRC_HPI_A$DEFAULTVIEW(1.0),House price index (2015 = 100) - annual data,A,Annual,DW_EXST,Purchases of existing dwellings,RCH_A_AVG,Annual average rate of change,LV,Latvia,2018,,10.2,,,,,
dataflow,ESTAT:PRC_HPI_A$DEFAULTVIEW(1.0),House price index (2015 = 100) - annual data,A,Annual,DW_EXST,Purchases of existing dwellings,RCH_A_AVG,Annual average rate of change,LV,Latvia,2019,,8.9,,,,,
dataflow,ESTAT:PRC_HPI_A$DEFAULTVIEW(1.0),House price index (2015 = 100) - annual data,A,Annual,DW_EXST,Purchases of existing dwellings,RCH_A_AVG,Annual average rate of change,LV,Latvia,2020,,2.5,,,,,
dataflow,ESTAT:PRC_HPI_A$DEFAULTVIEW(1.0),House price index (2015 = 100) - annual data,A,Annual,DW_EXST,Purchases of existing dwellings,RCH_A_AVG,Annual average rate of change,LV,Latvia,2021,,14.0,,,,,
dataflow,ESTAT:PRC_HPI_A$DEFAULTVIEW(1.0),House price index (2015 = 100) - annual data,A,Annual,DW_EXST,Purchases of existing dwellings,RCH_A_AVG,Annual average rate of change,LV,Latvia,2022,,14.2,,,,,
dataflow,ESTAT:PRC_HPI_A$DEFAULTVIEW(1.0),House price index (2015 = 100) - annual data,A,Annual,DW_EXST,Purchases of existing dwellings,RCH_A_AVG,Annual average rate of change,LV,Latvia,2023,,0.8,,,,,
dataflow,ESTAT:PRC_HPI_A$DEFAULTVIEW(1.0),House price index (2015 = 100) - annual data,A,Annual,DW_EXST,Purchases of existing dwellings,RCH_A_AVG,Annual average rate of change,LV,Latvia,2024,,2.4,,,,,
dataflow,ESTAT:PRC_HPI_A$DEFAULTVIEW(1.0),House price index (2015 = 100) - annual data,A,Annual,DW_EXST,Purchases of existing dwellings,RCH_A_AVG,Annual average rate of change,LV,Latvia,2025,,8.5,,p,provisional,,
dataflow,ESTAT:PRC_HPI_A$DEFAULTVIEW(1.0),House price index (2015 = 100) - annual data,A,Annual,DW_EXST,Purchases of existing dwellings,RCH_A_AVG,Annual average rate of change,MT,Malta,2016,,6.8,,,,,
dataflow,ESTAT:PRC_HPI_A$DEFAULTVIEW(1.0),House price index (2015 = 100) - annual data,A,Annual,DW_EXST,Purchases of existing dwellings,RCH_A_AVG,Annual average rate of change,MT,Malta,2017,,5.4,,,,,
dataflow,ESTAT:PRC_HPI_A$DEFAULTVIEW(1.0),House price index (2015 = 100) - annual data,A,Annual,DW_EXST,Purchases of existing dwellings,RCH_A_AVG,Annual average rate of change,MT,Malta,2018,,4.4,,,,,
dataflow,ESTAT:PRC_HPI_A$DEFAULTVIEW(1.0),House price index (2015 = 100) - annual data,A,Annual,DW_EXST,Purchases of existing dwellings,RCH_A_AVG,Annual average rate of change,MT,Malta,2019,,5.0,,,,,
dataflow,ESTAT:PRC_HPI_A$DEFAULTVIEW(1.0),House price index (2015 = 100) - annual data,A,Annual,DW_EXST,Purchases of existing dwellings,RCH_A_AVG,Annual average rate of change,MT,Malta,2020,,6.5,,,,,
dataflow,ESTAT:PRC_HPI_A$DEFAULTVIEW(1.0),House price index (2015 = 100) - annual data,A,Annual,DW_EXST,Purchases of existing dwellings,RCH_A_AVG,Annual average rate of change,MT,Malta,2021,,2.2,,,,,
dataflow,ESTAT:PRC_HPI_A$DEFAULTVIEW(1.0),House price index (2015 = 100) - annual data,A,Annual,DW_EXST,Purchases of existing dwellings,RCH_A_AVG,Annual average rate of change,MT,Malta,2022,,5.9,,,,,
dataflow,ESTAT:PRC_HPI_A$DEFAULTVIEW(1.0),House price index (2015 = 100) - annual data,A,Annual,DW_EXST,Purchases of existing dwellings,RCH_A_AVG,Annual average rate of change,MT,Malta,2023,,6.8,,,,,
dataflow,ESTAT:PRC_HPI_A$DEFAULTVIEW(1.0),House price index (2015 = 100) - annual data,A,Annual,DW_EXST,Purchases of existing dwellings,RCH_A_AVG,Annual average rate of change,MT,Malta,2024,,7.2,,,,,
dataflow,ESTAT:PRC_HPI_A$DEFAULTVIEW(1.0),House price index (2015 = 100) - annual data,A,Annual,DW_EXST,Purchases of existing dwellings,RCH_A_AVG,Annual average rate of change,MT,Malta,2025,,6.5,,p,provisional,,
dataflow,ESTAT:PRC_HPI_A$DEFAULTVIEW(1.0),House price index (2015 = 100) - annual data,A,Annual,DW_EXST,Purchases of existing dwellings,RCH_A_AVG,Annual average rate of change,NL,Netherlands,2016,,5.5,,,,,
dataflow,ESTAT:PRC_HPI_A$DEFAULTVIEW(1.0),House price index (2015 = 100) - annual data,A,Annual,DW_EXST,Purchases of existing dwellings,RCH_A_AVG,Annual average rate of change,NL,Netherlands,2017,,8.1,,,,,
dataflow,ESTAT:PRC_HPI_A$DEFAULTVIEW(1.0),House price index (2015 = 100) - annual data,A,Annual,DW_EXST,Purchases of existing dwellings,RCH_A_AVG,Annual average rate of change,NL,Netherlands,2018,,9.2,,,,,
dataflow,ESTAT:PRC_HPI_A$DEFAULTVIEW(1.0),House price index (2015 = 100) - annual data,A,Annual,DW_EXST,Purchases of existing dwellings,RCH_A_AVG,Annual average rate of change,NL,Netherlands,2019,,7.0,,,,,
dataflow,ESTAT:PRC_HPI_A$DEFAULTVIEW(1.0),House price index (2015 = 100) - annual data,A,Annual,DW_EXST,Purchases of existing dwellings,RCH_A_AVG,Annual average rate of change,NL,Netherlands,2020,,7.9,,,,,
dataflow,ESTAT:PRC_HPI_A$DEFAULTVIEW(1.0),House price index (2015 = 100) - annual data,A,Annual,DW_EXST,Purchases of existing dwellings,RCH_A_AVG,Annual average rate of change,NL,Netherlands,2021,,15.0,,,,,
dataflow,ESTAT:PRC_HPI_A$DEFAULTVIEW(1.0),House price index (2015 = 100) - annual data,A,Annual,DW_EXST,Purchases of existing dwellings,RCH_A_AVG,Annual average rate of change,NL,Netherlands,2022,,13.3,,,,,
dataflow,ESTAT:PRC_HPI_A$DEFAULTVIEW(1.0),House price index (2015 = 100) - annual data,A,Annual,DW_EXST,Purchases of existing dwellings,RCH_A_AVG,Annual average rate of change,NL,Netherlands,2023,,-2.8,,,,,
dataflow,ESTAT:PRC_HPI_A$DEFAULTVIEW(1.0),House price index (2015 = 100) - annual data,A,Annual,DW_EXST,Purchases of existing dwellings,RCH_A_AVG,Annual average rate of change,NL,Netherlands,2024,,8.7,,,,,
dataflow,ESTAT:PRC_HPI_A$DEFAULTVIEW(1.0),House price index (2015 = 100) - annual data,A,Annual,DW_EXST,Purchases of existing dwellings,RCH_A_AVG,Annual average rate of change,NL,Netherlands,2025,,8.6,,,,,
dataflow,ESTAT:PRC_HPI_A$DEFAULTVIEW(1.0),House price index (2015 = 100) - annual data,A,Annual,DW_EXST,Purchases of existing dwellings,RCH_A_AVG,Annual average rate of change,NO,Norway,2016,,8.2,,,,,
dataflow,ESTAT:PRC_HPI_A$DEFAULTVIEW(1.0),House price index (2015 = 100) - annual data,A,Annual,DW_EXST,Purchases of existing dwellings,RCH_A_AVG,Annual average rate of change,NO,Norway,2017,,5.6,,,,,
dataflow,ESTAT:PRC_HPI_A$DEFAULTVIEW(1.0),House price index (2015 = 100) - annual data,A,Annual,DW_EXST,Purchases of existing dwellings,RCH_A_AVG,Annual average rate of change,NO,Norway,2018,,1.1,,,,,
dataflow,ESTAT:PRC_HPI_A$DEFAULTVIEW(1.0),House price index (2015 = 100) - annual data,A,Annual,DW_EXST,Purchases of existing dwellings,RCH_A_AVG,Annual average rate of change,NO,Norway,2019,,2.7,,,,,
dataflow,ESTAT:PRC_HPI_A$DEFAULTVIEW(1.0),House price index (2015 = 100) - annual data,A,Annual,DW_EXST,Purchases of existing dwellings,RCH_A_AVG,Annual average rate of change,NO,Norway,2020,,4.5,,,,,
dataflow,ESTAT:PRC_HPI_A$DEFAULTVIEW(1.0),House price index (2015 = 100) - annual data,A,Annual,DW_EXST,Purchases of existing dwellings,RCH_A_AVG,Annual average rate of change,NO,Norway,2021,,10.1,,,,,
dataflow,ESTAT:PRC_HPI_A$DEFAULTVIEW(1.0),House price index (2015 = 100) - annual data,A,Annual,DW_EXST,Purchases of existing dwellings,RCH_A_AVG,Annual average rate of change,NO,Norway,2022,,5.3,,,,,
dataflow,ESTAT:PRC_HPI_A$DEFAULTVIEW(1.0),House price index (2015 = 100) - annual data,A,Annual,DW_EXST,Purchases of existing dwellings,RCH_A_AVG,Annual average rate of change,NO,Norway,2023,,0.0,,,,,
dataflow,ESTAT:PRC_HPI_A$DEFAULTVIEW(1.0),House price index (2015 = 100) - annual data,A,Annual,DW_EXST,Purchases of existing dwellings,RCH_A_AVG,Annual average rate of change,NO,Norway,2024,,3.1,,,,,
dataflow,ESTAT:PRC_HPI_A$DEFAULTVIEW(1.0),House price index (2015 = 100) - annual data,A,Annual,DW_EXST,Purchases of existing dwellings,RCH_A_AVG,Annual average rate of change,NO,Norway,2025,,5.7,,,,,
dataflow,ESTAT:PRC_HPI_A$DEFAULTVIEW(1.0),House price index (2015 = 100) - annual data,A,Annual,DW_EXST,Purchases of existing dwellings,RCH_A_AVG,Annual average rate of change,PL,Poland,2016,,2.5,,,,,
dataflow,ESTAT:PRC_HPI_A$DEFAULTVIEW(1.0),House price index (2015 = 100) - annual data,A,Annual,DW_EXST,Purchases of existing dwellings,RCH_A_AVG,Annual average rate of change,PL,Poland,2017,,4.5,,,,,
dataflow,ESTAT:PRC_HPI_A$DEFAULTVIEW(1.0),House price index (2015 = 100) - annual data,A,Annual,DW_EXST,Purchases of existing dwellings,RCH_A_AVG,Annual average rate of change,PL,Poland,2018,,7.5,,,,,
dataflow,ESTAT:PRC_HPI_A$DEFAULTVIEW(1.0),House price index (2015 = 100) - annual data,A,Annual,DW_EXST,Purchases of existing dwellings,RCH_A_AVG,Annual average rate of change,PL,Poland,2019,,10.4,,,,,
dataflow,ESTAT:PRC_HPI_A$DEFAULTVIEW(1.0),House price index (2015 = 100) - annual data,A,Annual,DW_EXST,Purchases of existing dwellings,RCH_A_AVG,Annual average rate of change,PL,Poland,2020,,13.8,,,,,
dataflow,ESTAT:PRC_HPI_A$DEFAULTVIEW(1.0),House price index (2015 = 100) - annual data,A,Annual,DW_EXST,Purchases of existing dwellings,RCH_A_AVG,Annual average rate of change,PL,Poland,2021,,9.3,,,,,
dataflow,ESTAT:PRC_HPI_A$DEFAULTVIEW(1.0),House price index (2015 = 100) - annual data,A,Annual,DW_EXST,Purchases of existing dwellings,RCH_A_AVG,Annual average rate of change,PL,Poland,2022,,11.8,,,,,
dataflow,ESTAT:PRC_HPI_A$DEFAULTVIEW(1.0),House price index (2015 = 100) - annual data,A,Annual,DW_EXST,Purchases of existing dwellings,RCH_A_AVG,Annual average rate of change,PL,Poland,2023,,7.3,,,,,
dataflow,ESTAT:PRC_HPI_A$DEFAULTVIEW(1.0),House price index (2015 = 100) - annual data,A,Annual,DW_EXST,Purchases of existing dwellings,RCH_A_AVG,Annual average rate of change,PL,Poland,2024,,13.4,,,,,
dataflow,ESTAT:PRC_HPI_A$DEFAULTVIEW(1.0),House price index (2015 = 100) - annual data,A,Annual,DW_EXST,Purchases of existing dwellings,RCH_A_AVG,Annual average rate of change,PL,Poland,2025,,4.2,,,,,
dataflow,ESTAT:PRC_HPI_A$DEFAULTVIEW(1.0),House price index (2015 = 100) - annual data,A,Annual,DW_EXST,Purchases of existing dwellings,RCH_A_AVG,Annual average rate of change,PT,Portugal,2016,,8.7,,,,,
dataflow,ESTAT:PRC_HPI_A$DEFAULTVIEW(1.0),House price index (2015 = 100) - annual data,A,Annual,DW_EXST,Purchases of existing dwellings,RCH_A_AVG,Annual average rate of change,PT,Portugal,2017,,10.4,,,,,
dataflow,ESTAT:PRC_HPI_A$DEFAULTVIEW(1.0),House price index (2015 = 100) - annual data,A,Annual,DW_EXST,Purchases of existing dwellings,RCH_A_AVG,Annual average rate of change,PT,Portugal,2018,,11.0,,,,,
dataflow,ESTAT:PRC_HPI_A$DEFAULTVIEW(1.0),House price index (2015 = 100) - annual data,A,Annual,DW_EXST,Purchases of existing dwellings,RCH_A_AVG,Annual average rate of change,PT,Portugal,2019,,10.2,,,,,
dataflow,ESTAT:PRC_HPI_A$DEFAULTVIEW(1.0),House price index (2015 = 100) - annual data,A,Annual,DW_EXST,Purchases of existing dwellings,RCH_A_AVG,Annual average rate of change,PT,Portugal,2020,,9.1,,,,,
dataflow,ESTAT:PRC_HPI_A$DEFAULTVIEW(1.0),House price index (2015 = 100) - annual data,A,Annual,DW_EXST,Purchases of existing dwellings,RCH_A_AVG,Annual average rate of change,PT,Portugal,2021,,9.6,,,,,
dataflow,ESTAT:PRC_HPI_A$DEFAULTVIEW(1.0),House price index (2015 = 100) - annual data,A,Annual,DW_EXST,Purchases of existing dwellings,RCH_A_AVG,Annual average rate of change,PT,Portugal,2022,,13.9,,,,,
dataflow,ESTAT:PRC_HPI_A$DEFAULTVIEW(1.0),House price index (2015 = 100) - annual data,A,Annual,DW_EXST,Purchases of existing dwellings,RCH_A_AVG,Annual average rate of change,PT,Portugal,2023,,8.7,,,,,
dataflow,ESTAT:PRC_HPI_A$DEFAULTVIEW(1.0),House price index (2015 = 100) - annual data,A,Annual,DW_EXST,Purchases of existing dwellings,RCH_A_AVG,Annual average rate of change,PT,Portugal,2024,,9.7,,,,,
dataflow,ESTAT:PRC_HPI_A$DEFAULTVIEW(1.0),House price index (2015 = 100) - annual data,A,Annual,DW_EXST,Purchases of existing dwellings,RCH_A_AVG,Annual average rate of change,PT,Portugal,2025,,18.9,,,,,
dataflow,ESTAT:PRC_HPI_A$DEFAULTVIEW(1.0),House price index (2015 = 100) - annual data,A,Annual,DW_EXST,Purchases of existing dwellings,RCH_A_AVG,Annual average rate of change,RO,Romania,2016,,6.0,,,,,
dataflow,ESTAT:PRC_HPI_A$DEFAULTVIEW(1.0),House price index (2015 = 100) - annual data,A,Annual,DW_EXST,Purchases of existing dwellings,RCH_A_AVG,Annual average rate of change,RO,Romania,2017,,7.3,,,,,
dataflow,ESTAT:PRC_HPI_A$DEFAULTVIEW(1.0),House price index (2015 = 100) - annual data,A,Annual,DW_EXST,Purchases of existing dwellings,RCH_A_AVG,Annual average rate of change,RO,Romania,2018,,5.9,,,,,
dataflow,ESTAT:PRC_HPI_A$DEFAULTVIEW(1.0),House price index (2015 = 100) - annual data,A,Annual,DW_EXST,Purchases of existing dwellings,RCH_A_AVG,Annual average rate of change,RO,Romania,2019,,3.8,,,,,
dataflow,ESTAT:PRC_HPI_A$DEFAULTVIEW(1.0),House price index (2015 = 100) - annual data,A,Annual,DW_EXST,Purchases of existing dwellings,RCH_A_AVG,Annual average rate of change,RO,Romania,2020,,4.9,,,,,
dataflow,ESTAT:PRC_HPI_A$DEFAULTVIEW(1.0),House price index (2015 = 100) - annual data,A,Annual,DW_EXST,Purchases of existing dwellings,RCH_A_AVG,Annual average rate of change,RO,Romania,2021,,5.0,,,,,
dataflow,ESTAT:PRC_HPI_A$DEFAULTVIEW(1.0),House price index (2015 = 100) - annual data,A,Annual,DW_EXST,Purchases of existing dwellings,RCH_A_AVG,Annual average rate of change,RO,Romania,2022,,5.1,,,,,
dataflow,ESTAT:PRC_HPI_A$DEFAULTVIEW(1.0),House price index (2015 = 100) - annual data,A,Annual,DW_EXST,Purchases of existing dwellings,RCH_A_AVG,Annual average rate of change,RO,Romania,2023,,0.6,,,,,
dataflow,ESTAT:PRC_HPI_A$DEFAULTVIEW(1.0),House price index (2015 = 100) - annual data,A,Annual,DW_EXST,Purchases of existing dwellings,RCH_A_AVG,Annual average rate of change,RO,Romania,2024,,3.4,,,,,
dataflow,ESTAT:PRC_HPI_A$DEFAULTVIEW(1.0),House price index (2015 = 100) - annual data,A,Annual,DW_EXST,Purchases of existing dwellings,RCH_A_AVG,Annual average rate of change,RO,Romania,2025,,6.9,,,,,
dataflow,ESTAT:PRC_HPI_A$DEFAULTVIEW(1.0),House price index (2015 = 100) - annual data,A,Annual,DW_EXST,Purchases of existing dwellings,RCH_A_AVG,Annual average rate of change,SE,Sweden,2016,,8.5,,,,,
dataflow,ESTAT:PRC_HPI_A$DEFAULTVIEW(1.0),House price index (2015 = 100) - annual data,A,Annual,DW_EXST,Purchases of existing dwellings,RCH_A_AVG,Annual average rate of change,SE,Sweden,2017,,6.7,,,,,
dataflow,ESTAT:PRC_HPI_A$DEFAULTVIEW(1.0),House price index (2015 = 100) - annual data,A,Annual,DW_EXST,Purchases of existing dwellings,RCH_A_AVG,Annual average rate of change,SE,Sweden,2018,,-2.9,,,,,
dataflow,ESTAT:PRC_HPI_A$DEFAULTVIEW(1.0),House price index (2015 = 100) - annual data,A,Annual,DW_EXST,Purchases of existing dwellings,RCH_A_AVG,Annual average rate of change,SE,Sweden,2019,,2.0,,,,,
dataflow,ESTAT:PRC_HPI_A$DEFAULTVIEW(1.0),House price index (2015 = 100) - annual data,A,Annual,DW_EXST,Purchases of existing dwellings,RCH_A_AVG,Annual average rate of change,SE,Sweden,2020,,5.7,,,,,
dataflow,ESTAT:PRC_HPI_A$DEFAULTVIEW(1.0),House price index (2015 = 100) - annual data,A,Annual,DW_EXST,Purchases of existing dwellings,RCH_A_AVG,Annual average rate of change,SE,Sweden,2021,,12.3,,,,,
dataflow,ESTAT:PRC_HPI_A$DEFAULTVIEW(1.0),House price index (2015 = 100) - annual data,A,Annual,DW_EXST,Purchases of existing dwellings,RCH_A_AVG,Annual average rate of change,SE,Sweden,2022,,1.9,,,,,
dataflow,ESTAT:PRC_HPI_A$DEFAULTVIEW(1.0),House price index (2015 = 100) - annual data,A,Annual,DW_EXST,Purchases of existing dwellings,RCH_A_AVG,Annual average rate of change,SE,Sweden,2023,,-6.6,,,,,
dataflow,ESTAT:PRC_HPI_A$DEFAULTVIEW(1.0),House price index (2015 = 100) - annual data,A,Annual,DW_EXST,Purchases of existing dwellings,RCH_A_AVG,Annual average rate of change,SE,Sweden,2024,,1.3,,,,,
dataflow,ESTAT:PRC_HPI_A$DEFAULTVIEW(1.0),House price index (2015 = 100) - annual data,A,Annual,DW_EXST,Purchases of existing dwellings,RCH_A_AVG,Annual average rate of change,SE,Sweden,2025,,1.7,,,,,
dataflow,ESTAT:PRC_HPI_A$DEFAULTVIEW(1.0),House price index (2015 = 100) - annual data,A,Annual,DW_EXST,Purchases of existing dwellings,RCH_A_AVG,Annual average rate of change,SI,Slovenia,2016,,3.8,,,,,
dataflow,ESTAT:PRC_HPI_A$DEFAULTVIEW(1.0),House price index (2015 = 100) - annual data,A,Annual,DW_EXST,Purchases of existing dwellings,RCH_A_AVG,Annual average rate of change,SI,Slovenia,2017,,7.8,,,,,
dataflow,ESTAT:PRC_HPI_A$DEFAULTVIEW(1.0),House price index (2015 = 100) - annual data,A,Annual,DW_EXST,Purchases of existing dwellings,RCH_A_AVG,Annual average rate of change,SI,Slovenia,2018,,8.9,,,,,
dataflow,ESTAT:PRC_HPI_A$DEFAULTVIEW(1.0),House price index (2015 = 100) - annual data,A,Annual,DW_EXST,Purchases of existing dwellings,RCH_A_AVG,Annual average rate of change,SI,Slovenia,2019,,8.0,,,,,
dataflow,ESTAT:PRC_HPI_A$DEFAULTVIEW(1.0),House price index (2015 = 100) - annual data,A,Annual,DW_EXST,Purchases of existing dwellings,RCH_A_AVG,Annual average rate of change,SI,Slovenia,2020,,4.8,,,,,
dataflow,ESTAT:PRC_HPI_A$DEFAULTVIEW(1.0),House price index (2015 = 100) - annual data,A,Annual,DW_EXST,Purchases of existing dwellings,RCH_A_AVG,Annual average rate of change,SI,Slovenia,2021,,11.5,,,,,
dataflow,ESTAT:PRC_HPI_A$DEFAULTVIEW(1.0),House price index (2015 = 100) - annual data,A,Annual,DW_EXST,Purchases of existing dwellings,RCH_A_AVG,Annual average rate of change,SI,Slovenia,2022,,15.5,,,,,
dataflow,ESTAT:PRC_HPI_A$DEFAULTVIEW(1.0),House price index (2015 = 100) - annual data,A,Annual,DW_EXST,Purchases of existing dwellings,RCH_A_AVG,Annual average rate of change,SI,Slovenia,2023,,7.3,,,,,
dataflow,ESTAT:PRC_HPI_A$DEFAULTVIEW(1.0),House price index (2015 = 100) - annual data,A,Annual,DW_EXST,Purchases of existing dwellings,RCH_A_AVG,Annual average rate of change,SI,Slovenia,2024,,7.4,,,,,
dataflow,ESTAT:PRC_HPI_A$DEFAULTVIEW(1.0),House price index (2015 = 100) - annual data,A,Annual,DW_EXST,Purchases of existing dwellings,RCH_A_AVG,Annual average rate of change,SI,Slovenia,2025,,5.8,,p,provisional,,
dataflow,ESTAT:PRC_HPI_A$DEFAULTVIEW(1.0),House price index (2015 = 100) - annual data,A,Annual,DW_EXST,Purchases of existing dwellings,RCH_A_AVG,Annual average rate of change,SK,Slovakia,2016,,7.0,,,,,
dataflow,ESTAT:PRC_HPI_A$DEFAULTVIEW(1.0),House price index (2015 = 100) - annual data,A,Annual,DW_EXST,Purchases of existing dwellings,RCH_A_AVG,Annual average rate of change,SK,Slovakia,2017,,5.4,,,,,
dataflow,ESTAT:PRC_HPI_A$DEFAULTVIEW(1.0),House price index (2015 = 100) - annual data,A,Annual,DW_EXST,Purchases of existing dwellings,RCH_A_AVG,Annual average rate of change,SK,Slovakia,2018,,8.1,,,,,
dataflow,ESTAT:PRC_HPI_A$DEFAULTVIEW(1.0),House price index (2015 = 100) - annual data,A,Annual,DW_EXST,Purchases of existing dwellings,RCH_A_AVG,Annual average rate of change,SK,Slovakia,2019,,11.0,,,,,
dataflow,ESTAT:PRC_HPI_A$DEFAULTVIEW(1.0),House price index (2015 = 100) - annual data,A,Annual,DW_EXST,Purchases of existing dwellings,RCH_A_AVG,Annual average rate of change,SK,Slovakia,2020,,10.6,,,,,
dataflow,ESTAT:PRC_HPI_A$DEFAULTVIEW(1.0),House price index (2015 = 100) - annual data,A,Annual,DW_EXST,Purchases of existing dwellings,RCH_A_AVG,Annual average rate of change,SK,Slovakia,2021,,7.5,,,,,
dataflow,ESTAT:PRC_HPI_A$DEFAULTVIEW(1.0),House price index (2015 = 100) - annual data,A,Annual,DW_EXST,Purchases of existing dwellings,RCH_A_AVG,Annual average rate of change,SK,Slovakia,2022,,12.1,,,,,
dataflow,ESTAT:PRC_HPI_A$DEFAULTVIEW(1.0),House price index (2015 = 100) - annual data,A,Annual,DW_EXST,Purchases of existing dwellings,RCH_A_AVG,Annual average rate of change,SK,Slovakia,2023,,0.4,,,,,
dataflow,ESTAT:PRC_HPI_A$DEFAULTVIEW(1.0),House price index (2015 = 100) - annual data,A,Annual,DW_EXST,Purchases of existing dwellings,RCH_A_AVG,Annual average rate of change,SK,Slovakia,2024,,4.1,,,,,
dataflow,ESTAT:PRC_HPI_A$DEFAULTVIEW(1.0),House price index (2015 = 100) - annual data,A,Annual,DW_EXST,Purchases of existing dwellings,RCH_A_AVG,Annual average rate of change,SK,Slovakia,2025,,12.8,,,,,
dataflow,ESTAT:PRC_HPI_A$DEFAULTVIEW(1.0),House price index (2015 = 100) - annual data,A,Annual,DW_EXST,Purchases of existing dwellings,RCH_A_AVG,Annual average rate of change,TR,Türkiye,2016,,12.7,,,,,
dataflow,ESTAT:PRC_HPI_A$DEFAULTVIEW(1.0),House price index (2015 = 100) - annual data,A,Annual,DW_EXST,Purchases of existing dwellings,RCH_A_AVG,Annual average rate of change,TR,Türkiye,2017,,11.0,,,,,
dataflow,ESTAT:PRC_HPI_A$DEFAULTVIEW(1.0),House price index (2015 = 100) - annual data,A,Annual,DW_EXST,Purchases of existing dwellings,RCH_A_AVG,Annual average rate of change,TR,Türkiye,2018,,8.1,,,,,
dataflow,ESTAT:PRC_HPI_A$DEFAULTVIEW(1.0),House price index (2015 = 100) - annual data,A,Annual,DW_EXST,Purchases of existing dwellings,RCH_A_AVG,Annual average rate of change,TR,Türkiye,2019,,4.1,,,,,
dataflow,ESTAT:PRC_HPI_A$DEFAULTVIEW(1.0),House price index (2015 = 100) - annual data,A,Annual,DW_EXST,Purchases of existing dwellings,RCH_A_AVG,Annual average rate of change,TR,Türkiye,2020,,23.5,,,,,
dataflow,ESTAT:PRC_HPI_A$DEFAULTVIEW(1.0),House price index (2015 = 100) - annual data,A,Annual,DW_EXST,Purchases of existing dwellings,RCH_A_AVG,Annual average rate of change,TR,Türkiye,2021,,35.7,,,,,
dataflow,ESTAT:PRC_HPI_A$DEFAULTVIEW(1.0),House price index (2015 = 100) - annual data,A,Annual,DW_EXST,Purchases of existing dwellings,RCH_A_AVG,Annual average rate of change,TR,Türkiye,2022,,153.5,,,,,
dataflow,ESTAT:PRC_HPI_A$DEFAULTVIEW(1.0),House price index (2015 = 100) - annual data,A,Annual,DW_EXST,Purchases of existing dwellings,RCH_A_AVG,Annual average rate of change,TR,Türkiye,2023,,97.5,,,,,
dataflow,ESTAT:PRC_HPI_A$DEFAULTVIEW(1.0),House price index (2015 = 100) - annual data,A,Annual,DW_EXST,Purchases of existing dwellings,RCH_A_AVG,Annual average rate of change,TR,Türkiye,2024,,41.1,,,,,
dataflow,ESTAT:PRC_HPI_A$DEFAULTVIEW(1.0),House price index (2015 = 100) - annual data,A,Annual,DW_EXST,Purchases of existing dwellings,RCH_A_AVG,Annual average rate of change,UK,United Kingdom,2016,,6.8,,,,,
dataflow,ESTAT:PRC_HPI_A$DEFAULTVIEW(1.0),House price index (2015 = 100) - annual data,A,Annual,DW_EXST,Purchases of existing dwellings,RCH_A_AVG,Annual average rate of change,UK,United Kingdom,2017,,4.5,,,,,
dataflow,ESTAT:PRC_HPI_A$DEFAULTVIEW(1.0),House price index (2015 = 100) - annual data,A,Annual,DW_EXST,Purchases of existing dwellings,RCH_A_AVG,Annual average rate of change,UK,United Kingdom,2018,,3.1,,,,,
dataflow,ESTAT:PRC_HPI_A$DEFAULTVIEW(1.0),House price index (2015 = 100) - annual data,A,Annual,DW_EXST,Purchases of existing dwellings,RCH_A_AVG,Annual average rate of change,UK,United Kingdom,2019,,1.0,,,,,
dataflow,ESTAT:PRC_HPI_A$DEFAULTVIEW(1.0),House price index (2015 = 100) - annual data,A,Annual,DW_NEW,Purchases of newly built dwellings,I10_A_AVG,"Annual average index, 2010=100",AT,Austria,2016,,141.62,,,,,
dataflow,ESTAT:PRC_HPI_A$DEFAULTVIEW(1.0),House price index (2015 = 100) - annual data,A,Annual,DW_NEW,Purchases of newly built dwellings,I10_A_AVG,"Annual average index, 2010=100",AT,Austria,2017,,145.05,,,,,
dataflow,ESTAT:PRC_HPI_A$DEFAULTVIEW(1.0),House price index (2015 = 100) - annual data,A,Annual,DW_NEW,Purchases of newly built dwellings,I10_A_AVG,"Annual average index, 2010=100",AT,Austria,2018,,152.29,,,,,
dataflow,ESTAT:PRC_HPI_A$DEFAULTVIEW(1.0),House price index (2015 = 100) - annual data,A,Annual,DW_NEW,Purchases of newly built dwellings,I10_A_AVG,"Annual average index, 2010=100",AT,Austria,2019,,161.37,,,,,
dataflow,ESTAT:PRC_HPI_A$DEFAULTVIEW(1.0),House price index (2015 = 100) - annual data,A,Annual,DW_NEW,Purchases of newly built dwellings,I10_A_AVG,"Annual average index, 2010=100",AT,Austria,2020,,173.43,,,,,
dataflow,ESTAT:PRC_HPI_A$DEFAULTVIEW(1.0),House price index (2015 = 100) - annual data,A,Annual,DW_NEW,Purchases of newly built dwellings,I10_A_AVG,"Annual average index, 2010=100",AT,Austria,2021,,187.92,,,,,
dataflow,ESTAT:PRC_HPI_A$DEFAULTVIEW(1.0),House price index (2015 = 100) - annual data,A,Annual,DW_NEW,Purchases of newly built dwellings,I10_A_AVG,"Annual average index, 2010=100",AT,Austria,2022,,209.54,,,,,
dataflow,ESTAT:PRC_HPI_A$DEFAULTVIEW(1.0),House price index (2015 = 100) - annual data,A,Annual,DW_NEW,Purchases of newly built dwellings,I10_A_AVG,"Annual average index, 2010=100",AT,Austria,2023,,208.94,,,,,
dataflow,ESTAT:PRC_HPI_A$DEFAULTVIEW(1.0),House price index (2015 = 100) - annual data,A,Annual,DW_NEW,Purchases of newly built dwellings,I10_A_AVG,"Annual average index, 2010=100",AT,Austria,2024,,214.25,,,,,
dataflow,ESTAT:PRC_HPI_A$DEFAULTVIEW(1.0),House price index (2015 = 100) - annual data,A,Annual,DW_NEW,Purchases of newly built dwellings,I10_A_AVG,"Annual average index, 2010=100",AT,Austria,2025,,220.48,,p,provisional,,
dataflow,ESTAT:PRC_HPI_A$DEFAULTVIEW(1.0),House price index (2015 = 100) - annual data,A,Annual,DW_NEW,Purchases of newly built dwellings,I10_A_AVG,"Annual average index, 2010=100",BE,Belgium,2016,,116.29,,,,,
dataflow,ESTAT:PRC_HPI_A$DEFAULTVIEW(1.0),House price index (2015 = 100) - annual data,A,Annual,DW_NEW,Purchases of newly built dwellings,I10_A_AVG,"Annual average index, 2010=100",BE,Belgium,2017,,121.26,,,,,
dataflow,ESTAT:PRC_HPI_A$DEFAULTVIEW(1.0),House price index (2015 = 100) - annual data,A,Annual,DW_NEW,Purchases of newly built dwellings,I10_A_AVG,"Annual average index, 2010=100",BE,Belgium,2018,,125.12,,,,,
dataflow,ESTAT:PRC_HPI_A$DEFAULTVIEW(1.0),House price index (2015 = 100) - annual data,A,Annual,DW_NEW,Purchases of newly built dwellings,I10_A_AVG,"Annual average index, 2010=100",BE,Belgium,2019,,128.98,,,,,
dataflow,ESTAT:PRC_HPI_A$DEFAULTVIEW(1.0),House price index (2015 = 100) - annual data,A,Annual,DW_NEW,Purchases of newly built dwellings,I10_A_AVG,"Annual average index, 2010=100",BE,Belgium,2020,,134.71,,,,,
dataflow,ESTAT:PRC_HPI_A$DEFAULTVIEW(1.0),House price index (2015 = 100) - annual data,A,Annual,DW_NEW,Purchases of newly built dwellings,I10_A_AVG,"Annual average index, 2010=100",BE,Belgium,2021,,143.17,,,,,
dataflow,ESTAT:PRC_HPI_A$DEFAULTVIEW(1.0),House price index (2015 = 100) - annual data,A,Annual,DW_NEW,Purchases of newly built dwellings,I10_A_AVG,"Annual average index, 2010=100",BE,Belgium,2022,,150.73,,,,,
dataflow,ESTAT:PRC_HPI_A$DEFAULTVIEW(1.0),House price index (2015 = 100) - annual data,A,Annual,DW_NEW,Purchases of newly built dwellings,I10_A_AVG,"Annual average index, 2010=100",BE,Belgium,2023,,153.86,,,,,
dataflow,ESTAT:PRC_HPI_A$DEFAULTVIEW(1.0),House price index (2015 = 100) - annual data,A,Annual,DW_NEW,Purchases of newly built dwellings,I10_A_AVG,"Annual average index, 2010=100",BE,Belgium,2024,,163.00,,,,,
dataflow,ESTAT:PRC_HPI_A$DEFAULTVIEW(1.0),House price index (2015 = 100) - annual data,A,Annual,DW_NEW,Purchases of newly built dwellings,I10_A_AVG,"Annual average index, 2010=100",BE,Belgium,2025,,165.90,,p,provisional,,
dataflow,ESTAT:PRC_HPI_A$DEFAULTVIEW(1.0),House price index (2015 = 100) - annual data,A,Annual,DW_NEW,Purchases of newly built dwellings,I10_A_AVG,"Annual average index, 2010=100",BG,Bulgaria,2016,,108.73,,,,,
dataflow,ESTAT:PRC_HPI_A$DEFAULTVIEW(1.0),House price index (2015 = 100) - annual data,A,Annual,DW_NEW,Purchases of newly built dwellings,I10_A_AVG,"Annual average index, 2010=100",BG,Bulgaria,2017,,116.02,,,,,
dataflow,ESTAT:PRC_HPI_A$DEFAULTVIEW(1.0),House price index (2015 = 100) - annual data,A,Annual,DW_NEW,Purchases of newly built dwellings,I10_A_AVG,"Annual average index, 2010=100",BG,Bulgaria,2018,,122.66,,,,,
dataflow,ESTAT:PRC_HPI_A$DEFAULTVIEW(1.0),House price index (2015 = 100) - annual data,A,Annual,DW_NEW,Purchases of newly built dwellings,I10_A_AVG,"Annual average index, 2010=100",BG,Bulgaria,2019,,133.03,,,,,
dataflow,ESTAT:PRC_HPI_A$DEFAULTVIEW(1.0),House price index (2015 = 100) - annual data,A,Annual,DW_NEW,Purchases of newly built dwellings,I10_A_AVG,"Annual average index, 2010=100",BG,Bulgaria,2020,,135.91,,,,,
dataflow,ESTAT:PRC_HPI_A$DEFAULTVIEW(1.0),House price index (2015 = 100) - annual data,A,Annual,DW_NEW,Purchases of newly built dwellings,I10_A_AVG,"Annual average index, 2010=100",BG,Bulgaria,2021,,146.39,,,,,
dataflow,ESTAT:PRC_HPI_A$DEFAULTVIEW(1.0),House price index (2015 = 100) - annual data,A,Annual,DW_NEW,Purchases of newly built dwellings,I10_A_AVG,"Annual average index, 2010=100",BG,Bulgaria,2022,,162.27,,b,break in time series,,
dataflow,ESTAT:PRC_HPI_A$DEFAULTVIEW(1.0),House price index (2015 = 100) - annual data,A,Annual,DW_NEW,Purchases of newly built dwellings,I10_A_AVG,"Annual average index, 2010=100",BG,Bulgaria,2023,,176.29,,,,,
dataflow,ESTAT:PRC_HPI_A$DEFAULTVIEW(1.0),House price index (2015 = 100) - annual data,A,Annual,DW_NEW,Purchases of newly built dwellings,I10_A_AVG,"Annual average index, 2010=100",BG,Bulgaria,2024,,207.65,,,,,
dataflow,ESTAT:PRC_HPI_A$DEFAULTVIEW(1.0),House price index (2015 = 100) - annual data,A,Annual,DW_NEW,Purchases of newly built dwellings,I10_A_AVG,"Annual average index, 2010=100",BG,Bulgaria,2025,,232.56,,p,provisional,,
dataflow,ESTAT:PRC_HPI_A$DEFAULTVIEW(1.0),House price index (2015 = 100) - annual data,A,Annual,DW_NEW,Purchases of newly built dwellings,I10_A_AVG,"Annual average index, 2010=100",CY,Cyprus,2016,,88.01,,,,,
dataflow,ESTAT:PRC_HPI_A$DEFAULTVIEW(1.0),House price index (2015 = 100) - annual data,A,Annual,DW_NEW,Purchases of newly built dwellings,I10_A_AVG,"Annual average index, 2010=100",CY,Cyprus,2017,,98.78,,,,,
dataflow,ESTAT:PRC_HPI_A$DEFAULTVIEW(1.0),House price index (2015 = 100) - annual data,A,Annual,DW_NEW,Purchases of newly built dwellings,I10_A_AVG,"Annual average index, 2010=100",CY,Cyprus,2018,,97.78,,,,,
dataflow,ESTAT:PRC_HPI_A$DEFAULTVIEW(1.0),House price index (2015 = 100) - annual data,A,Annual,DW_NEW,Purchases of newly built dwellings,I10_A_AVG,"Annual average index, 2010=100",CY,Cyprus,2019,,111.11,,,,,
dataflow,ESTAT:PRC_HPI_A$DEFAULTVIEW(1.0),House price index (2015 = 100) - annual data,A,Annual,DW_NEW,Purchases of newly built dwellings,I10_A_AVG,"Annual average index, 2010=100",CY,Cyprus,2020,,117.78,,,,,
dataflow,ESTAT:PRC_HPI_A$DEFAULTVIEW(1.0),House price index (2015 = 100) - annual data,A,Annual,DW_NEW,Purchases of newly built dwellings,I10_A_AVG,"Annual average index, 2010=100",CY,Cyprus,2021,,114.32,,,,,
dataflow,ESTAT:PRC_HPI_A$DEFAULTVIEW(1.0),House price index (2015 = 100) - annual data,A,Annual,DW_NEW,Purchases of newly built dwellings,I10_A_AVG,"Annual average index, 2010=100",CY,Cyprus,2022,,122.73,,,,,
dataflow,ESTAT:PRC_HPI_A$DEFAULTVIEW(1.0),House price index (2015 = 100) - annual data,A,Annual,DW_NEW,Purchases of newly built dwellings,I10_A_AVG,"Annual average index, 2010=100",CY,Cyprus,2023,,135.36,,,,,
dataflow,ESTAT:PRC_HPI_A$DEFAULTVIEW(1.0),House price index (2015 = 100) - annual data,A,Annual,DW_NEW,Purchases of newly built dwellings,I10_A_AVG,"Annual average index, 2010=100",CY,Cyprus,2024,,145.54,,,,,
dataflow,ESTAT:PRC_HPI_A$DEFAULTVIEW(1.0),House price index (2015 = 100) - annual data,A,Annual,DW_NEW,Purchases of newly built dwellings,I10_A_AVG,"Annual average index, 2010=100",CY,Cyprus,2025,,149.93,,,,,
dataflow,ESTAT:PRC_HPI_A$DEFAULTVIEW(1.0),House price index (2015 = 100) - annual data,A,Annual,DW_NEW,Purchases of newly built dwellings,I10_A_AVG,"Annual average index, 2010=100",CZ,Czechia,2016,,108.90,,,,,
dataflow,ESTAT:PRC_HPI_A$DEFAULTVIEW(1.0),House price index (2015 = 100) - annual data,A,Annual,DW_NEW,Purchases of newly built dwellings,I10_A_AVG,"Annual average index, 2010=100",CZ,Czechia,2017,,124.10,,,,,
dataflow,ESTAT:PRC_HPI_A$DEFAULTVIEW(1.0),House price index (2015 = 100) - annual data,A,Annual,DW_NEW,Purchases of newly built dwellings,I10_A_AVG,"Annual average index, 2010=100",CZ,Czechia,2018,,138.80,,,,,
dataflow,ESTAT:PRC_HPI_A$DEFAULTVIEW(1.0),House price index (2015 = 100) - annual data,A,Annual,DW_NEW,Purchases of newly built dwellings,I10_A_AVG,"Annual average index, 2010=100",CZ,Czechia,2019,,149.70,,,,,
dataflow,ESTAT:PRC_HPI_A$DEFAULTVIEW(1.0),House price index (2015 = 100) - annual data,A,Annual,DW_NEW,Purchases of newly built dwellings,I10_A_AVG,"Annual average index, 2010=100",CZ,Czechia,2020,,163.30,,,,,
dataflow,ESTAT:PRC_HPI_A$DEFAULTVIEW(1.0),House price index (2015 = 100) - annual data,A,Annual,DW_NEW,Purchases of newly built dwellings,I10_A_AVG,"Annual average index, 2010=100",CZ,Czechia,2021,,193.40,,,,,
dataflow,ESTAT:PRC_HPI_A$DEFAULTVIEW(1.0),House price index (2015 = 100) - annual data,A,Annual,DW_NEW,Purchases of newly built dwellings,I10_A_AVG,"Annual average index, 2010=100",CZ,Czechia,2022,,228.70,,,,,
dataflow,ESTAT:PRC_HPI_A$DEFAULTVIEW(1.0),House price index (2015 = 100) - annual data,A,Annual,DW_NEW,Purchases of newly built dwellings,I10_A_AVG,"Annual average index, 2010=100",CZ,Czechia,2023,,225.50,,,,,
dataflow,ESTAT:PRC_HPI_A$DEFAULTVIEW(1.0),House price index (2015 = 100) - annual data,A,Annual,DW_NEW,Purchases of newly built dwellings,I10_A_AVG,"Annual average index, 2010=100",CZ,Czechia,2024,,237.00,,,,,
dataflow,ESTAT:PRC_HPI_A$DEFAULTVIEW(1.0),House price index (2015 = 100) - annual data,A,Annual,DW_NEW,Purchases of newly built dwellings,I10_A_AVG,"Annual average index, 2010=100",CZ,Czechia,2025,,269.20,,,,,
dataflow,ESTAT:PRC_HPI_A$DEFAULTVIEW(1.0),House price index (2015 = 100) - annual data,A,Annual,DW_NEW,Purchases of newly built dwellings,I10_A_AVG,"Annual average index, 2010=100",DE,Germany,2016,,127.90,,,,,
dataflow,ESTAT:PRC_HPI_A$DEFAULTVIEW(1.0),House price index (2015 = 100) - annual data,A,Annual,DW_NEW,Purchases of newly built dwellings,I10_A_AVG,"Annual average index, 2010=100",DE,Germany,2017,,133.70,,,,,
dataflow,ESTAT:PRC_HPI_A$DEFAULTVIEW(1.0),House price index (2015 = 100) - annual data,A,Annual,DW_NEW,Purchases of newly built dwellings,I10_A_AVG,"Annual average index, 2010=100",DE,Germany,2018,,142.30,,,,,
dataflow,ESTAT:PRC_HPI_A$DEFAULTVIEW(1.0),House price index (2015 = 100) - annual data,A,Annual,DW_NEW,Purchases of newly built dwellings,I10_A_AVG,"Annual average index, 2010=100",DE,Germany,2019,,147.00,,,,,
dataflow,ESTAT:PRC_HPI_A$DEFAULTVIEW(1.0),House price index (2015 = 100) - annual data,A,Annual,DW_NEW,Purchases of newly built dwellings,I10_A_AVG,"Annual average index, 2010=100",DE,Germany,2020,,156.00,,,,,
dataflow,ESTAT:PRC_HPI_A$DEFAULTVIEW(1.0),House price index (2015 = 100) - annual data,A,Annual,DW_NEW,Purchases of newly built dwellings,I10_A_AVG,"Annual average index, 2010=100",DE,Germany,2021,,167.50,,,,,
dataflow,ESTAT:PRC_HPI_A$DEFAULTVIEW(1.0),House price index (2015 = 100) - annual data,A,Annual,DW_NEW,Purchases of newly built dwellings,I10_A_AVG,"Annual average index, 2010=100",DE,Germany,2022,,177.90,,,,,
dataflow,ESTAT:PRC_HPI_A$DEFAULTVIEW(1.0),House price index (2015 = 100) - annual data,A,Annual,DW_NEW,Purchases of newly built dwellings,I10_A_AVG,"Annual average index, 2010=100",DE,Germany,2023,,173.40,,,,,
dataflow,ESTAT:PRC_HPI_A$DEFAULTVIEW(1.0),House price index (2015 = 100) - annual data,A,Annual,DW_NEW,Purchases of newly built dwellings,I10_A_AVG,"Annual average index, 2010=100",DE,Germany,2024,,174.30,,,,,
dataflow,ESTAT:PRC_HPI_A$DEFAULTVIEW(1.0),House price index (2015 = 100) - annual data,A,Annual,DW_NEW,Purchases of newly built dwellings,I10_A_AVG,"Annual average index, 2010=100",DE,Germany,2025,,179.30,,p,provisional,,
dataflow,ESTAT:PRC_HPI_A$DEFAULTVIEW(1.0),House price index (2015 = 100) - annual data,A,Annual,DW_NEW,Purchases of newly built dwellings,I10_A_AVG,"Annual average index, 2010=100",DK,Denmark,2016,,245.46,,,,,
dataflow,ESTAT:PRC_HPI_A$DEFAULTVIEW(1.0),House price index (2015 = 100) - annual data,A,Annual,DW_NEW,Purchases of newly built dwellings,I10_A_AVG,"Annual average index, 2010=100",DK,Denmark,2017,,247.03,,,,,
dataflow,ESTAT:PRC_HPI_A$DEFAULTVIEW(1.0),House price index (2015 = 100) - annual data,A,Annual,DW_NEW,Purchases of newly built dwellings,I10_A_AVG,"Annual average index, 2010=100",DK,Denmark,2018,,251.44,,,,,
dataflow,ESTAT:PRC_HPI_A$DEFAULTVIEW(1.0),House price index (2015 = 100) - annual data,A,Annual,DW_NEW,Purchases of newly built dwellings,I10_A_AVG,"Annual average index, 2010=100",DK,Denmark,2019,,253.25,,,,,
dataflow,ESTAT:PRC_HPI_A$DEFAULTVIEW(1.0),House price index (2015 = 100) - annual data,A,Annual,DW_NEW,Purchases of newly built dwellings,I10_A_AVG,"Annual average index, 2010=100",DK,Denmark,2020,,255.12,,,,,
dataflow,ESTAT:PRC_HPI_A$DEFAULTVIEW(1.0),House price index (2015 = 100) - annual data,A,Annual,DW_NEW,Purchases of newly built dwellings,I10_A_AVG,"Annual average index, 2010=100",DK,Denmark,2021,,265.51,,,,,
dataflow,ESTAT:PRC_HPI_A$DEFAULTVIEW(1.0),House price index (2015 = 100) - annual data,A,Annual,DW_NEW,Purchases of newly built dwellings,I10_A_AVG,"Annual average index, 2010=100",DK,Denmark,2022,,292.92,,,,,
dataflow,ESTAT:PRC_HPI_A$DEFAULTVIEW(1.0),House price index (2015 = 100) - annual data,A,Annual,DW_NEW,Purchases of newly built dwellings,I10_A_AVG,"Annual average index, 2010=100",DK,Denmark,2023,,305.73,,,,,
dataflow,ESTAT:PRC_HPI_A$DEFAULTVIEW(1.0),House price index (2015 = 100) - annual data,A,Annual,DW_NEW,Purchases of newly built dwellings,I10_A_AVG,"Annual average index, 2010=100",DK,Denmark,2024,,312.71,,,,,
dataflow,ESTAT:PRC_HPI_A$DEFAULTVIEW(1.0),House price index (2015 = 100) - annual data,A,Annual,DW_NEW,Purchases of newly built dwellings,I10_A_AVG,"Annual average index, 2010=100",DK,Denmark,2025,,319.26,,,,,
dataflow,ESTAT:PRC_HPI_A$DEFAULTVIEW(1.0),House price index (2015 = 100) - annual data,A,Annual,DW_NEW,Purchases of newly built dwellings,I10_A_AVG,"Annual average index, 2010=100",EA,"Euro area (EA11-1999, EA12-2001, EA13-2007, EA15-2008, EA16-2009, EA17-2011, EA18-2014, EA19-2015, EA20-2023, EA21-2026)",2016,,102.12,,,,,
dataflow,ESTAT:PRC_HPI_A$DEFAULTVIEW(1.0),House price index (2015 = 100) - annual data,A,Annual,DW_NEW,Purchases of newly built dwellings,I10_A_AVG,"Annual average index, 2010=100",EA,"Euro area (EA11-1999, EA12-2001, EA13-2007, EA15-2008, EA16-2009, EA17-2011, EA18-2014, EA19-2015, EA20-2023, EA21-2026)",2017,,105.81,,,,,
dataflow,ESTAT:PRC_HPI_A$DEFAULTVIEW(1.0),House price index (2015 = 100) - annual data,A,Annual,DW_NEW,Purchases of newly built dwellings,I10_A_AVG,"Annual average index, 2010=100",EA,"Euro area (EA11-1999, EA12-2001, EA13-2007, EA15-2008, EA16-2009, EA17-2011, EA18-2014, EA19-2015, EA20-2023, EA21-2026)",2018,,110.71,,,,,
dataflow,ESTAT:PRC_HPI_A$DEFAULTVIEW(1.0),House price index (2015 = 100) - annual data,A,Annual,DW_NEW,Purchases of newly built dwellings,I10_A_AVG,"Annual average index, 2010=100",EA,"Euro area (EA11-1999, EA12-2001, EA13-2007, EA15-2008, EA16-2009, EA17-2011, EA18-2014, EA19-2015, EA20-2023, EA21-2026)",2019,,115.56,,,,,
dataflow,ESTAT:PRC_HPI_A$DEFAULTVIEW(1.0),House price index (2015 = 100) - annual data,A,Annual,DW_NEW,Purchases of newly built dwellings,I10_A_AVG,"Annual average index, 2010=100",EA,"Euro area (EA11-1999, EA12-2001, EA13-2007, EA15-2008, EA16-2009, EA17-2011, EA18-2014, EA19-2015, EA20-2023, EA21-2026)",2020,,121.52,,,,,
dataflow,ESTAT:PRC_HPI_A$DEFAULTVIEW(1.0),House price index (2015 = 100) - annual data,A,Annual,DW_NEW,Purchases of newly built dwellings,I10_A_AVG,"Annual average index, 2010=100",EA,"Euro area (EA11-1999, EA12-2001, EA13-2007, EA15-2008, EA16-2009, EA17-2011, EA18-2014, EA19-2015, EA20-2023, EA21-2026)",2021,,129.08,,,,,
dataflow,ESTAT:PRC_HPI_A$DEFAULTVIEW(1.0),House price index (2015 = 100) - annual data,A,Annual,DW_NEW,Purchases of newly built dwellings,I10_A_AVG,"Annual average index, 2010=100",EA,"Euro area (EA11-1999, EA12-2001, EA13-2007, EA15-2008, EA16-2009, EA17-2011, EA18-2014, EA19-2015, EA20-2023, EA21-2026)",2022,,139.42,,,,,
dataflow,ESTAT:PRC_HPI_A$DEFAULTVIEW(1.0),House price index (2015 = 100) - annual data,A,Annual,DW_NEW,Purchases of newly built dwellings,I10_A_AVG,"Annual average index, 2010=100",EA,"Euro area (EA11-1999, EA12-2001, EA13-2007, EA15-2008, EA16-2009, EA17-2011, EA18-2014, EA19-2015, EA20-2023, EA21-2026)",2023,,144.07,,,,,
dataflow,ESTAT:PRC_HPI_A$DEFAULTVIEW(1.0),House price index (2015 = 100) - annual data,A,Annual,DW_NEW,Purchases of newly built dwellings,I10_A_AVG,"Annual average index, 2010=100",EA,"Euro area (EA11-1999, EA12-2001, EA13-2007, EA15-2008, EA16-2009, EA17-2011, EA18-2014, EA19-2015, EA20-2023, EA21-2026)",2024,,150.45,,,,,
dataflow,ESTAT:PRC_HPI_A$DEFAULTVIEW(1.0),House price index (2015 = 100) - annual data,A,Annual,DW_NEW,Purchases of newly built dwellings,I10_A_AVG,"Annual average index, 2010=100",EA,"Euro area (EA11-1999, EA12-2001, EA13-2007, EA15-2008, EA16-2009, EA17-2011, EA18-2014, EA19-2015, EA20-2023, EA21-2026)",2025,,156.90,,,,,
dataflow,ESTAT:PRC_HPI_A$DEFAULTVIEW(1.0),House price index (2015 = 100) - annual data,A,Annual,DW_NEW,Purchases of newly built dwellings,I10_A_AVG,"Annual average index, 2010=100",EA19,Euro area - 19 countries  (2015-2022),2016,,102.38,,,,,
dataflow,ESTAT:PRC_HPI_A$DEFAULTVIEW(1.0),House price index (2015 = 100) - annual data,A,Annual,DW_NEW,Purchases of newly built dwellings,I10_A_AVG,"Annual average index, 2010=100",EA19,Euro area - 19 countries  (2015-2022),2017,,106.08,,,,,
dataflow,ESTAT:PRC_HPI_A$DEFAULTVIEW(1.0),House price index (2015 = 100) - annual data,A,Annual,DW_NEW,Purchases of newly built dwellings,I10_A_AVG,"Annual average index, 2010=100",EA19,Euro area - 19 countries  (2015-2022),2018,,110.99,,,,,
dataflow,ESTAT:PRC_HPI_A$DEFAULTVIEW(1.0),House price index (2015 = 100) - annual data,A,Annual,DW_NEW,Purchases of newly built dwellings,I10_A_AVG,"Annual average index, 2010=100",EA19,Euro area - 19 countries  (2015-2022),2019,,115.85,,,,,
dataflow,ESTAT:PRC_HPI_A$DEFAULTVIEW(1.0),House price index (2015 = 100) - annual data,A,Annual,DW_NEW,Purchases of newly built dwellings,I10_A_AVG,"Annual average index, 2010=100",EA19,Euro area - 19 countries  (2015-2022),2020,,121.83,,,,,
dataflow,ESTAT:PRC_HPI_A$DEFAULTVIEW(1.0),House price index (2015 = 100) - annual data,A,Annual,DW_NEW,Purchases of newly built dwellings,I10_A_AVG,"Annual average index, 2010=100",EA19,Euro area - 19 countries  (2015-2022),2021,,129.41,,,,,
dataflow,ESTAT:PRC_HPI_A$DEFAULTVIEW(1.0),House price index (2015 = 100) - annual data,A,Annual,DW_NEW,Purchases of newly built dwellings,I10_A_AVG,"Annual average index, 2010=100",EA19,Euro area - 19 countries  (2015-2022),2022,,139.78,,,,,
dataflow,ESTAT:PRC_HPI_A$DEFAULTVIEW(1.0),House price index (2015 = 100) - annual data,A,Annual,DW_NEW,Purchases of newly built dwellings,I10_A_AVG,"Annual average index, 2010=100",EA19,Euro area - 19 countries  (2015-2022),2023,,144.42,,,,,
dataflow,ESTAT:PRC_HPI_A$DEFAULTVIEW(1.0),House price index (2015 = 100) - annual data,A,Annual,DW_NEW,Purchases of newly built dwellings,I10_A_AVG,"Annual average index, 2010=100",EA19,Euro area - 19 countries  (2015-2022),2024,,150.78,,,,,
dataflow,ESTAT:PRC_HPI_A$DEFAULTVIEW(1.0),House price index (2015 = 100) - annual data,A,Annual,DW_NEW,Purchases of newly built dwellings,I10_A_AVG,"Annual average index, 2010=100",EA19,Euro area - 19 countries  (2015-2022),2025,,157.11,,,,,
dataflow,ESTAT:PRC_HPI_A$DEFAULTVIEW(1.0),House price index (2015 = 100) - annual data,A,Annual,DW_NEW,Purchases of newly built dwellings,I10_A_AVG,"Annual average index, 2010=100",EA20,Euro area – 20 countries (2023-2025),2016,,102.23,,,,,
dataflow,ESTAT:PRC_HPI_A$DEFAULTVIEW(1.0),House price index (2015 = 100) - annual data,A,Annual,DW_NEW,Purchases of newly built dwellings,I10_A_AVG,"Annual average index, 2010=100",EA20,Euro area – 20 countries (2023-2025),2017,,105.90,,,,,
dataflow,ESTAT:PRC_HPI_A$DEFAULTVIEW(1.0),House price index (2015 = 100) - annual data,A,Annual,DW_NEW,Purchases of newly built dwellings,I10_A_AVG,"Annual average index, 2010=100",EA20,Euro area – 20 countries (2023-2025),2018,,110.80,,,,,
dataflow,ESTAT:PRC_HPI_A$DEFAULTVIEW(1.0),House price index (2015 = 100) - annual data,A,Annual,DW_NEW,Purchases of newly built dwellings,I10_A_AVG,"Annual average index, 2010=100",EA20,Euro area – 20 countries (2023-2025),2019,,115.67,,,,,
dataflow,ESTAT:PRC_HPI_A$DEFAULTVIEW(1.0),House price index (2015 = 100) - annual data,A,Annual,DW_NEW,Purchases of newly built dwellings,I10_A_AVG,"Annual average index, 2010=100",EA20,Euro area – 20 countries (2023-2025),2020,,121.61,,,,,
dataflow,ESTAT:PRC_HPI_A$DEFAULTVIEW(1.0),House price index (2015 = 100) - annual data,A,Annual,DW_NEW,Purchases of newly built dwellings,I10_A_AVG,"Annual average index, 2010=100",EA20,Euro area – 20 countries (2023-2025),2021,,129.19,,,,,
dataflow,ESTAT:PRC_HPI_A$DEFAULTVIEW(1.0),House price index (2015 = 100) - annual data,A,Annual,DW_NEW,Purchases of newly built dwellings,I10_A_AVG,"Annual average index, 2010=100",EA20,Euro area – 20 countries (2023-2025),2022,,139.61,,,,,
dataflow,ESTAT:PRC_HPI_A$DEFAULTVIEW(1.0),House price index (2015 = 100) - annual data,A,Annual,DW_NEW,Purchases of newly built dwellings,I10_A_AVG,"Annual average index, 2010=100",EA20,Euro area – 20 countries (2023-2025),2023,,144.29,,,,,
dataflow,ESTAT:PRC_HPI_A$DEFAULTVIEW(1.0),House price index (2015 = 100) - annual data,A,Annual,DW_NEW,Purchases of newly built dwellings,I10_A_AVG,"Annual average index, 2010=100",EA20,Euro area – 20 countries (2023-2025),2024,,150.68,,,,,
dataflow,ESTAT:PRC_HPI_A$DEFAULTVIEW(1.0),House price index (2015 = 100) - annual data,A,Annual,DW_NEW,Purchases of newly built dwellings,I10_A_AVG,"Annual average index, 2010=100",EA20,Euro area – 20 countries (2023-2025),2025,,157.14,,,,,
dataflow,ESTAT:PRC_HPI_A$DEFAULTVIEW(1.0),House price index (2015 = 100) - annual data,A,Annual,DW_NEW,Purchases of newly built dwellings,I10_A_AVG,"Annual average index, 2010=100",EA21,Euro area – 21 countries (from 2026),2016,,102.36,,,,,
dataflow,ESTAT:PRC_HPI_A$DEFAULTVIEW(1.0),House price index (2015 = 100) - annual data,A,Annual,DW_NEW,Purchases of newly built dwellings,I10_A_AVG,"Annual average index, 2010=100",EA21,Euro area – 21 countries (from 2026),2017,,106.10,,,,,
dataflow,ESTAT:PRC_HPI_A$DEFAULTVIEW(1.0),House price index (2015 = 100) - annual data,A,Annual,DW_NEW,Purchases of newly built dwellings,I10_A_AVG,"Annual average index, 2010=100",EA21,Euro area – 21 countries (from 2026),2018,,111.03,,,,,
dataflow,ESTAT:PRC_HPI_A$DEFAULTVIEW(1.0),House price index (2015 = 100) - annual data,A,Annual,DW_NEW,Purchases of newly built dwellings,I10_A_AVG,"Annual average index, 2010=100",EA21,Euro area – 21 countries (from 2026),2019,,116.00,,,,,
dataflow,ESTAT:PRC_HPI_A$DEFAULTVIEW(1.0),House price index (2015 = 100) - annual data,A,Annual,DW_NEW,Purchases of newly built dwellings,I10_A_AVG,"Annual average index, 2010=100",EA21,Euro area – 21 countries (from 2026),2020,,121.89,,,,,
dataflow,ESTAT:PRC_HPI_A$DEFAULTVIEW(1.0),House price index (2015 = 100) - annual data,A,Annual,DW_NEW,Purchases of newly built dwellings,I10_A_AVG,"Annual average index, 2010=100",EA21,Euro area – 21 countries (from 2026),2021,,129.52,,,,,
dataflow,ESTAT:PRC_HPI_A$DEFAULTVIEW(1.0),House price index (2015 = 100) - annual data,A,Annual,DW_NEW,Purchases of newly built dwellings,I10_A_AVG,"Annual average index, 2010=100",EA21,Euro area – 21 countries (from 2026),2022,,140.06,,,,,
dataflow,ESTAT:PRC_HPI_A$DEFAULTVIEW(1.0),House price index (2015 = 100) - annual data,A,Annual,DW_NEW,Purchases of newly built dwellings,I10_A_AVG,"Annual average index, 2010=100",EA21,Euro area – 21 countries (from 2026),2023,,144.93,,,,,
dataflow,ESTAT:PRC_HPI_A$DEFAULTVIEW(1.0),House price index (2015 = 100) - annual data,A,Annual,DW_NEW,Purchases of newly built dwellings,I10_A_AVG,"Annual average index, 2010=100",EA21,Euro area – 21 countries (from 2026),2024,,151.78,,,,,
dataflow,ESTAT:PRC_HPI_A$DEFAULTVIEW(1.0),House price index (2015 = 100) - annual data,A,Annual,DW_NEW,Purchases of newly built dwellings,I10_A_AVG,"Annual average index, 2010=100",EA21,Euro area – 21 countries (from 2026),2025,,158.60,,,,,
dataflow,ESTAT:PRC_HPI_A$DEFAULTVIEW(1.0),House price index (2015 = 100) - annual data,A,Annual,DW_NEW,Purchases of newly built dwellings,I10_A_AVG,"Annual average index, 2010=100",EE,Estonia,2016,,186.78,,,,,
dataflow,ESTAT:PRC_HPI_A$DEFAULTVIEW(1.0),House price index (2015 = 100) - annual data,A,Annual,DW_NEW,Purchases of newly built dwellings,I10_A_AVG,"Annual average index, 2010=100",EE,Estonia,2017,,196.44,,,,,
dataflow,ESTAT:PRC_HPI_A$DEFAULTVIEW(1.0),House price index (2015 = 100) - annual data,A,Annual,DW_NEW,Purchases of newly built dwellings,I10_A_AVG,"Annual average index, 2010=100",EE,Estonia,2018,,213.58,,,,,
dataflow,ESTAT:PRC_HPI_A$DEFAULTVIEW(1.0),House price index (2015 = 100) - annual data,A,Annual,DW_NEW,Purchases of newly built dwellings,I10_A_AVG,"Annual average index, 2010=100",EE,Estonia,2019,,229.15,,,,,
dataflow,ESTAT:PRC_HPI_A$DEFAULTVIEW(1.0),House price index (2015 = 100) - annual data,A,Annual,DW_NEW,Purchases of newly built dwellings,I10_A_AVG,"Annual average index, 2010=100",EE,Estonia,2020,,251.05,,,,,
dataflow,ESTAT:PRC_HPI_A$DEFAULTVIEW(1.0),House price index (2015 = 100) - annual data,A,Annual,DW_NEW,Purchases of newly built dwellings,I10_A_AVG,"Annual average index, 2010=100",EE,Estonia,2021,,282.93,,,,,
dataflow,ESTAT:PRC_HPI_A$DEFAULTVIEW(1.0),House price index (2015 = 100) - annual data,A,Annual,DW_NEW,Purchases of newly built dwellings,I10_A_AVG,"Annual average index, 2010=100",EE,Estonia,2022,,333.12,,,,,
dataflow,ESTAT:PRC_HPI_A$DEFAULTVIEW(1.0),House price index (2015 = 100) - annual data,A,Annual,DW_NEW,Purchases of newly built dwellings,I10_A_AVG,"Annual average index, 2010=100",EE,Estonia,2023,,372.57,,,,,
dataflow,ESTAT:PRC_HPI_A$DEFAULTVIEW(1.0),House price index (2015 = 100) - annual data,A,Annual,DW_NEW,Purchases of newly built dwellings,I10_A_AVG,"Annual average index, 2010=100",EE,Estonia,2024,,389.32,,,,,
dataflow,ESTAT:PRC_HPI_A$DEFAULTVIEW(1.0),House price index (2015 = 100) - annual data,A,Annual,DW_NEW,Purchases of newly built dwellings,I10_A_AVG,"Annual average index, 2010=100",EE,Estonia,2025,,401.56,,,,,
dataflow,ESTAT:PRC_HPI_A$DEFAULTVIEW(1.0),House price index (2015 = 100) - annual data,A,Annual,DW_NEW,Purchases of newly built dwellings,I10_A_AVG,"Annual average index, 2010=100",ES,Spain,2016,,85.71,,,,,
dataflow,ESTAT:PRC_HPI_A$DEFAULTVIEW(1.0),House price index (2015 = 100) - annual data,A,Annual,DW_NEW,Purchases of newly built dwellings,I10_A_AVG,"Annual average index, 2010=100",ES,Spain,2017,,90.93,,,,,
dataflow,ESTAT:PRC_HPI_A$DEFAULTVIEW(1.0),House price index (2015 = 100) - annual data,A,Annual,DW_NEW,Purchases of newly built dwellings,I10_A_AVG,"Annual average index, 2010=100",ES,Spain,2018,,96.66,,,,,
dataflow,ESTAT:PRC_HPI_A$DEFAULTVIEW(1.0),House price index (2015 = 100) - annual data,A,Annual,DW_NEW,Purchases of newly built dwellings,I10_A_AVG,"Annual average index, 2010=100",ES,Spain,2019,,103.94,,,,,
dataflow,ESTAT:PRC_HPI_A$DEFAULTVIEW(1.0),House price index (2015 = 100) - annual data,A,Annual,DW_NEW,Purchases of newly built dwellings,I10_A_AVG,"Annual average index, 2010=100",ES,Spain,2020,,110.68,,,,,
dataflow,ESTAT:PRC_HPI_A$DEFAULTVIEW(1.0),House price index (2015 = 100) - annual data,A,Annual,DW_NEW,Purchases of newly built dwellings,I10_A_AVG,"Annual average index, 2010=100",ES,Spain,2021,,115.70,,,,,
dataflow,ESTAT:PRC_HPI_A$DEFAULTVIEW(1.0),House price index (2015 = 100) - annual data,A,Annual,DW_NEW,Purchases of newly built dwellings,I10_A_AVG,"Annual average index, 2010=100",ES,Spain,2022,,124.72,,,,,
dataflow,ESTAT:PRC_HPI_A$DEFAULTVIEW(1.0),House price index (2015 = 100) - annual data,A,Annual,DW_NEW,Purchases of newly built dwellings,I10_A_AVG,"Annual average index, 2010=100",ES,Spain,2023,,134.74,,,,,
dataflow,ESTAT:PRC_HPI_A$DEFAULTVIEW(1.0),House price index (2015 = 100) - annual data,A,Annual,DW_NEW,Purchases of newly built dwellings,I10_A_AVG,"Annual average index, 2010=100",ES,Spain,2024,,149.31,,,,,
dataflow,ESTAT:PRC_HPI_A$DEFAULTVIEW(1.0),House price index (2015 = 100) - annual data,A,Annual,DW_NEW,Purchases of newly built dwellings,I10_A_AVG,"Annual average index, 2010=100",ES,Spain,2025,,166.23,,,,,
dataflow,ESTAT:PRC_HPI_A$DEFAULTVIEW(1.0),House price index (2015 = 100) - annual data,A,Annual,DW_NEW,Purchases of newly built dwellings,I10_A_AVG,"Annual average index, 2010=100",EU,"European Union (EU6-1958, EU9-1973, EU10-1981, EU12-1986, EU15-1995, EU25-2004, EU27-2007, EU28-2013, EU27-2020)",2016,,103.80,,,,,
dataflow,ESTAT:PRC_HPI_A$DEFAULTVIEW(1.0),House price index (2015 = 100) - annual data,A,Annual,DW_NEW,Purchases of newly built dwellings,I10_A_AVG,"Annual average index, 2010=100",EU,"European Union (EU6-1958, EU9-1973, EU10-1981, EU12-1986, EU15-1995, EU25-2004, EU27-2007, EU28-2013, EU27-2020)",2017,,107.77,,,,,
dataflow,ESTAT:PRC_HPI_A$DEFAULTVIEW(1.0),House price index (2015 = 100) - annual data,A,Annual,DW_NEW,Purchases of newly built dwellings,I10_A_AVG,"Annual average index, 2010=100",EU,"European Union (EU6-1958, EU9-1973, EU10-1981, EU12-1986, EU15-1995, EU25-2004, EU27-2007, EU28-2013, EU27-2020)",2018,,113.12,,,,,
dataflow,ESTAT:PRC_HPI_A$DEFAULTVIEW(1.0),House price index (2015 = 100) - annual data,A,Annual,DW_NEW,Purchases of newly built dwellings,I10_A_AVG,"Annual average index, 2010=100",EU,"European Union (EU6-1958, EU9-1973, EU10-1981, EU12-1986, EU15-1995, EU25-2004, EU27-2007, EU28-2013, EU27-2020)",2019,,118.19,,,,,
dataflow,ESTAT:PRC_HPI_A$DEFAULTVIEW(1.0),House price index (2015 = 100) - annual data,A,Annual,DW_NEW,Purchases of newly built dwellings,I10_A_AVG,"Annual average index, 2010=100",EU,"European Union (EU6-1958, EU9-1973, EU10-1981, EU12-1986, EU15-1995, EU25-2004, EU27-2007, EU28-2013, EU27-2020)",2020,,123.95,,,,,
dataflow,ESTAT:PRC_HPI_A$DEFAULTVIEW(1.0),House price index (2015 = 100) - annual data,A,Annual,DW_NEW,Purchases of newly built dwellings,I10_A_AVG,"Annual average index, 2010=100",EU,"European Union (EU6-1958, EU9-1973, EU10-1981, EU12-1986, EU15-1995, EU25-2004, EU27-2007, EU28-2013, EU27-2020)",2021,,132.33,,,,,
dataflow,ESTAT:PRC_HPI_A$DEFAULTVIEW(1.0),House price index (2015 = 100) - annual data,A,Annual,DW_NEW,Purchases of newly built dwellings,I10_A_AVG,"Annual average index, 2010=100",EU,"European Union (EU6-1958, EU9-1973, EU10-1981, EU12-1986, EU15-1995, EU25-2004, EU27-2007, EU28-2013, EU27-2020)",2022,,144.77,,,,,
dataflow,ESTAT:PRC_HPI_A$DEFAULTVIEW(1.0),House price index (2015 = 100) - annual data,A,Annual,DW_NEW,Purchases of newly built dwellings,I10_A_AVG,"Annual average index, 2010=100",EU,"European Union (EU6-1958, EU9-1973, EU10-1981, EU12-1986, EU15-1995, EU25-2004, EU27-2007, EU28-2013, EU27-2020)",2023,,151.97,,,,,
dataflow,ESTAT:PRC_HPI_A$DEFAULTVIEW(1.0),House price index (2015 = 100) - annual data,A,Annual,DW_NEW,Purchases of newly built dwellings,I10_A_AVG,"Annual average index, 2010=100",EU,"European Union (EU6-1958, EU9-1973, EU10-1981, EU12-1986, EU15-1995, EU25-2004, EU27-2007, EU28-2013, EU27-2020)",2024,,162.31,,,,,
dataflow,ESTAT:PRC_HPI_A$DEFAULTVIEW(1.0),House price index (2015 = 100) - annual data,A,Annual,DW_NEW,Purchases of newly built dwellings,I10_A_AVG,"Annual average index, 2010=100",EU,"European Union (EU6-1958, EU9-1973, EU10-1981, EU12-1986, EU15-1995, EU25-2004, EU27-2007, EU28-2013, EU27-2020)",2025,,169.99,,,,,
dataflow,ESTAT:PRC_HPI_A$DEFAULTVIEW(1.0),House price index (2015 = 100) - annual data,A,Annual,DW_NEW,Purchases of newly built dwellings,I10_A_AVG,"Annual average index, 2010=100",EU27_2020,European Union - 27 countries (from 2020),2016,,102.30,,,,,
dataflow,ESTAT:PRC_HPI_A$DEFAULTVIEW(1.0),House price index (2015 = 100) - annual data,A,Annual,DW_NEW,Purchases of newly built dwellings,I10_A_AVG,"Annual average index, 2010=100",EU27_2020,European Union - 27 countries (from 2020),2017,,106.13,,,,,
dataflow,ESTAT:PRC_HPI_A$DEFAULTVIEW(1.0),House price index (2015 = 100) - annual data,A,Annual,DW_NEW,Purchases of newly built dwellings,I10_A_AVG,"Annual average index, 2010=100",EU27_2020,European Union - 27 countries (from 2020),2018,,111.44,,,,,
dataflow,ESTAT:PRC_HPI_A$DEFAULTVIEW(1.0),House price index (2015 = 100) - annual data,A,Annual,DW_NEW,Purchases of newly built dwellings,I10_A_AVG,"Annual average index, 2010=100",EU27_2020,European Union - 27 countries (from 2020),2019,,116.80,,,,,
dataflow,ESTAT:PRC_HPI_A$DEFAULTVIEW(1.0),House price index (2015 = 100) - annual data,A,Annual,DW_NEW,Purchases of newly built dwellings,I10_A_AVG,"Annual average index, 2010=100",EU27_2020,European Union - 27 countries (from 2020),2020,,122.80,,,,,
dataflow,ESTAT:PRC_HPI_A$DEFAULTVIEW(1.0),House price index (2015 = 100) - annual data,A,Annual,DW_NEW,Purchases of newly built dwellings,I10_A_AVG,"Annual average index, 2010=100",EU27_2020,European Union - 27 countries (from 2020),2021,,131.10,,,,,
dataflow,ESTAT:PRC_HPI_A$DEFAULTVIEW(1.0),House price index (2015 = 100) - annual data,A,Annual,DW_NEW,Purchases of newly built dwellings,I10_A_AVG,"Annual average index, 2010=100",EU27_2020,European Union - 27 countries (from 2020),2022,,143.43,,,,,
dataflow,ESTAT:PRC_HPI_A$DEFAULTVIEW(1.0),House price index (2015 = 100) - annual data,A,Annual,DW_NEW,Purchases of newly built dwellings,I10_A_AVG,"Annual average index, 2010=100",EU27_2020,European Union - 27 countries (from 2020),2023,,150.56,,,,,
dataflow,ESTAT:PRC_HPI_A$DEFAULTVIEW(1.0),House price index (2015 = 100) - annual data,A,Annual,DW_NEW,Purchases of newly built dwellings,I10_A_AVG,"Annual average index, 2010=100",EU27_2020,European Union - 27 countries (from 2020),2024,,160.80,,,,,
dataflow,ESTAT:PRC_HPI_A$DEFAULTVIEW(1.0),House price index (2015 = 100) - annual data,A,Annual,DW_NEW,Purchases of newly built dwellings,I10_A_AVG,"Annual average index, 2010=100",EU27_2020,European Union - 27 countries (from 2020),2025,,168.41,,,,,
dataflow,ESTAT:PRC_HPI_A$DEFAULTVIEW(1.0),House price index (2015 = 100) - annual data,A,Annual,DW_NEW,Purchases of newly built dwellings,I10_A_AVG,"Annual average index, 2010=100",EU28,European Union - 28 countries (2013-2020),2016,,103.80,,,,,
dataflow,ESTAT:PRC_HPI_A$DEFAULTVIEW(1.0),House price index (2015 = 100) - annual data,A,Annual,DW_NEW,Purchases of newly built dwellings,I10_A_AVG,"Annual average index, 2010=100",EU28,European Union - 28 countries (2013-2020),2017,,107.77,,,,,
dataflow,ESTAT:PRC_HPI_A$DEFAULTVIEW(1.0),House price index (2015 = 100) - annual data,A,Annual,DW_NEW,Purchases of newly built dwellings,I10_A_AVG,"Annual average index, 2010=100",EU28,European Union - 28 countries (2013-2020),2018,,113.12,,,,,
dataflow,ESTAT:PRC_HPI_A$DEFAULTVIEW(1.0),House price index (2015 = 100) - annual data,A,Annual,DW_NEW,Purchases of newly built dwellings,I10_A_AVG,"Annual average index, 2010=100",EU28,European Union - 28 countries (2013-2020),2019,,118.19,,,,,
dataflow,ESTAT:PRC_HPI_A$DEFAULTVIEW(1.0),House price index (2015 = 100) - annual data,A,Annual,DW_NEW,Purchases of newly built dwellings,I10_A_AVG,"Annual average index, 2010=100",FI,Finland,2016,,116.72,,,,,
dataflow,ESTAT:PRC_HPI_A$DEFAULTVIEW(1.0),House price index (2015 = 100) - annual data,A,Annual,DW_NEW,Purchases of newly built dwellings,I10_A_AVG,"Annual average index, 2010=100",FI,Finland,2017,,121.07,,,,,
dataflow,ESTAT:PRC_HPI_A$DEFAULTVIEW(1.0),House price index (2015 = 100) - annual data,A,Annual,DW_NEW,Purchases of newly built dwellings,I10_A_AVG,"Annual average index, 2010=100",FI,Finland,2018,,123.80,,,,,
dataflow,ESTAT:PRC_HPI_A$DEFAULTVIEW(1.0),House price index (2015 = 100) - annual data,A,Annual,DW_NEW,Purchases of newly built dwellings,I10_A_AVG,"Annual average index, 2010=100",FI,Finland,2019,,126.00,,,,,
dataflow,ESTAT:PRC_HPI_A$DEFAULTVIEW(1.0),House price index (2015 = 100) - annual data,A,Annual,DW_NEW,Purchases of newly built dwellings,I10_A_AVG,"Annual average index, 2010=100",FI,Finland,2020,,130.60,,,,,
dataflow,ESTAT:PRC_HPI_A$DEFAULTVIEW(1.0),House price index (2015 = 100) - annual data,A,Annual,DW_NEW,Purchases of newly built dwellings,I10_A_AVG,"Annual average index, 2010=100",FI,Finland,2021,,137.90,,,,,
dataflow,ESTAT:PRC_HPI_A$DEFAULTVIEW(1.0),House price index (2015 = 100) - annual data,A,Annual,DW_NEW,Purchases of newly built dwellings,I10_A_AVG,"Annual average index, 2010=100",FI,Finland,2022,,143.95,,,,,
dataflow,ESTAT:PRC_HPI_A$DEFAULTVIEW(1.0),House price index (2015 = 100) - annual data,A,Annual,DW_NEW,Purchases of newly built dwellings,I10_A_AVG,"Annual average index, 2010=100",FI,Finland,2023,,143.07,,,,,
dataflow,ESTAT:PRC_HPI_A$DEFAULTVIEW(1.0),House price index (2015 = 100) - annual data,A,Annual,DW_NEW,Purchases of newly built dwellings,I10_A_AVG,"Annual average index, 2010=100",FI,Finland,2024,,139.76,,,,,
dataflow,ESTAT:PRC_HPI_A$DEFAULTVIEW(1.0),House price index (2015 = 100) - annual data,A,Annual,DW_NEW,Purchases of newly built dwellings,I10_A_AVG,"Annual average index, 2010=100",FI,Finland,2025,,141.26,,,,,
dataflow,ESTAT:PRC_HPI_A$DEFAULTVIEW(1.0),House price index (2015 = 100) - annual data,A,Annual,DW_NEW,Purchases of newly built dwellings,I10_A_AVG,"Annual average index, 2010=100",FR,France,2016,,107.58,,,,,
dataflow,ESTAT:PRC_HPI_A$DEFAULTVIEW(1.0),House price index (2015 = 100) - annual data,A,Annual,DW_NEW,Purchases of newly built dwellings,I10_A_AVG,"Annual average index, 2010=100",FR,France,2017,,111.83,,,,,
dataflow,ESTAT:PRC_HPI_A$DEFAULTVIEW(1.0),House price index (2015 = 100) - annual data,A,Annual,DW_NEW,Purchases of newly built dwellings,I10_A_AVG,"Annual average index, 2010=100",FR,France,2018,,114.64,,,,,
dataflow,ESTAT:PRC_HPI_A$DEFAULTVIEW(1.0),House price index (2015 = 100) - annual data,A,Annual,DW_NEW,Purchases of newly built dwellings,I10_A_AVG,"Annual average index, 2010=100",FR,France,2019,,118.78,,,,,
dataflow,ESTAT:PRC_HPI_A$DEFAULTVIEW(1.0),House price index (2015 = 100) - annual data,A,Annual,DW_NEW,Purchases of newly built dwellings,I10_A_AVG,"Annual average index, 2010=100",FR,France,2020,,122.38,,,,,
dataflow,ESTAT:PRC_HPI_A$DEFAULTVIEW(1.0),House price index (2015 = 100) - annual data,A,Annual,DW_NEW,Purchases of newly built dwellings,I10_A_AVG,"Annual average index, 2010=100",FR,France,2021,,128.02,,,,,
dataflow,ESTAT:PRC_HPI_A$DEFAULTVIEW(1.0),House price index (2015 = 100) - annual data,A,Annual,DW_NEW,Purchases of newly built dwellings,I10_A_AVG,"Annual average index, 2010=100",FR,France,2022,,135.45,,,,,
dataflow,ESTAT:PRC_HPI_A$DEFAULTVIEW(1.0),House price index (2015 = 100) - annual data,A,Annual,DW_NEW,Purchases of newly built dwellings,I10_A_AVG,"Annual average index, 2010=100",FR,France,2023,,137.37,,,,,
dataflow,ESTAT:PRC_HPI_A$DEFAULTVIEW(1.0),House price index (2015 = 100) - annual data,A,Annual,DW_NEW,Purchases of newly built dwellings,I10_A_AVG,"Annual average index, 2010=100",FR,France,2024,,136.48,,,,,
dataflow,ESTAT:PRC_HPI_A$DEFAULTVIEW(1.0),House price index (2015 = 100) - annual data,A,Annual,DW_NEW,Purchases of newly built dwellings,I10_A_AVG,"Annual average index, 2010=100",FR,France,2025,,138.29,,p,provisional,,
dataflow,ESTAT:PRC_HPI_A$DEFAULTVIEW(1.0),House price index (2015 = 100) - annual data,A,Annual,DW_NEW,Purchases of newly built dwellings,I10_A_AVG,"Annual average index, 2010=100",HR,Croatia,2016,,86.96,,,,,
dataflow,ESTAT:PRC_HPI_A$DEFAULTVIEW(1.0),House price index (2015 = 100) - annual data,A,Annual,DW_NEW,Purchases of newly built dwellings,I10_A_AVG,"Annual average index, 2010=100",HR,Croatia,2017,,86.89,,,,,
dataflow,ESTAT:PRC_HPI_A$DEFAULTVIEW(1.0),House price index (2015 = 100) - annual data,A,Annual,DW_NEW,Purchases of newly built dwellings,I10_A_AVG,"Annual average index, 2010=100",HR,Croatia,2018,,89.98,,,,,
dataflow,ESTAT:PRC_HPI_A$DEFAULTVIEW(1.0),House price index (2015 = 100) - annual data,A,Annual,DW_NEW,Purchases of newly built dwellings,I10_A_AVG,"Annual average index, 2010=100",HR,Croatia,2019,,97.48,,,,,
dataflow,ESTAT:PRC_HPI_A$DEFAULTVIEW(1.0),House price index (2015 = 100) - annual data,A,Annual,DW_NEW,Purchases of newly built dwellings,I10_A_AVG,"Annual average index, 2010=100",HR,Croatia,2020,,98.69,,,,,
dataflow,ESTAT:PRC_HPI_A$DEFAULTVIEW(1.0),House price index (2015 = 100) - annual data,A,Annual,DW_NEW,Purchases of newly built dwellings,I10_A_AVG,"Annual average index, 2010=100",HR,Croatia,2021,,107.45,,,,,
dataflow,ESTAT:PRC_HPI_A$DEFAULTVIEW(1.0),House price index (2015 = 100) - annual data,A,Annual,DW_NEW,Purchases of newly built dwellings,I10_A_AVG,"Annual average index, 2010=100",HR,Croatia,2022,,126.25,,,,,
dataflow,ESTAT:PRC_HPI_A$DEFAULTVIEW(1.0),House price index (2015 = 100) - annual data,A,Annual,DW_NEW,Purchases of newly built dwellings,I10_A_AVG,"Annual average index, 2010=100",HR,Croatia,2023,,137.59,,,,,
dataflow,ESTAT:PRC_HPI_A$DEFAULTVIEW(1.0),House price index (2015 = 100) - annual data,A,Annual,DW_NEW,Purchases of newly built dwellings,I10_A_AVG,"Annual average index, 2010=100",HR,Croatia,2024,,146.83,,,,,
dataflow,ESTAT:PRC_HPI_A$DEFAULTVIEW(1.0),House price index (2015 = 100) - annual data,A,Annual,DW_NEW,Purchases of newly built dwellings,I10_A_AVG,"Annual average index, 2010=100",HR,Croatia,2025,,166.00,,p,provisional,,
dataflow,ESTAT:PRC_HPI_A$DEFAULTVIEW(1.0),House price index (2015 = 100) - annual data,A,Annual,DW_NEW,Purchases of newly built dwellings,I10_A_AVG,"Annual average index, 2010=100",HU,Hungary,2016,,121.75,,,,,
dataflow,ESTAT:PRC_HPI_A$DEFAULTVIEW(1.0),House price index (2015 = 100) - annual data,A,Annual,DW_NEW,Purchases of newly built dwellings,I10_A_AVG,"Annual average index, 2010=100",HU,Hungary,2017,,144.58,,,,,
dataflow,ESTAT:PRC_HPI_A$DEFAULTVIEW(1.0),House price index (2015 = 100) - annual data,A,Annual,DW_NEW,Purchases of newly built dwellings,I10_A_AVG,"Annual average index, 2010=100",HU,Hungary,2018,,164.39,,,,,
dataflow,ESTAT:PRC_HPI_A$DEFAULTVIEW(1.0),House price index (2015 = 100) - annual data,A,Annual,DW_NEW,Purchases of newly built dwellings,I10_A_AVG,"Annual average index, 2010=100",HU,Hungary,2019,,182.15,,,,,
dataflow,ESTAT:PRC_HPI_A$DEFAULTVIEW(1.0),House price index (2015 = 100) - annual data,A,Annual,DW_NEW,Purchases of newly built dwellings,I10_A_AVG,"Annual average index, 2010=100",HU,Hungary,2020,,204.63,,,,,
dataflow,ESTAT:PRC_HPI_A$DEFAULTVIEW(1.0),House price index (2015 = 100) - annual data,A,Annual,DW_NEW,Purchases of newly built dwellings,I10_A_AVG,"Annual average index, 2010=100",HU,Hungary,2021,,244.52,,,,,
dataflow,ESTAT:PRC_HPI_A$DEFAULTVIEW(1.0),House price index (2015 = 100) - annual data,A,Annual,DW_NEW,Purchases of newly built dwellings,I10_A_AVG,"Annual average index, 2010=100",HU,Hungary,2022,,297.07,,,,,
dataflow,ESTAT:PRC_HPI_A$DEFAULTVIEW(1.0),House price index (2015 = 100) - annual data,A,Annual,DW_NEW,Purchases of newly built dwellings,I10_A_AVG,"Annual average index, 2010=100",HU,Hungary,2023,,342.25,,,,,
dataflow,ESTAT:PRC_HPI_A$DEFAULTVIEW(1.0),House price index (2015 = 100) - annual data,A,Annual,DW_NEW,Purchases of newly built dwellings,I10_A_AVG,"Annual average index, 2010=100",HU,Hungary,2024,,393.14,,p,provisional,,
dataflow,ESTAT:PRC_HPI_A$DEFAULTVIEW(1.0),House price index (2015 = 100) - annual data,A,Annual,DW_NEW,Purchases of newly built dwellings,I10_A_AVG,"Annual average index, 2010=100",HU,Hungary,2025,,423.62,,p,provisional,,
dataflow,ESTAT:PRC_HPI_A$DEFAULTVIEW(1.0),House price index (2015 = 100) - annual data,A,Annual,DW_NEW,Purchases of newly built dwellings,I10_A_AVG,"Annual average index, 2010=100",IE,Ireland,2016,,91.93,,,,,
dataflow,ESTAT:PRC_HPI_A$DEFAULTVIEW(1.0),House price index (2015 = 100) - annual data,A,Annual,DW_NEW,Purchases of newly built dwellings,I10_A_AVG,"Annual average index, 2010=100",IE,Ireland,2017,,96.95,,,,,
dataflow,ESTAT:PRC_HPI_A$DEFAULTVIEW(1.0),House price index (2015 = 100) - annual data,A,Annual,DW_NEW,Purchases of newly built dwellings,I10_A_AVG,"Annual average index, 2010=100",IE,Ireland,2018,,106.55,,,,,
dataflow,ESTAT:PRC_HPI_A$DEFAULTVIEW(1.0),House price index (2015 = 100) - annual data,A,Annual,DW_NEW,Purchases of newly built dwellings,I10_A_AVG,"Annual average index, 2010=100",IE,Ireland,2019,,110.86,,,,,
dataflow,ESTAT:PRC_HPI_A$DEFAULTVIEW(1.0),House price index (2015 = 100) - annual data,A,Annual,DW_NEW,Purchases of newly built dwellings,I10_A_AVG,"Annual average index, 2010=100",IE,Ireland,2020,,113.21,,,,,
dataflow,ESTAT:PRC_HPI_A$DEFAULTVIEW(1.0),House price index (2015 = 100) - annual data,A,Annual,DW_NEW,Purchases of newly built dwellings,I10_A_AVG,"Annual average index, 2010=100",IE,Ireland,2021,,116.97,,,,,
dataflow,ESTAT:PRC_HPI_A$DEFAULTVIEW(1.0),House price index (2015 = 100) - annual data,A,Annual,DW_NEW,Purchases of newly built dwellings,I10_A_AVG,"Annual average index, 2010=100",IE,Ireland,2022,,126.74,,,,,
dataflow,ESTAT:PRC_HPI_A$DEFAULTVIEW(1.0),House price index (2015 = 100) - annual data,A,Annual,DW_NEW,Purchases of newly built dwellings,I10_A_AVG,"Annual average index, 2010=100",IE,Ireland,2023,,139.92,,,,,
dataflow,ESTAT:PRC_HPI_A$DEFAULTVIEW(1.0),House price index (2015 = 100) - annual data,A,Annual,DW_NEW,Purchases of newly built dwellings,I10_A_AVG,"Annual average index, 2010=100",IE,Ireland,2024,,149.50,,,,,
dataflow,ESTAT:PRC_HPI_A$DEFAULTVIEW(1.0),House price index (2015 = 100) - annual data,A,Annual,DW_NEW,Purchases of newly built dwellings,I10_A_AVG,"Annual average index, 2010=100",IE,Ireland,2025,,156.97,,p,provisional,,
dataflow,ESTAT:PRC_HPI_A$DEFAULTVIEW(1.0),House price index (2015 = 100) - annual data,A,Annual,DW_NEW,Purchases of newly built dwellings,I10_A_AVG,"Annual average index, 2010=100",IT,Italy,2016,,100.00,,,,,
dataflow,ESTAT:PRC_HPI_A$DEFAULTVIEW(1.0),House price index (2015 = 100) - annual data,A,Annual,DW_NEW,Purchases of newly built dwellings,I10_A_AVG,"Annual average index, 2010=100",IT,Italy,2017,,99.30,,,,,
dataflow,ESTAT:PRC_HPI_A$DEFAULTVIEW(1.0),House price index (2015 = 100) - annual data,A,Annual,DW_NEW,Purchases of newly built dwellings,I10_A_AVG,"Annual average index, 2010=100",IT,Italy,2018,,100.40,,,,,
dataflow,ESTAT:PRC_HPI_A$DEFAULTVIEW(1.0),House price index (2015 = 100) - annual data,A,Annual,DW_NEW,Purchases of newly built dwellings,I10_A_AVG,"Annual average index, 2010=100",IT,Italy,2019,,101.60,,,,,
dataflow,ESTAT:PRC_HPI_A$DEFAULTVIEW(1.0),House price index (2015 = 100) - annual data,A,Annual,DW_NEW,Purchases of newly built dwellings,I10_A_AVG,"Annual average index, 2010=100",IT,Italy,2020,,103.70,,,,,
dataflow,ESTAT:PRC_HPI_A$DEFAULTVIEW(1.0),House price index (2015 = 100) - annual data,A,Annual,DW_NEW,Purchases of newly built dwellings,I10_A_AVG,"Annual average index, 2010=100",IT,Italy,2021,,107.70,,,,,
dataflow,ESTAT:PRC_HPI_A$DEFAULTVIEW(1.0),House price index (2015 = 100) - annual data,A,Annual,DW_NEW,Purchases of newly built dwellings,I10_A_AVG,"Annual average index, 2010=100",IT,Italy,2022,,114.20,,,,,
dataflow,ESTAT:PRC_HPI_A$DEFAULTVIEW(1.0),House price index (2015 = 100) - annual data,A,Annual,DW_NEW,Purchases of newly built dwellings,I10_A_AVG,"Annual average index, 2010=100",IT,Italy,2023,,120.60,,,,,
dataflow,ESTAT:PRC_HPI_A$DEFAULTVIEW(1.0),House price index (2015 = 100) - annual data,A,Annual,DW_NEW,Purchases of newly built dwellings,I10_A_AVG,"Annual average index, 2010=100",IT,Italy,2024,,130.10,,,,,
dataflow,ESTAT:PRC_HPI_A$DEFAULTVIEW(1.0),House price index (2015 = 100) - annual data,A,Annual,DW_NEW,Purchases of newly built dwellings,I10_A_AVG,"Annual average index, 2010=100",IT,Italy,2025,,130.90,,p,provisional,,
dataflow,ESTAT:PRC_HPI_A$DEFAULTVIEW(1.0),House price index (2015 = 100) - annual data,A,Annual,DW_NEW,Purchases of newly built dwellings,I10_A_AVG,"Annual average index, 2010=100",LT,Lithuania,2016,,132.43,,,,,
dataflow,ESTAT:PRC_HPI_A$DEFAULTVIEW(1.0),House price index (2015 = 100) - annual data,A,Annual,DW_NEW,Purchases of newly built dwellings,I10_A_AVG,"Annual average index, 2010=100",LT,Lithuania,2017,,145.53,,,,,
dataflow,ESTAT:PRC_HPI_A$DEFAULTVIEW(1.0),House price index (2015 = 100) - annual data,A,Annual,DW_NEW,Purchases of newly built dwellings,I10_A_AVG,"Annual average index, 2010=100",LT,Lithuania,2018,,156.83,,,,,
dataflow,ESTAT:PRC_HPI_A$DEFAULTVIEW(1.0),House price index (2015 = 100) - annual data,A,Annual,DW_NEW,Purchases of newly built dwellings,I10_A_AVG,"Annual average index, 2010=100",LT,Lithuania,2019,,166.95,,,,,
dataflow,ESTAT:PRC_HPI_A$DEFAULTVIEW(1.0),House price index (2015 = 100) - annual data,A,Annual,DW_NEW,Purchases of newly built dwellings,I10_A_AVG,"Annual average index, 2010=100",LT,Lithuania,2020,,177.51,,,,,
dataflow,ESTAT:PRC_HPI_A$DEFAULTVIEW(1.0),House price index (2015 = 100) - annual data,A,Annual,DW_NEW,Purchases of newly built dwellings,I10_A_AVG,"Annual average index, 2010=100",LT,Lithuania,2021,,203.39,,,,,
dataflow,ESTAT:PRC_HPI_A$DEFAULTVIEW(1.0),House price index (2015 = 100) - annual data,A,Annual,DW_NEW,Purchases of newly built dwellings,I10_A_AVG,"Annual average index, 2010=100",LT,Lithuania,2022,,245.57,,,,,
dataflow,ESTAT:PRC_HPI_A$DEFAULTVIEW(1.0),House price index (2015 = 100) - annual data,A,Annual,DW_NEW,Purchases of newly built dwellings,I10_A_AVG,"Annual average index, 2010=100",LT,Lithuania,2023,,283.55,,,,,
dataflow,ESTAT:PRC_HPI_A$DEFAULTVIEW(1.0),House price index (2015 = 100) - annual data,A,Annual,DW_NEW,Purchases of newly built dwellings,I10_A_AVG,"Annual average index, 2010=100",LT,Lithuania,2024,,311.71,,,,,
dataflow,ESTAT:PRC_HPI_A$DEFAULTVIEW(1.0),House price index (2015 = 100) - annual data,A,Annual,DW_NEW,Purchases of newly built dwellings,I10_A_AVG,"Annual average index, 2010=100",LT,Lithuania,2025,,336.44,,,,,
dataflow,ESTAT:PRC_HPI_A$DEFAULTVIEW(1.0),House price index (2015 = 100) - annual data,A,Annual,DW_NEW,Purchases of newly built dwellings,I10_A_AVG,"Annual average index, 2010=100",LU,Luxembourg,2016,,133.87,,,,,
dataflow,ESTAT:PRC_HPI_A$DEFAULTVIEW(1.0),House price index (2015 = 100) - annual data,A,Annual,DW_NEW,Purchases of newly built dwellings,I10_A_AVG,"Annual average index, 2010=100",LU,Luxembourg,2017,,141.19,,,,,
dataflow,ESTAT:PRC_HPI_A$DEFAULTVIEW(1.0),House price index (2015 = 100) - annual data,A,Annual,DW_NEW,Purchases of newly built dwellings,I10_A_AVG,"Annual average index, 2010=100",LU,Luxembourg,2018,,149.14,,,,,
dataflow,ESTAT:PRC_HPI_A$DEFAULTVIEW(1.0),House price index (2015 = 100) - annual data,A,Annual,DW_NEW,Purchases of newly built dwellings,I10_A_AVG,"Annual average index, 2010=100",LU,Luxembourg,2019,,161.86,,,,,
dataflow,ESTAT:PRC_HPI_A$DEFAULTVIEW(1.0),House price index (2015 = 100) - annual data,A,Annual,DW_NEW,Purchases of newly built dwellings,I10_A_AVG,"Annual average index, 2010=100",LU,Luxembourg,2020,,185.29,,,,,
dataflow,ESTAT:PRC_HPI_A$DEFAULTVIEW(1.0),House price index (2015 = 100) - annual data,A,Annual,DW_NEW,Purchases of newly built dwellings,I10_A_AVG,"Annual average index, 2010=100",LU,Luxembourg,2021,,207.30,,,,,
dataflow,ESTAT:PRC_HPI_A$DEFAULTVIEW(1.0),House price index (2015 = 100) - annual data,A,Annual,DW_NEW,Purchases of newly built dwellings,I10_A_AVG,"Annual average index, 2010=100",LU,Luxembourg,2022,,230.68,,,,,
dataflow,ESTAT:PRC_HPI_A$DEFAULTVIEW(1.0),House price index (2015 = 100) - annual data,A,Annual,DW_NEW,Purchases of newly built dwellings,I10_A_AVG,"Annual average index, 2010=100",LU,Luxembourg,2023,,222.67,,,,,
dataflow,ESTAT:PRC_HPI_A$DEFAULTVIEW(1.0),House price index (2015 = 100) - annual data,A,Annual,DW_NEW,Purchases of newly built dwellings,I10_A_AVG,"Annual average index, 2010=100",LU,Luxembourg,2024,,214.31,,,,,
dataflow,ESTAT:PRC_HPI_A$DEFAULTVIEW(1.0),House price index (2015 = 100) - annual data,A,Annual,DW_NEW,Purchases of newly built dwellings,I10_A_AVG,"Annual average index, 2010=100",LU,Luxembourg,2025,,218.40,,p,provisional,,
dataflow,ESTAT:PRC_HPI_A$DEFAULTVIEW(1.0),House price index (2015 = 100) - annual data,A,Annual,DW_NEW,Purchases of newly built dwellings,I10_A_AVG,"Annual average index, 2010=100",LV,Latvia,2016,,173.52,,,,,
dataflow,ESTAT:PRC_HPI_A$DEFAULTVIEW(1.0),House price index (2015 = 100) - annual data,A,Annual,DW_NEW,Purchases of newly built dwellings,I10_A_AVG,"Annual average index, 2010=100",LV,Latvia,2017,,188.07,,,,,
dataflow,ESTAT:PRC_HPI_A$DEFAULTVIEW(1.0),House price index (2015 = 100) - annual data,A,Annual,DW_NEW,Purchases of newly built dwellings,I10_A_AVG,"Annual average index, 2010=100",LV,Latvia,2018,,199.61,,,,,
dataflow,ESTAT:PRC_HPI_A$DEFAULTVIEW(1.0),House price index (2015 = 100) - annual data,A,Annual,DW_NEW,Purchases of newly built dwellings,I10_A_AVG,"Annual average index, 2010=100",LV,Latvia,2019,,217.12,,,,,
dataflow,ESTAT:PRC_HPI_A$DEFAULTVIEW(1.0),House price index (2015 = 100) - annual data,A,Annual,DW_NEW,Purchases of newly built dwellings,I10_A_AVG,"Annual average index, 2010=100",LV,Latvia,2020,,233.78,,,,,
dataflow,ESTAT:PRC_HPI_A$DEFAULTVIEW(1.0),House price index (2015 = 100) - annual data,A,Annual,DW_NEW,Purchases of newly built dwellings,I10_A_AVG,"Annual average index, 2010=100",LV,Latvia,2021,,236.96,,,,,
dataflow,ESTAT:PRC_HPI_A$DEFAULTVIEW(1.0),House price index (2015 = 100) - annual data,A,Annual,DW_NEW,Purchases of newly built dwellings,I10_A_AVG,"Annual average index, 2010=100",LV,Latvia,2022,,267.63,,,,,
dataflow,ESTAT:PRC_HPI_A$DEFAULTVIEW(1.0),House price index (2015 = 100) - annual data,A,Annual,DW_NEW,Purchases of newly built dwellings,I10_A_AVG,"Annual average index, 2010=100",LV,Latvia,2023,,308.48,,,,,
dataflow,ESTAT:PRC_HPI_A$DEFAULTVIEW(1.0),House price index (2015 = 100) - annual data,A,Annual,DW_NEW,Purchases of newly built dwellings,I10_A_AVG,"Annual average index, 2010=100",LV,Latvia,2024,,338.07,,,,,
dataflow,ESTAT:PRC_HPI_A$DEFAULTVIEW(1.0),House price index (2015 = 100) - annual data,A,Annual,DW_NEW,Purchases of newly built dwellings,I10_A_AVG,"Annual average index, 2010=100",LV,Latvia,2025,,353.01,,p,provisional,,
dataflow,ESTAT:PRC_HPI_A$DEFAULTVIEW(1.0),House price index (2015 = 100) - annual data,A,Annual,DW_NEW,Purchases of newly built dwellings,I10_A_AVG,"Annual average index, 2010=100",MT,Malta,2016,,112.17,,,,,
dataflow,ESTAT:PRC_HPI_A$DEFAULTVIEW(1.0),House price index (2015 = 100) - annual data,A,Annual,DW_NEW,Purchases of newly built dwellings,I10_A_AVG,"Annual average index, 2010=100",MT,Malta,2017,,118.05,,,,,
dataflow,ESTAT:PRC_HPI_A$DEFAULTVIEW(1.0),House price index (2015 = 100) - annual data,A,Annual,DW_NEW,Purchases of newly built dwellings,I10_A_AVG,"Annual average index, 2010=100",MT,Malta,2018,,125.40,,,,,
dataflow,ESTAT:PRC_HPI_A$DEFAULTVIEW(1.0),House price index (2015 = 100) - annual data,A,Annual,DW_NEW,Purchases of newly built dwellings,I10_A_AVG,"Annual average index, 2010=100",MT,Malta,2019,,133.53,,,,,
dataflow,ESTAT:PRC_HPI_A$DEFAULTVIEW(1.0),House price index (2015 = 100) - annual data,A,Annual,DW_NEW,Purchases of newly built dwellings,I10_A_AVG,"Annual average index, 2010=100",MT,Malta,2020,,136.77,,,,,
dataflow,ESTAT:PRC_HPI_A$DEFAULTVIEW(1.0),House price index (2015 = 100) - annual data,A,Annual,DW_NEW,Purchases of newly built dwellings,I10_A_AVG,"Annual average index, 2010=100",MT,Malta,2021,,144.99,,,,,
dataflow,ESTAT:PRC_HPI_A$DEFAULTVIEW(1.0),House price index (2015 = 100) - annual data,A,Annual,DW_NEW,Purchases of newly built dwellings,I10_A_AVG,"Annual average index, 2010=100",MT,Malta,2022,,154.94,,,,,
dataflow,ESTAT:PRC_HPI_A$DEFAULTVIEW(1.0),House price index (2015 = 100) - annual data,A,Annual,DW_NEW,Purchases of newly built dwellings,I10_A_AVG,"Annual average index, 2010=100",MT,Malta,2023,,164.21,,,,,
dataflow,ESTAT:PRC_HPI_A$DEFAULTVIEW(1.0),House price index (2015 = 100) - annual data,A,Annual,DW_NEW,Purchases of newly built dwellings,I10_A_AVG,"Annual average index, 2010=100",MT,Malta,2024,,175.06,,,,,
dataflow,ESTAT:PRC_HPI_A$DEFAULTVIEW(1.0),House price index (2015 = 100) - annual data,A,Annual,DW_NEW,Purchases of newly built dwellings,I10_A_AVG,"Annual average index, 2010=100",MT,Malta,2025,,185.08,,p,provisional,,
dataflow,ESTAT:PRC_HPI_A$DEFAULTVIEW(1.0),House price index (2015 = 100) - annual data,A,Annual,DW_NEW,Purchases of newly built dwellings,I10_A_AVG,"Annual average index, 2010=100",NL,Netherlands,2016,,98.61,,,,,
dataflow,ESTAT:PRC_HPI_A$DEFAULTVIEW(1.0),House price index (2015 = 100) - annual data,A,Annual,DW_NEW,Purchases of newly built dwellings,I10_A_AVG,"Annual average index, 2010=100",NL,Netherlands,2017,,106.43,,,,,
dataflow,ESTAT:PRC_HPI_A$DEFAULTVIEW(1.0),House price index (2015 = 100) - annual data,A,Annual,DW_NEW,Purchases of newly built dwellings,I10_A_AVG,"Annual average index, 2010=100",NL,Netherlands,2018,,117.03,,,,,
dataflow,ESTAT:PRC_HPI_A$DEFAULTVIEW(1.0),House price index (2015 = 100) - annual data,A,Annual,DW_NEW,Purchases of newly built dwellings,I10_A_AVG,"Annual average index, 2010=100",NL,Netherlands,2019,,126.79,,,,,
dataflow,ESTAT:PRC_HPI_A$DEFAULTVIEW(1.0),House price index (2015 = 100) - annual data,A,Annual,DW_NEW,Purchases of newly built dwellings,I10_A_AVG,"Annual average index, 2010=100",NL,Netherlands,2020,,137.93,,,,,
dataflow,ESTAT:PRC_HPI_A$DEFAULTVIEW(1.0),House price index (2015 = 100) - annual data,A,Annual,DW_NEW,Purchases of newly built dwellings,I10_A_AVG,"Annual average index, 2010=100",NL,Netherlands,2021,,153.17,,,,,
dataflow,ESTAT:PRC_HPI_A$DEFAULTVIEW(1.0),House price index (2015 = 100) - annual data,A,Annual,DW_NEW,Purchases of newly built dwellings,I10_A_AVG,"Annual average index, 2010=100",NL,Netherlands,2022,,172.93,,,,,
dataflow,ESTAT:PRC_HPI_A$DEFAULTVIEW(1.0),House price index (2015 = 100) - annual data,A,Annual,DW_NEW,Purchases of newly built dwellings,I10_A_AVG,"Annual average index, 2010=100",NL,Netherlands,2023,,179.36,,,,,
dataflow,ESTAT:PRC_HPI_A$DEFAULTVIEW(1.0),House price index (2015 = 100) - annual data,A,Annual,DW_NEW,Purchases of newly built dwellings,I10_A_AVG,"Annual average index, 2010=100",NL,Netherlands,2024,,184.97,,,,,
dataflow,ESTAT:PRC_HPI_A$DEFAULTVIEW(1.0),House price index (2015 = 100) - annual data,A,Annual,DW_NEW,Purchases of newly built dwellings,I10_A_AVG,"Annual average index, 2010=100",NL,Netherlands,2025,,199.22,,p,provisional,,
dataflow,ESTAT:PRC_HPI_A$DEFAULTVIEW(1.0),House price index (2015 = 100) - annual data,A,Annual,DW_NEW,Purchases of newly built dwellings,I10_A_AVG,"Annual average index, 2010=100",NO,Norway,2016,,140.85,,,,,
dataflow,ESTAT:PRC_HPI_A$DEFAULTVIEW(1.0),House price index (2015 = 100) - annual data,A,Annual,DW_NEW,Purchases of newly built dwellings,I10_A_AVG,"Annual average index, 2010=100",NO,Norway,2017,,148.27,,,,,
dataflow,ESTAT:PRC_HPI_A$DEFAULTVIEW(1.0),House price index (2015 = 100) - annual data,A,Annual,DW_NEW,Purchases of newly built dwellings,I10_A_AVG,"Annual average index, 2010=100",NO,Norway,2018,,151.53,,,,,
dataflow,ESTAT:PRC_HPI_A$DEFAULTVIEW(1.0),House price index (2015 = 100) - annual data,A,Annual,DW_NEW,Purchases of newly built dwellings,I10_A_AVG,"Annual average index, 2010=100",NO,Norway,2019,,161.06,,,,,
dataflow,ESTAT:PRC_HPI_A$DEFAULTVIEW(1.0),House price index (2015 = 100) - annual data,A,Annual,DW_NEW,Purchases of newly built dwellings,I10_A_AVG,"Annual average index, 2010=100",NO,Norway,2020,,169.91,,,,,
dataflow,ESTAT:PRC_HPI_A$DEFAULTVIEW(1.0),House price index (2015 = 100) - annual data,A,Annual,DW_NEW,Purchases of newly built dwellings,I10_A_AVG,"Annual average index, 2010=100",NO,Norway,2021,,181.97,,,,,
dataflow,ESTAT:PRC_HPI_A$DEFAULTVIEW(1.0),House price index (2015 = 100) - annual data,A,Annual,DW_NEW,Purchases of newly built dwellings,I10_A_AVG,"Annual average index, 2010=100",NO,Norway,2022,,194.61,,,,,
dataflow,ESTAT:PRC_HPI_A$DEFAULTVIEW(1.0),House price index (2015 = 100) - annual data,A,Annual,DW_NEW,Purchases of newly built dwellings,I10_A_AVG,"Annual average index, 2010=100",NO,Norway,2023,,203.58,,,,,
dataflow,ESTAT:PRC_HPI_A$DEFAULTVIEW(1.0),House price index (2015 = 100) - annual data,A,Annual,DW_NEW,Purchases of newly built dwellings,I10_A_AVG,"Annual average index, 2010=100",NO,Norway,2024,,212.45,,,,,
dataflow,ESTAT:PRC_HPI_A$DEFAULTVIEW(1.0),House price index (2015 = 100) - annual data,A,Annual,DW_NEW,Purchases of newly built dwellings,I10_A_AVG,"Annual average index, 2010=100",NO,Norway,2025,,223.89,,,,,
dataflow,ESTAT:PRC_HPI_A$DEFAULTVIEW(1.0),House price index (2015 = 100) - annual data,A,Annual,DW_NEW,Purchases of newly built dwellings,I10_A_AVG,"Annual average index, 2010=100",PL,Poland,2016,,99.80,,,,,
dataflow,ESTAT:PRC_HPI_A$DEFAULTVIEW(1.0),House price index (2015 = 100) - annual data,A,Annual,DW_NEW,Purchases of newly built dwellings,I10_A_AVG,"Annual average index, 2010=100",PL,Poland,2017,,102.99,,,,,
dataflow,ESTAT:PRC_HPI_A$DEFAULTVIEW(1.0),House price index (2015 = 100) - annual data,A,Annual,DW_NEW,Purchases of newly built dwellings,I10_A_AVG,"Annual average index, 2010=100",PL,Poland,2018,,108.63,,,,,
dataflow,ESTAT:PRC_HPI_A$DEFAULTVIEW(1.0),House price index (2015 = 100) - annual data,A,Annual,DW_NEW,Purchases of newly built dwellings,I10_A_AVG,"Annual average index, 2010=100",PL,Poland,2019,,115.89,,,,,
dataflow,ESTAT:PRC_HPI_A$DEFAULTVIEW(1.0),House price index (2015 = 100) - annual data,A,Annual,DW_NEW,Purchases of newly built dwellings,I10_A_AVG,"Annual average index, 2010=100",PL,Poland,2020,,123.10,,,,,
dataflow,ESTAT:PRC_HPI_A$DEFAULTVIEW(1.0),House price index (2015 = 100) - annual data,A,Annual,DW_NEW,Purchases of newly built dwellings,I10_A_AVG,"Annual average index, 2010=100",PL,Poland,2021,,134.30,,,,,
dataflow,ESTAT:PRC_HPI_A$DEFAULTVIEW(1.0),House price index (2015 = 100) - annual data,A,Annual,DW_NEW,Purchases of newly built dwellings,I10_A_AVG,"Annual average index, 2010=100",PL,Poland,2022,,150.16,,,,,
dataflow,ESTAT:PRC_HPI_A$DEFAULTVIEW(1.0),House price index (2015 = 100) - annual data,A,Annual,DW_NEW,Purchases of newly built dwellings,I10_A_AVG,"Annual average index, 2010=100",PL,Poland,2023,,165.88,,,,,
dataflow,ESTAT:PRC_HPI_A$DEFAULTVIEW(1.0),House price index (2015 = 100) - annual data,A,Annual,DW_NEW,Purchases of newly built dwellings,I10_A_AVG,"Annual average index, 2010=100",PL,Poland,2024,,193.18,,,,,
dataflow,ESTAT:PRC_HPI_A$DEFAULTVIEW(1.0),House price index (2015 = 100) - annual data,A,Annual,DW_NEW,Purchases of newly built dwellings,I10_A_AVG,"Annual average index, 2010=100",PL,Poland,2025,,204.21,,,,,
dataflow,ESTAT:PRC_HPI_A$DEFAULTVIEW(1.0),House price index (2015 = 100) - annual data,A,Annual,DW_NEW,Purchases of newly built dwellings,I10_A_AVG,"Annual average index, 2010=100",PT,Portugal,2016,,98.24,,,,,
dataflow,ESTAT:PRC_HPI_A$DEFAULTVIEW(1.0),House price index (2015 = 100) - annual data,A,Annual,DW_NEW,Purchases of newly built dwellings,I10_A_AVG,"Annual average index, 2010=100",PT,Portugal,2017,,103.74,,,,,
dataflow,ESTAT:PRC_HPI_A$DEFAULTVIEW(1.0),House price index (2015 = 100) - annual data,A,Annual,DW_NEW,Purchases of newly built dwellings,I10_A_AVG,"Annual average index, 2010=100",PT,Portugal,2018,,111.52,,,,,
dataflow,ESTAT:PRC_HPI_A$DEFAULTVIEW(1.0),House price index (2015 = 100) - annual data,A,Annual,DW_NEW,Purchases of newly built dwellings,I10_A_AVG,"Annual average index, 2010=100",PT,Portugal,2019,,121.30,,,,,
dataflow,ESTAT:PRC_HPI_A$DEFAULTVIEW(1.0),House price index (2015 = 100) - annual data,A,Annual,DW_NEW,Purchases of newly built dwellings,I10_A_AVG,"Annual average index, 2010=100",PT,Portugal,2020,,130.43,,,,,
dataflow,ESTAT:PRC_HPI_A$DEFAULTVIEW(1.0),House price index (2015 = 100) - annual data,A,Annual,DW_NEW,Purchases of newly built dwellings,I10_A_AVG,"Annual average index, 2010=100",PT,Portugal,2021,,141.80,,,,,
dataflow,ESTAT:PRC_HPI_A$DEFAULTVIEW(1.0),House price index (2015 = 100) - annual data,A,Annual,DW_NEW,Purchases of newly built dwellings,I10_A_AVG,"Annual average index, 2010=100",PT,Portugal,2022,,154.07,,,,,
dataflow,ESTAT:PRC_HPI_A$DEFAULTVIEW(1.0),House price index (2015 = 100) - annual data,A,Annual,DW_NEW,Purchases of newly built dwellings,I10_A_AVG,"Annual average index, 2010=100",PT,Portugal,2023,,164.26,,,,,
dataflow,ESTAT:PRC_HPI_A$DEFAULTVIEW(1.0),House price index (2015 = 100) - annual data,A,Annual,DW_NEW,Purchases of newly built dwellings,I10_A_AVG,"Annual average index, 2010=100",PT,Portugal,2024,,176.54,,,,,
dataflow,ESTAT:PRC_HPI_A$DEFAULTVIEW(1.0),House price index (2015 = 100) - annual data,A,Annual,DW_NEW,Purchases of newly built dwellings,I10_A_AVG,"Annual average index, 2010=100",PT,Portugal,2025,,201.57,,,,,
dataflow,ESTAT:PRC_HPI_A$DEFAULTVIEW(1.0),House price index (2015 = 100) - annual data,A,Annual,DW_NEW,Purchases of newly built dwellings,I10_A_AVG,"Annual average index, 2010=100",RO,Romania,2016,,95.95,,,,,
dataflow,ESTAT:PRC_HPI_A$DEFAULTVIEW(1.0),House price index (2015 = 100) - annual data,A,Annual,DW_NEW,Purchases of newly built dwellings,I10_A_AVG,"Annual average index, 2010=100",RO,Romania,2017,,96.21,,,,,
dataflow,ESTAT:PRC_HPI_A$DEFAULTVIEW(1.0),House price index (2015 = 100) - annual data,A,Annual,DW_NEW,Purchases of newly built dwellings,I10_A_AVG,"Annual average index, 2010=100",RO,Romania,2018,,100.06,,,,,
dataflow,ESTAT:PRC_HPI_A$DEFAULTVIEW(1.0),House price index (2015 = 100) - annual data,A,Annual,DW_NEW,Purchases of newly built dwellings,I10_A_AVG,"Annual average index, 2010=100",RO,Romania,2019,,101.89,,,,,
dataflow,ESTAT:PRC_HPI_A$DEFAULTVIEW(1.0),House price index (2015 = 100) - annual data,A,Annual,DW_NEW,Purchases of newly built dwellings,I10_A_AVG,"Annual average index, 2010=100",RO,Romania,2020,,105.93,,,,,
dataflow,ESTAT:PRC_HPI_A$DEFAULTVIEW(1.0),House price index (2015 = 100) - annual data,A,Annual,DW_NEW,Purchases of newly built dwellings,I10_A_AVG,"Annual average index, 2010=100",RO,Romania,2021,,107.65,,,,,
dataflow,ESTAT:PRC_HPI_A$DEFAULTVIEW(1.0),House price index (2015 = 100) - annual data,A,Annual,DW_NEW,Purchases of newly built dwellings,I10_A_AVG,"Annual average index, 2010=100",RO,Romania,2022,,119.85,,,,,
dataflow,ESTAT:PRC_HPI_A$DEFAULTVIEW(1.0),House price index (2015 = 100) - annual data,A,Annual,DW_NEW,Purchases of newly built dwellings,I10_A_AVG,"Annual average index, 2010=100",RO,Romania,2023,,130.29,,,,,
dataflow,ESTAT:PRC_HPI_A$DEFAULTVIEW(1.0),House price index (2015 = 100) - annual data,A,Annual,DW_NEW,Purchases of newly built dwellings,I10_A_AVG,"Annual average index, 2010=100",RO,Romania,2024,,140.86,,,,,
dataflow,ESTAT:PRC_HPI_A$DEFAULTVIEW(1.0),House price index (2015 = 100) - annual data,A,Annual,DW_NEW,Purchases of newly built dwellings,I10_A_AVG,"Annual average index, 2010=100",RO,Romania,2025,,145.72,,,,,
dataflow,ESTAT:PRC_HPI_A$DEFAULTVIEW(1.0),House price index (2015 = 100) - annual data,A,Annual,DW_NEW,Purchases of newly built dwellings,I10_A_AVG,"Annual average index, 2010=100",SE,Sweden,2016,,119.50,,,,,
dataflow,ESTAT:PRC_HPI_A$DEFAULTVIEW(1.0),House price index (2015 = 100) - annual data,A,Annual,DW_NEW,Purchases of newly built dwellings,I10_A_AVG,"Annual average index, 2010=100",SE,Sweden,2017,,126.91,,,,,
dataflow,ESTAT:PRC_HPI_A$DEFAULTVIEW(1.0),House price index (2015 = 100) - annual data,A,Annual,DW_NEW,Purchases of newly built dwellings,I10_A_AVG,"Annual average index, 2010=100",SE,Sweden,2018,,139.21,,,,,
dataflow,ESTAT:PRC_HPI_A$DEFAULTVIEW(1.0),House price index (2015 = 100) - annual data,A,Annual,DW_NEW,Purchases of newly built dwellings,I10_A_AVG,"Annual average index, 2010=100",SE,Sweden,2019,,145.77,,,,,
dataflow,ESTAT:PRC_HPI_A$DEFAULTVIEW(1.0),House price index (2015 = 100) - annual data,A,Annual,DW_NEW,Purchases of newly built dwellings,I10_A_AVG,"Annual average index, 2010=100",SE,Sweden,2020,,143.54,,,,,
dataflow,ESTAT:PRC_HPI_A$DEFAULTVIEW(1.0),House price index (2015 = 100) - annual data,A,Annual,DW_NEW,Purchases of newly built dwellings,I10_A_AVG,"Annual average index, 2010=100",SE,Sweden,2021,,144.96,,,,,
dataflow,ESTAT:PRC_HPI_A$DEFAULTVIEW(1.0),House price index (2015 = 100) - annual data,A,Annual,DW_NEW,Purchases of newly built dwellings,I10_A_AVG,"Annual average index, 2010=100",SE,Sweden,2022,,166.08,,,,,
dataflow,ESTAT:PRC_HPI_A$DEFAULTVIEW(1.0),House price index (2015 = 100) - annual data,A,Annual,DW_NEW,Purchases of newly built dwellings,I10_A_AVG,"Annual average index, 2010=100",SE,Sweden,2023,,171.23,,,,,
dataflow,ESTAT:PRC_HPI_A$DEFAULTVIEW(1.0),House price index (2015 = 100) - annual data,A,Annual,DW_NEW,Purchases of newly built dwellings,I10_A_AVG,"Annual average index, 2010=100",SE,Sweden,2024,,160.07,,,,,
dataflow,ESTAT:PRC_HPI_A$DEFAULTVIEW(1.0),House price index (2015 = 100) - annual data,A,Annual,DW_NEW,Purchases of newly built dwellings,I10_A_AVG,"Annual average index, 2010=100",SE,Sweden,2025,,156.54,,,,,
dataflow,ESTAT:PRC_HPI_A$DEFAULTVIEW(1.0),House price index (2015 = 100) - annual data,A,Annual,DW_NEW,Purchases of newly built dwellings,I10_A_AVG,"Annual average index, 2010=100",SI,Slovenia,2016,,87.15,,,,,
dataflow,ESTAT:PRC_HPI_A$DEFAULTVIEW(1.0),House price index (2015 = 100) - annual data,A,Annual,DW_NEW,Purchases of newly built dwellings,I10_A_AVG,"Annual average index, 2010=100",SI,Slovenia,2017,,96.36,,,,,
dataflow,ESTAT:PRC_HPI_A$DEFAULTVIEW(1.0),House price index (2015 = 100) - annual data,A,Annual,DW_NEW,Purchases of newly built dwellings,I10_A_AVG,"Annual average index, 2010=100",SI,Slovenia,2018,,104.31,,,,,
dataflow,ESTAT:PRC_HPI_A$DEFAULTVIEW(1.0),House price index (2015 = 100) - annual data,A,Annual,DW_NEW,Purchases of newly built dwellings,I10_A_AVG,"Annual average index, 2010=100",SI,Slovenia,2019,,104.41,,,,,
dataflow,ESTAT:PRC_HPI_A$DEFAULTVIEW(1.0),House price index (2015 = 100) - annual data,A,Annual,DW_NEW,Purchases of newly built dwellings,I10_A_AVG,"Annual average index, 2010=100",SI,Slovenia,2020,,108.50,,,,,
dataflow,ESTAT:PRC_HPI_A$DEFAULTVIEW(1.0),House price index (2015 = 100) - annual data,A,Annual,DW_NEW,Purchases of newly built dwellings,I10_A_AVG,"Annual average index, 2010=100",SI,Slovenia,2021,,122.04,,,,,
dataflow,ESTAT:PRC_HPI_A$DEFAULTVIEW(1.0),House price index (2015 = 100) - annual data,A,Annual,DW_NEW,Purchases of newly built dwellings,I10_A_AVG,"Annual average index, 2010=100",SI,Slovenia,2022,,131.21,,,,,
dataflow,ESTAT:PRC_HPI_A$DEFAULTVIEW(1.0),House price index (2015 = 100) - annual data,A,Annual,DW_NEW,Purchases of newly built dwellings,I10_A_AVG,"Annual average index, 2010=100",SI,Slovenia,2023,,139.82,,,,,
dataflow,ESTAT:PRC_HPI_A$DEFAULTVIEW(1.0),House price index (2015 = 100) - annual data,A,Annual,DW_NEW,Purchases of newly built dwellings,I10_A_AVG,"Annual average index, 2010=100",SI,Slovenia,2024,,155.62,,,,,
dataflow,ESTAT:PRC_HPI_A$DEFAULTVIEW(1.0),House price index (2015 = 100) - annual data,A,Annual,DW_NEW,Purchases of newly built dwellings,I10_A_AVG,"Annual average index, 2010=100",SI,Slovenia,2025,,150.53,,p,provisional,,
dataflow,ESTAT:PRC_HPI_A$DEFAULTVIEW(1.0),House price index (2015 = 100) - annual data,A,Annual,DW_NEW,Purchases of newly built dwellings,I10_A_AVG,"Annual average index, 2010=100",SK,Slovakia,2016,,101.49,,,,,
dataflow,ESTAT:PRC_HPI_A$DEFAULTVIEW(1.0),House price index (2015 = 100) - annual data,A,Annual,DW_NEW,Purchases of newly built dwellings,I10_A_AVG,"Annual average index, 2010=100",SK,Slovakia,2017,,108.24,,,,,
dataflow,ESTAT:PRC_HPI_A$DEFAULTVIEW(1.0),House price index (2015 = 100) - annual data,A,Annual,DW_NEW,Purchases of newly built dwellings,I10_A_AVG,"Annual average index, 2010=100",SK,Slovakia,2018,,114.73,,,,,
dataflow,ESTAT:PRC_HPI_A$DEFAULTVIEW(1.0),House price index (2015 = 100) - annual data,A,Annual,DW_NEW,Purchases of newly built dwellings,I10_A_AVG,"Annual average index, 2010=100",SK,Slovakia,2019,,121.55,,,,,
dataflow,ESTAT:PRC_HPI_A$DEFAULTVIEW(1.0),House price index (2015 = 100) - annual data,A,Annual,DW_NEW,Purchases of newly built dwellings,I10_A_AVG,"Annual average index, 2010=100",SK,Slovakia,2020,,131.09,,,,,
dataflow,ESTAT:PRC_HPI_A$DEFAULTVIEW(1.0),House price index (2015 = 100) - annual data,A,Annual,DW_NEW,Purchases of newly built dwellings,I10_A_AVG,"Annual average index, 2010=100",SK,Slovakia,2021,,137.51,,,,,
dataflow,ESTAT:PRC_HPI_A$DEFAULTVIEW(1.0),House price index (2015 = 100) - annual data,A,Annual,DW_NEW,Purchases of newly built dwellings,I10_A_AVG,"Annual average index, 2010=100",SK,Slovakia,2022,,159.82,,,,,
dataflow,ESTAT:PRC_HPI_A$DEFAULTVIEW(1.0),House price index (2015 = 100) - annual data,A,Annual,DW_NEW,Purchases of newly built dwellings,I10_A_AVG,"Annual average index, 2010=100",SK,Slovakia,2023,,155.91,,,,,
dataflow,ESTAT:PRC_HPI_A$DEFAULTVIEW(1.0),House price index (2015 = 100) - annual data,A,Annual,DW_NEW,Purchases of newly built dwellings,I10_A_AVG,"Annual average index, 2010=100",SK,Slovakia,2024,,159.39,,,,,
dataflow,ESTAT:PRC_HPI_A$DEFAULTVIEW(1.0),House price index (2015 = 100) - annual data,A,Annual,DW_NEW,Purchases of newly built dwellings,I10_A_AVG,"Annual average index, 2010=100",SK,Slovakia,2025,,176.59,,,,,
dataflow,ESTAT:PRC_HPI_A$DEFAULTVIEW(1.0),House price index (2015 = 100) - annual data,A,Annual,DW_NEW,Purchases of newly built dwellings,I10_A_AVG,"Annual average index, 2010=100",TR,Türkiye,2016,,191.04,,,,,
dataflow,ESTAT:PRC_HPI_A$DEFAULTVIEW(1.0),House price index (2015 = 100) - annual data,A,Annual,DW_NEW,Purchases of newly built dwellings,I10_A_AVG,"Annual average index, 2010=100",TR,Türkiye,2017,,211.49,,,,,
dataflow,ESTAT:PRC_HPI_A$DEFAULTVIEW(1.0),House price index (2015 = 100) - annual data,A,Annual,DW_NEW,Purchases of newly built dwellings,I10_A_AVG,"Annual average index, 2010=100",TR,Türkiye,2018,,230.48,,,,,
dataflow,ESTAT:PRC_HPI_A$DEFAULTVIEW(1.0),House price index (2015 = 100) - annual data,A,Annual,DW_NEW,Purchases of newly built dwellings,I10_A_AVG,"Annual average index, 2010=100",TR,Türkiye,2019,,245.83,,,,,
dataflow,ESTAT:PRC_HPI_A$DEFAULTVIEW(1.0),House price index (2015 = 100) - annual data,A,Annual,DW_NEW,Purchases of newly built dwellings,I10_A_AVG,"Annual average index, 2010=100",TR,Türkiye,2020,,310.14,,,,,
dataflow,ESTAT:PRC_HPI_A$DEFAULTVIEW(1.0),House price index (2015 = 100) - annual data,A,Annual,DW_NEW,Purchases of newly built dwellings,I10_A_AVG,"Annual average index, 2010=100",TR,Türkiye,2021,,439.90,,,,,
dataflow,ESTAT:PRC_HPI_A$DEFAULTVIEW(1.0),House price index (2015 = 100) - annual data,A,Annual,DW_NEW,Purchases of newly built dwellings,I10_A_AVG,"Annual average index, 2010=100",TR,Türkiye,2022,,1103.93,,,,,
dataflow,ESTAT:PRC_HPI_A$DEFAULTVIEW(1.0),House price index (2015 = 100) - annual data,A,Annual,DW_NEW,Purchases of newly built dwellings,I10_A_AVG,"Annual average index, 2010=100",TR,Türkiye,2023,,2220.97,,,,,
dataflow,ESTAT:PRC_HPI_A$DEFAULTVIEW(1.0),House price index (2015 = 100) - annual data,A,Annual,DW_NEW,Purchases of newly built dwellings,I10_A_AVG,"Annual average index, 2010=100",TR,Türkiye,2024,,3149.41,,,,,
dataflow,ESTAT:PRC_HPI_A$DEFAULTVIEW(1.0),House price index (2015 = 100) - annual data,A,Annual,DW_NEW,Purchases of newly built dwellings,I10_A_AVG,"Annual average index, 2010=100",UK,United Kingdom,2016,,129.19,,,,,
dataflow,ESTAT:PRC_HPI_A$DEFAULTVIEW(1.0),House price index (2015 = 100) - annual data,A,Annual,DW_NEW,Purchases of newly built dwellings,I10_A_AVG,"Annual average index, 2010=100",UK,United Kingdom,2017,,135.79,,,,,
dataflow,ESTAT:PRC_HPI_A$DEFAULTVIEW(1.0),House price index (2015 = 100) - annual data,A,Annual,DW_NEW,Purchases of newly built dwellings,I10_A_AVG,"Annual average index, 2010=100",UK,United Kingdom,2018,,141.55,,,,,
dataflow,ESTAT:PRC_HPI_A$DEFAULTVIEW(1.0),House price index (2015 = 100) - annual data,A,Annual,DW_NEW,Purchases of newly built dwellings,I10_A_AVG,"Annual average index, 2010=100",UK,United Kingdom,2019,,142.69,,,,,
dataflow,ESTAT:PRC_HPI_A$DEFAULTVIEW(1.0),House price index (2015 = 100) - annual data,A,Annual,DW_NEW,Purchases of newly built dwellings,I15_A_AVG,"Annual average index, 2015=100",AT,Austria,2016,,107.85,,,,,
dataflow,ESTAT:PRC_HPI_A$DEFAULTVIEW(1.0),House price index (2015 = 100) - annual data,A,Annual,DW_NEW,Purchases of newly built dwellings,I15_A_AVG,"Annual average index, 2015=100",AT,Austria,2017,,110.47,,,,,
dataflow,ESTAT:PRC_HPI_A$DEFAULTVIEW(1.0),House price index (2015 = 100) - annual data,A,Annual,DW_NEW,Purchases of newly built dwellings,I15_A_AVG,"Annual average index, 2015=100",AT,Austria,2018,,115.98,,,,,
dataflow,ESTAT:PRC_HPI_A$DEFAULTVIEW(1.0),House price index (2015 = 100) - annual data,A,Annual,DW_NEW,Purchases of newly built dwellings,I15_A_AVG,"Annual average index, 2015=100",AT,Austria,2019,,122.90,,,,,
dataflow,ESTAT:PRC_HPI_A$DEFAULTVIEW(1.0),House price index (2015 = 100) - annual data,A,Annual,DW_NEW,Purchases of newly built dwellings,I15_A_AVG,"Annual average index, 2015=100",AT,Austria,2020,,132.08,,,,,
dataflow,ESTAT:PRC_HPI_A$DEFAULTVIEW(1.0),House price index (2015 = 100) - annual data,A,Annual,DW_NEW,Purchases of newly built dwellings,I15_A_AVG,"Annual average index, 2015=100",AT,Austria,2021,,143.12,,,,,
dataflow,ESTAT:PRC_HPI_A$DEFAULTVIEW(1.0),House price index (2015 = 100) - annual data,A,Annual,DW_NEW,Purchases of newly built dwellings,I15_A_AVG,"Annual average index, 2015=100",AT,Austria,2022,,159.58,,,,,
dataflow,ESTAT:PRC_HPI_A$DEFAULTVIEW(1.0),House price index (2015 = 100) - annual data,A,Annual,DW_NEW,Purchases of newly built dwellings,I15_A_AVG,"Annual average index, 2015=100",AT,Austria,2023,,159.13,,,,,
dataflow,ESTAT:PRC_HPI_A$DEFAULTVIEW(1.0),House price index (2015 = 100) - annual data,A,Annual,DW_NEW,Purchases of newly built dwellings,I15_A_AVG,"Annual average index, 2015=100",AT,Austria,2024,,163.17,,,,,
dataflow,ESTAT:PRC_HPI_A$DEFAULTVIEW(1.0),House price index (2015 = 100) - annual data,A,Annual,DW_NEW,Purchases of newly built dwellings,I15_A_AVG,"Annual average index, 2015=100",AT,Austria,2025,,167.92,,p,provisional,,
dataflow,ESTAT:PRC_HPI_A$DEFAULTVIEW(1.0),House price index (2015 = 100) - annual data,A,Annual,DW_NEW,Purchases of newly built dwellings,I15_A_AVG,"Annual average index, 2015=100",BE,Belgium,2016,,103.49,,,,,
dataflow,ESTAT:PRC_HPI_A$DEFAULTVIEW(1.0),House price index (2015 = 100) - annual data,A,Annual,DW_NEW,Purchases of newly built dwellings,I15_A_AVG,"Annual average index, 2015=100",BE,Belgium,2017,,107.91,,,,,
dataflow,ESTAT:PRC_HPI_A$DEFAULTVIEW(1.0),House price index (2015 = 100) - annual data,A,Annual,DW_NEW,Purchases of newly built dwellings,I15_A_AVG,"Annual average index, 2015=100",BE,Belgium,2018,,111.35,,,,,
dataflow,ESTAT:PRC_HPI_A$DEFAULTVIEW(1.0),House price index (2015 = 100) - annual data,A,Annual,DW_NEW,Purchases of newly built dwellings,I15_A_AVG,"Annual average index, 2015=100",BE,Belgium,2019,,114.79,,,,,
dataflow,ESTAT:PRC_HPI_A$DEFAULTVIEW(1.0),House price index (2015 = 100) - annual data,A,Annual,DW_NEW,Purchases of newly built dwellings,I15_A_AVG,"Annual average index, 2015=100",BE,Belgium,2020,,119.88,,,,,
dataflow,ESTAT:PRC_HPI_A$DEFAULTVIEW(1.0),House price index (2015 = 100) - annual data,A,Annual,DW_NEW,Purchases of newly built dwellings,I15_A_AVG,"Annual average index, 2015=100",BE,Belgium,2021,,127.41,,,,,
dataflow,ESTAT:PRC_HPI_A$DEFAULTVIEW(1.0),House price index (2015 = 100) - annual data,A,Annual,DW_NEW,Purchases of newly built dwellings,I15_A_AVG,"Annual average index, 2015=100",BE,Belgium,2022,,134.14,,,,,
dataflow,ESTAT:PRC_HPI_A$DEFAULTVIEW(1.0),House price index (2015 = 100) - annual data,A,Annual,DW_NEW,Purchases of newly built dwellings,I15_A_AVG,"Annual average index, 2015=100",BE,Belgium,2023,,136.92,,,,,
dataflow,ESTAT:PRC_HPI_A$DEFAULTVIEW(1.0),House price index (2015 = 100) - annual data,A,Annual,DW_NEW,Purchases of newly built dwellings,I15_A_AVG,"Annual average index, 2015=100",BE,Belgium,2024,,145.06,,,,,
dataflow,ESTAT:PRC_HPI_A$DEFAULTVIEW(1.0),House price index (2015 = 100) - annual data,A,Annual,DW_NEW,Purchases of newly built dwellings,I15_A_AVG,"Annual average index, 2015=100",BE,Belgium,2025,,147.63,,p,provisional,,
dataflow,ESTAT:PRC_HPI_A$DEFAULTVIEW(1.0),House price index (2015 = 100) - annual data,A,Annual,DW_NEW,Purchases of newly built dwellings,I15_A_AVG,"Annual average index, 2015=100",BG,Bulgaria,2016,,106.41,,,,,
dataflow,ESTAT:PRC_HPI_A$DEFAULTVIEW(1.0),House price index (2015 = 100) - annual data,A,Annual,DW_NEW,Purchases of newly built dwellings,I15_A_AVG,"Annual average index, 2015=100",BG,Bulgaria,2017,,113.54,,,,,
dataflow,ESTAT:PRC_HPI_A$DEFAULTVIEW(1.0),House price index (2015 = 100) - annual data,A,Annual,DW_NEW,Purchases of newly built dwellings,I15_A_AVG,"Annual average index, 2015=100",BG,Bulgaria,2018,,120.04,,,,,
dataflow,ESTAT:PRC_HPI_A$DEFAULTVIEW(1.0),House price index (2015 = 100) - annual data,A,Annual,DW_NEW,Purchases of newly built dwellings,I15_A_AVG,"Annual average index, 2015=100",BG,Bulgaria,2019,,130.19,,,,,
dataflow,ESTAT:PRC_HPI_A$DEFAULTVIEW(1.0),House price index (2015 = 100) - annual data,A,Annual,DW_NEW,Purchases of newly built dwellings,I15_A_AVG,"Annual average index, 2015=100",BG,Bulgaria,2020,,133.00,,,,,
dataflow,ESTAT:PRC_HPI_A$DEFAULTVIEW(1.0),House price index (2015 = 100) - annual data,A,Annual,DW_NEW,Purchases of newly built dwellings,I15_A_AVG,"Annual average index, 2015=100",BG,Bulgaria,2021,,143.27,,,,,
dataflow,ESTAT:PRC_HPI_A$DEFAULTVIEW(1.0),House price index (2015 = 100) - annual data,A,Annual,DW_NEW,Purchases of newly built dwellings,I15_A_AVG,"Annual average index, 2015=100",BG,Bulgaria,2022,,158.81,,b,break in time series,,
dataflow,ESTAT:PRC_HPI_A$DEFAULTVIEW(1.0),House price index (2015 = 100) - annual data,A,Annual,DW_NEW,Purchases of newly built dwellings,I15_A_AVG,"Annual average index, 2015=100",BG,Bulgaria,2023,,172.52,,,,,
dataflow,ESTAT:PRC_HPI_A$DEFAULTVIEW(1.0),House price index (2015 = 100) - annual data,A,Annual,DW_NEW,Purchases of newly built dwellings,I15_A_AVG,"Annual average index, 2015=100",BG,Bulgaria,2024,,203.22,,,,,
dataflow,ESTAT:PRC_HPI_A$DEFAULTVIEW(1.0),House price index (2015 = 100) - annual data,A,Annual,DW_NEW,Purchases of newly built dwellings,I15_A_AVG,"Annual average index, 2015=100",BG,Bulgaria,2025,,227.60,,p,provisional,,
dataflow,ESTAT:PRC_HPI_A$DEFAULTVIEW(1.0),House price index (2015 = 100) - annual data,A,Annual,DW_NEW,Purchases of newly built dwellings,I15_A_AVG,"Annual average index, 2015=100",CY,Cyprus,2016,,100.38,,,,,
dataflow,ESTAT:PRC_HPI_A$DEFAULTVIEW(1.0),House price index (2015 = 100) - annual data,A,Annual,DW_NEW,Purchases of newly built dwellings,I15_A_AVG,"Annual average index, 2015=100",CY,Cyprus,2017,,112.66,,,,,
dataflow,ESTAT:PRC_HPI_A$DEFAULTVIEW(1.0),House price index (2015 = 100) - annual data,A,Annual,DW_NEW,Purchases of newly built dwellings,I15_A_AVG,"Annual average index, 2015=100",CY,Cyprus,2018,,111.52,,,,,
dataflow,ESTAT:PRC_HPI_A$DEFAULTVIEW(1.0),House price index (2015 = 100) - annual data,A,Annual,DW_NEW,Purchases of newly built dwellings,I15_A_AVG,"Annual average index, 2015=100",CY,Cyprus,2019,,126.72,,,,,
dataflow,ESTAT:PRC_HPI_A$DEFAULTVIEW(1.0),House price index (2015 = 100) - annual data,A,Annual,DW_NEW,Purchases of newly built dwellings,I15_A_AVG,"Annual average index, 2015=100",CY,Cyprus,2020,,134.34,,,,,
dataflow,ESTAT:PRC_HPI_A$DEFAULTVIEW(1.0),House price index (2015 = 100) - annual data,A,Annual,DW_NEW,Purchases of newly built dwellings,I15_A_AVG,"Annual average index, 2015=100",CY,Cyprus,2021,,130.39,,,,,
dataflow,ESTAT:PRC_HPI_A$DEFAULTVIEW(1.0),House price index (2015 = 100) - annual data,A,Annual,DW_NEW,Purchases of newly built dwellings,I15_A_AVG,"Annual average index, 2015=100",CY,Cyprus,2022,,139.98,,,,,
dataflow,ESTAT:PRC_HPI_A$DEFAULTVIEW(1.0),House price index (2015 = 100) - annual data,A,Annual,DW_NEW,Purchases of newly built dwellings,I15_A_AVG,"Annual average index, 2015=100",CY,Cyprus,2023,,154.38,,,,,
dataflow,ESTAT:PRC_HPI_A$DEFAULTVIEW(1.0),House price index (2015 = 100) - annual data,A,Annual,DW_NEW,Purchases of newly built dwellings,I15_A_AVG,"Annual average index, 2015=100",CY,Cyprus,2024,,166.00,,,,,
dataflow,ESTAT:PRC_HPI_A$DEFAULTVIEW(1.0),House price index (2015 = 100) - annual data,A,Annual,DW_NEW,Purchases of newly built dwellings,I15_A_AVG,"Annual average index, 2015=100",CY,Cyprus,2025,,170.99,,,,,
dataflow,ESTAT:PRC_HPI_A$DEFAULTVIEW(1.0),House price index (2015 = 100) - annual data,A,Annual,DW_NEW,Purchases of newly built dwellings,I15_A_AVG,"Annual average index, 2015=100",CZ,Czechia,2016,,105.90,,,,,
dataflow,ESTAT:PRC_HPI_A$DEFAULTVIEW(1.0),House price index (2015 = 100) - annual data,A,Annual,DW_NEW,Purchases of newly built dwellings,I15_A_AVG,"Annual average index, 2015=100",CZ,Czechia,2017,,120.60,,,,,
dataflow,ESTAT:PRC_HPI_A$DEFAULTVIEW(1.0),House price index (2015 = 100) - annual data,A,Annual,DW_NEW,Purchases of newly built dwellings,I15_A_AVG,"Annual average index, 2015=100",CZ,Czechia,2018,,134.90,,,,,
dataflow,ESTAT:PRC_HPI_A$DEFAULTVIEW(1.0),House price index (2015 = 100) - annual data,A,Annual,DW_NEW,Purchases of newly built dwellings,I15_A_AVG,"Annual average index, 2015=100",CZ,Czechia,2019,,145.50,,,,,
dataflow,ESTAT:PRC_HPI_A$DEFAULTVIEW(1.0),House price index (2015 = 100) - annual data,A,Annual,DW_NEW,Purchases of newly built dwellings,I15_A_AVG,"Annual average index, 2015=100",CZ,Czechia,2020,,158.70,,,,,
dataflow,ESTAT:PRC_HPI_A$DEFAULTVIEW(1.0),House price index (2015 = 100) - annual data,A,Annual,DW_NEW,Purchases of newly built dwellings,I15_A_AVG,"Annual average index, 2015=100",CZ,Czechia,2021,,188.00,,,,,
dataflow,ESTAT:PRC_HPI_A$DEFAULTVIEW(1.0),House price index (2015 = 100) - annual data,A,Annual,DW_NEW,Purchases of newly built dwellings,I15_A_AVG,"Annual average index, 2015=100",CZ,Czechia,2022,,222.30,,,,,
dataflow,ESTAT:PRC_HPI_A$DEFAULTVIEW(1.0),House price index (2015 = 100) - annual data,A,Annual,DW_NEW,Purchases of newly built dwellings,I15_A_AVG,"Annual average index, 2015=100",CZ,Czechia,2023,,219.20,,,,,
dataflow,ESTAT:PRC_HPI_A$DEFAULTVIEW(1.0),House price index (2015 = 100) - annual data,A,Annual,DW_NEW,Purchases of newly built dwellings,I15_A_AVG,"Annual average index, 2015=100",CZ,Czechia,2024,,230.40,,,,,
dataflow,ESTAT:PRC_HPI_A$DEFAULTVIEW(1.0),House price index (2015 = 100) - annual data,A,Annual,DW_NEW,Purchases of newly built dwellings,I15_A_AVG,"Annual average index, 2015=100",CZ,Czechia,2025,,261.60,,,,,
dataflow,ESTAT:PRC_HPI_A$DEFAULTVIEW(1.0),House price index (2015 = 100) - annual data,A,Annual,DW_NEW,Purchases of newly built dwellings,I15_A_AVG,"Annual average index, 2015=100",DE,Germany,2016,,106.90,,,,,
dataflow,ESTAT:PRC_HPI_A$DEFAULTVIEW(1.0),House price index (2015 = 100) - annual data,A,Annual,DW_NEW,Purchases of newly built dwellings,I15_A_AVG,"Annual average index, 2015=100",DE,Germany,2017,,111.80,,,,,
dataflow,ESTAT:PRC_HPI_A$DEFAULTVIEW(1.0),House price index (2015 = 100) - annual data,A,Annual,DW_NEW,Purchases of newly built dwellings,I15_A_AVG,"Annual average index, 2015=100",DE,Germany,2018,,118.90,,,,,
dataflow,ESTAT:PRC_HPI_A$DEFAULTVIEW(1.0),House price index (2015 = 100) - annual data,A,Annual,DW_NEW,Purchases of newly built dwellings,I15_A_AVG,"Annual average index, 2015=100",DE,Germany,2019,,122.90,,,,,
dataflow,ESTAT:PRC_HPI_A$DEFAULTVIEW(1.0),House price index (2015 = 100) - annual data,A,Annual,DW_NEW,Purchases of newly built dwellings,I15_A_AVG,"Annual average index, 2015=100",DE,Germany,2020,,130.40,,,,,
dataflow,ESTAT:PRC_HPI_A$DEFAULTVIEW(1.0),House price index (2015 = 100) - annual data,A,Annual,DW_NEW,Purchases of newly built dwellings,I15_A_AVG,"Annual average index, 2015=100",DE,Germany,2021,,140.00,,,,,
dataflow,ESTAT:PRC_HPI_A$DEFAULTVIEW(1.0),House price index (2015 = 100) - annual data,A,Annual,DW_NEW,Purchases of newly built dwellings,I15_A_AVG,"Annual average index, 2015=100",DE,Germany,2022,,148.70,,,,,
dataflow,ESTAT:PRC_HPI_A$DEFAULTVIEW(1.0),House price index (2015 = 100) - annual data,A,Annual,DW_NEW,Purchases of newly built dwellings,I15_A_AVG,"Annual average index, 2015=100",DE,Germany,2023,,145.00,,,,,
dataflow,ESTAT:PRC_HPI_A$DEFAULTVIEW(1.0),House price index (2015 = 100) - annual data,A,Annual,DW_NEW,Purchases of newly built dwellings,I15_A_AVG,"Annual average index, 2015=100",DE,Germany,2024,,145.70,,,,,
dataflow,ESTAT:PRC_HPI_A$DEFAULTVIEW(1.0),House price index (2015 = 100) - annual data,A,Annual,DW_NEW,Purchases of newly built dwellings,I15_A_AVG,"Annual average index, 2015=100",DE,Germany,2025,,149.80,,p,provisional,,
dataflow,ESTAT:PRC_HPI_A$DEFAULTVIEW(1.0),House price index (2015 = 100) - annual data,A,Annual,DW_NEW,Purchases of newly built dwellings,I15_A_AVG,"Annual average index, 2015=100",DK,Denmark,2016,,99.37,,,,,
dataflow,ESTAT:PRC_HPI_A$DEFAULTVIEW(1.0),House price index (2015 = 100) - annual data,A,Annual,DW_NEW,Purchases of newly built dwellings,I15_A_AVG,"Annual average index, 2015=100",DK,Denmark,2017,,100.00,,,,,
dataflow,ESTAT:PRC_HPI_A$DEFAULTVIEW(1.0),House price index (2015 = 100) - annual data,A,Annual,DW_NEW,Purchases of newly built dwellings,I15_A_AVG,"Annual average index, 2015=100",DK,Denmark,2018,,101.79,,,,,
dataflow,ESTAT:PRC_HPI_A$DEFAULTVIEW(1.0),House price index (2015 = 100) - annual data,A,Annual,DW_NEW,Purchases of newly built dwellings,I15_A_AVG,"Annual average index, 2015=100",DK,Denmark,2019,,102.52,,,,,
dataflow,ESTAT:PRC_HPI_A$DEFAULTVIEW(1.0),House price index (2015 = 100) - annual data,A,Annual,DW_NEW,Purchases of newly built dwellings,I15_A_AVG,"Annual average index, 2015=100",DK,Denmark,2020,,103.28,,,,,
dataflow,ESTAT:PRC_HPI_A$DEFAULTVIEW(1.0),House price index (2015 = 100) - annual data,A,Annual,DW_NEW,Purchases of newly built dwellings,I15_A_AVG,"Annual average index, 2015=100",DK,Denmark,2021,,107.49,,,,,
dataflow,ESTAT:PRC_HPI_A$DEFAULTVIEW(1.0),House price index (2015 = 100) - annual data,A,Annual,DW_NEW,Purchases of newly built dwellings,I15_A_AVG,"Annual average index, 2015=100",DK,Denmark,2022,,118.59,,,,,
dataflow,ESTAT:PRC_HPI_A$DEFAULTVIEW(1.0),House price index (2015 = 100) - annual data,A,Annual,DW_NEW,Purchases of newly built dwellings,I15_A_AVG,"Annual average index, 2015=100",DK,Denmark,2023,,123.77,,,,,
dataflow,ESTAT:PRC_HPI_A$DEFAULTVIEW(1.0),House price index (2015 = 100) - annual data,A,Annual,DW_NEW,Purchases of newly built dwellings,I15_A_AVG,"Annual average index, 2015=100",DK,Denmark,2024,,126.59,,,,,
dataflow,ESTAT:PRC_HPI_A$DEFAULTVIEW(1.0),House price index (2015 = 100) - annual data,A,Annual,DW_NEW,Purchases of newly built dwellings,I15_A_AVG,"Annual average index, 2015=100",DK,Denmark,2025,,129.24,,,,,
dataflow,ESTAT:PRC_HPI_A$DEFAULTVIEW(1.0),House price index (2015 = 100) - annual data,A,Annual,DW_NEW,Purchases of newly built dwellings,I15_A_AVG,"Annual average index, 2015=100",EA,"Euro area (EA11-1999, EA12-2001, EA13-2007, EA15-2008, EA16-2009, EA17-2011, EA18-2014, EA19-2015, EA20-2023, EA21-2026)",2016,,103.77,,,,,
dataflow,ESTAT:PRC_HPI_A$DEFAULTVIEW(1.0),House price index (2015 = 100) - annual data,A,Annual,DW_NEW,Purchases of newly built dwellings,I15_A_AVG,"Annual average index, 2015=100",EA,"Euro area (EA11-1999, EA12-2001, EA13-2007, EA15-2008, EA16-2009, EA17-2011, EA18-2014, EA19-2015, EA20-2023, EA21-2026)",2017,,107.53,,,,,
dataflow,ESTAT:PRC_HPI_A$DEFAULTVIEW(1.0),House price index (2015 = 100) - annual data,A,Annual,DW_NEW,Purchases of newly built dwellings,I15_A_AVG,"Annual average index, 2015=100",EA,"Euro area (EA11-1999, EA12-2001, EA13-2007, EA15-2008, EA16-2009, EA17-2011, EA18-2014, EA19-2015, EA20-2023, EA21-2026)",2018,,112.50,,,,,
dataflow,ESTAT:PRC_HPI_A$DEFAULTVIEW(1.0),House price index (2015 = 100) - annual data,A,Annual,DW_NEW,Purchases of newly built dwellings,I15_A_AVG,"Annual average index, 2015=100",EA,"Euro area (EA11-1999, EA12-2001, EA13-2007, EA15-2008, EA16-2009, EA17-2011, EA18-2014, EA19-2015, EA20-2023, EA21-2026)",2019,,117.43,,,,,
dataflow,ESTAT:PRC_HPI_A$DEFAULTVIEW(1.0),House price index (2015 = 100) - annual data,A,Annual,DW_NEW,Purchases of newly built dwellings,I15_A_AVG,"Annual average index, 2015=100",EA,"Euro area (EA11-1999, EA12-2001, EA13-2007, EA15-2008, EA16-2009, EA17-2011, EA18-2014, EA19-2015, EA20-2023, EA21-2026)",2020,,123.48,,,,,
dataflow,ESTAT:PRC_HPI_A$DEFAULTVIEW(1.0),House price index (2015 = 100) - annual data,A,Annual,DW_NEW,Purchases of newly built dwellings,I15_A_AVG,"Annual average index, 2015=100",EA,"Euro area (EA11-1999, EA12-2001, EA13-2007, EA15-2008, EA16-2009, EA17-2011, EA18-2014, EA19-2015, EA20-2023, EA21-2026)",2021,,131.17,,,,,
dataflow,ESTAT:PRC_HPI_A$DEFAULTVIEW(1.0),House price index (2015 = 100) - annual data,A,Annual,DW_NEW,Purchases of newly built dwellings,I15_A_AVG,"Annual average index, 2015=100",EA,"Euro area (EA11-1999, EA12-2001, EA13-2007, EA15-2008, EA16-2009, EA17-2011, EA18-2014, EA19-2015, EA20-2023, EA21-2026)",2022,,141.68,,,,,
dataflow,ESTAT:PRC_HPI_A$DEFAULTVIEW(1.0),House price index (2015 = 100) - annual data,A,Annual,DW_NEW,Purchases of newly built dwellings,I15_A_AVG,"Annual average index, 2015=100",EA,"Euro area (EA11-1999, EA12-2001, EA13-2007, EA15-2008, EA16-2009, EA17-2011, EA18-2014, EA19-2015, EA20-2023, EA21-2026)",2023,,146.41,,,,,
dataflow,ESTAT:PRC_HPI_A$DEFAULTVIEW(1.0),House price index (2015 = 100) - annual data,A,Annual,DW_NEW,Purchases of newly built dwellings,I15_A_AVG,"Annual average index, 2015=100",EA,"Euro area (EA11-1999, EA12-2001, EA13-2007, EA15-2008, EA16-2009, EA17-2011, EA18-2014, EA19-2015, EA20-2023, EA21-2026)",2024,,152.88,,,,,
dataflow,ESTAT:PRC_HPI_A$DEFAULTVIEW(1.0),House price index (2015 = 100) - annual data,A,Annual,DW_NEW,Purchases of newly built dwellings,I15_A_AVG,"Annual average index, 2015=100",EA,"Euro area (EA11-1999, EA12-2001, EA13-2007, EA15-2008, EA16-2009, EA17-2011, EA18-2014, EA19-2015, EA20-2023, EA21-2026)",2025,,159.44,,,,,
dataflow,ESTAT:PRC_HPI_A$DEFAULTVIEW(1.0),House price index (2015 = 100) - annual data,A,Annual,DW_NEW,Purchases of newly built dwellings,I15_A_AVG,"Annual average index, 2015=100",EA19,Euro area - 19 countries  (2015-2022),2016,,103.77,,,,,
dataflow,ESTAT:PRC_HPI_A$DEFAULTVIEW(1.0),House price index (2015 = 100) - annual data,A,Annual,DW_NEW,Purchases of newly built dwellings,I15_A_AVG,"Annual average index, 2015=100",EA19,Euro area - 19 countries  (2015-2022),2017,,107.53,,,,,
dataflow,ESTAT:PRC_HPI_A$DEFAULTVIEW(1.0),House price index (2015 = 100) - annual data,A,Annual,DW_NEW,Purchases of newly built dwellings,I15_A_AVG,"Annual average index, 2015=100",EA19,Euro area - 19 countries  (2015-2022),2018,,112.50,,,,,
dataflow,ESTAT:PRC_HPI_A$DEFAULTVIEW(1.0),House price index (2015 = 100) - annual data,A,Annual,DW_NEW,Purchases of newly built dwellings,I15_A_AVG,"Annual average index, 2015=100",EA19,Euro area - 19 countries  (2015-2022),2019,,117.43,,,,,
dataflow,ESTAT:PRC_HPI_A$DEFAULTVIEW(1.0),House price index (2015 = 100) - annual data,A,Annual,DW_NEW,Purchases of newly built dwellings,I15_A_AVG,"Annual average index, 2015=100",EA19,Euro area - 19 countries  (2015-2022),2020,,123.48,,,,,
dataflow,ESTAT:PRC_HPI_A$DEFAULTVIEW(1.0),House price index (2015 = 100) - annual data,A,Annual,DW_NEW,Purchases of newly built dwellings,I15_A_AVG,"Annual average index, 2015=100",EA19,Euro area - 19 countries  (2015-2022),2021,,131.17,,,,,
dataflow,ESTAT:PRC_HPI_A$DEFAULTVIEW(1.0),House price index (2015 = 100) - annual data,A,Annual,DW_NEW,Purchases of newly built dwellings,I15_A_AVG,"Annual average index, 2015=100",EA19,Euro area - 19 countries  (2015-2022),2022,,141.68,,,,,
dataflow,ESTAT:PRC_HPI_A$DEFAULTVIEW(1.0),House price index (2015 = 100) - annual data,A,Annual,DW_NEW,Purchases of newly built dwellings,I15_A_AVG,"Annual average index, 2015=100",EA19,Euro area - 19 countries  (2015-2022),2023,,146.39,,,,,
dataflow,ESTAT:PRC_HPI_A$DEFAULTVIEW(1.0),House price index (2015 = 100) - annual data,A,Annual,DW_NEW,Purchases of newly built dwellings,I15_A_AVG,"Annual average index, 2015=100",EA19,Euro area - 19 countries  (2015-2022),2024,,152.83,,,,,
dataflow,ESTAT:PRC_HPI_A$DEFAULTVIEW(1.0),House price index (2015 = 100) - annual data,A,Annual,DW_NEW,Purchases of newly built dwellings,I15_A_AVG,"Annual average index, 2015=100",EA19,Euro area - 19 countries  (2015-2022),2025,,159.25,,,,,
dataflow,ESTAT:PRC_HPI_A$DEFAULTVIEW(1.0),House price index (2015 = 100) - annual data,A,Annual,DW_NEW,Purchases of newly built dwellings,I15_A_AVG,"Annual average index, 2015=100",EA20,Euro area – 20 countries (2023-2025),2016,,103.72,,,,,
dataflow,ESTAT:PRC_HPI_A$DEFAULTVIEW(1.0),House price index (2015 = 100) - annual data,A,Annual,DW_NEW,Purchases of newly built dwellings,I15_A_AVG,"Annual average index, 2015=100",EA20,Euro area – 20 countries (2023-2025),2017,,107.44,,,,,
dataflow,ESTAT:PRC_HPI_A$DEFAULTVIEW(1.0),House price index (2015 = 100) - annual data,A,Annual,DW_NEW,Purchases of newly built dwellings,I15_A_AVG,"Annual average index, 2015=100",EA20,Euro area – 20 countries (2023-2025),2018,,112.42,,,,,
dataflow,ESTAT:PRC_HPI_A$DEFAULTVIEW(1.0),House price index (2015 = 100) - annual data,A,Annual,DW_NEW,Purchases of newly built dwellings,I15_A_AVG,"Annual average index, 2015=100",EA20,Euro area – 20 countries (2023-2025),2019,,117.36,,,,,
dataflow,ESTAT:PRC_HPI_A$DEFAULTVIEW(1.0),House price index (2015 = 100) - annual data,A,Annual,DW_NEW,Purchases of newly built dwellings,I15_A_AVG,"Annual average index, 2015=100",EA20,Euro area – 20 countries (2023-2025),2020,,123.39,,,,,
dataflow,ESTAT:PRC_HPI_A$DEFAULTVIEW(1.0),House price index (2015 = 100) - annual data,A,Annual,DW_NEW,Purchases of newly built dwellings,I15_A_AVG,"Annual average index, 2015=100",EA20,Euro area – 20 countries (2023-2025),2021,,131.08,,,,,
dataflow,ESTAT:PRC_HPI_A$DEFAULTVIEW(1.0),House price index (2015 = 100) - annual data,A,Annual,DW_NEW,Purchases of newly built dwellings,I15_A_AVG,"Annual average index, 2015=100",EA20,Euro area – 20 countries (2023-2025),2022,,141.65,,,,,
dataflow,ESTAT:PRC_HPI_A$DEFAULTVIEW(1.0),House price index (2015 = 100) - annual data,A,Annual,DW_NEW,Purchases of newly built dwellings,I15_A_AVG,"Annual average index, 2015=100",EA20,Euro area – 20 countries (2023-2025),2023,,146.40,,,,,
dataflow,ESTAT:PRC_HPI_A$DEFAULTVIEW(1.0),House price index (2015 = 100) - annual data,A,Annual,DW_NEW,Purchases of newly built dwellings,I15_A_AVG,"Annual average index, 2015=100",EA20,Euro area – 20 countries (2023-2025),2024,,152.88,,,,,
dataflow,ESTAT:PRC_HPI_A$DEFAULTVIEW(1.0),House price index (2015 = 100) - annual data,A,Annual,DW_NEW,Purchases of newly built dwellings,I15_A_AVG,"Annual average index, 2015=100",EA20,Euro area – 20 countries (2023-2025),2025,,159.43,,,,,
dataflow,ESTAT:PRC_HPI_A$DEFAULTVIEW(1.0),House price index (2015 = 100) - annual data,A,Annual,DW_NEW,Purchases of newly built dwellings,I15_A_AVG,"Annual average index, 2015=100",EA21,Euro area – 21 countries (from 2026),2016,,103.77,,,,,
dataflow,ESTAT:PRC_HPI_A$DEFAULTVIEW(1.0),House price index (2015 = 100) - annual data,A,Annual,DW_NEW,Purchases of newly built dwellings,I15_A_AVG,"Annual average index, 2015=100",EA21,Euro area – 21 countries (from 2026),2017,,107.56,,,,,
dataflow,ESTAT:PRC_HPI_A$DEFAULTVIEW(1.0),House price index (2015 = 100) - annual data,A,Annual,DW_NEW,Purchases of newly built dwellings,I15_A_AVG,"Annual average index, 2015=100",EA21,Euro area – 21 countries (from 2026),2018,,112.56,,,,,
dataflow,ESTAT:PRC_HPI_A$DEFAULTVIEW(1.0),House price index (2015 = 100) - annual data,A,Annual,DW_NEW,Purchases of newly built dwellings,I15_A_AVG,"Annual average index, 2015=100",EA21,Euro area – 21 countries (from 2026),2019,,117.59,,,,,
dataflow,ESTAT:PRC_HPI_A$DEFAULTVIEW(1.0),House price index (2015 = 100) - annual data,A,Annual,DW_NEW,Purchases of newly built dwellings,I15_A_AVG,"Annual average index, 2015=100",EA21,Euro area – 21 countries (from 2026),2020,,123.57,,,,,
dataflow,ESTAT:PRC_HPI_A$DEFAULTVIEW(1.0),House price index (2015 = 100) - annual data,A,Annual,DW_NEW,Purchases of newly built dwellings,I15_A_AVG,"Annual average index, 2015=100",EA21,Euro area – 21 countries (from 2026),2021,,131.30,,,,,
dataflow,ESTAT:PRC_HPI_A$DEFAULTVIEW(1.0),House price index (2015 = 100) - annual data,A,Annual,DW_NEW,Purchases of newly built dwellings,I15_A_AVG,"Annual average index, 2015=100",EA21,Euro area – 21 countries (from 2026),2022,,141.98,,,,,
dataflow,ESTAT:PRC_HPI_A$DEFAULTVIEW(1.0),House price index (2015 = 100) - annual data,A,Annual,DW_NEW,Purchases of newly built dwellings,I15_A_AVG,"Annual average index, 2015=100",EA21,Euro area – 21 countries (from 2026),2023,,146.92,,,,,
dataflow,ESTAT:PRC_HPI_A$DEFAULTVIEW(1.0),House price index (2015 = 100) - annual data,A,Annual,DW_NEW,Purchases of newly built dwellings,I15_A_AVG,"Annual average index, 2015=100",EA21,Euro area – 21 countries (from 2026),2024,,153.87,,,,,
dataflow,ESTAT:PRC_HPI_A$DEFAULTVIEW(1.0),House price index (2015 = 100) - annual data,A,Annual,DW_NEW,Purchases of newly built dwellings,I15_A_AVG,"Annual average index, 2015=100",EA21,Euro area – 21 countries (from 2026),2025,,160.78,,,,,
dataflow,ESTAT:PRC_HPI_A$DEFAULTVIEW(1.0),House price index (2015 = 100) - annual data,A,Annual,DW_NEW,Purchases of newly built dwellings,I15_A_AVG,"Annual average index, 2015=100",EE,Estonia,2016,,105.33,,,,,
dataflow,ESTAT:PRC_HPI_A$DEFAULTVIEW(1.0),House price index (2015 = 100) - annual data,A,Annual,DW_NEW,Purchases of newly built dwellings,I15_A_AVG,"Annual average index, 2015=100",EE,Estonia,2017,,110.78,,,,,
dataflow,ESTAT:PRC_HPI_A$DEFAULTVIEW(1.0),House price index (2015 = 100) - annual data,A,Annual,DW_NEW,Purchases of newly built dwellings,I15_A_AVG,"Annual average index, 2015=100",EE,Estonia,2018,,120.45,,,,,
dataflow,ESTAT:PRC_HPI_A$DEFAULTVIEW(1.0),House price index (2015 = 100) - annual data,A,Annual,DW_NEW,Purchases of newly built dwellings,I15_A_AVG,"Annual average index, 2015=100",EE,Estonia,2019,,129.22,,,,,
dataflow,ESTAT:PRC_HPI_A$DEFAULTVIEW(1.0),House price index (2015 = 100) - annual data,A,Annual,DW_NEW,Purchases of newly built dwellings,I15_A_AVG,"Annual average index, 2015=100",EE,Estonia,2020,,141.57,,,,,
dataflow,ESTAT:PRC_HPI_A$DEFAULTVIEW(1.0),House price index (2015 = 100) - annual data,A,Annual,DW_NEW,Purchases of newly built dwellings,I15_A_AVG,"Annual average index, 2015=100",EE,Estonia,2021,,159.55,,,,,
dataflow,ESTAT:PRC_HPI_A$DEFAULTVIEW(1.0),House price index (2015 = 100) - annual data,A,Annual,DW_NEW,Purchases of newly built dwellings,I15_A_AVG,"Annual average index, 2015=100",EE,Estonia,2022,,187.85,,,,,
dataflow,ESTAT:PRC_HPI_A$DEFAULTVIEW(1.0),House price index (2015 = 100) - annual data,A,Annual,DW_NEW,Purchases of newly built dwellings,I15_A_AVG,"Annual average index, 2015=100",EE,Estonia,2023,,210.10,,,,,
dataflow,ESTAT:PRC_HPI_A$DEFAULTVIEW(1.0),House price index (2015 = 100) - annual data,A,Annual,DW_NEW,Purchases of newly built dwellings,I15_A_AVG,"Annual average index, 2015=100",EE,Estonia,2024,,219.55,,,,,
dataflow,ESTAT:PRC_HPI_A$DEFAULTVIEW(1.0),House price index (2015 = 100) - annual data,A,Annual,DW_NEW,Purchases of newly built dwellings,I15_A_AVG,"Annual average index, 2015=100",EE,Estonia,2025,,226.45,,,,,
dataflow,ESTAT:PRC_HPI_A$DEFAULTVIEW(1.0),House price index (2015 = 100) - annual data,A,Annual,DW_NEW,Purchases of newly built dwellings,I15_A_AVG,"Annual average index, 2015=100",ES,Spain,2016,,106.45,,,,,
dataflow,ESTAT:PRC_HPI_A$DEFAULTVIEW(1.0),House price index (2015 = 100) - annual data,A,Annual,DW_NEW,Purchases of newly built dwellings,I15_A_AVG,"Annual average index, 2015=100",ES,Spain,2017,,112.93,,,,,
dataflow,ESTAT:PRC_HPI_A$DEFAULTVIEW(1.0),House price index (2015 = 100) - annual data,A,Annual,DW_NEW,Purchases of newly built dwellings,I15_A_AVG,"Annual average index, 2015=100",ES,Spain,2018,,120.05,,,,,
dataflow,ESTAT:PRC_HPI_A$DEFAULTVIEW(1.0),House price index (2015 = 100) - annual data,A,Annual,DW_NEW,Purchases of newly built dwellings,I15_A_AVG,"Annual average index, 2015=100",ES,Spain,2019,,129.10,,,,,
dataflow,ESTAT:PRC_HPI_A$DEFAULTVIEW(1.0),House price index (2015 = 100) - annual data,A,Annual,DW_NEW,Purchases of newly built dwellings,I15_A_AVG,"Annual average index, 2015=100",ES,Spain,2020,,137.47,,,,,
dataflow,ESTAT:PRC_HPI_A$DEFAULTVIEW(1.0),House price index (2015 = 100) - annual data,A,Annual,DW_NEW,Purchases of newly built dwellings,I15_A_AVG,"Annual average index, 2015=100",ES,Spain,2021,,143.71,,,,,
dataflow,ESTAT:PRC_HPI_A$DEFAULTVIEW(1.0),House price index (2015 = 100) - annual data,A,Annual,DW_NEW,Purchases of newly built dwellings,I15_A_AVG,"Annual average index, 2015=100",ES,Spain,2022,,154.90,,,,,
dataflow,ESTAT:PRC_HPI_A$DEFAULTVIEW(1.0),House price index (2015 = 100) - annual data,A,Annual,DW_NEW,Purchases of newly built dwellings,I15_A_AVG,"Annual average index, 2015=100",ES,Spain,2023,,167.35,,,,,
dataflow,ESTAT:PRC_HPI_A$DEFAULTVIEW(1.0),House price index (2015 = 100) - annual data,A,Annual,DW_NEW,Purchases of newly built dwellings,I15_A_AVG,"Annual average index, 2015=100",ES,Spain,2024,,185.44,,,,,
dataflow,ESTAT:PRC_HPI_A$DEFAULTVIEW(1.0),House price index (2015 = 100) - annual data,A,Annual,DW_NEW,Purchases of newly built dwellings,I15_A_AVG,"Annual average index, 2015=100",ES,Spain,2025,,206.46,,,,,
dataflow,ESTAT:PRC_HPI_A$DEFAULTVIEW(1.0),House price index (2015 = 100) - annual data,A,Annual,DW_NEW,Purchases of newly built dwellings,I15_A_AVG,"Annual average index, 2015=100",EU,"European Union (EU6-1958, EU9-1973, EU10-1981, EU12-1986, EU15-1995, EU25-2004, EU27-2007, EU28-2013, EU27-2020)",2016,,103.83,,,,,
dataflow,ESTAT:PRC_HPI_A$DEFAULTVIEW(1.0),House price index (2015 = 100) - annual data,A,Annual,DW_NEW,Purchases of newly built dwellings,I15_A_AVG,"Annual average index, 2015=100",EU,"European Union (EU6-1958, EU9-1973, EU10-1981, EU12-1986, EU15-1995, EU25-2004, EU27-2007, EU28-2013, EU27-2020)",2017,,107.80,,,,,
dataflow,ESTAT:PRC_HPI_A$DEFAULTVIEW(1.0),House price index (2015 = 100) - annual data,A,Annual,DW_NEW,Purchases of newly built dwellings,I15_A_AVG,"Annual average index, 2015=100",EU,"European Union (EU6-1958, EU9-1973, EU10-1981, EU12-1986, EU15-1995, EU25-2004, EU27-2007, EU28-2013, EU27-2020)",2018,,113.16,,,,,
dataflow,ESTAT:PRC_HPI_A$DEFAULTVIEW(1.0),House price index (2015 = 100) - annual data,A,Annual,DW_NEW,Purchases of newly built dwellings,I15_A_AVG,"Annual average index, 2015=100",EU,"European Union (EU6-1958, EU9-1973, EU10-1981, EU12-1986, EU15-1995, EU25-2004, EU27-2007, EU28-2013, EU27-2020)",2019,,118.23,,,,,
dataflow,ESTAT:PRC_HPI_A$DEFAULTVIEW(1.0),House price index (2015 = 100) - annual data,A,Annual,DW_NEW,Purchases of newly built dwellings,I15_A_AVG,"Annual average index, 2015=100",EU,"European Union (EU6-1958, EU9-1973, EU10-1981, EU12-1986, EU15-1995, EU25-2004, EU27-2007, EU28-2013, EU27-2020)",2020,,123.99,,,,,
dataflow,ESTAT:PRC_HPI_A$DEFAULTVIEW(1.0),House price index (2015 = 100) - annual data,A,Annual,DW_NEW,Purchases of newly built dwellings,I15_A_AVG,"Annual average index, 2015=100",EU,"European Union (EU6-1958, EU9-1973, EU10-1981, EU12-1986, EU15-1995, EU25-2004, EU27-2007, EU28-2013, EU27-2020)",2021,,132.37,,,,,
dataflow,ESTAT:PRC_HPI_A$DEFAULTVIEW(1.0),House price index (2015 = 100) - annual data,A,Annual,DW_NEW,Purchases of newly built dwellings,I15_A_AVG,"Annual average index, 2015=100",EU,"European Union (EU6-1958, EU9-1973, EU10-1981, EU12-1986, EU15-1995, EU25-2004, EU27-2007, EU28-2013, EU27-2020)",2022,,144.82,,,,,
dataflow,ESTAT:PRC_HPI_A$DEFAULTVIEW(1.0),House price index (2015 = 100) - annual data,A,Annual,DW_NEW,Purchases of newly built dwellings,I15_A_AVG,"Annual average index, 2015=100",EU,"European Union (EU6-1958, EU9-1973, EU10-1981, EU12-1986, EU15-1995, EU25-2004, EU27-2007, EU28-2013, EU27-2020)",2023,,152.02,,,,,
dataflow,ESTAT:PRC_HPI_A$DEFAULTVIEW(1.0),House price index (2015 = 100) - annual data,A,Annual,DW_NEW,Purchases of newly built dwellings,I15_A_AVG,"Annual average index, 2015=100",EU,"European Union (EU6-1958, EU9-1973, EU10-1981, EU12-1986, EU15-1995, EU25-2004, EU27-2007, EU28-2013, EU27-2020)",2024,,162.36,,,,,
dataflow,ESTAT:PRC_HPI_A$DEFAULTVIEW(1.0),House price index (2015 = 100) - annual data,A,Annual,DW_NEW,Purchases of newly built dwellings,I15_A_AVG,"Annual average index, 2015=100",EU,"European Union (EU6-1958, EU9-1973, EU10-1981, EU12-1986, EU15-1995, EU25-2004, EU27-2007, EU28-2013, EU27-2020)",2025,,170.04,,,,,
dataflow,ESTAT:PRC_HPI_A$DEFAULTVIEW(1.0),House price index (2015 = 100) - annual data,A,Annual,DW_NEW,Purchases of newly built dwellings,I15_A_AVG,"Annual average index, 2015=100",EU27_2020,European Union - 27 countries (from 2020),2016,,103.51,,,,,
dataflow,ESTAT:PRC_HPI_A$DEFAULTVIEW(1.0),House price index (2015 = 100) - annual data,A,Annual,DW_NEW,Purchases of newly built dwellings,I15_A_AVG,"Annual average index, 2015=100",EU27_2020,European Union - 27 countries (from 2020),2017,,107.39,,,,,
dataflow,ESTAT:PRC_HPI_A$DEFAULTVIEW(1.0),House price index (2015 = 100) - annual data,A,Annual,DW_NEW,Purchases of newly built dwellings,I15_A_AVG,"Annual average index, 2015=100",EU27_2020,European Union - 27 countries (from 2020),2018,,112.77,,,,,
dataflow,ESTAT:PRC_HPI_A$DEFAULTVIEW(1.0),House price index (2015 = 100) - annual data,A,Annual,DW_NEW,Purchases of newly built dwellings,I15_A_AVG,"Annual average index, 2015=100",EU27_2020,European Union - 27 countries (from 2020),2019,,118.19,,,,,
dataflow,ESTAT:PRC_HPI_A$DEFAULTVIEW(1.0),House price index (2015 = 100) - annual data,A,Annual,DW_NEW,Purchases of newly built dwellings,I15_A_AVG,"Annual average index, 2015=100",EU27_2020,European Union - 27 countries (from 2020),2020,,124.26,,,,,
dataflow,ESTAT:PRC_HPI_A$DEFAULTVIEW(1.0),House price index (2015 = 100) - annual data,A,Annual,DW_NEW,Purchases of newly built dwellings,I15_A_AVG,"Annual average index, 2015=100",EU27_2020,European Union - 27 countries (from 2020),2021,,132.66,,,,,
dataflow,ESTAT:PRC_HPI_A$DEFAULTVIEW(1.0),House price index (2015 = 100) - annual data,A,Annual,DW_NEW,Purchases of newly built dwellings,I15_A_AVG,"Annual average index, 2015=100",EU27_2020,European Union - 27 countries (from 2020),2022,,145.14,,,,,
dataflow,ESTAT:PRC_HPI_A$DEFAULTVIEW(1.0),House price index (2015 = 100) - annual data,A,Annual,DW_NEW,Purchases of newly built dwellings,I15_A_AVG,"Annual average index, 2015=100",EU27_2020,European Union - 27 countries (from 2020),2023,,152.35,,,,,
dataflow,ESTAT:PRC_HPI_A$DEFAULTVIEW(1.0),House price index (2015 = 100) - annual data,A,Annual,DW_NEW,Purchases of newly built dwellings,I15_A_AVG,"Annual average index, 2015=100",EU27_2020,European Union - 27 countries (from 2020),2024,,162.71,,,,,
dataflow,ESTAT:PRC_HPI_A$DEFAULTVIEW(1.0),House price index (2015 = 100) - annual data,A,Annual,DW_NEW,Purchases of newly built dwellings,I15_A_AVG,"Annual average index, 2015=100",EU27_2020,European Union - 27 countries (from 2020),2025,,170.41,,,,,
dataflow,ESTAT:PRC_HPI_A$DEFAULTVIEW(1.0),House price index (2015 = 100) - annual data,A,Annual,DW_NEW,Purchases of newly built dwellings,I15_A_AVG,"Annual average index, 2015=100",EU28,European Union - 28 countries (2013-2020),2016,,103.83,,,,,
dataflow,ESTAT:PRC_HPI_A$DEFAULTVIEW(1.0),House price index (2015 = 100) - annual data,A,Annual,DW_NEW,Purchases of newly built dwellings,I15_A_AVG,"Annual average index, 2015=100",EU28,European Union - 28 countries (2013-2020),2017,,107.80,,,,,
dataflow,ESTAT:PRC_HPI_A$DEFAULTVIEW(1.0),House price index (2015 = 100) - annual data,A,Annual,DW_NEW,Purchases of newly built dwellings,I15_A_AVG,"Annual average index, 2015=100",EU28,European Union - 28 countries (2013-2020),2018,,113.16,,,,,
dataflow,ESTAT:PRC_HPI_A$DEFAULTVIEW(1.0),House price index (2015 = 100) - annual data,A,Annual,DW_NEW,Purchases of newly built dwellings,I15_A_AVG,"Annual average index, 2015=100",EU28,European Union - 28 countries (2013-2020),2019,,118.23,,,,,
dataflow,ESTAT:PRC_HPI_A$DEFAULTVIEW(1.0),House price index (2015 = 100) - annual data,A,Annual,DW_NEW,Purchases of newly built dwellings,I15_A_AVG,"Annual average index, 2015=100",FI,Finland,2016,,102.38,,,,,
dataflow,ESTAT:PRC_HPI_A$DEFAULTVIEW(1.0),House price index (2015 = 100) - annual data,A,Annual,DW_NEW,Purchases of newly built dwellings,I15_A_AVG,"Annual average index, 2015=100",FI,Finland,2017,,106.20,,,,,
dataflow,ESTAT:PRC_HPI_A$DEFAULTVIEW(1.0),House price index (2015 = 100) - annual data,A,Annual,DW_NEW,Purchases of newly built dwellings,I15_A_AVG,"Annual average index, 2015=100",FI,Finland,2018,,108.59,,,,,
dataflow,ESTAT:PRC_HPI_A$DEFAULTVIEW(1.0),House price index (2015 = 100) - annual data,A,Annual,DW_NEW,Purchases of newly built dwellings,I15_A_AVG,"Annual average index, 2015=100",FI,Finland,2019,,110.52,,,,,
dataflow,ESTAT:PRC_HPI_A$DEFAULTVIEW(1.0),House price index (2015 = 100) - annual data,A,Annual,DW_NEW,Purchases of newly built dwellings,I15_A_AVG,"Annual average index, 2015=100",FI,Finland,2020,,114.56,,,,,
dataflow,ESTAT:PRC_HPI_A$DEFAULTVIEW(1.0),House price index (2015 = 100) - annual data,A,Annual,DW_NEW,Purchases of newly built dwellings,I15_A_AVG,"Annual average index, 2015=100",FI,Finland,2021,,120.96,,,,,
dataflow,ESTAT:PRC_HPI_A$DEFAULTVIEW(1.0),House price index (2015 = 100) - annual data,A,Annual,DW_NEW,Purchases of newly built dwellings,I15_A_AVG,"Annual average index, 2015=100",FI,Finland,2022,,126.27,,,,,
dataflow,ESTAT:PRC_HPI_A$DEFAULTVIEW(1.0),House price index (2015 = 100) - annual data,A,Annual,DW_NEW,Purchases of newly built dwellings,I15_A_AVG,"Annual average index, 2015=100",FI,Finland,2023,,125.50,,,,,
dataflow,ESTAT:PRC_HPI_A$DEFAULTVIEW(1.0),House price index (2015 = 100) - annual data,A,Annual,DW_NEW,Purchases of newly built dwellings,I15_A_AVG,"Annual average index, 2015=100",FI,Finland,2024,,122.59,,,,,
dataflow,ESTAT:PRC_HPI_A$DEFAULTVIEW(1.0),House price index (2015 = 100) - annual data,A,Annual,DW_NEW,Purchases of newly built dwellings,I15_A_AVG,"Annual average index, 2015=100",FI,Finland,2025,,123.91,,,,,
dataflow,ESTAT:PRC_HPI_A$DEFAULTVIEW(1.0),House price index (2015 = 100) - annual data,A,Annual,DW_NEW,Purchases of newly built dwellings,I15_A_AVG,"Annual average index, 2015=100",FR,France,2016,,101.72,,,,,
dataflow,ESTAT:PRC_HPI_A$DEFAULTVIEW(1.0),House price index (2015 = 100) - annual data,A,Annual,DW_NEW,Purchases of newly built dwellings,I15_A_AVG,"Annual average index, 2015=100",FR,France,2017,,105.73,,,,,
dataflow,ESTAT:PRC_HPI_A$DEFAULTVIEW(1.0),House price index (2015 = 100) - annual data,A,Annual,DW_NEW,Purchases of newly built dwellings,I15_A_AVG,"Annual average index, 2015=100",FR,France,2018,,108.39,,,,,
dataflow,ESTAT:PRC_HPI_A$DEFAULTVIEW(1.0),House price index (2015 = 100) - annual data,A,Annual,DW_NEW,Purchases of newly built dwellings,I15_A_AVG,"Annual average index, 2015=100",FR,France,2019,,112.30,,,,,
dataflow,ESTAT:PRC_HPI_A$DEFAULTVIEW(1.0),House price index (2015 = 100) - annual data,A,Annual,DW_NEW,Purchases of newly built dwellings,I15_A_AVG,"Annual average index, 2015=100",FR,France,2020,,115.70,,,,,
dataflow,ESTAT:PRC_HPI_A$DEFAULTVIEW(1.0),House price index (2015 = 100) - annual data,A,Annual,DW_NEW,Purchases of newly built dwellings,I15_A_AVG,"Annual average index, 2015=100",FR,France,2021,,121.03,,,,,
dataflow,ESTAT:PRC_HPI_A$DEFAULTVIEW(1.0),House price index (2015 = 100) - annual data,A,Annual,DW_NEW,Purchases of newly built dwellings,I15_A_AVG,"Annual average index, 2015=100",FR,France,2022,,128.06,,,,,
dataflow,ESTAT:PRC_HPI_A$DEFAULTVIEW(1.0),House price index (2015 = 100) - annual data,A,Annual,DW_NEW,Purchases of newly built dwellings,I15_A_AVG,"Annual average index, 2015=100",FR,France,2023,,129.87,,,,,
dataflow,ESTAT:PRC_HPI_A$DEFAULTVIEW(1.0),House price index (2015 = 100) - annual data,A,Annual,DW_NEW,Purchases of newly built dwellings,I15_A_AVG,"Annual average index, 2015=100",FR,France,2024,,129.04,,,,,
dataflow,ESTAT:PRC_HPI_A$DEFAULTVIEW(1.0),House price index (2015 = 100) - annual data,A,Annual,DW_NEW,Purchases of newly built dwellings,I15_A_AVG,"Annual average index, 2015=100",FR,France,2025,,130.75,,p,provisional,,
dataflow,ESTAT:PRC_HPI_A$DEFAULTVIEW(1.0),House price index (2015 = 100) - annual data,A,Annual,DW_NEW,Purchases of newly built dwellings,I15_A_AVG,"Annual average index, 2015=100",HR,Croatia,2016,,96.60,,,,,
dataflow,ESTAT:PRC_HPI_A$DEFAULTVIEW(1.0),House price index (2015 = 100) - annual data,A,Annual,DW_NEW,Purchases of newly built dwellings,I15_A_AVG,"Annual average index, 2015=100",HR,Croatia,2017,,96.52,,,,,
dataflow,ESTAT:PRC_HPI_A$DEFAULTVIEW(1.0),House price index (2015 = 100) - annual data,A,Annual,DW_NEW,Purchases of newly built dwellings,I15_A_AVG,"Annual average index, 2015=100",HR,Croatia,2018,,99.95,,,,,
dataflow,ESTAT:PRC_HPI_A$DEFAULTVIEW(1.0),House price index (2015 = 100) - annual data,A,Annual,DW_NEW,Purchases of newly built dwellings,I15_A_AVG,"Annual average index, 2015=100",HR,Croatia,2019,,108.28,,,,,
dataflow,ESTAT:PRC_HPI_A$DEFAULTVIEW(1.0),House price index (2015 = 100) - annual data,A,Annual,DW_NEW,Purchases of newly built dwellings,I15_A_AVG,"Annual average index, 2015=100",HR,Croatia,2020,,109.63,,,,,
dataflow,ESTAT:PRC_HPI_A$DEFAULTVIEW(1.0),House price index (2015 = 100) - annual data,A,Annual,DW_NEW,Purchases of newly built dwellings,I15_A_AVG,"Annual average index, 2015=100",HR,Croatia,2021,,119.36,,,,,
dataflow,ESTAT:PRC_HPI_A$DEFAULTVIEW(1.0),House price index (2015 = 100) - annual data,A,Annual,DW_NEW,Purchases of newly built dwellings,I15_A_AVG,"Annual average index, 2015=100",HR,Croatia,2022,,140.24,,,,,
dataflow,ESTAT:PRC_HPI_A$DEFAULTVIEW(1.0),House price index (2015 = 100) - annual data,A,Annual,DW_NEW,Purchases of newly built dwellings,I15_A_AVG,"Annual average index, 2015=100",HR,Croatia,2023,,152.84,,,,,
dataflow,ESTAT:PRC_HPI_A$DEFAULTVIEW(1.0),House price index (2015 = 100) - annual data,A,Annual,DW_NEW,Purchases of newly built dwellings,I15_A_AVG,"Annual average index, 2015=100",HR,Croatia,2024,,163.10,,,,,
dataflow,ESTAT:PRC_HPI_A$DEFAULTVIEW(1.0),House price index (2015 = 100) - annual data,A,Annual,DW_NEW,Purchases of newly built dwellings,I15_A_AVG,"Annual average index, 2015=100",HR,Croatia,2025,,184.39,,p,provisional,,
dataflow,ESTAT:PRC_HPI_A$DEFAULTVIEW(1.0),House price index (2015 = 100) - annual data,A,Annual,DW_NEW,Purchases of newly built dwellings,I15_A_AVG,"Annual average index, 2015=100",HU,Hungary,2016,,110.11,,,,,
dataflow,ESTAT:PRC_HPI_A$DEFAULTVIEW(1.0),House price index (2015 = 100) - annual data,A,Annual,DW_NEW,Purchases of newly built dwellings,I15_A_AVG,"Annual average index, 2015=100",HU,Hungary,2017,,130.76,,,,,
dataflow,ESTAT:PRC_HPI_A$DEFAULTVIEW(1.0),House price index (2015 = 100) - annual data,A,Annual,DW_NEW,Purchases of newly built dwellings,I15_A_AVG,"Annual average index, 2015=100",HU,Hungary,2018,,148.67,,,,,
dataflow,ESTAT:PRC_HPI_A$DEFAULTVIEW(1.0),House price index (2015 = 100) - annual data,A,Annual,DW_NEW,Purchases of newly built dwellings,I15_A_AVG,"Annual average index, 2015=100",HU,Hungary,2019,,164.73,,,,,
dataflow,ESTAT:PRC_HPI_A$DEFAULTVIEW(1.0),House price index (2015 = 100) - annual data,A,Annual,DW_NEW,Purchases of newly built dwellings,I15_A_AVG,"Annual average index, 2015=100",HU,Hungary,2020,,185.06,,,,,
dataflow,ESTAT:PRC_HPI_A$DEFAULTVIEW(1.0),House price index (2015 = 100) - annual data,A,Annual,DW_NEW,Purchases of newly built dwellings,I15_A_AVG,"Annual average index, 2015=100",HU,Hungary,2021,,221.13,,,,,
dataflow,ESTAT:PRC_HPI_A$DEFAULTVIEW(1.0),House price index (2015 = 100) - annual data,A,Annual,DW_NEW,Purchases of newly built dwellings,I15_A_AVG,"Annual average index, 2015=100",HU,Hungary,2022,,268.66,,,,,
dataflow,ESTAT:PRC_HPI_A$DEFAULTVIEW(1.0),House price index (2015 = 100) - annual data,A,Annual,DW_NEW,Purchases of newly built dwellings,I15_A_AVG,"Annual average index, 2015=100",HU,Hungary,2023,,309.51,,,,,
dataflow,ESTAT:PRC_HPI_A$DEFAULTVIEW(1.0),House price index (2015 = 100) - annual data,A,Annual,DW_NEW,Purchases of newly built dwellings,I15_A_AVG,"Annual average index, 2015=100",HU,Hungary,2024,,355.53,,p,provisional,,
dataflow,ESTAT:PRC_HPI_A$DEFAULTVIEW(1.0),House price index (2015 = 100) - annual data,A,Annual,DW_NEW,Purchases of newly built dwellings,I15_A_AVG,"Annual average index, 2015=100",HU,Hungary,2025,,383.10,,p,provisional,,
dataflow,ESTAT:PRC_HPI_A$DEFAULTVIEW(1.0),House price index (2015 = 100) - annual data,A,Annual,DW_NEW,Purchases of newly built dwellings,I15_A_AVG,"Annual average index, 2015=100",IE,Ireland,2016,,107.63,,,,,
dataflow,ESTAT:PRC_HPI_A$DEFAULTVIEW(1.0),House price index (2015 = 100) - annual data,A,Annual,DW_NEW,Purchases of newly built dwellings,I15_A_AVG,"Annual average index, 2015=100",IE,Ireland,2017,,113.51,,,,,
dataflow,ESTAT:PRC_HPI_A$DEFAULTVIEW(1.0),House price index (2015 = 100) - annual data,A,Annual,DW_NEW,Purchases of newly built dwellings,I15_A_AVG,"Annual average index, 2015=100",IE,Ireland,2018,,124.75,,,,,
dataflow,ESTAT:PRC_HPI_A$DEFAULTVIEW(1.0),House price index (2015 = 100) - annual data,A,Annual,DW_NEW,Purchases of newly built dwellings,I15_A_AVG,"Annual average index, 2015=100",IE,Ireland,2019,,129.80,,,,,
dataflow,ESTAT:PRC_HPI_A$DEFAULTVIEW(1.0),House price index (2015 = 100) - annual data,A,Annual,DW_NEW,Purchases of newly built dwellings,I15_A_AVG,"Annual average index, 2015=100",IE,Ireland,2020,,132.55,,,,,
dataflow,ESTAT:PRC_HPI_A$DEFAULTVIEW(1.0),House price index (2015 = 100) - annual data,A,Annual,DW_NEW,Purchases of newly built dwellings,I15_A_AVG,"Annual average index, 2015=100",IE,Ireland,2021,,136.95,,,,,
dataflow,ESTAT:PRC_HPI_A$DEFAULTVIEW(1.0),House price index (2015 = 100) - annual data,A,Annual,DW_NEW,Purchases of newly built dwellings,I15_A_AVG,"Annual average index, 2015=100",IE,Ireland,2022,,148.38,,,,,
dataflow,ESTAT:PRC_HPI_A$DEFAULTVIEW(1.0),House price index (2015 = 100) - annual data,A,Annual,DW_NEW,Purchases of newly built dwellings,I15_A_AVG,"Annual average index, 2015=100",IE,Ireland,2023,,163.82,,,,,
dataflow,ESTAT:PRC_HPI_A$DEFAULTVIEW(1.0),House price index (2015 = 100) - annual data,A,Annual,DW_NEW,Purchases of newly built dwellings,I15_A_AVG,"Annual average index, 2015=100",IE,Ireland,2024,,175.04,,,,,
dataflow,ESTAT:PRC_HPI_A$DEFAULTVIEW(1.0),House price index (2015 = 100) - annual data,A,Annual,DW_NEW,Purchases of newly built dwellings,I15_A_AVG,"Annual average index, 2015=100",IE,Ireland,2025,,183.78,,p,provisional,,
dataflow,ESTAT:PRC_HPI_A$DEFAULTVIEW(1.0),House price index (2015 = 100) - annual data,A,Annual,DW_NEW,Purchases of newly built dwellings,I15_A_AVG,"Annual average index, 2015=100",IT,Italy,2016,,100.70,,,,,
dataflow,ESTAT:PRC_HPI_A$DEFAULTVIEW(1.0),House price index (2015 = 100) - annual data,A,Annual,DW_NEW,Purchases of newly built dwellings,I15_A_AVG,"Annual average index, 2015=100",IT,Italy,2017,,100.00,,,,,
dataflow,ESTAT:PRC_HPI_A$DEFAULTVIEW(1.0),House price index (2015 = 100) - annual data,A,Annual,DW_NEW,Purchases of newly built dwellings,I15_A_AVG,"Annual average index, 2015=100",IT,Italy,2018,,101.10,,,,,
dataflow,ESTAT:PRC_HPI_A$DEFAULTVIEW(1.0),House price index (2015 = 100) - annual data,A,Annual,DW_NEW,Purchases of newly built dwellings,I15_A_AVG,"Annual average index, 2015=100",IT,Italy,2019,,102.30,,,,,
dataflow,ESTAT:PRC_HPI_A$DEFAULTVIEW(1.0),House price index (2015 = 100) - annual data,A,Annual,DW_NEW,Purchases of newly built dwellings,I15_A_AVG,"Annual average index, 2015=100",IT,Italy,2020,,104.50,,,,,
dataflow,ESTAT:PRC_HPI_A$DEFAULTVIEW(1.0),House price index (2015 = 100) - annual data,A,Annual,DW_NEW,Purchases of newly built dwellings,I15_A_AVG,"Annual average index, 2015=100",IT,Italy,2021,,108.50,,,,,
dataflow,ESTAT:PRC_HPI_A$DEFAULTVIEW(1.0),House price index (2015 = 100) - annual data,A,Annual,DW_NEW,Purchases of newly built dwellings,I15_A_AVG,"Annual average index, 2015=100",IT,Italy,2022,,115.10,,,,,
dataflow,ESTAT:PRC_HPI_A$DEFAULTVIEW(1.0),House price index (2015 = 100) - annual data,A,Annual,DW_NEW,Purchases of newly built dwellings,I15_A_AVG,"Annual average index, 2015=100",IT,Italy,2023,,121.50,,,,,
dataflow,ESTAT:PRC_HPI_A$DEFAULTVIEW(1.0),House price index (2015 = 100) - annual data,A,Annual,DW_NEW,Purchases of newly built dwellings,I15_A_AVG,"Annual average index, 2015=100",IT,Italy,2024,,131.10,,,,,
dataflow,ESTAT:PRC_HPI_A$DEFAULTVIEW(1.0),House price index (2015 = 100) - annual data,A,Annual,DW_NEW,Purchases of newly built dwellings,I15_A_AVG,"Annual average index, 2015=100",IT,Italy,2025,,131.90,,p,provisional,,
dataflow,ESTAT:PRC_HPI_A$DEFAULTVIEW(1.0),House price index (2015 = 100) - annual data,A,Annual,DW_NEW,Purchases of newly built dwellings,I15_A_AVG,"Annual average index, 2015=100",LT,Lithuania,2016,,102.19,,,,,
dataflow,ESTAT:PRC_HPI_A$DEFAULTVIEW(1.0),House price index (2015 = 100) - annual data,A,Annual,DW_NEW,Purchases of newly built dwellings,I15_A_AVG,"Annual average index, 2015=100",LT,Lithuania,2017,,112.31,,,,,
dataflow,ESTAT:PRC_HPI_A$DEFAULTVIEW(1.0),House price index (2015 = 100) - annual data,A,Annual,DW_NEW,Purchases of newly built dwellings,I15_A_AVG,"Annual average index, 2015=100",LT,Lithuania,2018,,121.02,,,,,
dataflow,ESTAT:PRC_HPI_A$DEFAULTVIEW(1.0),House price index (2015 = 100) - annual data,A,Annual,DW_NEW,Purchases of newly built dwellings,I15_A_AVG,"Annual average index, 2015=100",LT,Lithuania,2019,,128.83,,,,,
dataflow,ESTAT:PRC_HPI_A$DEFAULTVIEW(1.0),House price index (2015 = 100) - annual data,A,Annual,DW_NEW,Purchases of newly built dwellings,I15_A_AVG,"Annual average index, 2015=100",LT,Lithuania,2020,,136.98,,,,,
dataflow,ESTAT:PRC_HPI_A$DEFAULTVIEW(1.0),House price index (2015 = 100) - annual data,A,Annual,DW_NEW,Purchases of newly built dwellings,I15_A_AVG,"Annual average index, 2015=100",LT,Lithuania,2021,,156.95,,,,,
dataflow,ESTAT:PRC_HPI_A$DEFAULTVIEW(1.0),House price index (2015 = 100) - annual data,A,Annual,DW_NEW,Purchases of newly built dwellings,I15_A_AVG,"Annual average index, 2015=100",LT,Lithuania,2022,,189.50,,,,,
dataflow,ESTAT:PRC_HPI_A$DEFAULTVIEW(1.0),House price index (2015 = 100) - annual data,A,Annual,DW_NEW,Purchases of newly built dwellings,I15_A_AVG,"Annual average index, 2015=100",LT,Lithuania,2023,,218.81,,,,,
dataflow,ESTAT:PRC_HPI_A$DEFAULTVIEW(1.0),House price index (2015 = 100) - annual data,A,Annual,DW_NEW,Purchases of newly built dwellings,I15_A_AVG,"Annual average index, 2015=100",LT,Lithuania,2024,,240.54,,,,,
dataflow,ESTAT:PRC_HPI_A$DEFAULTVIEW(1.0),House price index (2015 = 100) - annual data,A,Annual,DW_NEW,Purchases of newly built dwellings,I15_A_AVG,"Annual average index, 2015=100",LT,Lithuania,2025,,259.62,,,,,
dataflow,ESTAT:PRC_HPI_A$DEFAULTVIEW(1.0),House price index (2015 = 100) - annual data,A,Annual,DW_NEW,Purchases of newly built dwellings,I15_A_AVG,"Annual average index, 2015=100",LU,Luxembourg,2016,,105.61,,,,,
dataflow,ESTAT:PRC_HPI_A$DEFAULTVIEW(1.0),House price index (2015 = 100) - annual data,A,Annual,DW_NEW,Purchases of newly built dwellings,I15_A_AVG,"Annual average index, 2015=100",LU,Luxembourg,2017,,111.38,,,,,
dataflow,ESTAT:PRC_HPI_A$DEFAULTVIEW(1.0),House price index (2015 = 100) - annual data,A,Annual,DW_NEW,Purchases of newly built dwellings,I15_A_AVG,"Annual average index, 2015=100",LU,Luxembourg,2018,,117.65,,,,,
dataflow,ESTAT:PRC_HPI_A$DEFAULTVIEW(1.0),House price index (2015 = 100) - annual data,A,Annual,DW_NEW,Purchases of newly built dwellings,I15_A_AVG,"Annual average index, 2015=100",LU,Luxembourg,2019,,127.69,,,,,
dataflow,ESTAT:PRC_HPI_A$DEFAULTVIEW(1.0),House price index (2015 = 100) - annual data,A,Annual,DW_NEW,Purchases of newly built dwellings,I15_A_AVG,"Annual average index, 2015=100",LU,Luxembourg,2020,,146.17,,,,,
dataflow,ESTAT:PRC_HPI_A$DEFAULTVIEW(1.0),House price index (2015 = 100) - annual data,A,Annual,DW_NEW,Purchases of newly built dwellings,I15_A_AVG,"Annual average index, 2015=100",LU,Luxembourg,2021,,163.54,,,,,
dataflow,ESTAT:PRC_HPI_A$DEFAULTVIEW(1.0),House price index (2015 = 100) - annual data,A,Annual,DW_NEW,Purchases of newly built dwellings,I15_A_AVG,"Annual average index, 2015=100",LU,Luxembourg,2022,,181.98,,,,,
dataflow,ESTAT:PRC_HPI_A$DEFAULTVIEW(1.0),House price index (2015 = 100) - annual data,A,Annual,DW_NEW,Purchases of newly built dwellings,I15_A_AVG,"Annual average index, 2015=100",LU,Luxembourg,2023,,175.66,,,,,
dataflow,ESTAT:PRC_HPI_A$DEFAULTVIEW(1.0),House price index (2015 = 100) - annual data,A,Annual,DW_NEW,Purchases of newly built dwellings,I15_A_AVG,"Annual average index, 2015=100",LU,Luxembourg,2024,,169.06,,,,,
dataflow,ESTAT:PRC_HPI_A$DEFAULTVIEW(1.0),House price index (2015 = 100) - annual data,A,Annual,DW_NEW,Purchases of newly built dwellings,I15_A_AVG,"Annual average index, 2015=100",LU,Luxembourg,2025,,172.29,,p,provisional,,
dataflow,ESTAT:PRC_HPI_A$DEFAULTVIEW(1.0),House price index (2015 = 100) - annual data,A,Annual,DW_NEW,Purchases of newly built dwellings,I15_A_AVG,"Annual average index, 2015=100",LV,Latvia,2016,,107.50,,,,,
dataflow,ESTAT:PRC_HPI_A$DEFAULTVIEW(1.0),House price index (2015 = 100) - annual data,A,Annual,DW_NEW,Purchases of newly built dwellings,I15_A_AVG,"Annual average index, 2015=100",LV,Latvia,2017,,116.52,,,,,
dataflow,ESTAT:PRC_HPI_A$DEFAULTVIEW(1.0),House price index (2015 = 100) - annual data,A,Annual,DW_NEW,Purchases of newly built dwellings,I15_A_AVG,"Annual average index, 2015=100",LV,Latvia,2018,,123.67,,,,,
dataflow,ESTAT:PRC_HPI_A$DEFAULTVIEW(1.0),House price index (2015 = 100) - annual data,A,Annual,DW_NEW,Purchases of newly built dwellings,I15_A_AVG,"Annual average index, 2015=100",LV,Latvia,2019,,134.51,,,,,
dataflow,ESTAT:PRC_HPI_A$DEFAULTVIEW(1.0),House price index (2015 = 100) - annual data,A,Annual,DW_NEW,Purchases of newly built dwellings,I15_A_AVG,"Annual average index, 2015=100",LV,Latvia,2020,,144.84,,,,,
dataflow,ESTAT:PRC_HPI_A$DEFAULTVIEW(1.0),House price index (2015 = 100) - annual data,A,Annual,DW_NEW,Purchases of newly built dwellings,I15_A_AVG,"Annual average index, 2015=100",LV,Latvia,2021,,146.81,,,,,
dataflow,ESTAT:PRC_HPI_A$DEFAULTVIEW(1.0),House price index (2015 = 100) - annual data,A,Annual,DW_NEW,Purchases of newly built dwellings,I15_A_AVG,"Annual average index, 2015=100",LV,Latvia,2022,,165.81,,,,,
dataflow,ESTAT:PRC_HPI_A$DEFAULTVIEW(1.0),House price index (2015 = 100) - annual data,A,Annual,DW_NEW,Purchases of newly built dwellings,I15_A_AVG,"Annual average index, 2015=100",LV,Latvia,2023,,191.12,,,,,
dataflow,ESTAT:PRC_HPI_A$DEFAULTVIEW(1.0),House price index (2015 = 100) - annual data,A,Annual,DW_NEW,Purchases of newly built dwellings,I15_A_AVG,"Annual average index, 2015=100",LV,Latvia,2024,,209.45,,,,,
dataflow,ESTAT:PRC_HPI_A$DEFAULTVIEW(1.0),House price index (2015 = 100) - annual data,A,Annual,DW_NEW,Purchases of newly built dwellings,I15_A_AVG,"Annual average index, 2015=100",LV,Latvia,2025,,218.71,,p,provisional,,
dataflow,ESTAT:PRC_HPI_A$DEFAULTVIEW(1.0),House price index (2015 = 100) - annual data,A,Annual,DW_NEW,Purchases of newly built dwellings,I15_A_AVG,"Annual average index, 2015=100",MT,Malta,2016,,104.98,,,,,
dataflow,ESTAT:PRC_HPI_A$DEFAULTVIEW(1.0),House price index (2015 = 100) - annual data,A,Annual,DW_NEW,Purchases of newly built dwellings,I15_A_AVG,"Annual average index, 2015=100",MT,Malta,2017,,110.49,,,,,
dataflow,ESTAT:PRC_HPI_A$DEFAULTVIEW(1.0),House price index (2015 = 100) - annual data,A,Annual,DW_NEW,Purchases of newly built dwellings,I15_A_AVG,"Annual average index, 2015=100",MT,Malta,2018,,117.37,,,,,
dataflow,ESTAT:PRC_HPI_A$DEFAULTVIEW(1.0),House price index (2015 = 100) - annual data,A,Annual,DW_NEW,Purchases of newly built dwellings,I15_A_AVG,"Annual average index, 2015=100",MT,Malta,2019,,124.98,,,,,
dataflow,ESTAT:PRC_HPI_A$DEFAULTVIEW(1.0),House price index (2015 = 100) - annual data,A,Annual,DW_NEW,Purchases of newly built dwellings,I15_A_AVG,"Annual average index, 2015=100",MT,Malta,2020,,128.01,,,,,
dataflow,ESTAT:PRC_HPI_A$DEFAULTVIEW(1.0),House price index (2015 = 100) - annual data,A,Annual,DW_NEW,Purchases of newly built dwellings,I15_A_AVG,"Annual average index, 2015=100",MT,Malta,2021,,135.70,,,,,
dataflow,ESTAT:PRC_HPI_A$DEFAULTVIEW(1.0),House price index (2015 = 100) - annual data,A,Annual,DW_NEW,Purchases of newly built dwellings,I15_A_AVG,"Annual average index, 2015=100",MT,Malta,2022,,145.01,,,,,
dataflow,ESTAT:PRC_HPI_A$DEFAULTVIEW(1.0),House price index (2015 = 100) - annual data,A,Annual,DW_NEW,Purchases of newly built dwellings,I15_A_AVG,"Annual average index, 2015=100",MT,Malta,2023,,153.69,,,,,
dataflow,ESTAT:PRC_HPI_A$DEFAULTVIEW(1.0),House price index (2015 = 100) - annual data,A,Annual,DW_NEW,Purchases of newly built dwellings,I15_A_AVG,"Annual average index, 2015=100",MT,Malta,2024,,163.84,,,,,
dataflow,ESTAT:PRC_HPI_A$DEFAULTVIEW(1.0),House price index (2015 = 100) - annual data,A,Annual,DW_NEW,Purchases of newly built dwellings,I15_A_AVG,"Annual average index, 2015=100",MT,Malta,2025,,173.22,,p,provisional,,
dataflow,ESTAT:PRC_HPI_A$DEFAULTVIEW(1.0),House price index (2015 = 100) - annual data,A,Annual,DW_NEW,Purchases of newly built dwellings,I15_A_AVG,"Annual average index, 2015=100",NL,Netherlands,2016,,104.03,,,,,
dataflow,ESTAT:PRC_HPI_A$DEFAULTVIEW(1.0),House price index (2015 = 100) - annual data,A,Annual,DW_NEW,Purchases of newly built dwellings,I15_A_AVG,"Annual average index, 2015=100",NL,Netherlands,2017,,112.28,,,,,
dataflow,ESTAT:PRC_HPI_A$DEFAULTVIEW(1.0),House price index (2015 = 100) - annual data,A,Annual,DW_NEW,Purchases of newly built dwellings,I15_A_AVG,"Annual average index, 2015=100",NL,Netherlands,2018,,123.46,,,,,
dataflow,ESTAT:PRC_HPI_A$DEFAULTVIEW(1.0),House price index (2015 = 100) - annual data,A,Annual,DW_NEW,Purchases of newly built dwellings,I15_A_AVG,"Annual average index, 2015=100",NL,Netherlands,2019,,133.76,,,,,
dataflow,ESTAT:PRC_HPI_A$DEFAULTVIEW(1.0),House price index (2015 = 100) - annual data,A,Annual,DW_NEW,Purchases of newly built dwellings,I15_A_AVG,"Annual average index, 2015=100",NL,Netherlands,2020,,145.51,,,,,
dataflow,ESTAT:PRC_HPI_A$DEFAULTVIEW(1.0),House price index (2015 = 100) - annual data,A,Annual,DW_NEW,Purchases of newly built dwellings,I15_A_AVG,"Annual average index, 2015=100",NL,Netherlands,2021,,161.57,,,,,
dataflow,ESTAT:PRC_HPI_A$DEFAULTVIEW(1.0),House price index (2015 = 100) - annual data,A,Annual,DW_NEW,Purchases of newly built dwellings,I15_A_AVG,"Annual average index, 2015=100",NL,Netherlands,2022,,182.43,,,,,
dataflow,ESTAT:PRC_HPI_A$DEFAULTVIEW(1.0),House price index (2015 = 100) - annual data,A,Annual,DW_NEW,Purchases of newly built dwellings,I15_A_AVG,"Annual average index, 2015=100",NL,Netherlands,2023,,189.21,,,,,
dataflow,ESTAT:PRC_HPI_A$DEFAULTVIEW(1.0),House price index (2015 = 100) - annual data,A,Annual,DW_NEW,Purchases of newly built dwellings,I15_A_AVG,"Annual average index, 2015=100",NL,Netherlands,2024,,195.13,,,,,
dataflow,ESTAT:PRC_HPI_A$DEFAULTVIEW(1.0),House price index (2015 = 100) - annual data,A,Annual,DW_NEW,Purchases of newly built dwellings,I15_A_AVG,"Annual average index, 2015=100",NL,Netherlands,2025,,210.15,,p,provisional,,
dataflow,ESTAT:PRC_HPI_A$DEFAULTVIEW(1.0),House price index (2015 = 100) - annual data,A,Annual,DW_NEW,Purchases of newly built dwellings,I15_A_AVG,"Annual average index, 2015=100",NO,Norway,2016,,107.07,,,,,
dataflow,ESTAT:PRC_HPI_A$DEFAULTVIEW(1.0),House price index (2015 = 100) - annual data,A,Annual,DW_NEW,Purchases of newly built dwellings,I15_A_AVG,"Annual average index, 2015=100",NO,Norway,2017,,112.72,,,,,
dataflow,ESTAT:PRC_HPI_A$DEFAULTVIEW(1.0),House price index (2015 = 100) - annual data,A,Annual,DW_NEW,Purchases of newly built dwellings,I15_A_AVG,"Annual average index, 2015=100",NO,Norway,2018,,115.19,,,,,
dataflow,ESTAT:PRC_HPI_A$DEFAULTVIEW(1.0),House price index (2015 = 100) - annual data,A,Annual,DW_NEW,Purchases of newly built dwellings,I15_A_AVG,"Annual average index, 2015=100",NO,Norway,2019,,122.44,,,,,
dataflow,ESTAT:PRC_HPI_A$DEFAULTVIEW(1.0),House price index (2015 = 100) - annual data,A,Annual,DW_NEW,Purchases of newly built dwellings,I15_A_AVG,"Annual average index, 2015=100",NO,Norway,2020,,129.17,,,,,
dataflow,ESTAT:PRC_HPI_A$DEFAULTVIEW(1.0),House price index (2015 = 100) - annual data,A,Annual,DW_NEW,Purchases of newly built dwellings,I15_A_AVG,"Annual average index, 2015=100",NO,Norway,2021,,138.34,,,,,
dataflow,ESTAT:PRC_HPI_A$DEFAULTVIEW(1.0),House price index (2015 = 100) - annual data,A,Annual,DW_NEW,Purchases of newly built dwellings,I15_A_AVG,"Annual average index, 2015=100",NO,Norway,2022,,147.94,,,,,
dataflow,ESTAT:PRC_HPI_A$DEFAULTVIEW(1.0),House price index (2015 = 100) - annual data,A,Annual,DW_NEW,Purchases of newly built dwellings,I15_A_AVG,"Annual average index, 2015=100",NO,Norway,2023,,154.77,,,,,
dataflow,ESTAT:PRC_HPI_A$DEFAULTVIEW(1.0),House price index (2015 = 100) - annual data,A,Annual,DW_NEW,Purchases of newly built dwellings,I15_A_AVG,"Annual average index, 2015=100",NO,Norway,2024,,161.51,,,,,
dataflow,ESTAT:PRC_HPI_A$DEFAULTVIEW(1.0),House price index (2015 = 100) - annual data,A,Annual,DW_NEW,Purchases of newly built dwellings,I15_A_AVG,"Annual average index, 2015=100",NO,Norway,2025,,170.20,,,,,
dataflow,ESTAT:PRC_HPI_A$DEFAULTVIEW(1.0),House price index (2015 = 100) - annual data,A,Annual,DW_NEW,Purchases of newly built dwellings,I15_A_AVG,"Annual average index, 2015=100",PL,Poland,2016,,101.08,,,,,
dataflow,ESTAT:PRC_HPI_A$DEFAULTVIEW(1.0),House price index (2015 = 100) - annual data,A,Annual,DW_NEW,Purchases of newly built dwellings,I15_A_AVG,"Annual average index, 2015=100",PL,Poland,2017,,104.31,,,,,
dataflow,ESTAT:PRC_HPI_A$DEFAULTVIEW(1.0),House price index (2015 = 100) - annual data,A,Annual,DW_NEW,Purchases of newly built dwellings,I15_A_AVG,"Annual average index, 2015=100",PL,Poland,2018,,110.02,,,,,
dataflow,ESTAT:PRC_HPI_A$DEFAULTVIEW(1.0),House price index (2015 = 100) - annual data,A,Annual,DW_NEW,Purchases of newly built dwellings,I15_A_AVG,"Annual average index, 2015=100",PL,Poland,2019,,117.38,,,,,
dataflow,ESTAT:PRC_HPI_A$DEFAULTVIEW(1.0),House price index (2015 = 100) - annual data,A,Annual,DW_NEW,Purchases of newly built dwellings,I15_A_AVG,"Annual average index, 2015=100",PL,Poland,2020,,124.68,,,,,
dataflow,ESTAT:PRC_HPI_A$DEFAULTVIEW(1.0),House price index (2015 = 100) - annual data,A,Annual,DW_NEW,Purchases of newly built dwellings,I15_A_AVG,"Annual average index, 2015=100",PL,Poland,2021,,136.02,,,,,
dataflow,ESTAT:PRC_HPI_A$DEFAULTVIEW(1.0),House price index (2015 = 100) - annual data,A,Annual,DW_NEW,Purchases of newly built dwellings,I15_A_AVG,"Annual average index, 2015=100",PL,Poland,2022,,152.09,,,,,
dataflow,ESTAT:PRC_HPI_A$DEFAULTVIEW(1.0),House price index (2015 = 100) - annual data,A,Annual,DW_NEW,Purchases of newly built dwellings,I15_A_AVG,"Annual average index, 2015=100",PL,Poland,2023,,168.01,,,,,
dataflow,ESTAT:PRC_HPI_A$DEFAULTVIEW(1.0),House price index (2015 = 100) - annual data,A,Annual,DW_NEW,Purchases of newly built dwellings,I15_A_AVG,"Annual average index, 2015=100",PL,Poland,2024,,195.66,,,,,
dataflow,ESTAT:PRC_HPI_A$DEFAULTVIEW(1.0),House price index (2015 = 100) - annual data,A,Annual,DW_NEW,Purchases of newly built dwellings,I15_A_AVG,"Annual average index, 2015=100",PL,Poland,2025,,206.84,,,,,
dataflow,ESTAT:PRC_HPI_A$DEFAULTVIEW(1.0),House price index (2015 = 100) - annual data,A,Annual,DW_NEW,Purchases of newly built dwellings,I15_A_AVG,"Annual average index, 2015=100",PT,Portugal,2016,,103.33,,,,,
dataflow,ESTAT:PRC_HPI_A$DEFAULTVIEW(1.0),House price index (2015 = 100) - annual data,A,Annual,DW_NEW,Purchases of newly built dwellings,I15_A_AVG,"Annual average index, 2015=100",PT,Portugal,2017,,109.12,,,,,
dataflow,ESTAT:PRC_HPI_A$DEFAULTVIEW(1.0),House price index (2015 = 100) - annual data,A,Annual,DW_NEW,Purchases of newly built dwellings,I15_A_AVG,"Annual average index, 2015=100",PT,Portugal,2018,,117.30,,,,,
dataflow,ESTAT:PRC_HPI_A$DEFAULTVIEW(1.0),House price index (2015 = 100) - annual data,A,Annual,DW_NEW,Purchases of newly built dwellings,I15_A_AVG,"Annual average index, 2015=100",PT,Portugal,2019,,127.59,,,,,
dataflow,ESTAT:PRC_HPI_A$DEFAULTVIEW(1.0),House price index (2015 = 100) - annual data,A,Annual,DW_NEW,Purchases of newly built dwellings,I15_A_AVG,"Annual average index, 2015=100",PT,Portugal,2020,,137.19,,,,,
dataflow,ESTAT:PRC_HPI_A$DEFAULTVIEW(1.0),House price index (2015 = 100) - annual data,A,Annual,DW_NEW,Purchases of newly built dwellings,I15_A_AVG,"Annual average index, 2015=100",PT,Portugal,2021,,149.15,,,,,
dataflow,ESTAT:PRC_HPI_A$DEFAULTVIEW(1.0),House price index (2015 = 100) - annual data,A,Annual,DW_NEW,Purchases of newly built dwellings,I15_A_AVG,"Annual average index, 2015=100",PT,Portugal,2022,,162.06,,,,,
dataflow,ESTAT:PRC_HPI_A$DEFAULTVIEW(1.0),House price index (2015 = 100) - annual data,A,Annual,DW_NEW,Purchases of newly built dwellings,I15_A_AVG,"Annual average index, 2015=100",PT,Portugal,2023,,172.78,,,,,
dataflow,ESTAT:PRC_HPI_A$DEFAULTVIEW(1.0),House price index (2015 = 100) - annual data,A,Annual,DW_NEW,Purchases of newly built dwellings,I15_A_AVG,"Annual average index, 2015=100",PT,Portugal,2024,,185.70,,,,,
dataflow,ESTAT:PRC_HPI_A$DEFAULTVIEW(1.0),House price index (2015 = 100) - annual data,A,Annual,DW_NEW,Purchases of newly built dwellings,I15_A_AVG,"Annual average index, 2015=100",PT,Portugal,2025,,212.02,,,,,
dataflow,ESTAT:PRC_HPI_A$DEFAULTVIEW(1.0),House price index (2015 = 100) - annual data,A,Annual,DW_NEW,Purchases of newly built dwellings,I15_A_AVG,"Annual average index, 2015=100",RO,Romania,2016,,105.39,,,,,
dataflow,ESTAT:PRC_HPI_A$DEFAULTVIEW(1.0),House price index (2015 = 100) - annual data,A,Annual,DW_NEW,Purchases of newly built dwellings,I15_A_AVG,"Annual average index, 2015=100",RO,Romania,2017,,105.68,,,,,
dataflow,ESTAT:PRC_HPI_A$DEFAULTVIEW(1.0),House price index (2015 = 100) - annual data,A,Annual,DW_NEW,Purchases of newly built dwellings,I15_A_AVG,"Annual average index, 2015=100",RO,Romania,2018,,109.91,,,,,
dataflow,ESTAT:PRC_HPI_A$DEFAULTVIEW(1.0),House price index (2015 = 100) - annual data,A,Annual,DW_NEW,Purchases of newly built dwellings,I15_A_AVG,"Annual average index, 2015=100",RO,Romania,2019,,111.92,,,,,
dataflow,ESTAT:PRC_HPI_A$DEFAULTVIEW(1.0),House price index (2015 = 100) - annual data,A,Annual,DW_NEW,Purchases of newly built dwellings,I15_A_AVG,"Annual average index, 2015=100",RO,Romania,2020,,116.36,,,,,
dataflow,ESTAT:PRC_HPI_A$DEFAULTVIEW(1.0),House price index (2015 = 100) - annual data,A,Annual,DW_NEW,Purchases of newly built dwellings,I15_A_AVG,"Annual average index, 2015=100",RO,Romania,2021,,118.25,,,,,
dataflow,ESTAT:PRC_HPI_A$DEFAULTVIEW(1.0),House price index (2015 = 100) - annual data,A,Annual,DW_NEW,Purchases of newly built dwellings,I15_A_AVG,"Annual average index, 2015=100",RO,Romania,2022,,131.65,,,,,
dataflow,ESTAT:PRC_HPI_A$DEFAULTVIEW(1.0),House price index (2015 = 100) - annual data,A,Annual,DW_NEW,Purchases of newly built dwellings,I15_A_AVG,"Annual average index, 2015=100",RO,Romania,2023,,143.12,,,,,
dataflow,ESTAT:PRC_HPI_A$DEFAULTVIEW(1.0),House price index (2015 = 100) - annual data,A,Annual,DW_NEW,Purchases of newly built dwellings,I15_A_AVG,"Annual average index, 2015=100",RO,Romania,2024,,154.72,,,,,
dataflow,ESTAT:PRC_HPI_A$DEFAULTVIEW(1.0),House price index (2015 = 100) - annual data,A,Annual,DW_NEW,Purchases of newly built dwellings,I15_A_AVG,"Annual average index, 2015=100",RO,Romania,2025,,160.06,,,,,
dataflow,ESTAT:PRC_HPI_A$DEFAULTVIEW(1.0),House price index (2015 = 100) - annual data,A,Annual,DW_NEW,Purchases of newly built dwellings,I15_A_AVG,"Annual average index, 2015=100",SE,Sweden,2016,,106.20,,,,,
dataflow,ESTAT:PRC_HPI_A$DEFAULTVIEW(1.0),House price index (2015 = 100) - annual data,A,Annual,DW_NEW,Purchases of newly built dwellings,I15_A_AVG,"Annual average index, 2015=100",SE,Sweden,2017,,112.78,,,,,
dataflow,ESTAT:PRC_HPI_A$DEFAULTVIEW(1.0),House price index (2015 = 100) - annual data,A,Annual,DW_NEW,Purchases of newly built dwellings,I15_A_AVG,"Annual average index, 2015=100",SE,Sweden,2018,,123.71,,,,,
dataflow,ESTAT:PRC_HPI_A$DEFAULTVIEW(1.0),House price index (2015 = 100) - annual data,A,Annual,DW_NEW,Purchases of newly built dwellings,I15_A_AVG,"Annual average index, 2015=100",SE,Sweden,2019,,129.54,,,,,
dataflow,ESTAT:PRC_HPI_A$DEFAULTVIEW(1.0),House price index (2015 = 100) - annual data,A,Annual,DW_NEW,Purchases of newly built dwellings,I15_A_AVG,"Annual average index, 2015=100",SE,Sweden,2020,,127.56,,,,,
dataflow,ESTAT:PRC_HPI_A$DEFAULTVIEW(1.0),House price index (2015 = 100) - annual data,A,Annual,DW_NEW,Purchases of newly built dwellings,I15_A_AVG,"Annual average index, 2015=100",SE,Sweden,2021,,128.82,,,,,
dataflow,ESTAT:PRC_HPI_A$DEFAULTVIEW(1.0),House price index (2015 = 100) - annual data,A,Annual,DW_NEW,Purchases of newly built dwellings,I15_A_AVG,"Annual average index, 2015=100",SE,Sweden,2022,,147.59,,,,,
dataflow,ESTAT:PRC_HPI_A$DEFAULTVIEW(1.0),House price index (2015 = 100) - annual data,A,Annual,DW_NEW,Purchases of newly built dwellings,I15_A_AVG,"Annual average index, 2015=100",SE,Sweden,2023,,152.17,,,,,
dataflow,ESTAT:PRC_HPI_A$DEFAULTVIEW(1.0),House price index (2015 = 100) - annual data,A,Annual,DW_NEW,Purchases of newly built dwellings,I15_A_AVG,"Annual average index, 2015=100",SE,Sweden,2024,,142.25,,,,,
dataflow,ESTAT:PRC_HPI_A$DEFAULTVIEW(1.0),House price index (2015 = 100) - annual data,A,Annual,DW_NEW,Purchases of newly built dwellings,I15_A_AVG,"Annual average index, 2015=100",SE,Sweden,2025,,139.11,,,,,
dataflow,ESTAT:PRC_HPI_A$DEFAULTVIEW(1.0),House price index (2015 = 100) - annual data,A,Annual,DW_NEW,Purchases of newly built dwellings,I15_A_AVG,"Annual average index, 2015=100",SI,Slovenia,2016,,100.34,,,,,
dataflow,ESTAT:PRC_HPI_A$DEFAULTVIEW(1.0),House price index (2015 = 100) - annual data,A,Annual,DW_NEW,Purchases of newly built dwellings,I15_A_AVG,"Annual average index, 2015=100",SI,Slovenia,2017,,110.95,,,,,
dataflow,ESTAT:PRC_HPI_A$DEFAULTVIEW(1.0),House price index (2015 = 100) - annual data,A,Annual,DW_NEW,Purchases of newly built dwellings,I15_A_AVG,"Annual average index, 2015=100",SI,Slovenia,2018,,120.10,,,,,
dataflow,ESTAT:PRC_HPI_A$DEFAULTVIEW(1.0),House price index (2015 = 100) - annual data,A,Annual,DW_NEW,Purchases of newly built dwellings,I15_A_AVG,"Annual average index, 2015=100",SI,Slovenia,2019,,120.22,,,,,
dataflow,ESTAT:PRC_HPI_A$DEFAULTVIEW(1.0),House price index (2015 = 100) - annual data,A,Annual,DW_NEW,Purchases of newly built dwellings,I15_A_AVG,"Annual average index, 2015=100",SI,Slovenia,2020,,124.92,,,,,
dataflow,ESTAT:PRC_HPI_A$DEFAULTVIEW(1.0),House price index (2015 = 100) - annual data,A,Annual,DW_NEW,Purchases of newly built dwellings,I15_A_AVG,"Annual average index, 2015=100",SI,Slovenia,2021,,140.51,,,,,
dataflow,ESTAT:PRC_HPI_A$DEFAULTVIEW(1.0),House price index (2015 = 100) - annual data,A,Annual,DW_NEW,Purchases of newly built dwellings,I15_A_AVG,"Annual average index, 2015=100",SI,Slovenia,2022,,151.07,,,,,
dataflow,ESTAT:PRC_HPI_A$DEFAULTVIEW(1.0),House price index (2015 = 100) - annual data,A,Annual,DW_NEW,Purchases of newly built dwellings,I15_A_AVG,"Annual average index, 2015=100",SI,Slovenia,2023,,160.99,,,,,
dataflow,ESTAT:PRC_HPI_A$DEFAULTVIEW(1.0),House price index (2015 = 100) - annual data,A,Annual,DW_NEW,Purchases of newly built dwellings,I15_A_AVG,"Annual average index, 2015=100",SI,Slovenia,2024,,179.17,,,,,
dataflow,ESTAT:PRC_HPI_A$DEFAULTVIEW(1.0),House price index (2015 = 100) - annual data,A,Annual,DW_NEW,Purchases of newly built dwellings,I15_A_AVG,"Annual average index, 2015=100",SI,Slovenia,2025,,173.32,,p,provisional,,
dataflow,ESTAT:PRC_HPI_A$DEFAULTVIEW(1.0),House price index (2015 = 100) - annual data,A,Annual,DW_NEW,Purchases of newly built dwellings,I15_A_AVG,"Annual average index, 2015=100",SK,Slovakia,2016,,105.88,,,,,
dataflow,ESTAT:PRC_HPI_A$DEFAULTVIEW(1.0),House price index (2015 = 100) - annual data,A,Annual,DW_NEW,Purchases of newly built dwellings,I15_A_AVG,"Annual average index, 2015=100",SK,Slovakia,2017,,112.92,,,,,
dataflow,ESTAT:PRC_HPI_A$DEFAULTVIEW(1.0),House price index (2015 = 100) - annual data,A,Annual,DW_NEW,Purchases of newly built dwellings,I15_A_AVG,"Annual average index, 2015=100",SK,Slovakia,2018,,119.69,,,,,
dataflow,ESTAT:PRC_HPI_A$DEFAULTVIEW(1.0),House price index (2015 = 100) - annual data,A,Annual,DW_NEW,Purchases of newly built dwellings,I15_A_AVG,"Annual average index, 2015=100",SK,Slovakia,2019,,126.82,,,,,
dataflow,ESTAT:PRC_HPI_A$DEFAULTVIEW(1.0),House price index (2015 = 100) - annual data,A,Annual,DW_NEW,Purchases of newly built dwellings,I15_A_AVG,"Annual average index, 2015=100",SK,Slovakia,2020,,136.77,,,,,
dataflow,ESTAT:PRC_HPI_A$DEFAULTVIEW(1.0),House price index (2015 = 100) - annual data,A,Annual,DW_NEW,Purchases of newly built dwellings,I15_A_AVG,"Annual average index, 2015=100",SK,Slovakia,2021,,143.46,,,,,
dataflow,ESTAT:PRC_HPI_A$DEFAULTVIEW(1.0),House price index (2015 = 100) - annual data,A,Annual,DW_NEW,Purchases of newly built dwellings,I15_A_AVG,"Annual average index, 2015=100",SK,Slovakia,2022,,166.74,,,,,
dataflow,ESTAT:PRC_HPI_A$DEFAULTVIEW(1.0),House price index (2015 = 100) - annual data,A,Annual,DW_NEW,Purchases of newly built dwellings,I15_A_AVG,"Annual average index, 2015=100",SK,Slovakia,2023,,162.67,,,,,
dataflow,ESTAT:PRC_HPI_A$DEFAULTVIEW(1.0),House price index (2015 = 100) - annual data,A,Annual,DW_NEW,Purchases of newly built dwellings,I15_A_AVG,"Annual average index, 2015=100",SK,Slovakia,2024,,166.28,,,,,
dataflow,ESTAT:PRC_HPI_A$DEFAULTVIEW(1.0),House price index (2015 = 100) - annual data,A,Annual,DW_NEW,Purchases of newly built dwellings,I15_A_AVG,"Annual average index, 2015=100",SK,Slovakia,2025,,184.24,,,,,
dataflow,ESTAT:PRC_HPI_A$DEFAULTVIEW(1.0),House price index (2015 = 100) - annual data,A,Annual,DW_NEW,Purchases of newly built dwellings,I15_A_AVG,"Annual average index, 2015=100",TR,Türkiye,2016,,111.78,,,,,
dataflow,ESTAT:PRC_HPI_A$DEFAULTVIEW(1.0),House price index (2015 = 100) - annual data,A,Annual,DW_NEW,Purchases of newly built dwellings,I15_A_AVG,"Annual average index, 2015=100",TR,Türkiye,2017,,123.75,,,,,
dataflow,ESTAT:PRC_HPI_A$DEFAULTVIEW(1.0),House price index (2015 = 100) - annual data,A,Annual,DW_NEW,Purchases of newly built dwellings,I15_A_AVG,"Annual average index, 2015=100",TR,Türkiye,2018,,134.86,,,,,
dataflow,ESTAT:PRC_HPI_A$DEFAULTVIEW(1.0),House price index (2015 = 100) - annual data,A,Annual,DW_NEW,Purchases of newly built dwellings,I15_A_AVG,"Annual average index, 2015=100",TR,Türkiye,2019,,143.84,,,,,
dataflow,ESTAT:PRC_HPI_A$DEFAULTVIEW(1.0),House price index (2015 = 100) - annual data,A,Annual,DW_NEW,Purchases of newly built dwellings,I15_A_AVG,"Annual average index, 2015=100",TR,Türkiye,2020,,181.47,,,,,
dataflow,ESTAT:PRC_HPI_A$DEFAULTVIEW(1.0),House price index (2015 = 100) - annual data,A,Annual,DW_NEW,Purchases of newly built dwellings,I15_A_AVG,"Annual average index, 2015=100",TR,Türkiye,2021,,257.40,,,,,
dataflow,ESTAT:PRC_HPI_A$DEFAULTVIEW(1.0),House price index (2015 = 100) - annual data,A,Annual,DW_NEW,Purchases of newly built dwellings,I15_A_AVG,"Annual average index, 2015=100",TR,Türkiye,2022,,645.94,,,,,
dataflow,ESTAT:PRC_HPI_A$DEFAULTVIEW(1.0),House price index (2015 = 100) - annual data,A,Annual,DW_NEW,Purchases of newly built dwellings,I15_A_AVG,"Annual average index, 2015=100",TR,Türkiye,2023,,1299.55,,,,,
dataflow,ESTAT:PRC_HPI_A$DEFAULTVIEW(1.0),House price index (2015 = 100) - annual data,A,Annual,DW_NEW,Purchases of newly built dwellings,I15_A_AVG,"Annual average index, 2015=100",TR,Türkiye,2024,,1842.80,,,,,
dataflow,ESTAT:PRC_HPI_A$DEFAULTVIEW(1.0),House price index (2015 = 100) - annual data,A,Annual,DW_NEW,Purchases of newly built dwellings,I15_A_AVG,"Annual average index, 2015=100",UK,United Kingdom,2016,,109.35,,,,,
dataflow,ESTAT:PRC_HPI_A$DEFAULTVIEW(1.0),House price index (2015 = 100) - annual data,A,Annual,DW_NEW,Purchases of newly built dwellings,I15_A_AVG,"Annual average index, 2015=100",UK,United Kingdom,2017,,114.94,,,,,
dataflow,ESTAT:PRC_HPI_A$DEFAULTVIEW(1.0),House price index (2015 = 100) - annual data,A,Annual,DW_NEW,Purchases of newly built dwellings,I15_A_AVG,"Annual average index, 2015=100",UK,United Kingdom,2018,,119.81,,,,,
dataflow,ESTAT:PRC_HPI_A$DEFAULTVIEW(1.0),House price index (2015 = 100) - annual data,A,Annual,DW_NEW,Purchases of newly built dwellings,I15_A_AVG,"Annual average index, 2015=100",UK,United Kingdom,2019,,120.78,,,,,
dataflow,ESTAT:PRC_HPI_A$DEFAULTVIEW(1.0),House price index (2015 = 100) - annual data,A,Annual,DW_NEW,Purchases of newly built dwellings,RCH_A_AVG,Annual average rate of change,AT,Austria,2016,,7.9,,,,,
dataflow,ESTAT:PRC_HPI_A$DEFAULTVIEW(1.0),House price index (2015 = 100) - annual data,A,Annual,DW_NEW,Purchases of newly built dwellings,RCH_A_AVG,Annual average rate of change,AT,Austria,2017,,2.4,,,,,
dataflow,ESTAT:PRC_HPI_A$DEFAULTVIEW(1.0),House price index (2015 = 100) - annual data,A,Annual,DW_NEW,Purchases of newly built dwellings,RCH_A_AVG,Annual average rate of change,AT,Austria,2018,,5.0,,,,,
dataflow,ESTAT:PRC_HPI_A$DEFAULTVIEW(1.0),House price index (2015 = 100) - annual data,A,Annual,DW_NEW,Purchases of newly built dwellings,RCH_A_AVG,Annual average rate of change,AT,Austria,2019,,6.0,,,,,
dataflow,ESTAT:PRC_HPI_A$DEFAULTVIEW(1.0),House price index (2015 = 100) - annual data,A,Annual,DW_NEW,Purchases of newly built dwellings,RCH_A_AVG,Annual average rate of change,AT,Austria,2020,,7.5,,,,,
dataflow,ESTAT:PRC_HPI_A$DEFAULTVIEW(1.0),House price index (2015 = 100) - annual data,A,Annual,DW_NEW,Purchases of newly built dwellings,RCH_A_AVG,Annual average rate of change,AT,Austria,2021,,8.4,,,,,
dataflow,ESTAT:PRC_HPI_A$DEFAULTVIEW(1.0),House price index (2015 = 100) - annual data,A,Annual,DW_NEW,Purchases of newly built dwellings,RCH_A_AVG,Annual average rate of change,AT,Austria,2022,,11.5,,,,,
dataflow,ESTAT:PRC_HPI_A$DEFAULTVIEW(1.0),House price index (2015 = 100) - annual data,A,Annual,DW_NEW,Purchases of newly built dwellings,RCH_A_AVG,Annual average rate of change,AT,Austria,2023,,-0.3,,,,,
dataflow,ESTAT:PRC_HPI_A$DEFAULTVIEW(1.0),House price index (2015 = 100) - annual data,A,Annual,DW_NEW,Purchases of newly built dwellings,RCH_A_AVG,Annual average rate of change,AT,Austria,2024,,2.5,,,,,
dataflow,ESTAT:PRC_HPI_A$DEFAULTVIEW(1.0),House price index (2015 = 100) - annual data,A,Annual,DW_NEW,Purchases of newly built dwellings,RCH_A_AVG,Annual average rate of change,AT,Austria,2025,,2.9,,p,provisional,,
dataflow,ESTAT:PRC_HPI_A$DEFAULTVIEW(1.0),House price index (2015 = 100) - annual data,A,Annual,DW_NEW,Purchases of newly built dwellings,RCH_A_AVG,Annual average rate of change,BE,Belgium,2016,,3.5,,,,,
dataflow,ESTAT:PRC_HPI_A$DEFAULTVIEW(1.0),House price index (2015 = 100) - annual data,A,Annual,DW_NEW,Purchases of newly built dwellings,RCH_A_AVG,Annual average rate of change,BE,Belgium,2017,,4.3,,,,,
dataflow,ESTAT:PRC_HPI_A$DEFAULTVIEW(1.0),House price index (2015 = 100) - annual data,A,Annual,DW_NEW,Purchases of newly built dwellings,RCH_A_AVG,Annual average rate of change,BE,Belgium,2018,,3.2,,,,,
dataflow,ESTAT:PRC_HPI_A$DEFAULTVIEW(1.0),House price index (2015 = 100) - annual data,A,Annual,DW_NEW,Purchases of newly built dwellings,RCH_A_AVG,Annual average rate of change,BE,Belgium,2019,,3.1,,,,,
dataflow,ESTAT:PRC_HPI_A$DEFAULTVIEW(1.0),House price index (2015 = 100) - annual data,A,Annual,DW_NEW,Purchases of newly built dwellings,RCH_A_AVG,Annual average rate of change,BE,Belgium,2020,,4.4,,,,,
dataflow,ESTAT:PRC_HPI_A$DEFAULTVIEW(1.0),House price index (2015 = 100) - annual data,A,Annual,DW_NEW,Purchases of newly built dwellings,RCH_A_AVG,Annual average rate of change,BE,Belgium,2021,,6.3,,,,,
dataflow,ESTAT:PRC_HPI_A$DEFAULTVIEW(1.0),House price index (2015 = 100) - annual data,A,Annual,DW_NEW,Purchases of newly built dwellings,RCH_A_AVG,Annual average rate of change,BE,Belgium,2022,,5.3,,,,,
dataflow,ESTAT:PRC_HPI_A$DEFAULTVIEW(1.0),House price index (2015 = 100) - annual data,A,Annual,DW_NEW,Purchases of newly built dwellings,RCH_A_AVG,Annual average rate of change,BE,Belgium,2023,,2.1,,,,,
dataflow,ESTAT:PRC_HPI_A$DEFAULTVIEW(1.0),House price index (2015 = 100) - annual data,A,Annual,DW_NEW,Purchases of newly built dwellings,RCH_A_AVG,Annual average rate of change,BE,Belgium,2024,,5.9,,,,,
dataflow,ESTAT:PRC_HPI_A$DEFAULTVIEW(1.0),House price index (2015 = 100) - annual data,A,Annual,DW_NEW,Purchases of newly built dwellings,RCH_A_AVG,Annual average rate of change,BE,Belgium,2025,,1.8,,p,provisional,,
dataflow,ESTAT:PRC_HPI_A$DEFAULTVIEW(1.0),House price index (2015 = 100) - annual data,A,Annual,DW_NEW,Purchases of newly built dwellings,RCH_A_AVG,Annual average rate of change,BG,Bulgaria,2016,,6.4,,,,,
dataflow,ESTAT:PRC_HPI_A$DEFAULTVIEW(1.0),House price index (2015 = 100) - annual data,A,Annual,DW_NEW,Purchases of newly built dwellings,RCH_A_AVG,Annual average rate of change,BG,Bulgaria,2017,,6.7,,,,,
dataflow,ESTAT:PRC_HPI_A$DEFAULTVIEW(1.0),House price index (2015 = 100) - annual data,A,Annual,DW_NEW,Purchases of newly built dwellings,RCH_A_AVG,Annual average rate of change,BG,Bulgaria,2018,,5.7,,,,,
dataflow,ESTAT:PRC_HPI_A$DEFAULTVIEW(1.0),House price index (2015 = 100) - annual data,A,Annual,DW_NEW,Purchases of newly built dwellings,RCH_A_AVG,Annual average rate of change,BG,Bulgaria,2019,,8.5,,,,,
dataflow,ESTAT:PRC_HPI_A$DEFAULTVIEW(1.0),House price index (2015 = 100) - annual data,A,Annual,DW_NEW,Purchases of newly built dwellings,RCH_A_AVG,Annual average rate of change,BG,Bulgaria,2020,,2.2,,,,,
dataflow,ESTAT:PRC_HPI_A$DEFAULTVIEW(1.0),House price index (2015 = 100) - annual data,A,Annual,DW_NEW,Purchases of newly built dwellings,RCH_A_AVG,Annual average rate of change,BG,Bulgaria,2021,,7.7,,,,,
dataflow,ESTAT:PRC_HPI_A$DEFAULTVIEW(1.0),House price index (2015 = 100) - annual data,A,Annual,DW_NEW,Purchases of newly built dwellings,RCH_A_AVG,Annual average rate of change,BG,Bulgaria,2022,,10.8,,b,break in time series,,
dataflow,ESTAT:PRC_HPI_A$DEFAULTVIEW(1.0),House price index (2015 = 100) - annual data,A,Annual,DW_NEW,Purchases of newly built dwellings,RCH_A_AVG,Annual average rate of change,BG,Bulgaria,2023,,8.6,,,,,
dataflow,ESTAT:PRC_HPI_A$DEFAULTVIEW(1.0),House price index (2015 = 100) - annual data,A,Annual,DW_NEW,Purchases of newly built dwellings,RCH_A_AVG,Annual average rate of change,BG,Bulgaria,2024,,17.8,,,,,
dataflow,ESTAT:PRC_HPI_A$DEFAULTVIEW(1.0),House price index (2015 = 100) - annual data,A,Annual,DW_NEW,Purchases of newly built dwellings,RCH_A_AVG,Annual average rate of change,BG,Bulgaria,2025,,12.0,,p,provisional,,
dataflow,ESTAT:PRC_HPI_A$DEFAULTVIEW(1.0),House price index (2015 = 100) - annual data,A,Annual,DW_NEW,Purchases of newly built dwellings,RCH_A_AVG,Annual average rate of change,CY,Cyprus,2016,,0.4,,,,,
dataflow,ESTAT:PRC_HPI_A$DEFAULTVIEW(1.0),House price index (2015 = 100) - annual data,A,Annual,DW_NEW,Purchases of newly built dwellings,RCH_A_AVG,Annual average rate of change,CY,Cyprus,2017,,12.2,,,,,
dataflow,ESTAT:PRC_HPI_A$DEFAULTVIEW(1.0),House price index (2015 = 100) - annual data,A,Annual,DW_NEW,Purchases of newly built dwellings,RCH_A_AVG,Annual average rate of change,CY,Cyprus,2018,,-1.0,,,,,
dataflow,ESTAT:PRC_HPI_A$DEFAULTVIEW(1.0),House price index (2015 = 100) - annual data,A,Annual,DW_NEW,Purchases of newly built dwellings,RCH_A_AVG,Annual average rate of change,CY,Cyprus,2019,,13.6,,,,,
dataflow,ESTAT:PRC_HPI_A$DEFAULTVIEW(1.0),House price index (2015 = 100) - annual data,A,Annual,DW_NEW,Purchases of newly built dwellings,RCH_A_AVG,Annual average rate of change,CY,Cyprus,2020,,6.0,,,,,
dataflow,ESTAT:PRC_HPI_A$DEFAULTVIEW(1.0),House price index (2015 = 100) - annual data,A,Annual,DW_NEW,Purchases of newly built dwellings,RCH_A_AVG,Annual average rate of change,CY,Cyprus,2021,,-2.9,,,,,
dataflow,ESTAT:PRC_HPI_A$DEFAULTVIEW(1.0),House price index (2015 = 100) - annual data,A,Annual,DW_NEW,Purchases of newly built dwellings,RCH_A_AVG,Annual average rate of change,CY,Cyprus,2022,,7.4,,,,,
dataflow,ESTAT:PRC_HPI_A$DEFAULTVIEW(1.0),House price index (2015 = 100) - annual data,A,Annual,DW_NEW,Purchases of newly built dwellings,RCH_A_AVG,Annual average rate of change,CY,Cyprus,2023,,10.3,,,,,
dataflow,ESTAT:PRC_HPI_A$DEFAULTVIEW(1.0),House price index (2015 = 100) - annual data,A,Annual,DW_NEW,Purchases of newly built dwellings,RCH_A_AVG,Annual average rate of change,CY,Cyprus,2024,,7.5,,,,,
dataflow,ESTAT:PRC_HPI_A$DEFAULTVIEW(1.0),House price index (2015 = 100) - annual data,A,Annual,DW_NEW,Purchases of newly built dwellings,RCH_A_AVG,Annual average rate of change,CY,Cyprus,2025,,3.0,,,,,
dataflow,ESTAT:PRC_HPI_A$DEFAULTVIEW(1.0),House price index (2015 = 100) - annual data,A,Annual,DW_NEW,Purchases of newly built dwellings,RCH_A_AVG,Annual average rate of change,CZ,Czechia,2016,,5.9,,,,,
dataflow,ESTAT:PRC_HPI_A$DEFAULTVIEW(1.0),House price index (2015 = 100) - annual data,A,Annual,DW_NEW,Purchases of newly built dwellings,RCH_A_AVG,Annual average rate of change,CZ,Czechia,2017,,13.9,,,,,
dataflow,ESTAT:PRC_HPI_A$DEFAULTVIEW(1.0),House price index (2015 = 100) - annual data,A,Annual,DW_NEW,Purchases of newly built dwellings,RCH_A_AVG,Annual average rate of change,CZ,Czechia,2018,,11.8,,,,,
dataflow,ESTAT:PRC_HPI_A$DEFAULTVIEW(1.0),House price index (2015 = 100) - annual data,A,Annual,DW_NEW,Purchases of newly built dwellings,RCH_A_AVG,Annual average rate of change,CZ,Czechia,2019,,7.9,,,,,
dataflow,ESTAT:PRC_HPI_A$DEFAULTVIEW(1.0),House price index (2015 = 100) - annual data,A,Annual,DW_NEW,Purchases of newly built dwellings,RCH_A_AVG,Annual average rate of change,CZ,Czechia,2020,,9.1,,,,,
dataflow,ESTAT:PRC_HPI_A$DEFAULTVIEW(1.0),House price index (2015 = 100) - annual data,A,Annual,DW_NEW,Purchases of newly built dwellings,RCH_A_AVG,Annual average rate of change,CZ,Czechia,2021,,18.4,,,,,
dataflow,ESTAT:PRC_HPI_A$DEFAULTVIEW(1.0),House price index (2015 = 100) - annual data,A,Annual,DW_NEW,Purchases of newly built dwellings,RCH_A_AVG,Annual average rate of change,CZ,Czechia,2022,,18.3,,,,,
dataflow,ESTAT:PRC_HPI_A$DEFAULTVIEW(1.0),House price index (2015 = 100) - annual data,A,Annual,DW_NEW,Purchases of newly built dwellings,RCH_A_AVG,Annual average rate of change,CZ,Czechia,2023,,-1.4,,,,,
dataflow,ESTAT:PRC_HPI_A$DEFAULTVIEW(1.0),House price index (2015 = 100) - annual data,A,Annual,DW_NEW,Purchases of newly built dwellings,RCH_A_AVG,Annual average rate of change,CZ,Czechia,2024,,5.1,,,,,
dataflow,ESTAT:PRC_HPI_A$DEFAULTVIEW(1.0),House price index (2015 = 100) - annual data,A,Annual,DW_NEW,Purchases of newly built dwellings,RCH_A_AVG,Annual average rate of change,CZ,Czechia,2025,,13.6,,,,,
dataflow,ESTAT:PRC_HPI_A$DEFAULTVIEW(1.0),House price index (2015 = 100) - annual data,A,Annual,DW_NEW,Purchases of newly built dwellings,RCH_A_AVG,Annual average rate of change,DE,Germany,2016,,6.9,,,,,
dataflow,ESTAT:PRC_HPI_A$DEFAULTVIEW(1.0),House price index (2015 = 100) - annual data,A,Annual,DW_NEW,Purchases of newly built dwellings,RCH_A_AVG,Annual average rate of change,DE,Germany,2017,,4.6,,,,,
dataflow,ESTAT:PRC_HPI_A$DEFAULTVIEW(1.0),House price index (2015 = 100) - annual data,A,Annual,DW_NEW,Purchases of newly built dwellings,RCH_A_AVG,Annual average rate of change,DE,Germany,2018,,6.4,,,,,
dataflow,ESTAT:PRC_HPI_A$DEFAULTVIEW(1.0),House price index (2015 = 100) - annual data,A,Annual,DW_NEW,Purchases of newly built dwellings,RCH_A_AVG,Annual average rate of change,DE,Germany,2019,,3.3,,,,,
dataflow,ESTAT:PRC_HPI_A$DEFAULTVIEW(1.0),House price index (2015 = 100) - annual data,A,Annual,DW_NEW,Purchases of newly built dwellings,RCH_A_AVG,Annual average rate of change,DE,Germany,2020,,6.2,,,,,
dataflow,ESTAT:PRC_HPI_A$DEFAULTVIEW(1.0),House price index (2015 = 100) - annual data,A,Annual,DW_NEW,Purchases of newly built dwellings,RCH_A_AVG,Annual average rate of change,DE,Germany,2021,,7.4,,,,,
dataflow,ESTAT:PRC_HPI_A$DEFAULTVIEW(1.0),House price index (2015 = 100) - annual data,A,Annual,DW_NEW,Purchases of newly built dwellings,RCH_A_AVG,Annual average rate of change,DE,Germany,2022,,6.2,,,,,
dataflow,ESTAT:PRC_HPI_A$DEFAULTVIEW(1.0),House price index (2015 = 100) - annual data,A,Annual,DW_NEW,Purchases of newly built dwellings,RCH_A_AVG,Annual average rate of change,DE,Germany,2023,,-2.5,,,,,
dataflow,ESTAT:PRC_HPI_A$DEFAULTVIEW(1.0),House price index (2015 = 100) - annual data,A,Annual,DW_NEW,Purchases of newly built dwellings,RCH_A_AVG,Annual average rate of change,DE,Germany,2024,,0.5,,,,,
dataflow,ESTAT:PRC_HPI_A$DEFAULTVIEW(1.0),House price index (2015 = 100) - annual data,A,Annual,DW_NEW,Purchases of newly built dwellings,RCH_A_AVG,Annual average rate of change,DE,Germany,2025,,2.8,,p,provisional,,
dataflow,ESTAT:PRC_HPI_A$DEFAULTVIEW(1.0),House price index (2015 = 100) - annual data,A,Annual,DW_NEW,Purchases of newly built dwellings,RCH_A_AVG,Annual average rate of change,DK,Denmark,2016,,-0.6,,,,,
dataflow,ESTAT:PRC_HPI_A$DEFAULTVIEW(1.0),House price index (2015 = 100) - annual data,A,Annual,DW_NEW,Purchases of newly built dwellings,RCH_A_AVG,Annual average rate of change,DK,Denmark,2017,,0.6,,,,,
dataflow,ESTAT:PRC_HPI_A$DEFAULTVIEW(1.0),House price index (2015 = 100) - annual data,A,Annual,DW_NEW,Purchases of newly built dwellings,RCH_A_AVG,Annual average rate of change,DK,Denmark,2018,,1.8,,,,,
dataflow,ESTAT:PRC_HPI_A$DEFAULTVIEW(1.0),House price index (2015 = 100) - annual data,A,Annual,DW_NEW,Purchases of newly built dwellings,RCH_A_AVG,Annual average rate of change,DK,Denmark,2019,,0.7,,,,,
dataflow,ESTAT:PRC_HPI_A$DEFAULTVIEW(1.0),House price index (2015 = 100) - annual data,A,Annual,DW_NEW,Purchases of newly built dwellings,RCH_A_AVG,Annual average rate of change,DK,Denmark,2020,,0.7,,,,,
dataflow,ESTAT:PRC_HPI_A$DEFAULTVIEW(1.0),House price index (2015 = 100) - annual data,A,Annual,DW_NEW,Purchases of newly built dwellings,RCH_A_AVG,Annual average rate of change,DK,Denmark,2021,,4.1,,,,,
dataflow,ESTAT:PRC_HPI_A$DEFAULTVIEW(1.0),House price index (2015 = 100) - annual data,A,Annual,DW_NEW,Purchases of newly built dwellings,RCH_A_AVG,Annual average rate of change,DK,Denmark,2022,,10.3,,,,,
dataflow,ESTAT:PRC_HPI_A$DEFAULTVIEW(1.0),House price index (2015 = 100) - annual data,A,Annual,DW_NEW,Purchases of newly built dwellings,RCH_A_AVG,Annual average rate of change,DK,Denmark,2023,,4.4,,,,,
dataflow,ESTAT:PRC_HPI_A$DEFAULTVIEW(1.0),House price index (2015 = 100) - annual data,A,Annual,DW_NEW,Purchases of newly built dwellings,RCH_A_AVG,Annual average rate of change,DK,Denmark,2024,,2.3,,,,,
dataflow,ESTAT:PRC_HPI_A$DEFAULTVIEW(1.0),House price index (2015 = 100) - annual data,A,Annual,DW_NEW,Purchases of newly built dwellings,RCH_A_AVG,Annual average rate of change,DK,Denmark,2025,,2.1,,,,,
dataflow,ESTAT:PRC_HPI_A$DEFAULTVIEW(1.0),House price index (2015 = 100) - annual data,A,Annual,DW_NEW,Purchases of newly built dwellings,RCH_A_AVG,Annual average rate of change,EA,"Euro area (EA11-1999, EA12-2001, EA13-2007, EA15-2008, EA16-2009, EA17-2011, EA18-2014, EA19-2015, EA20-2023, EA21-2026)",2016,,3.8,,,,,
dataflow,ESTAT:PRC_HPI_A$DEFAULTVIEW(1.0),House price index (2015 = 100) - annual data,A,Annual,DW_NEW,Purchases of newly built dwellings,RCH_A_AVG,Annual average rate of change,EA,"Euro area (EA11-1999, EA12-2001, EA13-2007, EA15-2008, EA16-2009, EA17-2011, EA18-2014, EA19-2015, EA20-2023, EA21-2026)",2017,,3.6,,,,,
dataflow,ESTAT:PRC_HPI_A$DEFAULTVIEW(1.0),House price index (2015 = 100) - annual data,A,Annual,DW_NEW,Purchases of newly built dwellings,RCH_A_AVG,Annual average rate of change,EA,"Euro area (EA11-1999, EA12-2001, EA13-2007, EA15-2008, EA16-2009, EA17-2011, EA18-2014, EA19-2015, EA20-2023, EA21-2026)",2018,,4.6,,,,,
dataflow,ESTAT:PRC_HPI_A$DEFAULTVIEW(1.0),House price index (2015 = 100) - annual data,A,Annual,DW_NEW,Purchases of newly built dwellings,RCH_A_AVG,Annual average rate of change,EA,"Euro area (EA11-1999, EA12-2001, EA13-2007, EA15-2008, EA16-2009, EA17-2011, EA18-2014, EA19-2015, EA20-2023, EA21-2026)",2019,,4.4,,,,,
dataflow,ESTAT:PRC_HPI_A$DEFAULTVIEW(1.0),House price index (2015 = 100) - annual data,A,Annual,DW_NEW,Purchases of newly built dwellings,RCH_A_AVG,Annual average rate of change,EA,"Euro area (EA11-1999, EA12-2001, EA13-2007, EA15-2008, EA16-2009, EA17-2011, EA18-2014, EA19-2015, EA20-2023, EA21-2026)",2020,,5.2,,,,,
dataflow,ESTAT:PRC_HPI_A$DEFAULTVIEW(1.0),House price index (2015 = 100) - annual data,A,Annual,DW_NEW,Purchases of newly built dwellings,RCH_A_AVG,Annual average rate of change,EA,"Euro area (EA11-1999, EA12-2001, EA13-2007, EA15-2008, EA16-2009, EA17-2011, EA18-2014, EA19-2015, EA20-2023, EA21-2026)",2021,,6.2,,,,,
dataflow,ESTAT:PRC_HPI_A$DEFAULTVIEW(1.0),House price index (2015 = 100) - annual data,A,Annual,DW_NEW,Purchases of newly built dwellings,RCH_A_AVG,Annual average rate of change,EA,"Euro area (EA11-1999, EA12-2001, EA13-2007, EA15-2008, EA16-2009, EA17-2011, EA18-2014, EA19-2015, EA20-2023, EA21-2026)",2022,,8.0,,,,,
dataflow,ESTAT:PRC_HPI_A$DEFAULTVIEW(1.0),House price index (2015 = 100) - annual data,A,Annual,DW_NEW,Purchases of newly built dwellings,RCH_A_AVG,Annual average rate of change,EA,"Euro area (EA11-1999, EA12-2001, EA13-2007, EA15-2008, EA16-2009, EA17-2011, EA18-2014, EA19-2015, EA20-2023, EA21-2026)",2023,,3.3,,,,,
dataflow,ESTAT:PRC_HPI_A$DEFAULTVIEW(1.0),House price index (2015 = 100) - annual data,A,Annual,DW_NEW,Purchases of newly built dwellings,RCH_A_AVG,Annual average rate of change,EA,"Euro area (EA11-1999, EA12-2001, EA13-2007, EA15-2008, EA16-2009, EA17-2011, EA18-2014, EA19-2015, EA20-2023, EA21-2026)",2024,,4.4,,,,,
dataflow,ESTAT:PRC_HPI_A$DEFAULTVIEW(1.0),House price index (2015 = 100) - annual data,A,Annual,DW_NEW,Purchases of newly built dwellings,RCH_A_AVG,Annual average rate of change,EA,"Euro area (EA11-1999, EA12-2001, EA13-2007, EA15-2008, EA16-2009, EA17-2011, EA18-2014, EA19-2015, EA20-2023, EA21-2026)",2025,,4.3,,,,,
dataflow,ESTAT:PRC_HPI_A$DEFAULTVIEW(1.0),House price index (2015 = 100) - annual data,A,Annual,DW_NEW,Purchases of newly built dwellings,RCH_A_AVG,Annual average rate of change,EA19,Euro area - 19 countries  (2015-2022),2016,,3.8,,,,,
dataflow,ESTAT:PRC_HPI_A$DEFAULTVIEW(1.0),House price index (2015 = 100) - annual data,A,Annual,DW_NEW,Purchases of newly built dwellings,RCH_A_AVG,Annual average rate of change,EA19,Euro area - 19 countries  (2015-2022),2017,,3.6,,,,,
dataflow,ESTAT:PRC_HPI_A$DEFAULTVIEW(1.0),House price index (2015 = 100) - annual data,A,Annual,DW_NEW,Purchases of newly built dwellings,RCH_A_AVG,Annual average rate of change,EA19,Euro area - 19 countries  (2015-2022),2018,,4.6,,,,,
dataflow,ESTAT:PRC_HPI_A$DEFAULTVIEW(1.0),House price index (2015 = 100) - annual data,A,Annual,DW_NEW,Purchases of newly built dwellings,RCH_A_AVG,Annual average rate of change,EA19,Euro area - 19 countries  (2015-2022),2019,,4.4,,,,,
dataflow,ESTAT:PRC_HPI_A$DEFAULTVIEW(1.0),House price index (2015 = 100) - annual data,A,Annual,DW_NEW,Purchases of newly built dwellings,RCH_A_AVG,Annual average rate of change,EA19,Euro area - 19 countries  (2015-2022),2020,,5.2,,,,,
dataflow,ESTAT:PRC_HPI_A$DEFAULTVIEW(1.0),House price index (2015 = 100) - annual data,A,Annual,DW_NEW,Purchases of newly built dwellings,RCH_A_AVG,Annual average rate of change,EA19,Euro area - 19 countries  (2015-2022),2021,,6.2,,,,,
dataflow,ESTAT:PRC_HPI_A$DEFAULTVIEW(1.0),House price index (2015 = 100) - annual data,A,Annual,DW_NEW,Purchases of newly built dwellings,RCH_A_AVG,Annual average rate of change,EA19,Euro area - 19 countries  (2015-2022),2022,,8.0,,,,,
dataflow,ESTAT:PRC_HPI_A$DEFAULTVIEW(1.0),House price index (2015 = 100) - annual data,A,Annual,DW_NEW,Purchases of newly built dwellings,RCH_A_AVG,Annual average rate of change,EA19,Euro area - 19 countries  (2015-2022),2023,,3.3,,,,,
dataflow,ESTAT:PRC_HPI_A$DEFAULTVIEW(1.0),House price index (2015 = 100) - annual data,A,Annual,DW_NEW,Purchases of newly built dwellings,RCH_A_AVG,Annual average rate of change,EA19,Euro area - 19 countries  (2015-2022),2024,,4.4,,,,,
dataflow,ESTAT:PRC_HPI_A$DEFAULTVIEW(1.0),House price index (2015 = 100) - annual data,A,Annual,DW_NEW,Purchases of newly built dwellings,RCH_A_AVG,Annual average rate of change,EA19,Euro area - 19 countries  (2015-2022),2025,,4.2,,,,,
dataflow,ESTAT:PRC_HPI_A$DEFAULTVIEW(1.0),House price index (2015 = 100) - annual data,A,Annual,DW_NEW,Purchases of newly built dwellings,RCH_A_AVG,Annual average rate of change,EA20,Euro area – 20 countries (2023-2025),2016,,3.7,,,,,
dataflow,ESTAT:PRC_HPI_A$DEFAULTVIEW(1.0),House price index (2015 = 100) - annual data,A,Annual,DW_NEW,Purchases of newly built dwellings,RCH_A_AVG,Annual average rate of change,EA20,Euro area – 20 countries (2023-2025),2017,,3.6,,,,,
dataflow,ESTAT:PRC_HPI_A$DEFAULTVIEW(1.0),House price index (2015 = 100) - annual data,A,Annual,DW_NEW,Purchases of newly built dwellings,RCH_A_AVG,Annual average rate of change,EA20,Euro area – 20 countries (2023-2025),2018,,4.6,,,,,
dataflow,ESTAT:PRC_HPI_A$DEFAULTVIEW(1.0),House price index (2015 = 100) - annual data,A,Annual,DW_NEW,Purchases of newly built dwellings,RCH_A_AVG,Annual average rate of change,EA20,Euro area – 20 countries (2023-2025),2019,,4.4,,,,,
dataflow,ESTAT:PRC_HPI_A$DEFAULTVIEW(1.0),House price index (2015 = 100) - annual data,A,Annual,DW_NEW,Purchases of newly built dwellings,RCH_A_AVG,Annual average rate of change,EA20,Euro area – 20 countries (2023-2025),2020,,5.1,,,,,
dataflow,ESTAT:PRC_HPI_A$DEFAULTVIEW(1.0),House price index (2015 = 100) - annual data,A,Annual,DW_NEW,Purchases of newly built dwellings,RCH_A_AVG,Annual average rate of change,EA20,Euro area – 20 countries (2023-2025),2021,,6.2,,,,,
dataflow,ESTAT:PRC_HPI_A$DEFAULTVIEW(1.0),House price index (2015 = 100) - annual data,A,Annual,DW_NEW,Purchases of newly built dwellings,RCH_A_AVG,Annual average rate of change,EA20,Euro area – 20 countries (2023-2025),2022,,8.1,,,,,
dataflow,ESTAT:PRC_HPI_A$DEFAULTVIEW(1.0),House price index (2015 = 100) - annual data,A,Annual,DW_NEW,Purchases of newly built dwellings,RCH_A_AVG,Annual average rate of change,EA20,Euro area – 20 countries (2023-2025),2023,,3.3,,,,,
dataflow,ESTAT:PRC_HPI_A$DEFAULTVIEW(1.0),House price index (2015 = 100) - annual data,A,Annual,DW_NEW,Purchases of newly built dwellings,RCH_A_AVG,Annual average rate of change,EA20,Euro area – 20 countries (2023-2025),2024,,4.4,,,,,
dataflow,ESTAT:PRC_HPI_A$DEFAULTVIEW(1.0),House price index (2015 = 100) - annual data,A,Annual,DW_NEW,Purchases of newly built dwellings,RCH_A_AVG,Annual average rate of change,EA20,Euro area – 20 countries (2023-2025),2025,,4.3,,,,,
dataflow,ESTAT:PRC_HPI_A$DEFAULTVIEW(1.0),House price index (2015 = 100) - annual data,A,Annual,DW_NEW,Purchases of newly built dwellings,RCH_A_AVG,Annual average rate of change,EA21,Euro area – 21 countries (from 2026),2016,,3.8,,,,,
dataflow,ESTAT:PRC_HPI_A$DEFAULTVIEW(1.0),House price index (2015 = 100) - annual data,A,Annual,DW_NEW,Purchases of newly built dwellings,RCH_A_AVG,Annual average rate of change,EA21,Euro area – 21 countries (from 2026),2017,,3.7,,,,,
dataflow,ESTAT:PRC_HPI_A$DEFAULTVIEW(1.0),House price index (2015 = 100) - annual data,A,Annual,DW_NEW,Purchases of newly built dwellings,RCH_A_AVG,Annual average rate of change,EA21,Euro area – 21 countries (from 2026),2018,,4.6,,,,,
dataflow,ESTAT:PRC_HPI_A$DEFAULTVIEW(1.0),House price index (2015 = 100) - annual data,A,Annual,DW_NEW,Purchases of newly built dwellings,RCH_A_AVG,Annual average rate of change,EA21,Euro area – 21 countries (from 2026),2019,,4.5,,,,,
dataflow,ESTAT:PRC_HPI_A$DEFAULTVIEW(1.0),House price index (2015 = 100) - annual data,A,Annual,DW_NEW,Purchases of newly built dwellings,RCH_A_AVG,Annual average rate of change,EA21,Euro area – 21 countries (from 2026),2020,,5.1,,,,,
dataflow,ESTAT:PRC_HPI_A$DEFAULTVIEW(1.0),House price index (2015 = 100) - annual data,A,Annual,DW_NEW,Purchases of newly built dwellings,RCH_A_AVG,Annual average rate of change,EA21,Euro area – 21 countries (from 2026),2021,,6.3,,,,,
dataflow,ESTAT:PRC_HPI_A$DEFAULTVIEW(1.0),House price index (2015 = 100) - annual data,A,Annual,DW_NEW,Purchases of newly built dwellings,RCH_A_AVG,Annual average rate of change,EA21,Euro area – 21 countries (from 2026),2022,,8.1,,,,,
dataflow,ESTAT:PRC_HPI_A$DEFAULTVIEW(1.0),House price index (2015 = 100) - annual data,A,Annual,DW_NEW,Purchases of newly built dwellings,RCH_A_AVG,Annual average rate of change,EA21,Euro area – 21 countries (from 2026),2023,,3.5,,,,,
dataflow,ESTAT:PRC_HPI_A$DEFAULTVIEW(1.0),House price index (2015 = 100) - annual data,A,Annual,DW_NEW,Purchases of newly built dwellings,RCH_A_AVG,Annual average rate of change,EA21,Euro area – 21 countries (from 2026),2024,,4.7,,,,,
dataflow,ESTAT:PRC_HPI_A$DEFAULTVIEW(1.0),House price index (2015 = 100) - annual data,A,Annual,DW_NEW,Purchases of newly built dwellings,RCH_A_AVG,Annual average rate of change,EA21,Euro area – 21 countries (from 2026),2025,,4.5,,,,,
dataflow,ESTAT:PRC_HPI_A$DEFAULTVIEW(1.0),House price index (2015 = 100) - annual data,A,Annual,DW_NEW,Purchases of newly built dwellings,RCH_A_AVG,Annual average rate of change,EE,Estonia,2016,,5.3,,,,,
dataflow,ESTAT:PRC_HPI_A$DEFAULTVIEW(1.0),House price index (2015 = 100) - annual data,A,Annual,DW_NEW,Purchases of newly built dwellings,RCH_A_AVG,Annual average rate of change,EE,Estonia,2017,,5.2,,,,,
dataflow,ESTAT:PRC_HPI_A$DEFAULTVIEW(1.0),House price index (2015 = 100) - annual data,A,Annual,DW_NEW,Purchases of newly built dwellings,RCH_A_AVG,Annual average rate of change,EE,Estonia,2018,,8.7,,,,,
dataflow,ESTAT:PRC_HPI_A$DEFAULTVIEW(1.0),House price index (2015 = 100) - annual data,A,Annual,DW_NEW,Purchases of newly built dwellings,RCH_A_AVG,Annual average rate of change,EE,Estonia,2019,,7.3,,,,,
dataflow,ESTAT:PRC_HPI_A$DEFAULTVIEW(1.0),House price index (2015 = 100) - annual data,A,Annual,DW_NEW,Purchases of newly built dwellings,RCH_A_AVG,Annual average rate of change,EE,Estonia,2020,,9.6,,,,,
dataflow,ESTAT:PRC_HPI_A$DEFAULTVIEW(1.0),House price index (2015 = 100) - annual data,A,Annual,DW_NEW,Purchases of newly built dwellings,RCH_A_AVG,Annual average rate of change,EE,Estonia,2021,,12.7,,,,,
dataflow,ESTAT:PRC_HPI_A$DEFAULTVIEW(1.0),House price index (2015 = 100) - annual data,A,Annual,DW_NEW,Purchases of newly built dwellings,RCH_A_AVG,Annual average rate of change,EE,Estonia,2022,,17.7,,,,,
dataflow,ESTAT:PRC_HPI_A$DEFAULTVIEW(1.0),House price index (2015 = 100) - annual data,A,Annual,DW_NEW,Purchases of newly built dwellings,RCH_A_AVG,Annual average rate of change,EE,Estonia,2023,,11.8,,,,,
dataflow,ESTAT:PRC_HPI_A$DEFAULTVIEW(1.0),House price index (2015 = 100) - annual data,A,Annual,DW_NEW,Purchases of newly built dwellings,RCH_A_AVG,Annual average rate of change,EE,Estonia,2024,,4.5,,,,,
dataflow,ESTAT:PRC_HPI_A$DEFAULTVIEW(1.0),House price index (2015 = 100) - annual data,A,Annual,DW_NEW,Purchases of newly built dwellings,RCH_A_AVG,Annual average rate of change,EE,Estonia,2025,,3.1,,,,,
dataflow,ESTAT:PRC_HPI_A$DEFAULTVIEW(1.0),House price index (2015 = 100) - annual data,A,Annual,DW_NEW,Purchases of newly built dwellings,RCH_A_AVG,Annual average rate of change,ES,Spain,2016,,6.4,,,,,
dataflow,ESTAT:PRC_HPI_A$DEFAULTVIEW(1.0),House price index (2015 = 100) - annual data,A,Annual,DW_NEW,Purchases of newly built dwellings,RCH_A_AVG,Annual average rate of change,ES,Spain,2017,,6.1,,,,,
dataflow,ESTAT:PRC_HPI_A$DEFAULTVIEW(1.0),House price index (2015 = 100) - annual data,A,Annual,DW_NEW,Purchases of newly built dwellings,RCH_A_AVG,Annual average rate of change,ES,Spain,2018,,6.3,,,,,
dataflow,ESTAT:PRC_HPI_A$DEFAULTVIEW(1.0),House price index (2015 = 100) - annual data,A,Annual,DW_NEW,Purchases of newly built dwellings,RCH_A_AVG,Annual average rate of change,ES,Spain,2019,,7.5,,,,,
dataflow,ESTAT:PRC_HPI_A$DEFAULTVIEW(1.0),House price index (2015 = 100) - annual data,A,Annual,DW_NEW,Purchases of newly built dwellings,RCH_A_AVG,Annual average rate of change,ES,Spain,2020,,6.5,,,,,
dataflow,ESTAT:PRC_HPI_A$DEFAULTVIEW(1.0),House price index (2015 = 100) - annual data,A,Annual,DW_NEW,Purchases of newly built dwellings,RCH_A_AVG,Annual average rate of change,ES,Spain,2021,,4.5,,,,,
dataflow,ESTAT:PRC_HPI_A$DEFAULTVIEW(1.0),House price index (2015 = 100) - annual data,A,Annual,DW_NEW,Purchases of newly built dwellings,RCH_A_AVG,Annual average rate of change,ES,Spain,2022,,7.8,,,,,
dataflow,ESTAT:PRC_HPI_A$DEFAULTVIEW(1.0),House price index (2015 = 100) - annual data,A,Annual,DW_NEW,Purchases of newly built dwellings,RCH_A_AVG,Annual average rate of change,ES,Spain,2023,,8.0,,,,,
dataflow,ESTAT:PRC_HPI_A$DEFAULTVIEW(1.0),House price index (2015 = 100) - annual data,A,Annual,DW_NEW,Purchases of newly built dwellings,RCH_A_AVG,Annual average rate of change,ES,Spain,2024,,10.8,,,,,
dataflow,ESTAT:PRC_HPI_A$DEFAULTVIEW(1.0),House price index (2015 = 100) - annual data,A,Annual,DW_NEW,Purchases of newly built dwellings,RCH_A_AVG,Annual average rate of change,ES,Spain,2025,,11.3,,,,,
dataflow,ESTAT:PRC_HPI_A$DEFAULTVIEW(1.0),House price index (2015 = 100) - annual data,A,Annual,DW_NEW,Purchases of newly built dwellings,RCH_A_AVG,Annual average rate of change,EU,"European Union (EU6-1958, EU9-1973, EU10-1981, EU12-1986, EU15-1995, EU25-2004, EU27-2007, EU28-2013, EU27-2020)",2016,,3.8,,,,,
dataflow,ESTAT:PRC_HPI_A$DEFAULTVIEW(1.0),House price index (2015 = 100) - annual data,A,Annual,DW_NEW,Purchases of newly built dwellings,RCH_A_AVG,Annual average rate of change,EU,"European Union (EU6-1958, EU9-1973, EU10-1981, EU12-1986, EU15-1995, EU25-2004, EU27-2007, EU28-2013, EU27-2020)",2017,,3.8,,,,,
dataflow,ESTAT:PRC_HPI_A$DEFAULTVIEW(1.0),House price index (2015 = 100) - annual data,A,Annual,DW_NEW,Purchases of newly built dwellings,RCH_A_AVG,Annual average rate of change,EU,"European Union (EU6-1958, EU9-1973, EU10-1981, EU12-1986, EU15-1995, EU25-2004, EU27-2007, EU28-2013, EU27-2020)",2018,,5.0,,,,,
dataflow,ESTAT:PRC_HPI_A$DEFAULTVIEW(1.0),House price index (2015 = 100) - annual data,A,Annual,DW_NEW,Purchases of newly built dwellings,RCH_A_AVG,Annual average rate of change,EU,"European Union (EU6-1958, EU9-1973, EU10-1981, EU12-1986, EU15-1995, EU25-2004, EU27-2007, EU28-2013, EU27-2020)",2019,,4.5,,,,,
dataflow,ESTAT:PRC_HPI_A$DEFAULTVIEW(1.0),House price index (2015 = 100) - annual data,A,Annual,DW_NEW,Purchases of newly built dwellings,RCH_A_AVG,Annual average rate of change,EU,"European Union (EU6-1958, EU9-1973, EU10-1981, EU12-1986, EU15-1995, EU25-2004, EU27-2007, EU28-2013, EU27-2020)",2020,,4.9,,,,,
dataflow,ESTAT:PRC_HPI_A$DEFAULTVIEW(1.0),House price index (2015 = 100) - annual data,A,Annual,DW_NEW,Purchases of newly built dwellings,RCH_A_AVG,Annual average rate of change,EU,"European Union (EU6-1958, EU9-1973, EU10-1981, EU12-1986, EU15-1995, EU25-2004, EU27-2007, EU28-2013, EU27-2020)",2021,,6.8,,,,,
dataflow,ESTAT:PRC_HPI_A$DEFAULTVIEW(1.0),House price index (2015 = 100) - annual data,A,Annual,DW_NEW,Purchases of newly built dwellings,RCH_A_AVG,Annual average rate of change,EU,"European Union (EU6-1958, EU9-1973, EU10-1981, EU12-1986, EU15-1995, EU25-2004, EU27-2007, EU28-2013, EU27-2020)",2022,,9.4,,,,,
dataflow,ESTAT:PRC_HPI_A$DEFAULTVIEW(1.0),House price index (2015 = 100) - annual data,A,Annual,DW_NEW,Purchases of newly built dwellings,RCH_A_AVG,Annual average rate of change,EU,"European Union (EU6-1958, EU9-1973, EU10-1981, EU12-1986, EU15-1995, EU25-2004, EU27-2007, EU28-2013, EU27-2020)",2023,,5.0,,,,,
dataflow,ESTAT:PRC_HPI_A$DEFAULTVIEW(1.0),House price index (2015 = 100) - annual data,A,Annual,DW_NEW,Purchases of newly built dwellings,RCH_A_AVG,Annual average rate of change,EU,"European Union (EU6-1958, EU9-1973, EU10-1981, EU12-1986, EU15-1995, EU25-2004, EU27-2007, EU28-2013, EU27-2020)",2024,,6.8,,,,,
dataflow,ESTAT:PRC_HPI_A$DEFAULTVIEW(1.0),House price index (2015 = 100) - annual data,A,Annual,DW_NEW,Purchases of newly built dwellings,RCH_A_AVG,Annual average rate of change,EU,"European Union (EU6-1958, EU9-1973, EU10-1981, EU12-1986, EU15-1995, EU25-2004, EU27-2007, EU28-2013, EU27-2020)",2025,,4.7,,,,,
dataflow,ESTAT:PRC_HPI_A$DEFAULTVIEW(1.0),House price index (2015 = 100) - annual data,A,Annual,DW_NEW,Purchases of newly built dwellings,RCH_A_AVG,Annual average rate of change,EU27_2020,European Union - 27 countries (from 2020),2016,,3.5,,,,,
dataflow,ESTAT:PRC_HPI_A$DEFAULTVIEW(1.0),House price index (2015 = 100) - annual data,A,Annual,DW_NEW,Purchases of newly built dwellings,RCH_A_AVG,Annual average rate of change,EU27_2020,European Union - 27 countries (from 2020),2017,,3.7,,,,,
dataflow,ESTAT:PRC_HPI_A$DEFAULTVIEW(1.0),House price index (2015 = 100) - annual data,A,Annual,DW_NEW,Purchases of newly built dwellings,RCH_A_AVG,Annual average rate of change,EU27_2020,European Union - 27 countries (from 2020),2018,,5.0,,,,,
dataflow,ESTAT:PRC_HPI_A$DEFAULTVIEW(1.0),House price index (2015 = 100) - annual data,A,Annual,DW_NEW,Purchases of newly built dwellings,RCH_A_AVG,Annual average rate of change,EU27_2020,European Union - 27 countries (from 2020),2019,,4.8,,,,,
dataflow,ESTAT:PRC_HPI_A$DEFAULTVIEW(1.0),House price index (2015 = 100) - annual data,A,Annual,DW_NEW,Purchases of newly built dwellings,RCH_A_AVG,Annual average rate of change,EU27_2020,European Union - 27 countries (from 2020),2020,,5.1,,,,,
dataflow,ESTAT:PRC_HPI_A$DEFAULTVIEW(1.0),House price index (2015 = 100) - annual data,A,Annual,DW_NEW,Purchases of newly built dwellings,RCH_A_AVG,Annual average rate of change,EU27_2020,European Union - 27 countries (from 2020),2021,,6.8,,,,,
dataflow,ESTAT:PRC_HPI_A$DEFAULTVIEW(1.0),House price index (2015 = 100) - annual data,A,Annual,DW_NEW,Purchases of newly built dwellings,RCH_A_AVG,Annual average rate of change,EU27_2020,European Union - 27 countries (from 2020),2022,,9.4,,,,,
dataflow,ESTAT:PRC_HPI_A$DEFAULTVIEW(1.0),House price index (2015 = 100) - annual data,A,Annual,DW_NEW,Purchases of newly built dwellings,RCH_A_AVG,Annual average rate of change,EU27_2020,European Union - 27 countries (from 2020),2023,,5.0,,,,,
dataflow,ESTAT:PRC_HPI_A$DEFAULTVIEW(1.0),House price index (2015 = 100) - annual data,A,Annual,DW_NEW,Purchases of newly built dwellings,RCH_A_AVG,Annual average rate of change,EU27_2020,European Union - 27 countries (from 2020),2024,,6.8,,,,,
dataflow,ESTAT:PRC_HPI_A$DEFAULTVIEW(1.0),House price index (2015 = 100) - annual data,A,Annual,DW_NEW,Purchases of newly built dwellings,RCH_A_AVG,Annual average rate of change,EU27_2020,European Union - 27 countries (from 2020),2025,,4.7,,,,,
dataflow,ESTAT:PRC_HPI_A$DEFAULTVIEW(1.0),House price index (2015 = 100) - annual data,A,Annual,DW_NEW,Purchases of newly built dwellings,RCH_A_AVG,Annual average rate of change,EU28,European Union - 28 countries (2013-2020),2016,,3.8,,,,,
dataflow,ESTAT:PRC_HPI_A$DEFAULTVIEW(1.0),House price index (2015 = 100) - annual data,A,Annual,DW_NEW,Purchases of newly built dwellings,RCH_A_AVG,Annual average rate of change,EU28,European Union - 28 countries (2013-2020),2017,,3.8,,,,,
dataflow,ESTAT:PRC_HPI_A$DEFAULTVIEW(1.0),House price index (2015 = 100) - annual data,A,Annual,DW_NEW,Purchases of newly built dwellings,RCH_A_AVG,Annual average rate of change,EU28,European Union - 28 countries (2013-2020),2018,,5.0,,,,,
dataflow,ESTAT:PRC_HPI_A$DEFAULTVIEW(1.0),House price index (2015 = 100) - annual data,A,Annual,DW_NEW,Purchases of newly built dwellings,RCH_A_AVG,Annual average rate of change,EU28,European Union - 28 countries (2013-2020),2019,,4.5,,,,,
dataflow,ESTAT:PRC_HPI_A$DEFAULTVIEW(1.0),House price index (2015 = 100) - annual data,A,Annual,DW_NEW,Purchases of newly built dwellings,RCH_A_AVG,Annual average rate of change,FI,Finland,2016,,2.4,,,,,
dataflow,ESTAT:PRC_HPI_A$DEFAULTVIEW(1.0),House price index (2015 = 100) - annual data,A,Annual,DW_NEW,Purchases of newly built dwellings,RCH_A_AVG,Annual average rate of change,FI,Finland,2017,,3.7,,,,,
dataflow,ESTAT:PRC_HPI_A$DEFAULTVIEW(1.0),House price index (2015 = 100) - annual data,A,Annual,DW_NEW,Purchases of newly built dwellings,RCH_A_AVG,Annual average rate of change,FI,Finland,2018,,2.2,,,,,
dataflow,ESTAT:PRC_HPI_A$DEFAULTVIEW(1.0),House price index (2015 = 100) - annual data,A,Annual,DW_NEW,Purchases of newly built dwellings,RCH_A_AVG,Annual average rate of change,FI,Finland,2019,,1.8,,,,,
dataflow,ESTAT:PRC_HPI_A$DEFAULTVIEW(1.0),House price index (2015 = 100) - annual data,A,Annual,DW_NEW,Purchases of newly built dwellings,RCH_A_AVG,Annual average rate of change,FI,Finland,2020,,3.6,,,,,
dataflow,ESTAT:PRC_HPI_A$DEFAULTVIEW(1.0),House price index (2015 = 100) - annual data,A,Annual,DW_NEW,Purchases of newly built dwellings,RCH_A_AVG,Annual average rate of change,FI,Finland,2021,,5.6,,,,,
dataflow,ESTAT:PRC_HPI_A$DEFAULTVIEW(1.0),House price index (2015 = 100) - annual data,A,Annual,DW_NEW,Purchases of newly built dwellings,RCH_A_AVG,Annual average rate of change,FI,Finland,2022,,4.4,,,,,
dataflow,ESTAT:PRC_HPI_A$DEFAULTVIEW(1.0),House price index (2015 = 100) - annual data,A,Annual,DW_NEW,Purchases of newly built dwellings,RCH_A_AVG,Annual average rate of change,FI,Finland,2023,,-0.6,,,,,
dataflow,ESTAT:PRC_HPI_A$DEFAULTVIEW(1.0),House price index (2015 = 100) - annual data,A,Annual,DW_NEW,Purchases of newly built dwellings,RCH_A_AVG,Annual average rate of change,FI,Finland,2024,,-2.3,,,,,
dataflow,ESTAT:PRC_HPI_A$DEFAULTVIEW(1.0),House price index (2015 = 100) - annual data,A,Annual,DW_NEW,Purchases of newly built dwellings,RCH_A_AVG,Annual average rate of change,FI,Finland,2025,,1.1,,,,,
dataflow,ESTAT:PRC_HPI_A$DEFAULTVIEW(1.0),House price index (2015 = 100) - annual data,A,Annual,DW_NEW,Purchases of newly built dwellings,RCH_A_AVG,Annual average rate of change,FR,France,2016,,1.7,,,,,
dataflow,ESTAT:PRC_HPI_A$DEFAULTVIEW(1.0),House price index (2015 = 100) - annual data,A,Annual,DW_NEW,Purchases of newly built dwellings,RCH_A_AVG,Annual average rate of change,FR,France,2017,,3.9,,,,,
dataflow,ESTAT:PRC_HPI_A$DEFAULTVIEW(1.0),House price index (2015 = 100) - annual data,A,Annual,DW_NEW,Purchases of newly built dwellings,RCH_A_AVG,Annual average rate of change,FR,France,2018,,2.5,,,,,
dataflow,ESTAT:PRC_HPI_A$DEFAULTVIEW(1.0),House price index (2015 = 100) - annual data,A,Annual,DW_NEW,Purchases of newly built dwellings,RCH_A_AVG,Annual average rate of change,FR,France,2019,,3.6,,,,,
dataflow,ESTAT:PRC_HPI_A$DEFAULTVIEW(1.0),House price index (2015 = 100) - annual data,A,Annual,DW_NEW,Purchases of newly built dwellings,RCH_A_AVG,Annual average rate of change,FR,France,2020,,3.0,,,,,
dataflow,ESTAT:PRC_HPI_A$DEFAULTVIEW(1.0),House price index (2015 = 100) - annual data,A,Annual,DW_NEW,Purchases of newly built dwellings,RCH_A_AVG,Annual average rate of change,FR,France,2021,,4.6,,,,,
dataflow,ESTAT:PRC_HPI_A$DEFAULTVIEW(1.0),House price index (2015 = 100) - annual data,A,Annual,DW_NEW,Purchases of newly built dwellings,RCH_A_AVG,Annual average rate of change,FR,France,2022,,5.8,,,,,
dataflow,ESTAT:PRC_HPI_A$DEFAULTVIEW(1.0),House price index (2015 = 100) - annual data,A,Annual,DW_NEW,Purchases of newly built dwellings,RCH_A_AVG,Annual average rate of change,FR,France,2023,,1.4,,,,,
dataflow,ESTAT:PRC_HPI_A$DEFAULTVIEW(1.0),House price index (2015 = 100) - annual data,A,Annual,DW_NEW,Purchases of newly built dwellings,RCH_A_AVG,Annual average rate of change,FR,France,2024,,-0.6,,,,,
dataflow,ESTAT:PRC_HPI_A$DEFAULTVIEW(1.0),House price index (2015 = 100) - annual data,A,Annual,DW_NEW,Purchases of newly built dwellings,RCH_A_AVG,Annual average rate of change,FR,France,2025,,1.3,,p,provisional,,
dataflow,ESTAT:PRC_HPI_A$DEFAULTVIEW(1.0),House price index (2015 = 100) - annual data,A,Annual,DW_NEW,Purchases of newly built dwellings,RCH_A_AVG,Annual average rate of change,HR,Croatia,2016,,-3.4,,,,,
dataflow,ESTAT:PRC_HPI_A$DEFAULTVIEW(1.0),House price index (2015 = 100) - annual data,A,Annual,DW_NEW,Purchases of newly built dwellings,RCH_A_AVG,Annual average rate of change,HR,Croatia,2017,,-0.1,,,,,
dataflow,ESTAT:PRC_HPI_A$DEFAULTVIEW(1.0),House price index (2015 = 100) - annual data,A,Annual,DW_NEW,Purchases of newly built dwellings,RCH_A_AVG,Annual average rate of change,HR,Croatia,2018,,3.6,,,,,
dataflow,ESTAT:PRC_HPI_A$DEFAULTVIEW(1.0),House price index (2015 = 100) - annual data,A,Annual,DW_NEW,Purchases of newly built dwellings,RCH_A_AVG,Annual average rate of change,HR,Croatia,2019,,8.3,,,,,
dataflow,ESTAT:PRC_HPI_A$DEFAULTVIEW(1.0),House price index (2015 = 100) - annual data,A,Annual,DW_NEW,Purchases of newly built dwellings,RCH_A_AVG,Annual average rate of change,HR,Croatia,2020,,1.2,,,,,
dataflow,ESTAT:PRC_HPI_A$DEFAULTVIEW(1.0),House price index (2015 = 100) - annual data,A,Annual,DW_NEW,Purchases of newly built dwellings,RCH_A_AVG,Annual average rate of change,HR,Croatia,2021,,8.9,,,,,
dataflow,ESTAT:PRC_HPI_A$DEFAULTVIEW(1.0),House price index (2015 = 100) - annual data,A,Annual,DW_NEW,Purchases of newly built dwellings,RCH_A_AVG,Annual average rate of change,HR,Croatia,2022,,17.5,,,,,
dataflow,ESTAT:PRC_HPI_A$DEFAULTVIEW(1.0),House price index (2015 = 100) - annual data,A,Annual,DW_NEW,Purchases of newly built dwellings,RCH_A_AVG,Annual average rate of change,HR,Croatia,2023,,9.0,,,,,
dataflow,ESTAT:PRC_HPI_A$DEFAULTVIEW(1.0),House price index (2015 = 100) - annual data,A,Annual,DW_NEW,Purchases of newly built dwellings,RCH_A_AVG,Annual average rate of change,HR,Croatia,2024,,6.7,,,,,
dataflow,ESTAT:PRC_HPI_A$DEFAULTVIEW(1.0),House price index (2015 = 100) - annual data,A,Annual,DW_NEW,Purchases of newly built dwellings,RCH_A_AVG,Annual average rate of change,HR,Croatia,2025,,13.1,,p,provisional,,
dataflow,ESTAT:PRC_HPI_A$DEFAULTVIEW(1.0),House price index (2015 = 100) - annual data,A,Annual,DW_NEW,Purchases of newly built dwellings,RCH_A_AVG,Annual average rate of change,HU,Hungary,2016,,10.1,,,,,
dataflow,ESTAT:PRC_HPI_A$DEFAULTVIEW(1.0),House price index (2015 = 100) - annual data,A,Annual,DW_NEW,Purchases of newly built dwellings,RCH_A_AVG,Annual average rate of change,HU,Hungary,2017,,18.8,,,,,
dataflow,ESTAT:PRC_HPI_A$DEFAULTVIEW(1.0),House price index (2015 = 100) - annual data,A,Annual,DW_NEW,Purchases of newly built dwellings,RCH_A_AVG,Annual average rate of change,HU,Hungary,2018,,13.7,,,,,
dataflow,ESTAT:PRC_HPI_A$DEFAULTVIEW(1.0),House price index (2015 = 100) - annual data,A,Annual,DW_NEW,Purchases of newly built dwellings,RCH_A_AVG,Annual average rate of change,HU,Hungary,2019,,10.8,,,,,
dataflow,ESTAT:PRC_HPI_A$DEFAULTVIEW(1.0),House price index (2015 = 100) - annual data,A,Annual,DW_NEW,Purchases of newly built dwellings,RCH_A_AVG,Annual average rate of change,HU,Hungary,2020,,12.3,,,,,
dataflow,ESTAT:PRC_HPI_A$DEFAULTVIEW(1.0),House price index (2015 = 100) - annual data,A,Annual,DW_NEW,Purchases of newly built dwellings,RCH_A_AVG,Annual average rate of change,HU,Hungary,2021,,19.5,,,,,
dataflow,ESTAT:PRC_HPI_A$DEFAULTVIEW(1.0),House price index (2015 = 100) - annual data,A,Annual,DW_NEW,Purchases of newly built dwellings,RCH_A_AVG,Annual average rate of change,HU,Hungary,2022,,21.5,,,,,
dataflow,ESTAT:PRC_HPI_A$DEFAULTVIEW(1.0),House price index (2015 = 100) - annual data,A,Annual,DW_NEW,Purchases of newly built dwellings,RCH_A_AVG,Annual average rate of change,HU,Hungary,2023,,15.2,,,,,
dataflow,ESTAT:PRC_HPI_A$DEFAULTVIEW(1.0),House price index (2015 = 100) - annual data,A,Annual,DW_NEW,Purchases of newly built dwellings,RCH_A_AVG,Annual average rate of change,HU,Hungary,2024,,14.9,,p,provisional,,
dataflow,ESTAT:PRC_HPI_A$DEFAULTVIEW(1.0),House price index (2015 = 100) - annual data,A,Annual,DW_NEW,Purchases of newly built dwellings,RCH_A_AVG,Annual average rate of change,HU,Hungary,2025,,7.8,,p,provisional,,
dataflow,ESTAT:PRC_HPI_A$DEFAULTVIEW(1.0),House price index (2015 = 100) - annual data,A,Annual,DW_NEW,Purchases of newly built dwellings,RCH_A_AVG,Annual average rate of change,IE,Ireland,2016,,7.6,,,,,
dataflow,ESTAT:PRC_HPI_A$DEFAULTVIEW(1.0),House price index (2015 = 100) - annual data,A,Annual,DW_NEW,Purchases of newly built dwellings,RCH_A_AVG,Annual average rate of change,IE,Ireland,2017,,5.5,,,,,
dataflow,ESTAT:PRC_HPI_A$DEFAULTVIEW(1.0),House price index (2015 = 100) - annual data,A,Annual,DW_NEW,Purchases of newly built dwellings,RCH_A_AVG,Annual average rate of change,IE,Ireland,2018,,9.9,,,,,
dataflow,ESTAT:PRC_HPI_A$DEFAULTVIEW(1.0),House price index (2015 = 100) - annual data,A,Annual,DW_NEW,Purchases of newly built dwellings,RCH_A_AVG,Annual average rate of change,IE,Ireland,2019,,4.0,,,,,
dataflow,ESTAT:PRC_HPI_A$DEFAULTVIEW(1.0),House price index (2015 = 100) - annual data,A,Annual,DW_NEW,Purchases of newly built dwellings,RCH_A_AVG,Annual average rate of change,IE,Ireland,2020,,2.1,,,,,
dataflow,ESTAT:PRC_HPI_A$DEFAULTVIEW(1.0),House price index (2015 = 100) - annual data,A,Annual,DW_NEW,Purchases of newly built dwellings,RCH_A_AVG,Annual average rate of change,IE,Ireland,2021,,3.3,,,,,
dataflow,ESTAT:PRC_HPI_A$DEFAULTVIEW(1.0),House price index (2015 = 100) - annual data,A,Annual,DW_NEW,Purchases of newly built dwellings,RCH_A_AVG,Annual average rate of change,IE,Ireland,2022,,8.3,,,,,
dataflow,ESTAT:PRC_HPI_A$DEFAULTVIEW(1.0),House price index (2015 = 100) - annual data,A,Annual,DW_NEW,Purchases of newly built dwellings,RCH_A_AVG,Annual average rate of change,IE,Ireland,2023,,10.4,,,,,
dataflow,ESTAT:PRC_HPI_A$DEFAULTVIEW(1.0),House price index (2015 = 100) - annual data,A,Annual,DW_NEW,Purchases of newly built dwellings,RCH_A_AVG,Annual average rate of change,IE,Ireland,2024,,6.8,,,,,
dataflow,ESTAT:PRC_HPI_A$DEFAULTVIEW(1.0),House price index (2015 = 100) - annual data,A,Annual,DW_NEW,Purchases of newly built dwellings,RCH_A_AVG,Annual average rate of change,IE,Ireland,2025,,5.0,,p,provisional,,
dataflow,ESTAT:PRC_HPI_A$DEFAULTVIEW(1.0),House price index (2015 = 100) - annual data,A,Annual,DW_NEW,Purchases of newly built dwellings,RCH_A_AVG,Annual average rate of change,IT,Italy,2016,,0.7,,,,,
dataflow,ESTAT:PRC_HPI_A$DEFAULTVIEW(1.0),House price index (2015 = 100) - annual data,A,Annual,DW_NEW,Purchases of newly built dwellings,RCH_A_AVG,Annual average rate of change,IT,Italy,2017,,-0.7,,,,,
dataflow,ESTAT:PRC_HPI_A$DEFAULTVIEW(1.0),House price index (2015 = 100) - annual data,A,Annual,DW_NEW,Purchases of newly built dwellings,RCH_A_AVG,Annual average rate of change,IT,Italy,2018,,1.1,,,,,
dataflow,ESTAT:PRC_HPI_A$DEFAULTVIEW(1.0),House price index (2015 = 100) - annual data,A,Annual,DW_NEW,Purchases of newly built dwellings,RCH_A_AVG,Annual average rate of change,IT,Italy,2019,,1.2,,,,,
dataflow,ESTAT:PRC_HPI_A$DEFAULTVIEW(1.0),House price index (2015 = 100) - annual data,A,Annual,DW_NEW,Purchases of newly built dwellings,RCH_A_AVG,Annual average rate of change,IT,Italy,2020,,2.1,,,,,
dataflow,ESTAT:PRC_HPI_A$DEFAULTVIEW(1.0),House price index (2015 = 100) - annual data,A,Annual,DW_NEW,Purchases of newly built dwellings,RCH_A_AVG,Annual average rate of change,IT,Italy,2021,,3.8,,,,,
dataflow,ESTAT:PRC_HPI_A$DEFAULTVIEW(1.0),House price index (2015 = 100) - annual data,A,Annual,DW_NEW,Purchases of newly built dwellings,RCH_A_AVG,Annual average rate of change,IT,Italy,2022,,6.1,,,,,
dataflow,ESTAT:PRC_HPI_A$DEFAULTVIEW(1.0),House price index (2015 = 100) - annual data,A,Annual,DW_NEW,Purchases of newly built dwellings,RCH_A_AVG,Annual average rate of change,IT,Italy,2023,,5.6,,,,,
dataflow,ESTAT:PRC_HPI_A$DEFAULTVIEW(1.0),House price index (2015 = 100) - annual data,A,Annual,DW_NEW,Purchases of newly built dwellings,RCH_A_AVG,Annual average rate of change,IT,Italy,2024,,7.9,,,,,
dataflow,ESTAT:PRC_HPI_A$DEFAULTVIEW(1.0),House price index (2015 = 100) - annual data,A,Annual,DW_NEW,Purchases of newly built dwellings,RCH_A_AVG,Annual average rate of change,IT,Italy,2025,,0.6,,p,provisional,,
dataflow,ESTAT:PRC_HPI_A$DEFAULTVIEW(1.0),House price index (2015 = 100) - annual data,A,Annual,DW_NEW,Purchases of newly built dwellings,RCH_A_AVG,Annual average rate of change,LT,Lithuania,2016,,2.2,,,,,
dataflow,ESTAT:PRC_HPI_A$DEFAULTVIEW(1.0),House price index (2015 = 100) - annual data,A,Annual,DW_NEW,Purchases of newly built dwellings,RCH_A_AVG,Annual average rate of change,LT,Lithuania,2017,,9.9,,,,,
dataflow,ESTAT:PRC_HPI_A$DEFAULTVIEW(1.0),House price index (2015 = 100) - annual data,A,Annual,DW_NEW,Purchases of newly built dwellings,RCH_A_AVG,Annual average rate of change,LT,Lithuania,2018,,7.8,,,,,
dataflow,ESTAT:PRC_HPI_A$DEFAULTVIEW(1.0),House price index (2015 = 100) - annual data,A,Annual,DW_NEW,Purchases of newly built dwellings,RCH_A_AVG,Annual average rate of change,LT,Lithuania,2019,,6.5,,,,,
dataflow,ESTAT:PRC_HPI_A$DEFAULTVIEW(1.0),House price index (2015 = 100) - annual data,A,Annual,DW_NEW,Purchases of newly built dwellings,RCH_A_AVG,Annual average rate of change,LT,Lithuania,2020,,6.3,,,,,
dataflow,ESTAT:PRC_HPI_A$DEFAULTVIEW(1.0),House price index (2015 = 100) - annual data,A,Annual,DW_NEW,Purchases of newly built dwellings,RCH_A_AVG,Annual average rate of change,LT,Lithuania,2021,,14.6,,,,,
dataflow,ESTAT:PRC_HPI_A$DEFAULTVIEW(1.0),House price index (2015 = 100) - annual data,A,Annual,DW_NEW,Purchases of newly built dwellings,RCH_A_AVG,Annual average rate of change,LT,Lithuania,2022,,20.7,,,,,
dataflow,ESTAT:PRC_HPI_A$DEFAULTVIEW(1.0),House price index (2015 = 100) - annual data,A,Annual,DW_NEW,Purchases of newly built dwellings,RCH_A_AVG,Annual average rate of change,LT,Lithuania,2023,,15.5,,,,,
dataflow,ESTAT:PRC_HPI_A$DEFAULTVIEW(1.0),House price index (2015 = 100) - annual data,A,Annual,DW_NEW,Purchases of newly built dwellings,RCH_A_AVG,Annual average rate of change,LT,Lithuania,2024,,9.9,,,,,
dataflow,ESTAT:PRC_HPI_A$DEFAULTVIEW(1.0),House price index (2015 = 100) - annual data,A,Annual,DW_NEW,Purchases of newly built dwellings,RCH_A_AVG,Annual average rate of change,LT,Lithuania,2025,,7.9,,,,,
dataflow,ESTAT:PRC_HPI_A$DEFAULTVIEW(1.0),House price index (2015 = 100) - annual data,A,Annual,DW_NEW,Purchases of newly built dwellings,RCH_A_AVG,Annual average rate of change,LU,Luxembourg,2016,,5.6,,,,,
dataflow,ESTAT:PRC_HPI_A$DEFAULTVIEW(1.0),House price index (2015 = 100) - annual data,A,Annual,DW_NEW,Purchases of newly built dwellings,RCH_A_AVG,Annual average rate of change,LU,Luxembourg,2017,,5.5,,,,,
dataflow,ESTAT:PRC_HPI_A$DEFAULTVIEW(1.0),House price index (2015 = 100) - annual data,A,Annual,DW_NEW,Purchases of newly built dwellings,RCH_A_AVG,Annual average rate of change,LU,Luxembourg,2018,,5.6,,,,,
dataflow,ESTAT:PRC_HPI_A$DEFAULTVIEW(1.0),House price index (2015 = 100) - annual data,A,Annual,DW_NEW,Purchases of newly built dwellings,RCH_A_AVG,Annual average rate of change,LU,Luxembourg,2019,,8.5,,,,,
dataflow,ESTAT:PRC_HPI_A$DEFAULTVIEW(1.0),House price index (2015 = 100) - annual data,A,Annual,DW_NEW,Purchases of newly built dwellings,RCH_A_AVG,Annual average rate of change,LU,Luxembourg,2020,,14.5,,,,,
dataflow,ESTAT:PRC_HPI_A$DEFAULTVIEW(1.0),House price index (2015 = 100) - annual data,A,Annual,DW_NEW,Purchases of newly built dwellings,RCH_A_AVG,Annual average rate of change,LU,Luxembourg,2021,,11.9,,,,,
dataflow,ESTAT:PRC_HPI_A$DEFAULTVIEW(1.0),House price index (2015 = 100) - annual data,A,Annual,DW_NEW,Purchases of newly built dwellings,RCH_A_AVG,Annual average rate of change,LU,Luxembourg,2022,,11.3,,,,,
dataflow,ESTAT:PRC_HPI_A$DEFAULTVIEW(1.0),House price index (2015 = 100) - annual data,A,Annual,DW_NEW,Purchases of newly built dwellings,RCH_A_AVG,Annual average rate of change,LU,Luxembourg,2023,,-3.5,,,,,
dataflow,ESTAT:PRC_HPI_A$DEFAULTVIEW(1.0),House price index (2015 = 100) - annual data,A,Annual,DW_NEW,Purchases of newly built dwellings,RCH_A_AVG,Annual average rate of change,LU,Luxembourg,2024,,-3.8,,,,,
dataflow,ESTAT:PRC_HPI_A$DEFAULTVIEW(1.0),House price index (2015 = 100) - annual data,A,Annual,DW_NEW,Purchases of newly built dwellings,RCH_A_AVG,Annual average rate of change,LU,Luxembourg,2025,,1.9,,p,provisional,,
dataflow,ESTAT:PRC_HPI_A$DEFAULTVIEW(1.0),House price index (2015 = 100) - annual data,A,Annual,DW_NEW,Purchases of newly built dwellings,RCH_A_AVG,Annual average rate of change,LV,Latvia,2016,,7.5,,,,,
dataflow,ESTAT:PRC_HPI_A$DEFAULTVIEW(1.0),House price index (2015 = 100) - annual data,A,Annual,DW_NEW,Purchases of newly built dwellings,RCH_A_AVG,Annual average rate of change,LV,Latvia,2017,,8.4,,,,,
dataflow,ESTAT:PRC_HPI_A$DEFAULTVIEW(1.0),House price index (2015 = 100) - annual data,A,Annual,DW_NEW,Purchases of newly built dwellings,RCH_A_AVG,Annual average rate of change,LV,Latvia,2018,,6.1,,,,,
dataflow,ESTAT:PRC_HPI_A$DEFAULTVIEW(1.0),House price index (2015 = 100) - annual data,A,Annual,DW_NEW,Purchases of newly built dwellings,RCH_A_AVG,Annual average rate of change,LV,Latvia,2019,,8.8,,,,,
dataflow,ESTAT:PRC_HPI_A$DEFAULTVIEW(1.0),House price index (2015 = 100) - annual data,A,Annual,DW_NEW,Purchases of newly built dwellings,RCH_A_AVG,Annual average rate of change,LV,Latvia,2020,,7.7,,,,,
dataflow,ESTAT:PRC_HPI_A$DEFAULTVIEW(1.0),House price index (2015 = 100) - annual data,A,Annual,DW_NEW,Purchases of newly built dwellings,RCH_A_AVG,Annual average rate of change,LV,Latvia,2021,,1.4,,,,,
dataflow,ESTAT:PRC_HPI_A$DEFAULTVIEW(1.0),House price index (2015 = 100) - annual data,A,Annual,DW_NEW,Purchases of newly built dwellings,RCH_A_AVG,Annual average rate of change,LV,Latvia,2022,,12.9,,,,,
dataflow,ESTAT:PRC_HPI_A$DEFAULTVIEW(1.0),House price index (2015 = 100) - annual data,A,Annual,DW_NEW,Purchases of newly built dwellings,RCH_A_AVG,Annual average rate of change,LV,Latvia,2023,,15.3,,,,,
dataflow,ESTAT:PRC_HPI_A$DEFAULTVIEW(1.0),House price index (2015 = 100) - annual data,A,Annual,DW_NEW,Purchases of newly built dwellings,RCH_A_AVG,Annual average rate of change,LV,Latvia,2024,,9.6,,,,,
dataflow,ESTAT:PRC_HPI_A$DEFAULTVIEW(1.0),House price index (2015 = 100) - annual data,A,Annual,DW_NEW,Purchases of newly built dwellings,RCH_A_AVG,Annual average rate of change,LV,Latvia,2025,,4.4,,p,provisional,,
dataflow,ESTAT:PRC_HPI_A$DEFAULTVIEW(1.0),House price index (2015 = 100) - annual data,A,Annual,DW_NEW,Purchases of newly built dwellings,RCH_A_AVG,Annual average rate of change,MT,Malta,2016,,5.0,,,,,
dataflow,ESTAT:PRC_HPI_A$DEFAULTVIEW(1.0),House price index (2015 = 100) - annual data,A,Annual,DW_NEW,Purchases of newly built dwellings,RCH_A_AVG,Annual average rate of change,MT,Malta,2017,,5.2,,,,,
dataflow,ESTAT:PRC_HPI_A$DEFAULTVIEW(1.0),House price index (2015 = 100) - annual data,A,Annual,DW_NEW,Purchases of newly built dwellings,RCH_A_AVG,Annual average rate of change,MT,Malta,2018,,6.2,,,,,
dataflow,ESTAT:PRC_HPI_A$DEFAULTVIEW(1.0),House price index (2015 = 100) - annual data,A,Annual,DW_NEW,Purchases of newly built dwellings,RCH_A_AVG,Annual average rate of change,MT,Malta,2019,,6.5,,,,,
dataflow,ESTAT:PRC_HPI_A$DEFAULTVIEW(1.0),House price index (2015 = 100) - annual data,A,Annual,DW_NEW,Purchases of newly built dwellings,RCH_A_AVG,Annual average rate of change,MT,Malta,2020,,2.4,,,,,
dataflow,ESTAT:PRC_HPI_A$DEFAULTVIEW(1.0),House price index (2015 = 100) - annual data,A,Annual,DW_NEW,Purchases of newly built dwellings,RCH_A_AVG,Annual average rate of change,MT,Malta,2021,,6.0,,,,,
dataflow,ESTAT:PRC_HPI_A$DEFAULTVIEW(1.0),House price index (2015 = 100) - annual data,A,Annual,DW_NEW,Purchases of newly built dwellings,RCH_A_AVG,Annual average rate of change,MT,Malta,2022,,6.9,,,,,
dataflow,ESTAT:PRC_HPI_A$DEFAULTVIEW(1.0),House price index (2015 = 100) - annual data,A,Annual,DW_NEW,Purchases of newly built dwellings,RCH_A_AVG,Annual average rate of change,MT,Malta,2023,,6.0,,,,,
dataflow,ESTAT:PRC_HPI_A$DEFAULTVIEW(1.0),House price index (2015 = 100) - annual data,A,Annual,DW_NEW,Purchases of newly built dwellings,RCH_A_AVG,Annual average rate of change,MT,Malta,2024,,6.6,,,,,
dataflow,ESTAT:PRC_HPI_A$DEFAULTVIEW(1.0),House price index (2015 = 100) - annual data,A,Annual,DW_NEW,Purchases of newly built dwellings,RCH_A_AVG,Annual average rate of change,MT,Malta,2025,,5.7,,p,provisional,,
dataflow,ESTAT:PRC_HPI_A$DEFAULTVIEW(1.0),House price index (2015 = 100) - annual data,A,Annual,DW_NEW,Purchases of newly built dwellings,RCH_A_AVG,Annual average rate of change,NL,Netherlands,2016,,4.0,,,,,
dataflow,ESTAT:PRC_HPI_A$DEFAULTVIEW(1.0),House price index (2015 = 100) - annual data,A,Annual,DW_NEW,Purchases of newly built dwellings,RCH_A_AVG,Annual average rate of change,NL,Netherlands,2017,,7.9,,,,,
dataflow,ESTAT:PRC_HPI_A$DEFAULTVIEW(1.0),House price index (2015 = 100) - annual data,A,Annual,DW_NEW,Purchases of newly built dwellings,RCH_A_AVG,Annual average rate of change,NL,Netherlands,2018,,10.0,,,,,
dataflow,ESTAT:PRC_HPI_A$DEFAULTVIEW(1.0),House price index (2015 = 100) - annual data,A,Annual,DW_NEW,Purchases of newly built dwellings,RCH_A_AVG,Annual average rate of change,NL,Netherlands,2019,,8.3,,,,,
dataflow,ESTAT:PRC_HPI_A$DEFAULTVIEW(1.0),House price index (2015 = 100) - annual data,A,Annual,DW_NEW,Purchases of newly built dwellings,RCH_A_AVG,Annual average rate of change,NL,Netherlands,2020,,8.8,,,,,
dataflow,ESTAT:PRC_HPI_A$DEFAULTVIEW(1.0),House price index (2015 = 100) - annual data,A,Annual,DW_NEW,Purchases of newly built dwellings,RCH_A_AVG,Annual average rate of change,NL,Netherlands,2021,,11.0,,,,,
dataflow,ESTAT:PRC_HPI_A$DEFAULTVIEW(1.0),House price index (2015 = 100) - annual data,A,Annual,DW_NEW,Purchases of newly built dwellings,RCH_A_AVG,Annual average rate of change,NL,Netherlands,2022,,12.9,,,,,
dataflow,ESTAT:PRC_HPI_A$DEFAULTVIEW(1.0),House price index (2015 = 100) - annual data,A,Annual,DW_NEW,Purchases of newly built dwellings,RCH_A_AVG,Annual average rate of change,NL,Netherlands,2023,,3.7,,,,,
dataflow,ESTAT:PRC_HPI_A$DEFAULTVIEW(1.0),House price index (2015 = 100) - annual data,A,Annual,DW_NEW,Purchases of newly built dwellings,RCH_A_AVG,Annual average rate of change,NL,Netherlands,2024,,3.1,,,,,
dataflow,ESTAT:PRC_HPI_A$DEFAULTVIEW(1.0),House price index (2015 = 100) - annual data,A,Annual,DW_NEW,Purchases of newly built dwellings,RCH_A_AVG,Annual average rate of change,NL,Netherlands,2025,,7.7,,p,provisional,,
dataflow,ESTAT:PRC_HPI_A$DEFAULTVIEW(1.0),House price index (2015 = 100) - annual data,A,Annual,DW_NEW,Purchases of newly built dwellings,RCH_A_AVG,Annual average rate of change,NO,Norway,2016,,7.1,,,,,
dataflow,ESTAT:PRC_HPI_A$DEFAULTVIEW(1.0),House price index (2015 = 100) - annual data,A,Annual,DW_NEW,Purchases of newly built dwellings,RCH_A_AVG,Annual average rate of change,NO,Norway,2017,,5.3,,,,,
dataflow,ESTAT:PRC_HPI_A$DEFAULTVIEW(1.0),House price index (2015 = 100) - annual data,A,Annual,DW_NEW,Purchases of newly built dwellings,RCH_A_AVG,Annual average rate of change,NO,Norway,2018,,2.2,,,,,
dataflow,ESTAT:PRC_HPI_A$DEFAULTVIEW(1.0),House price index (2015 = 100) - annual data,A,Annual,DW_NEW,Purchases of newly built dwellings,RCH_A_AVG,Annual average rate of change,NO,Norway,2019,,6.3,,,,,
dataflow,ESTAT:PRC_HPI_A$DEFAULTVIEW(1.0),House price index (2015 = 100) - annual data,A,Annual,DW_NEW,Purchases of newly built dwellings,RCH_A_AVG,Annual average rate of change,NO,Norway,2020,,5.5,,,,,
dataflow,ESTAT:PRC_HPI_A$DEFAULTVIEW(1.0),House price index (2015 = 100) - annual data,A,Annual,DW_NEW,Purchases of newly built dwellings,RCH_A_AVG,Annual average rate of change,NO,Norway,2021,,7.1,,,,,
dataflow,ESTAT:PRC_HPI_A$DEFAULTVIEW(1.0),House price index (2015 = 100) - annual data,A,Annual,DW_NEW,Purchases of newly built dwellings,RCH_A_AVG,Annual average rate of change,NO,Norway,2022,,6.9,,,,,
dataflow,ESTAT:PRC_HPI_A$DEFAULTVIEW(1.0),House price index (2015 = 100) - annual data,A,Annual,DW_NEW,Purchases of newly built dwellings,RCH_A_AVG,Annual average rate of change,NO,Norway,2023,,4.6,,,,,
dataflow,ESTAT:PRC_HPI_A$DEFAULTVIEW(1.0),House price index (2015 = 100) - annual data,A,Annual,DW_NEW,Purchases of newly built dwellings,RCH_A_AVG,Annual average rate of change,NO,Norway,2024,,4.4,,,,,
dataflow,ESTAT:PRC_HPI_A$DEFAULTVIEW(1.0),House price index (2015 = 100) - annual data,A,Annual,DW_NEW,Purchases of newly built dwellings,RCH_A_AVG,Annual average rate of change,NO,Norway,2025,,5.4,,,,,
dataflow,ESTAT:PRC_HPI_A$DEFAULTVIEW(1.0),House price index (2015 = 100) - annual data,A,Annual,DW_NEW,Purchases of newly built dwellings,RCH_A_AVG,Annual average rate of change,PL,Poland,2016,,1.1,,,,,
dataflow,ESTAT:PRC_HPI_A$DEFAULTVIEW(1.0),House price index (2015 = 100) - annual data,A,Annual,DW_NEW,Purchases of newly built dwellings,RCH_A_AVG,Annual average rate of change,PL,Poland,2017,,3.2,,,,,
dataflow,ESTAT:PRC_HPI_A$DEFAULTVIEW(1.0),House price index (2015 = 100) - annual data,A,Annual,DW_NEW,Purchases of newly built dwellings,RCH_A_AVG,Annual average rate of change,PL,Poland,2018,,5.5,,,,,
dataflow,ESTAT:PRC_HPI_A$DEFAULTVIEW(1.0),House price index (2015 = 100) - annual data,A,Annual,DW_NEW,Purchases of newly built dwellings,RCH_A_AVG,Annual average rate of change,PL,Poland,2019,,6.7,,,,,
dataflow,ESTAT:PRC_HPI_A$DEFAULTVIEW(1.0),House price index (2015 = 100) - annual data,A,Annual,DW_NEW,Purchases of newly built dwellings,RCH_A_AVG,Annual average rate of change,PL,Poland,2020,,6.2,,,,,
dataflow,ESTAT:PRC_HPI_A$DEFAULTVIEW(1.0),House price index (2015 = 100) - annual data,A,Annual,DW_NEW,Purchases of newly built dwellings,RCH_A_AVG,Annual average rate of change,PL,Poland,2021,,9.1,,,,,
dataflow,ESTAT:PRC_HPI_A$DEFAULTVIEW(1.0),House price index (2015 = 100) - annual data,A,Annual,DW_NEW,Purchases of newly built dwellings,RCH_A_AVG,Annual average rate of change,PL,Poland,2022,,11.8,,,,,
dataflow,ESTAT:PRC_HPI_A$DEFAULTVIEW(1.0),House price index (2015 = 100) - annual data,A,Annual,DW_NEW,Purchases of newly built dwellings,RCH_A_AVG,Annual average rate of change,PL,Poland,2023,,10.5,,,,,
dataflow,ESTAT:PRC_HPI_A$DEFAULTVIEW(1.0),House price index (2015 = 100) - annual data,A,Annual,DW_NEW,Purchases of newly built dwellings,RCH_A_AVG,Annual average rate of change,PL,Poland,2024,,16.5,,,,,
dataflow,ESTAT:PRC_HPI_A$DEFAULTVIEW(1.0),House price index (2015 = 100) - annual data,A,Annual,DW_NEW,Purchases of newly built dwellings,RCH_A_AVG,Annual average rate of change,PL,Poland,2025,,5.7,,,,,
dataflow,ESTAT:PRC_HPI_A$DEFAULTVIEW(1.0),House price index (2015 = 100) - annual data,A,Annual,DW_NEW,Purchases of newly built dwellings,RCH_A_AVG,Annual average rate of change,PT,Portugal,2016,,3.3,,,,,
dataflow,ESTAT:PRC_HPI_A$DEFAULTVIEW(1.0),House price index (2015 = 100) - annual data,A,Annual,DW_NEW,Purchases of newly built dwellings,RCH_A_AVG,Annual average rate of change,PT,Portugal,2017,,5.6,,,,,
dataflow,ESTAT:PRC_HPI_A$DEFAULTVIEW(1.0),House price index (2015 = 100) - annual data,A,Annual,DW_NEW,Purchases of newly built dwellings,RCH_A_AVG,Annual average rate of change,PT,Portugal,2018,,7.5,,,,,
dataflow,ESTAT:PRC_HPI_A$DEFAULTVIEW(1.0),House price index (2015 = 100) - annual data,A,Annual,DW_NEW,Purchases of newly built dwellings,RCH_A_AVG,Annual average rate of change,PT,Portugal,2019,,8.8,,,,,
dataflow,ESTAT:PRC_HPI_A$DEFAULTVIEW(1.0),House price index (2015 = 100) - annual data,A,Annual,DW_NEW,Purchases of newly built dwellings,RCH_A_AVG,Annual average rate of change,PT,Portugal,2020,,7.5,,,,,
dataflow,ESTAT:PRC_HPI_A$DEFAULTVIEW(1.0),House price index (2015 = 100) - annual data,A,Annual,DW_NEW,Purchases of newly built dwellings,RCH_A_AVG,Annual average rate of change,PT,Portugal,2021,,8.7,,,,,
dataflow,ESTAT:PRC_HPI_A$DEFAULTVIEW(1.0),House price index (2015 = 100) - annual data,A,Annual,DW_NEW,Purchases of newly built dwellings,RCH_A_AVG,Annual average rate of change,PT,Portugal,2022,,8.7,,,,,
dataflow,ESTAT:PRC_HPI_A$DEFAULTVIEW(1.0),House price index (2015 = 100) - annual data,A,Annual,DW_NEW,Purchases of newly built dwellings,RCH_A_AVG,Annual average rate of change,PT,Portugal,2023,,6.6,,,,,
dataflow,ESTAT:PRC_HPI_A$DEFAULTVIEW(1.0),House price index (2015 = 100) - annual data,A,Annual,DW_NEW,Purchases of newly built dwellings,RCH_A_AVG,Annual average rate of change,PT,Portugal,2024,,7.5,,,,,
dataflow,ESTAT:PRC_HPI_A$DEFAULTVIEW(1.0),House price index (2015 = 100) - annual data,A,Annual,DW_NEW,Purchases of newly built dwellings,RCH_A_AVG,Annual average rate of change,PT,Portugal,2025,,14.2,,,,,
dataflow,ESTAT:PRC_HPI_A$DEFAULTVIEW(1.0),House price index (2015 = 100) - annual data,A,Annual,DW_NEW,Purchases of newly built dwellings,RCH_A_AVG,Annual average rate of change,RO,Romania,2016,,5.4,,,,,
dataflow,ESTAT:PRC_HPI_A$DEFAULTVIEW(1.0),House price index (2015 = 100) - annual data,A,Annual,DW_NEW,Purchases of newly built dwellings,RCH_A_AVG,Annual average rate of change,RO,Romania,2017,,0.3,,,,,
dataflow,ESTAT:PRC_HPI_A$DEFAULTVIEW(1.0),House price index (2015 = 100) - annual data,A,Annual,DW_NEW,Purchases of newly built dwellings,RCH_A_AVG,Annual average rate of change,RO,Romania,2018,,4.0,,,,,
dataflow,ESTAT:PRC_HPI_A$DEFAULTVIEW(1.0),House price index (2015 = 100) - annual data,A,Annual,DW_NEW,Purchases of newly built dwellings,RCH_A_AVG,Annual average rate of change,RO,Romania,2019,,1.8,,,,,
dataflow,ESTAT:PRC_HPI_A$DEFAULTVIEW(1.0),House price index (2015 = 100) - annual data,A,Annual,DW_NEW,Purchases of newly built dwellings,RCH_A_AVG,Annual average rate of change,RO,Romania,2020,,4.0,,,,,
dataflow,ESTAT:PRC_HPI_A$DEFAULTVIEW(1.0),House price index (2015 = 100) - annual data,A,Annual,DW_NEW,Purchases of newly built dwellings,RCH_A_AVG,Annual average rate of change,RO,Romania,2021,,1.6,,,,,
dataflow,ESTAT:PRC_HPI_A$DEFAULTVIEW(1.0),House price index (2015 = 100) - annual data,A,Annual,DW_NEW,Purchases of newly built dwellings,RCH_A_AVG,Annual average rate of change,RO,Romania,2022,,11.3,,,,,
dataflow,ESTAT:PRC_HPI_A$DEFAULTVIEW(1.0),House price index (2015 = 100) - annual data,A,Annual,DW_NEW,Purchases of newly built dwellings,RCH_A_AVG,Annual average rate of change,RO,Romania,2023,,8.7,,,,,
dataflow,ESTAT:PRC_HPI_A$DEFAULTVIEW(1.0),House price index (2015 = 100) - annual data,A,Annual,DW_NEW,Purchases of newly built dwellings,RCH_A_AVG,Annual average rate of change,RO,Romania,2024,,8.1,,,,,
dataflow,ESTAT:PRC_HPI_A$DEFAULTVIEW(1.0),House price index (2015 = 100) - annual data,A,Annual,DW_NEW,Purchases of newly built dwellings,RCH_A_AVG,Annual average rate of change,RO,Romania,2025,,3.5,,,,,
dataflow,ESTAT:PRC_HPI_A$DEFAULTVIEW(1.0),House price index (2015 = 100) - annual data,A,Annual,DW_NEW,Purchases of newly built dwellings,RCH_A_AVG,Annual average rate of change,SE,Sweden,2016,,6.2,,,,,
dataflow,ESTAT:PRC_HPI_A$DEFAULTVIEW(1.0),House price index (2015 = 100) - annual data,A,Annual,DW_NEW,Purchases of newly built dwellings,RCH_A_AVG,Annual average rate of change,SE,Sweden,2017,,6.2,,,,,
dataflow,ESTAT:PRC_HPI_A$DEFAULTVIEW(1.0),House price index (2015 = 100) - annual data,A,Annual,DW_NEW,Purchases of newly built dwellings,RCH_A_AVG,Annual average rate of change,SE,Sweden,2018,,9.7,,,,,
dataflow,ESTAT:PRC_HPI_A$DEFAULTVIEW(1.0),House price index (2015 = 100) - annual data,A,Annual,DW_NEW,Purchases of newly built dwellings,RCH_A_AVG,Annual average rate of change,SE,Sweden,2019,,4.7,,,,,
dataflow,ESTAT:PRC_HPI_A$DEFAULTVIEW(1.0),House price index (2015 = 100) - annual data,A,Annual,DW_NEW,Purchases of newly built dwellings,RCH_A_AVG,Annual average rate of change,SE,Sweden,2020,,-1.5,,,,,
dataflow,ESTAT:PRC_HPI_A$DEFAULTVIEW(1.0),House price index (2015 = 100) - annual data,A,Annual,DW_NEW,Purchases of newly built dwellings,RCH_A_AVG,Annual average rate of change,SE,Sweden,2021,,1.0,,,,,
dataflow,ESTAT:PRC_HPI_A$DEFAULTVIEW(1.0),House price index (2015 = 100) - annual data,A,Annual,DW_NEW,Purchases of newly built dwellings,RCH_A_AVG,Annual average rate of change,SE,Sweden,2022,,14.6,,,,,
dataflow,ESTAT:PRC_HPI_A$DEFAULTVIEW(1.0),House price index (2015 = 100) - annual data,A,Annual,DW_NEW,Purchases of newly built dwellings,RCH_A_AVG,Annual average rate of change,SE,Sweden,2023,,3.1,,,,,
dataflow,ESTAT:PRC_HPI_A$DEFAULTVIEW(1.0),House price index (2015 = 100) - annual data,A,Annual,DW_NEW,Purchases of newly built dwellings,RCH_A_AVG,Annual average rate of change,SE,Sweden,2024,,-6.5,,,,,
dataflow,ESTAT:PRC_HPI_A$DEFAULTVIEW(1.0),House price index (2015 = 100) - annual data,A,Annual,DW_NEW,Purchases of newly built dwellings,RCH_A_AVG,Annual average rate of change,SE,Sweden,2025,,-2.2,,,,,
dataflow,ESTAT:PRC_HPI_A$DEFAULTVIEW(1.0),House price index (2015 = 100) - annual data,A,Annual,DW_NEW,Purchases of newly built dwellings,RCH_A_AVG,Annual average rate of change,SI,Slovenia,2016,,0.3,,,,,
dataflow,ESTAT:PRC_HPI_A$DEFAULTVIEW(1.0),House price index (2015 = 100) - annual data,A,Annual,DW_NEW,Purchases of newly built dwellings,RCH_A_AVG,Annual average rate of change,SI,Slovenia,2017,,10.6,,,,,
dataflow,ESTAT:PRC_HPI_A$DEFAULTVIEW(1.0),House price index (2015 = 100) - annual data,A,Annual,DW_NEW,Purchases of newly built dwellings,RCH_A_AVG,Annual average rate of change,SI,Slovenia,2018,,8.3,,,,,
dataflow,ESTAT:PRC_HPI_A$DEFAULTVIEW(1.0),House price index (2015 = 100) - annual data,A,Annual,DW_NEW,Purchases of newly built dwellings,RCH_A_AVG,Annual average rate of change,SI,Slovenia,2019,,0.1,,,,,
dataflow,ESTAT:PRC_HPI_A$DEFAULTVIEW(1.0),House price index (2015 = 100) - annual data,A,Annual,DW_NEW,Purchases of newly built dwellings,RCH_A_AVG,Annual average rate of change,SI,Slovenia,2020,,3.9,,,,,
dataflow,ESTAT:PRC_HPI_A$DEFAULTVIEW(1.0),House price index (2015 = 100) - annual data,A,Annual,DW_NEW,Purchases of newly built dwellings,RCH_A_AVG,Annual average rate of change,SI,Slovenia,2021,,12.5,,,,,
dataflow,ESTAT:PRC_HPI_A$DEFAULTVIEW(1.0),House price index (2015 = 100) - annual data,A,Annual,DW_NEW,Purchases of newly built dwellings,RCH_A_AVG,Annual average rate of change,SI,Slovenia,2022,,7.5,,,,,
dataflow,ESTAT:PRC_HPI_A$DEFAULTVIEW(1.0),House price index (2015 = 100) - annual data,A,Annual,DW_NEW,Purchases of newly built dwellings,RCH_A_AVG,Annual average rate of change,SI,Slovenia,2023,,6.6,,,,,
dataflow,ESTAT:PRC_HPI_A$DEFAULTVIEW(1.0),House price index (2015 = 100) - annual data,A,Annual,DW_NEW,Purchases of newly built dwellings,RCH_A_AVG,Annual average rate of change,SI,Slovenia,2024,,11.3,,,,,
dataflow,ESTAT:PRC_HPI_A$DEFAULTVIEW(1.0),House price index (2015 = 100) - annual data,A,Annual,DW_NEW,Purchases of newly built dwellings,RCH_A_AVG,Annual average rate of change,SI,Slovenia,2025,,-3.3,,p,provisional,,
dataflow,ESTAT:PRC_HPI_A$DEFAULTVIEW(1.0),House price index (2015 = 100) - annual data,A,Annual,DW_NEW,Purchases of newly built dwellings,RCH_A_AVG,Annual average rate of change,SK,Slovakia,2016,,5.9,,,,,
dataflow,ESTAT:PRC_HPI_A$DEFAULTVIEW(1.0),House price index (2015 = 100) - annual data,A,Annual,DW_NEW,Purchases of newly built dwellings,RCH_A_AVG,Annual average rate of change,SK,Slovakia,2017,,6.6,,,,,
dataflow,ESTAT:PRC_HPI_A$DEFAULTVIEW(1.0),House price index (2015 = 100) - annual data,A,Annual,DW_NEW,Purchases of newly built dwellings,RCH_A_AVG,Annual average rate of change,SK,Slovakia,2018,,6.0,,,,,
dataflow,ESTAT:PRC_HPI_A$DEFAULTVIEW(1.0),House price index (2015 = 100) - annual data,A,Annual,DW_NEW,Purchases of newly built dwellings,RCH_A_AVG,Annual average rate of change,SK,Slovakia,2019,,6.0,,,,,
dataflow,ESTAT:PRC_HPI_A$DEFAULTVIEW(1.0),House price index (2015 = 100) - annual data,A,Annual,DW_NEW,Purchases of newly built dwellings,RCH_A_AVG,Annual average rate of change,SK,Slovakia,2020,,7.8,,,,,
dataflow,ESTAT:PRC_HPI_A$DEFAULTVIEW(1.0),House price index (2015 = 100) - annual data,A,Annual,DW_NEW,Purchases of newly built dwellings,RCH_A_AVG,Annual average rate of change,SK,Slovakia,2021,,4.9,,,,,
dataflow,ESTAT:PRC_HPI_A$DEFAULTVIEW(1.0),House price index (2015 = 100) - annual data,A,Annual,DW_NEW,Purchases of newly built dwellings,RCH_A_AVG,Annual average rate of change,SK,Slovakia,2022,,16.2,,,,,
dataflow,ESTAT:PRC_HPI_A$DEFAULTVIEW(1.0),House price index (2015 = 100) - annual data,A,Annual,DW_NEW,Purchases of newly built dwellings,RCH_A_AVG,Annual average rate of change,SK,Slovakia,2023,,-2.4,,,,,
dataflow,ESTAT:PRC_HPI_A$DEFAULTVIEW(1.0),House price index (2015 = 100) - annual data,A,Annual,DW_NEW,Purchases of newly built dwellings,RCH_A_AVG,Annual average rate of change,SK,Slovakia,2024,,2.2,,,,,
dataflow,ESTAT:PRC_HPI_A$DEFAULTVIEW(1.0),House price index (2015 = 100) - annual data,A,Annual,DW_NEW,Purchases of newly built dwellings,RCH_A_AVG,Annual average rate of change,SK,Slovakia,2025,,10.8,,,,,
dataflow,ESTAT:PRC_HPI_A$DEFAULTVIEW(1.0),House price index (2015 = 100) - annual data,A,Annual,DW_NEW,Purchases of newly built dwellings,RCH_A_AVG,Annual average rate of change,TR,Türkiye,2016,,11.8,,,,,
dataflow,ESTAT:PRC_HPI_A$DEFAULTVIEW(1.0),House price index (2015 = 100) - annual data,A,Annual,DW_NEW,Purchases of newly built dwellings,RCH_A_AVG,Annual average rate of change,TR,Türkiye,2017,,10.7,,,,,
dataflow,ESTAT:PRC_HPI_A$DEFAULTVIEW(1.0),House price index (2015 = 100) - annual data,A,Annual,DW_NEW,Purchases of newly built dwellings,RCH_A_AVG,Annual average rate of change,TR,Türkiye,2018,,9.0,,,,,
dataflow,ESTAT:PRC_HPI_A$DEFAULTVIEW(1.0),House price index (2015 = 100) - annual data,A,Annual,DW_NEW,Purchases of newly built dwellings,RCH_A_AVG,Annual average rate of change,TR,Türkiye,2019,,6.7,,,,,
dataflow,ESTAT:PRC_HPI_A$DEFAULTVIEW(1.0),House price index (2015 = 100) - annual data,A,Annual,DW_NEW,Purchases of newly built dwellings,RCH_A_AVG,Annual average rate of change,TR,Türkiye,2020,,26.2,,,,,
dataflow,ESTAT:PRC_HPI_A$DEFAULTVIEW(1.0),House price index (2015 = 100) - annual data,A,Annual,DW_NEW,Purchases of newly built dwellings,RCH_A_AVG,Annual average rate of change,TR,Türkiye,2021,,41.8,,,,,
dataflow,ESTAT:PRC_HPI_A$DEFAULTVIEW(1.0),House price index (2015 = 100) - annual data,A,Annual,DW_NEW,Purchases of newly built dwellings,RCH_A_AVG,Annual average rate of change,TR,Türkiye,2022,,151.0,,,,,
dataflow,ESTAT:PRC_HPI_A$DEFAULTVIEW(1.0),House price index (2015 = 100) - annual data,A,Annual,DW_NEW,Purchases of newly built dwellings,RCH_A_AVG,Annual average rate of change,TR,Türkiye,2023,,101.2,,,,,
dataflow,ESTAT:PRC_HPI_A$DEFAULTVIEW(1.0),House price index (2015 = 100) - annual data,A,Annual,DW_NEW,Purchases of newly built dwellings,RCH_A_AVG,Annual average rate of change,TR,Türkiye,2024,,41.8,,,,,
dataflow,ESTAT:PRC_HPI_A$DEFAULTVIEW(1.0),House price index (2015 = 100) - annual data,A,Annual,DW_NEW,Purchases of newly built dwellings,RCH_A_AVG,Annual average rate of change,UK,United Kingdom,2016,,9.4,,,,,
dataflow,ESTAT:PRC_HPI_A$DEFAULTVIEW(1.0),House price index (2015 = 100) - annual data,A,Annual,DW_NEW,Purchases of newly built dwellings,RCH_A_AVG,Annual average rate of change,UK,United Kingdom,2017,,5.1,,,,,
dataflow,ESTAT:PRC_HPI_A$DEFAULTVIEW(1.0),House price index (2015 = 100) - annual data,A,Annual,DW_NEW,Purchases of newly built dwellings,RCH_A_AVG,Annual average rate of change,UK,United Kingdom,2018,,4.2,,,,,
dataflow,ESTAT:PRC_HPI_A$DEFAULTVIEW(1.0),House price index (2015 = 100) - annual data,A,Annual,DW_NEW,Purchases of newly built dwellings,RCH_A_AVG,Annual average rate of change,UK,United Kingdom,2019,,0.8,,,,,
dataflow,ESTAT:PRC_HPI_A$DEFAULTVIEW(1.0),House price index (2015 = 100) - annual data,A,Annual,TOTAL,Total,I10_A_AVG,"Annual average index, 2010=100",AT,Austria,2016,,138.00,,,,,
dataflow,ESTAT:PRC_HPI_A$DEFAULTVIEW(1.0),House price index (2015 = 100) - annual data,A,Annual,TOTAL,Total,I10_A_AVG,"Annual average index, 2010=100",AT,Austria,2017,,145.02,,,,,
dataflow,ESTAT:PRC_HPI_A$DEFAULTVIEW(1.0),House price index (2015 = 100) - annual data,A,Annual,TOTAL,Total,I10_A_AVG,"Annual average index, 2010=100",AT,Austria,2018,,153.68,,,,,
dataflow,ESTAT:PRC_HPI_A$DEFAULTVIEW(1.0),House price index (2015 = 100) - annual data,A,Annual,TOTAL,Total,I10_A_AVG,"Annual average index, 2010=100",AT,Austria,2019,,162.91,,,,,
dataflow,ESTAT:PRC_HPI_A$DEFAULTVIEW(1.0),House price index (2015 = 100) - annual data,A,Annual,TOTAL,Total,I10_A_AVG,"Annual average index, 2010=100",AT,Austria,2020,,175.25,,,,,
dataflow,ESTAT:PRC_HPI_A$DEFAULTVIEW(1.0),House price index (2015 = 100) - annual data,A,Annual,TOTAL,Total,I10_A_AVG,"Annual average index, 2010=100",AT,Austria,2021,,195.30,,,,,
dataflow,ESTAT:PRC_HPI_A$DEFAULTVIEW(1.0),House price index (2015 = 100) - annual data,A,Annual,TOTAL,Total,I10_A_AVG,"Annual average index, 2010=100",AT,Austria,2022,,217.90,,,,,
dataflow,ESTAT:PRC_HPI_A$DEFAULTVIEW(1.0),House price index (2015 = 100) - annual data,A,Annual,TOTAL,Total,I10_A_AVG,"Annual average index, 2010=100",AT,Austria,2023,,211.68,,,,,
dataflow,ESTAT:PRC_HPI_A$DEFAULTVIEW(1.0),House price index (2015 = 100) - annual data,A,Annual,TOTAL,Total,I10_A_AVG,"Annual average index, 2010=100",AT,Austria,2024,,210.88,,,,,
dataflow,ESTAT:PRC_HPI_A$DEFAULTVIEW(1.0),House price index (2015 = 100) - annual data,A,Annual,TOTAL,Total,I10_A_AVG,"Annual average index, 2010=100",AT,Austria,2025,,216.40,,p,provisional,,
dataflow,ESTAT:PRC_HPI_A$DEFAULTVIEW(1.0),House price index (2015 = 100) - annual data,A,Annual,TOTAL,Total,I10_A_AVG,"Annual average index, 2010=100",BE,Belgium,2016,,111.72,,,,,
dataflow,ESTAT:PRC_HPI_A$DEFAULTVIEW(1.0),House price index (2015 = 100) - annual data,A,Annual,TOTAL,Total,I10_A_AVG,"Annual average index, 2010=100",BE,Belgium,2017,,115.67,,,,,
dataflow,ESTAT:PRC_HPI_A$DEFAULTVIEW(1.0),House price index (2015 = 100) - annual data,A,Annual,TOTAL,Total,I10_A_AVG,"Annual average index, 2010=100",BE,Belgium,2018,,119.16,,,,,
dataflow,ESTAT:PRC_HPI_A$DEFAULTVIEW(1.0),House price index (2015 = 100) - annual data,A,Annual,TOTAL,Total,I10_A_AVG,"Annual average index, 2010=100",BE,Belgium,2019,,123.62,,,,,
dataflow,ESTAT:PRC_HPI_A$DEFAULTVIEW(1.0),House price index (2015 = 100) - annual data,A,Annual,TOTAL,Total,I10_A_AVG,"Annual average index, 2010=100",BE,Belgium,2020,,128.92,,,,,
dataflow,ESTAT:PRC_HPI_A$DEFAULTVIEW(1.0),House price index (2015 = 100) - annual data,A,Annual,TOTAL,Total,I10_A_AVG,"Annual average index, 2010=100",BE,Belgium,2021,,137.52,,,,,
dataflow,ESTAT:PRC_HPI_A$DEFAULTVIEW(1.0),House price index (2015 = 100) - annual data,A,Annual,TOTAL,Total,I10_A_AVG,"Annual average index, 2010=100",BE,Belgium,2022,,145.12,,,,,
dataflow,ESTAT:PRC_HPI_A$DEFAULTVIEW(1.0),House price index (2015 = 100) - annual data,A,Annual,TOTAL,Total,I10_A_AVG,"Annual average index, 2010=100",BE,Belgium,2023,,148.52,,,,,
dataflow,ESTAT:PRC_HPI_A$DEFAULTVIEW(1.0),House price index (2015 = 100) - annual data,A,Annual,TOTAL,Total,I10_A_AVG,"Annual average index, 2010=100",BE,Belgium,2024,,153.30,,,,,
dataflow,ESTAT:PRC_HPI_A$DEFAULTVIEW(1.0),House price index (2015 = 100) - annual data,A,Annual,TOTAL,Total,I10_A_AVG,"Annual average index, 2010=100",BE,Belgium,2025,,158.15,,p,provisional,,
dataflow,ESTAT:PRC_HPI_A$DEFAULTVIEW(1.0),House price index (2015 = 100) - annual data,A,Annual,TOTAL,Total,I10_A_AVG,"Annual average index, 2010=100",BG,Bulgaria,2016,,101.15,,,,,
dataflow,ESTAT:PRC_HPI_A$DEFAULTVIEW(1.0),House price index (2015 = 100) - annual data,A,Annual,TOTAL,Total,I10_A_AVG,"Annual average index, 2010=100",BG,Bulgaria,2017,,109.91,,,,,
dataflow,ESTAT:PRC_HPI_A$DEFAULTVIEW(1.0),House price index (2015 = 100) - annual data,A,Annual,TOTAL,Total,I10_A_AVG,"Annual average index, 2010=100",BG,Bulgaria,2018,,117.16,,,,,
dataflow,ESTAT:PRC_HPI_A$DEFAULTVIEW(1.0),House price index (2015 = 100) - annual data,A,Annual,TOTAL,Total,I10_A_AVG,"Annual average index, 2010=100",BG,Bulgaria,2019,,124.21,,,,,
dataflow,ESTAT:PRC_HPI_A$DEFAULTVIEW(1.0),House price index (2015 = 100) - annual data,A,Annual,TOTAL,Total,I10_A_AVG,"Annual average index, 2010=100",BG,Bulgaria,2020,,129.87,,,,,
dataflow,ESTAT:PRC_HPI_A$DEFAULTVIEW(1.0),House price index (2015 = 100) - annual data,A,Annual,TOTAL,Total,I10_A_AVG,"Annual average index, 2010=100",BG,Bulgaria,2021,,141.14,,,,,
dataflow,ESTAT:PRC_HPI_A$DEFAULTVIEW(1.0),House price index (2015 = 100) - annual data,A,Annual,TOTAL,Total,I10_A_AVG,"Annual average index, 2010=100",BG,Bulgaria,2022,,160.60,,b,break in time series,,
dataflow,ESTAT:PRC_HPI_A$DEFAULTVIEW(1.0),House price index (2015 = 100) - annual data,A,Annual,TOTAL,Total,I10_A_AVG,"Annual average index, 2010=100",BG,Bulgaria,2023,,176.43,,,,,
dataflow,ESTAT:PRC_HPI_A$DEFAULTVIEW(1.0),House price index (2015 = 100) - annual data,A,Annual,TOTAL,Total,I10_A_AVG,"Annual average index, 2010=100",BG,Bulgaria,2024,,205.54,,,,,
dataflow,ESTAT:PRC_HPI_A$DEFAULTVIEW(1.0),House price index (2015 = 100) - annual data,A,Annual,TOTAL,Total,I10_A_AVG,"Annual average index, 2010=100",BG,Bulgaria,2025,,235.56,,p,provisional,,
dataflow,ESTAT:PRC_HPI_A$DEFAULTVIEW(1.0),House price index (2015 = 100) - annual data,A,Annual,TOTAL,Total,I10_A_AVG,"Annual average index, 2010=100",CY,Cyprus,2016,,88.42,,,,,
dataflow,ESTAT:PRC_HPI_A$DEFAULTVIEW(1.0),House price index (2015 = 100) - annual data,A,Annual,TOTAL,Total,I10_A_AVG,"Annual average index, 2010=100",CY,Cyprus,2017,,92.55,,,,,
dataflow,ESTAT:PRC_HPI_A$DEFAULTVIEW(1.0),House price index (2015 = 100) - annual data,A,Annual,TOTAL,Total,I10_A_AVG,"Annual average index, 2010=100",CY,Cyprus,2018,,91.30,,,,,
dataflow,ESTAT:PRC_HPI_A$DEFAULTVIEW(1.0),House price index (2015 = 100) - annual data,A,Annual,TOTAL,Total,I10_A_AVG,"Annual average index, 2010=100",CY,Cyprus,2019,,98.94,,,,,
dataflow,ESTAT:PRC_HPI_A$DEFAULTVIEW(1.0),House price index (2015 = 100) - annual data,A,Annual,TOTAL,Total,I10_A_AVG,"Annual average index, 2010=100",CY,Cyprus,2020,,104.07,,,,,
dataflow,ESTAT:PRC_HPI_A$DEFAULTVIEW(1.0),House price index (2015 = 100) - annual data,A,Annual,TOTAL,Total,I10_A_AVG,"Annual average index, 2010=100",CY,Cyprus,2021,,102.48,,,,,
dataflow,ESTAT:PRC_HPI_A$DEFAULTVIEW(1.0),House price index (2015 = 100) - annual data,A,Annual,TOTAL,Total,I10_A_AVG,"Annual average index, 2010=100",CY,Cyprus,2022,,109.14,,,,,
dataflow,ESTAT:PRC_HPI_A$DEFAULTVIEW(1.0),House price index (2015 = 100) - annual data,A,Annual,TOTAL,Total,I10_A_AVG,"Annual average index, 2010=100",CY,Cyprus,2023,,119.22,,,,,
dataflow,ESTAT:PRC_HPI_A$DEFAULTVIEW(1.0),House price index (2015 = 100) - annual data,A,Annual,TOTAL,Total,I10_A_AVG,"Annual average index, 2010=100",CY,Cyprus,2024,,127.95,,,,,
dataflow,ESTAT:PRC_HPI_A$DEFAULTVIEW(1.0),House price index (2015 = 100) - annual data,A,Annual,TOTAL,Total,I10_A_AVG,"Annual average index, 2010=100",CY,Cyprus,2025,,133.65,,,,,
dataflow,ESTAT:PRC_HPI_A$DEFAULTVIEW(1.0),House price index (2015 = 100) - annual data,A,Annual,TOTAL,Total,I10_A_AVG,"Annual average index, 2010=100",CZ,Czechia,2016,,112.50,,,,,
dataflow,ESTAT:PRC_HPI_A$DEFAULTVIEW(1.0),House price index (2015 = 100) - annual data,A,Annual,TOTAL,Total,I10_A_AVG,"Annual average index, 2010=100",CZ,Czechia,2017,,125.80,,,,,
dataflow,ESTAT:PRC_HPI_A$DEFAULTVIEW(1.0),House price index (2015 = 100) - annual data,A,Annual,TOTAL,Total,I10_A_AVG,"Annual average index, 2010=100",CZ,Czechia,2018,,136.50,,,,,
dataflow,ESTAT:PRC_HPI_A$DEFAULTVIEW(1.0),House price index (2015 = 100) - annual data,A,Annual,TOTAL,Total,I10_A_AVG,"Annual average index, 2010=100",CZ,Czechia,2019,,149.00,,,,,
dataflow,ESTAT:PRC_HPI_A$DEFAULTVIEW(1.0),House price index (2015 = 100) - annual data,A,Annual,TOTAL,Total,I10_A_AVG,"Annual average index, 2010=100",CZ,Czechia,2020,,161.60,,,,,
dataflow,ESTAT:PRC_HPI_A$DEFAULTVIEW(1.0),House price index (2015 = 100) - annual data,A,Annual,TOTAL,Total,I10_A_AVG,"Annual average index, 2010=100",CZ,Czechia,2021,,193.50,,,,,
dataflow,ESTAT:PRC_HPI_A$DEFAULTVIEW(1.0),House price index (2015 = 100) - annual data,A,Annual,TOTAL,Total,I10_A_AVG,"Annual average index, 2010=100",CZ,Czechia,2022,,226.10,,,,,
dataflow,ESTAT:PRC_HPI_A$DEFAULTVIEW(1.0),House price index (2015 = 100) - annual data,A,Annual,TOTAL,Total,I10_A_AVG,"Annual average index, 2010=100",CZ,Czechia,2023,,222.30,,,,,
dataflow,ESTAT:PRC_HPI_A$DEFAULTVIEW(1.0),House price index (2015 = 100) - annual data,A,Annual,TOTAL,Total,I10_A_AVG,"Annual average index, 2010=100",CZ,Czechia,2024,,233.50,,,,,
dataflow,ESTAT:PRC_HPI_A$DEFAULTVIEW(1.0),House price index (2015 = 100) - annual data,A,Annual,TOTAL,Total,I10_A_AVG,"Annual average index, 2010=100",CZ,Czechia,2025,,257.80,,,,,
dataflow,ESTAT:PRC_HPI_A$DEFAULTVIEW(1.0),House price index (2015 = 100) - annual data,A,Annual,TOTAL,Total,I10_A_AVG,"Annual average index, 2010=100",DE,Germany,2016,,128.20,,,,,
dataflow,ESTAT:PRC_HPI_A$DEFAULTVIEW(1.0),House price index (2015 = 100) - annual data,A,Annual,TOTAL,Total,I10_A_AVG,"Annual average index, 2010=100",DE,Germany,2017,,136.10,,,,,
dataflow,ESTAT:PRC_HPI_A$DEFAULTVIEW(1.0),House price index (2015 = 100) - annual data,A,Annual,TOTAL,Total,I10_A_AVG,"Annual average index, 2010=100",DE,Germany,2018,,145.10,,,,,
dataflow,ESTAT:PRC_HPI_A$DEFAULTVIEW(1.0),House price index (2015 = 100) - annual data,A,Annual,TOTAL,Total,I10_A_AVG,"Annual average index, 2010=100",DE,Germany,2019,,153.50,,,,,
dataflow,ESTAT:PRC_HPI_A$DEFAULTVIEW(1.0),House price index (2015 = 100) - annual data,A,Annual,TOTAL,Total,I10_A_AVG,"Annual average index, 2010=100",DE,Germany,2020,,165.40,,,,,
dataflow,ESTAT:PRC_HPI_A$DEFAULTVIEW(1.0),House price index (2015 = 100) - annual data,A,Annual,TOTAL,Total,I10_A_AVG,"Annual average index, 2010=100",DE,Germany,2021,,184.50,,,,,
dataflow,ESTAT:PRC_HPI_A$DEFAULTVIEW(1.0),House price index (2015 = 100) - annual data,A,Annual,TOTAL,Total,I10_A_AVG,"Annual average index, 2010=100",DE,Germany,2022,,195.70,,,,,
dataflow,ESTAT:PRC_HPI_A$DEFAULTVIEW(1.0),House price index (2015 = 100) - annual data,A,Annual,TOTAL,Total,I10_A_AVG,"Annual average index, 2010=100",DE,Germany,2023,,179.30,,,,,
dataflow,ESTAT:PRC_HPI_A$DEFAULTVIEW(1.0),House price index (2015 = 100) - annual data,A,Annual,TOTAL,Total,I10_A_AVG,"Annual average index, 2010=100",DE,Germany,2024,,176.50,,,,,
dataflow,ESTAT:PRC_HPI_A$DEFAULTVIEW(1.0),House price index (2015 = 100) - annual data,A,Annual,TOTAL,Total,I10_A_AVG,"Annual average index, 2010=100",DE,Germany,2025,,182.10,,p,provisional,,
dataflow,ESTAT:PRC_HPI_A$DEFAULTVIEW(1.0),House price index (2015 = 100) - annual data,A,Annual,TOTAL,Total,I10_A_AVG,"Annual average index, 2010=100",DK,Denmark,2016,,115.35,,,,,
dataflow,ESTAT:PRC_HPI_A$DEFAULTVIEW(1.0),House price index (2015 = 100) - annual data,A,Annual,TOTAL,Total,I10_A_AVG,"Annual average index, 2010=100",DK,Denmark,2017,,121.07,,,,,
dataflow,ESTAT:PRC_HPI_A$DEFAULTVIEW(1.0),House price index (2015 = 100) - annual data,A,Annual,TOTAL,Total,I10_A_AVG,"Annual average index, 2010=100",DK,Denmark,2018,,126.40,,,,,
dataflow,ESTAT:PRC_HPI_A$DEFAULTVIEW(1.0),House price index (2015 = 100) - annual data,A,Annual,TOTAL,Total,I10_A_AVG,"Annual average index, 2010=100",DK,Denmark,2019,,129.21,,,,,
dataflow,ESTAT:PRC_HPI_A$DEFAULTVIEW(1.0),House price index (2015 = 100) - annual data,A,Annual,TOTAL,Total,I10_A_AVG,"Annual average index, 2010=100",DK,Denmark,2020,,134.77,,,,,
dataflow,ESTAT:PRC_HPI_A$DEFAULTVIEW(1.0),House price index (2015 = 100) - annual data,A,Annual,TOTAL,Total,I10_A_AVG,"Annual average index, 2010=100",DK,Denmark,2021,,150.33,,,,,
dataflow,ESTAT:PRC_HPI_A$DEFAULTVIEW(1.0),House price index (2015 = 100) - annual data,A,Annual,TOTAL,Total,I10_A_AVG,"Annual average index, 2010=100",DK,Denmark,2022,,157.41,,,,,
dataflow,ESTAT:PRC_HPI_A$DEFAULTVIEW(1.0),House price index (2015 = 100) - annual data,A,Annual,TOTAL,Total,I10_A_AVG,"Annual average index, 2010=100",DK,Denmark,2023,,151.44,,,,,
dataflow,ESTAT:PRC_HPI_A$DEFAULTVIEW(1.0),House price index (2015 = 100) - annual data,A,Annual,TOTAL,Total,I10_A_AVG,"Annual average index, 2010=100",DK,Denmark,2024,,156.76,,,,,
dataflow,ESTAT:PRC_HPI_A$DEFAULTVIEW(1.0),House price index (2015 = 100) - annual data,A,Annual,TOTAL,Total,I10_A_AVG,"Annual average index, 2010=100",DK,Denmark,2025,,168.52,,,,,
dataflow,ESTAT:PRC_HPI_A$DEFAULTVIEW(1.0),House price index (2015 = 100) - annual data,A,Annual,TOTAL,Total,I10_A_AVG,"Annual average index, 2010=100",EA,"Euro area (EA11-1999, EA12-2001, EA13-2007, EA15-2008, EA16-2009, EA17-2011, EA18-2014, EA19-2015, EA20-2023, EA21-2026)",2016,,102.92,,,,,
dataflow,ESTAT:PRC_HPI_A$DEFAULTVIEW(1.0),House price index (2015 = 100) - annual data,A,Annual,TOTAL,Total,I10_A_AVG,"Annual average index, 2010=100",EA,"Euro area (EA11-1999, EA12-2001, EA13-2007, EA15-2008, EA16-2009, EA17-2011, EA18-2014, EA19-2015, EA20-2023, EA21-2026)",2017,,107.45,,,,,
dataflow,ESTAT:PRC_HPI_A$DEFAULTVIEW(1.0),House price index (2015 = 100) - annual data,A,Annual,TOTAL,Total,I10_A_AVG,"Annual average index, 2010=100",EA,"Euro area (EA11-1999, EA12-2001, EA13-2007, EA15-2008, EA16-2009, EA17-2011, EA18-2014, EA19-2015, EA20-2023, EA21-2026)",2018,,112.63,,,,,
dataflow,ESTAT:PRC_HPI_A$DEFAULTVIEW(1.0),House price index (2015 = 100) - annual data,A,Annual,TOTAL,Total,I10_A_AVG,"Annual average index, 2010=100",EA,"Euro area (EA11-1999, EA12-2001, EA13-2007, EA15-2008, EA16-2009, EA17-2011, EA18-2014, EA19-2015, EA20-2023, EA21-2026)",2019,,117.56,,,,,
dataflow,ESTAT:PRC_HPI_A$DEFAULTVIEW(1.0),House price index (2015 = 100) - annual data,A,Annual,TOTAL,Total,I10_A_AVG,"Annual average index, 2010=100",EA,"Euro area (EA11-1999, EA12-2001, EA13-2007, EA15-2008, EA16-2009, EA17-2011, EA18-2014, EA19-2015, EA20-2023, EA21-2026)",2020,,123.74,,,,,
dataflow,ESTAT:PRC_HPI_A$DEFAULTVIEW(1.0),House price index (2015 = 100) - annual data,A,Annual,TOTAL,Total,I10_A_AVG,"Annual average index, 2010=100",EA,"Euro area (EA11-1999, EA12-2001, EA13-2007, EA15-2008, EA16-2009, EA17-2011, EA18-2014, EA19-2015, EA20-2023, EA21-2026)",2021,,133.51,,,,,
dataflow,ESTAT:PRC_HPI_A$DEFAULTVIEW(1.0),House price index (2015 = 100) - annual data,A,Annual,TOTAL,Total,I10_A_AVG,"Annual average index, 2010=100",EA,"Euro area (EA11-1999, EA12-2001, EA13-2007, EA15-2008, EA16-2009, EA17-2011, EA18-2014, EA19-2015, EA20-2023, EA21-2026)",2022,,143.22,,,,,
dataflow,ESTAT:PRC_HPI_A$DEFAULTVIEW(1.0),House price index (2015 = 100) - annual data,A,Annual,TOTAL,Total,I10_A_AVG,"Annual average index, 2010=100",EA,"Euro area (EA11-1999, EA12-2001, EA13-2007, EA15-2008, EA16-2009, EA17-2011, EA18-2014, EA19-2015, EA20-2023, EA21-2026)",2023,,141.51,,,,,
dataflow,ESTAT:PRC_HPI_A$DEFAULTVIEW(1.0),House price index (2015 = 100) - annual data,A,Annual,TOTAL,Total,I10_A_AVG,"Annual average index, 2010=100",EA,"Euro area (EA11-1999, EA12-2001, EA13-2007, EA15-2008, EA16-2009, EA17-2011, EA18-2014, EA19-2015, EA20-2023, EA21-2026)",2024,,144.37,,,,,
dataflow,ESTAT:PRC_HPI_A$DEFAULTVIEW(1.0),House price index (2015 = 100) - annual data,A,Annual,TOTAL,Total,I10_A_AVG,"Annual average index, 2010=100",EA,"Euro area (EA11-1999, EA12-2001, EA13-2007, EA15-2008, EA16-2009, EA17-2011, EA18-2014, EA19-2015, EA20-2023, EA21-2026)",2025,,151.82,,,,,
dataflow,ESTAT:PRC_HPI_A$DEFAULTVIEW(1.0),House price index (2015 = 100) - annual data,A,Annual,TOTAL,Total,I10_A_AVG,"Annual average index, 2010=100",EA19,Euro area - 19 countries  (2015-2022),2016,,103.10,,,,,
dataflow,ESTAT:PRC_HPI_A$DEFAULTVIEW(1.0),House price index (2015 = 100) - annual data,A,Annual,TOTAL,Total,I10_A_AVG,"Annual average index, 2010=100",EA19,Euro area - 19 countries  (2015-2022),2017,,107.63,,,,,
dataflow,ESTAT:PRC_HPI_A$DEFAULTVIEW(1.0),House price index (2015 = 100) - annual data,A,Annual,TOTAL,Total,I10_A_AVG,"Annual average index, 2010=100",EA19,Euro area - 19 countries  (2015-2022),2018,,112.82,,,,,
dataflow,ESTAT:PRC_HPI_A$DEFAULTVIEW(1.0),House price index (2015 = 100) - annual data,A,Annual,TOTAL,Total,I10_A_AVG,"Annual average index, 2010=100",EA19,Euro area - 19 countries  (2015-2022),2019,,117.76,,,,,
dataflow,ESTAT:PRC_HPI_A$DEFAULTVIEW(1.0),House price index (2015 = 100) - annual data,A,Annual,TOTAL,Total,I10_A_AVG,"Annual average index, 2010=100",EA19,Euro area - 19 countries  (2015-2022),2020,,123.95,,,,,
dataflow,ESTAT:PRC_HPI_A$DEFAULTVIEW(1.0),House price index (2015 = 100) - annual data,A,Annual,TOTAL,Total,I10_A_AVG,"Annual average index, 2010=100",EA19,Euro area - 19 countries  (2015-2022),2021,,133.74,,,,,
dataflow,ESTAT:PRC_HPI_A$DEFAULTVIEW(1.0),House price index (2015 = 100) - annual data,A,Annual,TOTAL,Total,I10_A_AVG,"Annual average index, 2010=100",EA19,Euro area - 19 countries  (2015-2022),2022,,143.47,,,,,
dataflow,ESTAT:PRC_HPI_A$DEFAULTVIEW(1.0),House price index (2015 = 100) - annual data,A,Annual,TOTAL,Total,I10_A_AVG,"Annual average index, 2010=100",EA19,Euro area - 19 countries  (2015-2022),2023,,141.68,,,,,
dataflow,ESTAT:PRC_HPI_A$DEFAULTVIEW(1.0),House price index (2015 = 100) - annual data,A,Annual,TOTAL,Total,I10_A_AVG,"Annual average index, 2010=100",EA19,Euro area - 19 countries  (2015-2022),2024,,144.43,,,,,
dataflow,ESTAT:PRC_HPI_A$DEFAULTVIEW(1.0),House price index (2015 = 100) - annual data,A,Annual,TOTAL,Total,I10_A_AVG,"Annual average index, 2010=100",EA19,Euro area - 19 countries  (2015-2022),2025,,151.78,,,,,
dataflow,ESTAT:PRC_HPI_A$DEFAULTVIEW(1.0),House price index (2015 = 100) - annual data,A,Annual,TOTAL,Total,I10_A_AVG,"Annual average index, 2010=100",EA20,Euro area – 20 countries (2023-2025),2016,,103.02,,,,,
dataflow,ESTAT:PRC_HPI_A$DEFAULTVIEW(1.0),House price index (2015 = 100) - annual data,A,Annual,TOTAL,Total,I10_A_AVG,"Annual average index, 2010=100",EA20,Euro area – 20 countries (2023-2025),2017,,107.55,,,,,
dataflow,ESTAT:PRC_HPI_A$DEFAULTVIEW(1.0),House price index (2015 = 100) - annual data,A,Annual,TOTAL,Total,I10_A_AVG,"Annual average index, 2010=100",EA20,Euro area – 20 countries (2023-2025),2018,,112.75,,,,,
dataflow,ESTAT:PRC_HPI_A$DEFAULTVIEW(1.0),House price index (2015 = 100) - annual data,A,Annual,TOTAL,Total,I10_A_AVG,"Annual average index, 2010=100",EA20,Euro area – 20 countries (2023-2025),2019,,117.72,,,,,
dataflow,ESTAT:PRC_HPI_A$DEFAULTVIEW(1.0),House price index (2015 = 100) - annual data,A,Annual,TOTAL,Total,I10_A_AVG,"Annual average index, 2010=100",EA20,Euro area – 20 countries (2023-2025),2020,,123.92,,,,,
dataflow,ESTAT:PRC_HPI_A$DEFAULTVIEW(1.0),House price index (2015 = 100) - annual data,A,Annual,TOTAL,Total,I10_A_AVG,"Annual average index, 2010=100",EA20,Euro area – 20 countries (2023-2025),2021,,133.71,,,,,
dataflow,ESTAT:PRC_HPI_A$DEFAULTVIEW(1.0),House price index (2015 = 100) - annual data,A,Annual,TOTAL,Total,I10_A_AVG,"Annual average index, 2010=100",EA20,Euro area – 20 countries (2023-2025),2022,,143.51,,,,,
dataflow,ESTAT:PRC_HPI_A$DEFAULTVIEW(1.0),House price index (2015 = 100) - annual data,A,Annual,TOTAL,Total,I10_A_AVG,"Annual average index, 2010=100",EA20,Euro area – 20 countries (2023-2025),2023,,141.87,,,,,
dataflow,ESTAT:PRC_HPI_A$DEFAULTVIEW(1.0),House price index (2015 = 100) - annual data,A,Annual,TOTAL,Total,I10_A_AVG,"Annual average index, 2010=100",EA20,Euro area – 20 countries (2023-2025),2024,,144.73,,,,,
dataflow,ESTAT:PRC_HPI_A$DEFAULTVIEW(1.0),House price index (2015 = 100) - annual data,A,Annual,TOTAL,Total,I10_A_AVG,"Annual average index, 2010=100",EA20,Euro area – 20 countries (2023-2025),2025,,152.21,,,,,
dataflow,ESTAT:PRC_HPI_A$DEFAULTVIEW(1.0),House price index (2015 = 100) - annual data,A,Annual,TOTAL,Total,I10_A_AVG,"Annual average index, 2010=100",EA21,Euro area – 21 countries (from 2026),2016,,103.01,,,,,
dataflow,ESTAT:PRC_HPI_A$DEFAULTVIEW(1.0),House price index (2015 = 100) - annual data,A,Annual,TOTAL,Total,I10_A_AVG,"Annual average index, 2010=100",EA21,Euro area – 21 countries (from 2026),2017,,107.58,,,,,
dataflow,ESTAT:PRC_HPI_A$DEFAULTVIEW(1.0),House price index (2015 = 100) - annual data,A,Annual,TOTAL,Total,I10_A_AVG,"Annual average index, 2010=100",EA21,Euro area – 21 countries (from 2026),2018,,112.79,,,,,
dataflow,ESTAT:PRC_HPI_A$DEFAULTVIEW(1.0),House price index (2015 = 100) - annual data,A,Annual,TOTAL,Total,I10_A_AVG,"Annual average index, 2010=100",EA21,Euro area – 21 countries (from 2026),2019,,117.78,,,,,
dataflow,ESTAT:PRC_HPI_A$DEFAULTVIEW(1.0),House price index (2015 = 100) - annual data,A,Annual,TOTAL,Total,I10_A_AVG,"Annual average index, 2010=100",EA21,Euro area – 21 countries (from 2026),2020,,123.98,,,,,
dataflow,ESTAT:PRC_HPI_A$DEFAULTVIEW(1.0),House price index (2015 = 100) - annual data,A,Annual,TOTAL,Total,I10_A_AVG,"Annual average index, 2010=100",EA21,Euro area – 21 countries (from 2026),2021,,133.78,,,,,
dataflow,ESTAT:PRC_HPI_A$DEFAULTVIEW(1.0),House price index (2015 = 100) - annual data,A,Annual,TOTAL,Total,I10_A_AVG,"Annual average index, 2010=100",EA21,Euro area – 21 countries (from 2026),2022,,143.68,,,,,
dataflow,ESTAT:PRC_HPI_A$DEFAULTVIEW(1.0),House price index (2015 = 100) - annual data,A,Annual,TOTAL,Total,I10_A_AVG,"Annual average index, 2010=100",EA21,Euro area – 21 countries (from 2026),2023,,142.21,,,,,
dataflow,ESTAT:PRC_HPI_A$DEFAULTVIEW(1.0),House price index (2015 = 100) - annual data,A,Annual,TOTAL,Total,I10_A_AVG,"Annual average index, 2010=100",EA21,Euro area – 21 countries (from 2026),2024,,145.31,,,,,
dataflow,ESTAT:PRC_HPI_A$DEFAULTVIEW(1.0),House price index (2015 = 100) - annual data,A,Annual,TOTAL,Total,I10_A_AVG,"Annual average index, 2010=100",EA21,Euro area – 21 countries (from 2026),2025,,152.97,,,,,
dataflow,ESTAT:PRC_HPI_A$DEFAULTVIEW(1.0),House price index (2015 = 100) - annual data,A,Annual,TOTAL,Total,I10_A_AVG,"Annual average index, 2010=100",EE,Estonia,2016,,163.92,,,,,
dataflow,ESTAT:PRC_HPI_A$DEFAULTVIEW(1.0),House price index (2015 = 100) - annual data,A,Annual,TOTAL,Total,I10_A_AVG,"Annual average index, 2010=100",EE,Estonia,2017,,172.95,,,,,
dataflow,ESTAT:PRC_HPI_A$DEFAULTVIEW(1.0),House price index (2015 = 100) - annual data,A,Annual,TOTAL,Total,I10_A_AVG,"Annual average index, 2010=100",EE,Estonia,2018,,183.20,,,,,
dataflow,ESTAT:PRC_HPI_A$DEFAULTVIEW(1.0),House price index (2015 = 100) - annual data,A,Annual,TOTAL,Total,I10_A_AVG,"Annual average index, 2010=100",EE,Estonia,2019,,196.04,,,,,
dataflow,ESTAT:PRC_HPI_A$DEFAULTVIEW(1.0),House price index (2015 = 100) - annual data,A,Annual,TOTAL,Total,I10_A_AVG,"Annual average index, 2010=100",EE,Estonia,2020,,207.81,,,,,
dataflow,ESTAT:PRC_HPI_A$DEFAULTVIEW(1.0),House price index (2015 = 100) - annual data,A,Annual,TOTAL,Total,I10_A_AVG,"Annual average index, 2010=100",EE,Estonia,2021,,239.09,,,,,
dataflow,ESTAT:PRC_HPI_A$DEFAULTVIEW(1.0),House price index (2015 = 100) - annual data,A,Annual,TOTAL,Total,I10_A_AVG,"Annual average index, 2010=100",EE,Estonia,2022,,292.27,,,,,
dataflow,ESTAT:PRC_HPI_A$DEFAULTVIEW(1.0),House price index (2015 = 100) - annual data,A,Annual,TOTAL,Total,I10_A_AVG,"Annual average index, 2010=100",EE,Estonia,2023,,309.43,,,,,
dataflow,ESTAT:PRC_HPI_A$DEFAULTVIEW(1.0),House price index (2015 = 100) - annual data,A,Annual,TOTAL,Total,I10_A_AVG,"Annual average index, 2010=100",EE,Estonia,2024,,328.31,,,,,
dataflow,ESTAT:PRC_HPI_A$DEFAULTVIEW(1.0),House price index (2015 = 100) - annual data,A,Annual,TOTAL,Total,I10_A_AVG,"Annual average index, 2010=100",EE,Estonia,2025,,345.43,,,,,
dataflow,ESTAT:PRC_HPI_A$DEFAULTVIEW(1.0),House price index (2015 = 100) - annual data,A,Annual,TOTAL,Total,I10_A_AVG,"Annual average index, 2010=100",ES,Spain,2016,,77.76,,,,,
dataflow,ESTAT:PRC_HPI_A$DEFAULTVIEW(1.0),House price index (2015 = 100) - annual data,A,Annual,TOTAL,Total,I10_A_AVG,"Annual average index, 2010=100",ES,Spain,2017,,82.57,,,,,
dataflow,ESTAT:PRC_HPI_A$DEFAULTVIEW(1.0),House price index (2015 = 100) - annual data,A,Annual,TOTAL,Total,I10_A_AVG,"Annual average index, 2010=100",ES,Spain,2018,,88.13,,,,,
dataflow,ESTAT:PRC_HPI_A$DEFAULTVIEW(1.0),House price index (2015 = 100) - annual data,A,Annual,TOTAL,Total,I10_A_AVG,"Annual average index, 2010=100",ES,Spain,2019,,92.69,,,,,
dataflow,ESTAT:PRC_HPI_A$DEFAULTVIEW(1.0),House price index (2015 = 100) - annual data,A,Annual,TOTAL,Total,I10_A_AVG,"Annual average index, 2010=100",ES,Spain,2020,,94.76,,,,,
dataflow,ESTAT:PRC_HPI_A$DEFAULTVIEW(1.0),House price index (2015 = 100) - annual data,A,Annual,TOTAL,Total,I10_A_AVG,"Annual average index, 2010=100",ES,Spain,2021,,98.25,,,,,
dataflow,ESTAT:PRC_HPI_A$DEFAULTVIEW(1.0),House price index (2015 = 100) - annual data,A,Annual,TOTAL,Total,I10_A_AVG,"Annual average index, 2010=100",ES,Spain,2022,,105.52,,,,,
dataflow,ESTAT:PRC_HPI_A$DEFAULTVIEW(1.0),House price index (2015 = 100) - annual data,A,Annual,TOTAL,Total,I10_A_AVG,"Annual average index, 2010=100",ES,Spain,2023,,109.76,,,,,
dataflow,ESTAT:PRC_HPI_A$DEFAULTVIEW(1.0),House price index (2015 = 100) - annual data,A,Annual,TOTAL,Total,I10_A_AVG,"Annual average index, 2010=100",ES,Spain,2024,,119.10,,,,,
dataflow,ESTAT:PRC_HPI_A$DEFAULTVIEW(1.0),House price index (2015 = 100) - annual data,A,Annual,TOTAL,Total,I10_A_AVG,"Annual average index, 2010=100",ES,Spain,2025,,134.23,,,,,
dataflow,ESTAT:PRC_HPI_A$DEFAULTVIEW(1.0),House price index (2015 = 100) - annual data,A,Annual,TOTAL,Total,I10_A_AVG,"Annual average index, 2010=100",EU,"European Union (EU6-1958, EU9-1973, EU10-1981, EU12-1986, EU15-1995, EU25-2004, EU27-2007, EU28-2013, EU27-2020)",2016,,106.71,,,,,
dataflow,ESTAT:PRC_HPI_A$DEFAULTVIEW(1.0),House price index (2015 = 100) - annual data,A,Annual,TOTAL,Total,I10_A_AVG,"Annual average index, 2010=100",EU,"European Union (EU6-1958, EU9-1973, EU10-1981, EU12-1986, EU15-1995, EU25-2004, EU27-2007, EU28-2013, EU27-2020)",2017,,111.79,,,,,
dataflow,ESTAT:PRC_HPI_A$DEFAULTVIEW(1.0),House price index (2015 = 100) - annual data,A,Annual,TOTAL,Total,I10_A_AVG,"Annual average index, 2010=100",EU,"European Union (EU6-1958, EU9-1973, EU10-1981, EU12-1986, EU15-1995, EU25-2004, EU27-2007, EU28-2013, EU27-2020)",2018,,117.15,,,,,
dataflow,ESTAT:PRC_HPI_A$DEFAULTVIEW(1.0),House price index (2015 = 100) - annual data,A,Annual,TOTAL,Total,I10_A_AVG,"Annual average index, 2010=100",EU,"European Union (EU6-1958, EU9-1973, EU10-1981, EU12-1986, EU15-1995, EU25-2004, EU27-2007, EU28-2013, EU27-2020)",2019,,122.24,,,,,
dataflow,ESTAT:PRC_HPI_A$DEFAULTVIEW(1.0),House price index (2015 = 100) - annual data,A,Annual,TOTAL,Total,I10_A_AVG,"Annual average index, 2010=100",EU,"European Union (EU6-1958, EU9-1973, EU10-1981, EU12-1986, EU15-1995, EU25-2004, EU27-2007, EU28-2013, EU27-2020)",2020,,128.89,,,,,
dataflow,ESTAT:PRC_HPI_A$DEFAULTVIEW(1.0),House price index (2015 = 100) - annual data,A,Annual,TOTAL,Total,I10_A_AVG,"Annual average index, 2010=100",EU,"European Union (EU6-1958, EU9-1973, EU10-1981, EU12-1986, EU15-1995, EU25-2004, EU27-2007, EU28-2013, EU27-2020)",2021,,139.74,,,,,
dataflow,ESTAT:PRC_HPI_A$DEFAULTVIEW(1.0),House price index (2015 = 100) - annual data,A,Annual,TOTAL,Total,I10_A_AVG,"Annual average index, 2010=100",EU,"European Union (EU6-1958, EU9-1973, EU10-1981, EU12-1986, EU15-1995, EU25-2004, EU27-2007, EU28-2013, EU27-2020)",2022,,150.91,,,,,
dataflow,ESTAT:PRC_HPI_A$DEFAULTVIEW(1.0),House price index (2015 = 100) - annual data,A,Annual,TOTAL,Total,I10_A_AVG,"Annual average index, 2010=100",EU,"European Union (EU6-1958, EU9-1973, EU10-1981, EU12-1986, EU15-1995, EU25-2004, EU27-2007, EU28-2013, EU27-2020)",2023,,150.50,,,,,
dataflow,ESTAT:PRC_HPI_A$DEFAULTVIEW(1.0),House price index (2015 = 100) - annual data,A,Annual,TOTAL,Total,I10_A_AVG,"Annual average index, 2010=100",EU,"European Union (EU6-1958, EU9-1973, EU10-1981, EU12-1986, EU15-1995, EU25-2004, EU27-2007, EU28-2013, EU27-2020)",2024,,155.57,,,,,
dataflow,ESTAT:PRC_HPI_A$DEFAULTVIEW(1.0),House price index (2015 = 100) - annual data,A,Annual,TOTAL,Total,I10_A_AVG,"Annual average index, 2010=100",EU,"European Union (EU6-1958, EU9-1973, EU10-1981, EU12-1986, EU15-1995, EU25-2004, EU27-2007, EU28-2013, EU27-2020)",2025,,164.16,,,,,
dataflow,ESTAT:PRC_HPI_A$DEFAULTVIEW(1.0),House price index (2015 = 100) - annual data,A,Annual,TOTAL,Total,I10_A_AVG,"Annual average index, 2010=100",EU27_2020,European Union - 27 countries (from 2020),2016,,104.05,,,,,
dataflow,ESTAT:PRC_HPI_A$DEFAULTVIEW(1.0),House price index (2015 = 100) - annual data,A,Annual,TOTAL,Total,I10_A_AVG,"Annual average index, 2010=100",EU27_2020,European Union - 27 countries (from 2020),2017,,109.03,,,,,
dataflow,ESTAT:PRC_HPI_A$DEFAULTVIEW(1.0),House price index (2015 = 100) - annual data,A,Annual,TOTAL,Total,I10_A_AVG,"Annual average index, 2010=100",EU27_2020,European Union - 27 countries (from 2020),2018,,114.52,,,,,
dataflow,ESTAT:PRC_HPI_A$DEFAULTVIEW(1.0),House price index (2015 = 100) - annual data,A,Annual,TOTAL,Total,I10_A_AVG,"Annual average index, 2010=100",EU27_2020,European Union - 27 countries (from 2020),2019,,120.10,,,,,
dataflow,ESTAT:PRC_HPI_A$DEFAULTVIEW(1.0),House price index (2015 = 100) - annual data,A,Annual,TOTAL,Total,I10_A_AVG,"Annual average index, 2010=100",EU27_2020,European Union - 27 countries (from 2020),2020,,126.82,,,,,
dataflow,ESTAT:PRC_HPI_A$DEFAULTVIEW(1.0),House price index (2015 = 100) - annual data,A,Annual,TOTAL,Total,I10_A_AVG,"Annual average index, 2010=100",EU27_2020,European Union - 27 countries (from 2020),2021,,137.49,,,,,
dataflow,ESTAT:PRC_HPI_A$DEFAULTVIEW(1.0),House price index (2015 = 100) - annual data,A,Annual,TOTAL,Total,I10_A_AVG,"Annual average index, 2010=100",EU27_2020,European Union - 27 countries (from 2020),2022,,148.49,,,,,
dataflow,ESTAT:PRC_HPI_A$DEFAULTVIEW(1.0),House price index (2015 = 100) - annual data,A,Annual,TOTAL,Total,I10_A_AVG,"Annual average index, 2010=100",EU27_2020,European Union - 27 countries (from 2020),2023,,148.08,,,,,
dataflow,ESTAT:PRC_HPI_A$DEFAULTVIEW(1.0),House price index (2015 = 100) - annual data,A,Annual,TOTAL,Total,I10_A_AVG,"Annual average index, 2010=100",EU27_2020,European Union - 27 countries (from 2020),2024,,153.07,,,,,
dataflow,ESTAT:PRC_HPI_A$DEFAULTVIEW(1.0),House price index (2015 = 100) - annual data,A,Annual,TOTAL,Total,I10_A_AVG,"Annual average index, 2010=100",EU27_2020,European Union - 27 countries (from 2020),2025,,161.52,,,,,
dataflow,ESTAT:PRC_HPI_A$DEFAULTVIEW(1.0),House price index (2015 = 100) - annual data,A,Annual,TOTAL,Total,I10_A_AVG,"Annual average index, 2010=100",EU28,European Union - 28 countries (2013-2020),2016,,106.69,,,,,
dataflow,ESTAT:PRC_HPI_A$DEFAULTVIEW(1.0),House price index (2015 = 100) - annual data,A,Annual,TOTAL,Total,I10_A_AVG,"Annual average index, 2010=100",EU28,European Union - 28 countries (2013-2020),2017,,111.77,,,,,
dataflow,ESTAT:PRC_HPI_A$DEFAULTVIEW(1.0),House price index (2015 = 100) - annual data,A,Annual,TOTAL,Total,I10_A_AVG,"Annual average index, 2010=100",EU28,European Union - 28 countries (2013-2020),2018,,117.13,,,,,
dataflow,ESTAT:PRC_HPI_A$DEFAULTVIEW(1.0),House price index (2015 = 100) - annual data,A,Annual,TOTAL,Total,I10_A_AVG,"Annual average index, 2010=100",EU28,European Union - 28 countries (2013-2020),2019,,122.22,,,,,
dataflow,ESTAT:PRC_HPI_A$DEFAULTVIEW(1.0),House price index (2015 = 100) - annual data,A,Annual,TOTAL,Total,I10_A_AVG,"Annual average index, 2010=100",FI,Finland,2016,,107.89,,,,,
dataflow,ESTAT:PRC_HPI_A$DEFAULTVIEW(1.0),House price index (2015 = 100) - annual data,A,Annual,TOTAL,Total,I10_A_AVG,"Annual average index, 2010=100",FI,Finland,2017,,109.06,,,,,
dataflow,ESTAT:PRC_HPI_A$DEFAULTVIEW(1.0),House price index (2015 = 100) - annual data,A,Annual,TOTAL,Total,I10_A_AVG,"Annual average index, 2010=100",FI,Finland,2018,,110.07,,,,,
dataflow,ESTAT:PRC_HPI_A$DEFAULTVIEW(1.0),House price index (2015 = 100) - annual data,A,Annual,TOTAL,Total,I10_A_AVG,"Annual average index, 2010=100",FI,Finland,2019,,110.53,,,,,
dataflow,ESTAT:PRC_HPI_A$DEFAULTVIEW(1.0),House price index (2015 = 100) - annual data,A,Annual,TOTAL,Total,I10_A_AVG,"Annual average index, 2010=100",FI,Finland,2020,,112.48,,,,,
dataflow,ESTAT:PRC_HPI_A$DEFAULTVIEW(1.0),House price index (2015 = 100) - annual data,A,Annual,TOTAL,Total,I10_A_AVG,"Annual average index, 2010=100",FI,Finland,2021,,117.65,,,,,
dataflow,ESTAT:PRC_HPI_A$DEFAULTVIEW(1.0),House price index (2015 = 100) - annual data,A,Annual,TOTAL,Total,I10_A_AVG,"Annual average index, 2010=100",FI,Finland,2022,,118.78,,,,,
dataflow,ESTAT:PRC_HPI_A$DEFAULTVIEW(1.0),House price index (2015 = 100) - annual data,A,Annual,TOTAL,Total,I10_A_AVG,"Annual average index, 2010=100",FI,Finland,2023,,111.40,,,,,
dataflow,ESTAT:PRC_HPI_A$DEFAULTVIEW(1.0),House price index (2015 = 100) - annual data,A,Annual,TOTAL,Total,I10_A_AVG,"Annual average index, 2010=100",FI,Finland,2024,,107.95,,,,,
dataflow,ESTAT:PRC_HPI_A$DEFAULTVIEW(1.0),House price index (2015 = 100) - annual data,A,Annual,TOTAL,Total,I10_A_AVG,"Annual average index, 2010=100",FI,Finland,2025,,105.30,,p,provisional,,
dataflow,ESTAT:PRC_HPI_A$DEFAULTVIEW(1.0),House price index (2015 = 100) - annual data,A,Annual,TOTAL,Total,I10_A_AVG,"Annual average index, 2010=100",FR,France,2016,,101.31,,,,,
dataflow,ESTAT:PRC_HPI_A$DEFAULTVIEW(1.0),House price index (2015 = 100) - annual data,A,Annual,TOTAL,Total,I10_A_AVG,"Annual average index, 2010=100",FR,France,2017,,104.51,,,,,
dataflow,ESTAT:PRC_HPI_A$DEFAULTVIEW(1.0),House price index (2015 = 100) - annual data,A,Annual,TOTAL,Total,I10_A_AVG,"Annual average index, 2010=100",FR,France,2018,,107.57,,,,,
dataflow,ESTAT:PRC_HPI_A$DEFAULTVIEW(1.0),House price index (2015 = 100) - annual data,A,Annual,TOTAL,Total,I10_A_AVG,"Annual average index, 2010=100",FR,France,2019,,111.14,,,,,
dataflow,ESTAT:PRC_HPI_A$DEFAULTVIEW(1.0),House price index (2015 = 100) - annual data,A,Annual,TOTAL,Total,I10_A_AVG,"Annual average index, 2010=100",FR,France,2020,,116.92,,,,,
dataflow,ESTAT:PRC_HPI_A$DEFAULTVIEW(1.0),House price index (2015 = 100) - annual data,A,Annual,TOTAL,Total,I10_A_AVG,"Annual average index, 2010=100",FR,France,2021,,124.30,,,,,
dataflow,ESTAT:PRC_HPI_A$DEFAULTVIEW(1.0),House price index (2015 = 100) - annual data,A,Annual,TOTAL,Total,I10_A_AVG,"Annual average index, 2010=100",FR,France,2022,,132.16,,,,,
dataflow,ESTAT:PRC_HPI_A$DEFAULTVIEW(1.0),House price index (2015 = 100) - annual data,A,Annual,TOTAL,Total,I10_A_AVG,"Annual average index, 2010=100",FR,France,2023,,131.60,,,,,
dataflow,ESTAT:PRC_HPI_A$DEFAULTVIEW(1.0),House price index (2015 = 100) - annual data,A,Annual,TOTAL,Total,I10_A_AVG,"Annual average index, 2010=100",FR,France,2024,,126.72,,,,,
dataflow,ESTAT:PRC_HPI_A$DEFAULTVIEW(1.0),House price index (2015 = 100) - annual data,A,Annual,TOTAL,Total,I10_A_AVG,"Annual average index, 2010=100",FR,France,2025,,127.61,,p,provisional,,
dataflow,ESTAT:PRC_HPI_A$DEFAULTVIEW(1.0),House price index (2015 = 100) - annual data,A,Annual,TOTAL,Total,I10_A_AVG,"Annual average index, 2010=100",HR,Croatia,2016,,91.33,,,,,
dataflow,ESTAT:PRC_HPI_A$DEFAULTVIEW(1.0),House price index (2015 = 100) - annual data,A,Annual,TOTAL,Total,I10_A_AVG,"Annual average index, 2010=100",HR,Croatia,2017,,94.82,,,,,
dataflow,ESTAT:PRC_HPI_A$DEFAULTVIEW(1.0),House price index (2015 = 100) - annual data,A,Annual,TOTAL,Total,I10_A_AVG,"Annual average index, 2010=100",HR,Croatia,2018,,100.61,,,,,
dataflow,ESTAT:PRC_HPI_A$DEFAULTVIEW(1.0),House price index (2015 = 100) - annual data,A,Annual,TOTAL,Total,I10_A_AVG,"Annual average index, 2010=100",HR,Croatia,2019,,109.63,,,,,
dataflow,ESTAT:PRC_HPI_A$DEFAULTVIEW(1.0),House price index (2015 = 100) - annual data,A,Annual,TOTAL,Total,I10_A_AVG,"Annual average index, 2010=100",HR,Croatia,2020,,118.03,,,,,
dataflow,ESTAT:PRC_HPI_A$DEFAULTVIEW(1.0),House price index (2015 = 100) - annual data,A,Annual,TOTAL,Total,I10_A_AVG,"Annual average index, 2010=100",HR,Croatia,2021,,126.66,,,,,
dataflow,ESTAT:PRC_HPI_A$DEFAULTVIEW(1.0),House price index (2015 = 100) - annual data,A,Annual,TOTAL,Total,I10_A_AVG,"Annual average index, 2010=100",HR,Croatia,2022,,145.46,,,,,
dataflow,ESTAT:PRC_HPI_A$DEFAULTVIEW(1.0),House price index (2015 = 100) - annual data,A,Annual,TOTAL,Total,I10_A_AVG,"Annual average index, 2010=100",HR,Croatia,2023,,162.83,,,,,
dataflow,ESTAT:PRC_HPI_A$DEFAULTVIEW(1.0),House price index (2015 = 100) - annual data,A,Annual,TOTAL,Total,I10_A_AVG,"Annual average index, 2010=100",HR,Croatia,2024,,179.72,,,,,
dataflow,ESTAT:PRC_HPI_A$DEFAULTVIEW(1.0),House price index (2015 = 100) - annual data,A,Annual,TOTAL,Total,I10_A_AVG,"Annual average index, 2010=100",HR,Croatia,2025,,205.00,,p,provisional,,
dataflow,ESTAT:PRC_HPI_A$DEFAULTVIEW(1.0),House price index (2015 = 100) - annual data,A,Annual,TOTAL,Total,I10_A_AVG,"Annual average index, 2010=100",HU,Hungary,2016,,121.06,,,,,
dataflow,ESTAT:PRC_HPI_A$DEFAULTVIEW(1.0),House price index (2015 = 100) - annual data,A,Annual,TOTAL,Total,I10_A_AVG,"Annual average index, 2010=100",HU,Hungary,2017,,135.86,,,,,
dataflow,ESTAT:PRC_HPI_A$DEFAULTVIEW(1.0),House price index (2015 = 100) - annual data,A,Annual,TOTAL,Total,I10_A_AVG,"Annual average index, 2010=100",HU,Hungary,2018,,155.35,,,,,
dataflow,ESTAT:PRC_HPI_A$DEFAULTVIEW(1.0),House price index (2015 = 100) - annual data,A,Annual,TOTAL,Total,I10_A_AVG,"Annual average index, 2010=100",HU,Hungary,2019,,181.69,,,,,
dataflow,ESTAT:PRC_HPI_A$DEFAULTVIEW(1.0),House price index (2015 = 100) - annual data,A,Annual,TOTAL,Total,I10_A_AVG,"Annual average index, 2010=100",HU,Hungary,2020,,190.67,,,,,
dataflow,ESTAT:PRC_HPI_A$DEFAULTVIEW(1.0),House price index (2015 = 100) - annual data,A,Annual,TOTAL,Total,I10_A_AVG,"Annual average index, 2010=100",HU,Hungary,2021,,222.12,,,,,
dataflow,ESTAT:PRC_HPI_A$DEFAULTVIEW(1.0),House price index (2015 = 100) - annual data,A,Annual,TOTAL,Total,I10_A_AVG,"Annual average index, 2010=100",HU,Hungary,2022,,271.75,,,,,
dataflow,ESTAT:PRC_HPI_A$DEFAULTVIEW(1.0),House price index (2015 = 100) - annual data,A,Annual,TOTAL,Total,I10_A_AVG,"Annual average index, 2010=100",HU,Hungary,2023,,291.00,,,,,
dataflow,ESTAT:PRC_HPI_A$DEFAULTVIEW(1.0),House price index (2015 = 100) - annual data,A,Annual,TOTAL,Total,I10_A_AVG,"Annual average index, 2010=100",HU,Hungary,2024,,330.84,,p,provisional,,
dataflow,ESTAT:PRC_HPI_A$DEFAULTVIEW(1.0),House price index (2015 = 100) - annual data,A,Annual,TOTAL,Total,I10_A_AVG,"Annual average index, 2010=100",HU,Hungary,2025,,391.44,,p,provisional,,
dataflow,ESTAT:PRC_HPI_A$DEFAULTVIEW(1.0),House price index (2015 = 100) - annual data,A,Annual,TOTAL,Total,I10_A_AVG,"Annual average index, 2010=100",IE,Ireland,2016,,101.42,,,,,
dataflow,ESTAT:PRC_HPI_A$DEFAULTVIEW(1.0),House price index (2015 = 100) - annual data,A,Annual,TOTAL,Total,I10_A_AVG,"Annual average index, 2010=100",IE,Ireland,2017,,112.44,,,,,
dataflow,ESTAT:PRC_HPI_A$DEFAULTVIEW(1.0),House price index (2015 = 100) - annual data,A,Annual,TOTAL,Total,I10_A_AVG,"Annual average index, 2010=100",IE,Ireland,2018,,123.94,,,,,
dataflow,ESTAT:PRC_HPI_A$DEFAULTVIEW(1.0),House price index (2015 = 100) - annual data,A,Annual,TOTAL,Total,I10_A_AVG,"Annual average index, 2010=100",IE,Ireland,2019,,126.85,,,,,
dataflow,ESTAT:PRC_HPI_A$DEFAULTVIEW(1.0),House price index (2015 = 100) - annual data,A,Annual,TOTAL,Total,I10_A_AVG,"Annual average index, 2010=100",IE,Ireland,2020,,127.24,,,,,
dataflow,ESTAT:PRC_HPI_A$DEFAULTVIEW(1.0),House price index (2015 = 100) - annual data,A,Annual,TOTAL,Total,I10_A_AVG,"Annual average index, 2010=100",IE,Ireland,2021,,137.77,,,,,
dataflow,ESTAT:PRC_HPI_A$DEFAULTVIEW(1.0),House price index (2015 = 100) - annual data,A,Annual,TOTAL,Total,I10_A_AVG,"Annual average index, 2010=100",IE,Ireland,2022,,154.74,,,,,
dataflow,ESTAT:PRC_HPI_A$DEFAULTVIEW(1.0),House price index (2015 = 100) - annual data,A,Annual,TOTAL,Total,I10_A_AVG,"Annual average index, 2010=100",IE,Ireland,2023,,159.48,,,,,
dataflow,ESTAT:PRC_HPI_A$DEFAULTVIEW(1.0),House price index (2015 = 100) - annual data,A,Annual,TOTAL,Total,I10_A_AVG,"Annual average index, 2010=100",IE,Ireland,2024,,173.07,,,,,
dataflow,ESTAT:PRC_HPI_A$DEFAULTVIEW(1.0),House price index (2015 = 100) - annual data,A,Annual,TOTAL,Total,I10_A_AVG,"Annual average index, 2010=100",IE,Ireland,2025,,186.11,,p,provisional,,
dataflow,ESTAT:PRC_HPI_A$DEFAULTVIEW(1.0),House price index (2015 = 100) - annual data,A,Annual,TOTAL,Total,I10_A_AVG,"Annual average index, 2010=100",IS,Iceland,2016,,152.41,,,,,
dataflow,ESTAT:PRC_HPI_A$DEFAULTVIEW(1.0),House price index (2015 = 100) - annual data,A,Annual,TOTAL,Total,I10_A_AVG,"Annual average index, 2010=100",IS,Iceland,2017,,182.17,,,,,
dataflow,ESTAT:PRC_HPI_A$DEFAULTVIEW(1.0),House price index (2015 = 100) - annual data,A,Annual,TOTAL,Total,I10_A_AVG,"Annual average index, 2010=100",IS,Iceland,2018,,197.18,,,,,
dataflow,ESTAT:PRC_HPI_A$DEFAULTVIEW(1.0),House price index (2015 = 100) - annual data,A,Annual,TOTAL,Total,I10_A_AVG,"Annual average index, 2010=100",IS,Iceland,2019,,205.90,,,,,
dataflow,ESTAT:PRC_HPI_A$DEFAULTVIEW(1.0),House price index (2015 = 100) - annual data,A,Annual,TOTAL,Total,I10_A_AVG,"Annual average index, 2010=100",IS,Iceland,2020,,219.09,,,,,
dataflow,ESTAT:PRC_HPI_A$DEFAULTVIEW(1.0),House price index (2015 = 100) - annual data,A,Annual,TOTAL,Total,I10_A_AVG,"Annual average index, 2010=100",IS,Iceland,2021,,246.54,,,,,
dataflow,ESTAT:PRC_HPI_A$DEFAULTVIEW(1.0),House price index (2015 = 100) - annual data,A,Annual,TOTAL,Total,I10_A_AVG,"Annual average index, 2010=100",IS,Iceland,2022,,298.31,,,,,
dataflow,ESTAT:PRC_HPI_A$DEFAULTVIEW(1.0),House price index (2015 = 100) - annual data,A,Annual,TOTAL,Total,I10_A_AVG,"Annual average index, 2010=100",IS,Iceland,2023,,321.53,,,,,
dataflow,ESTAT:PRC_HPI_A$DEFAULTVIEW(1.0),House price index (2015 = 100) - annual data,A,Annual,TOTAL,Total,I10_A_AVG,"Annual average index, 2010=100",IS,Iceland,2024,,347.43,,,,,
dataflow,ESTAT:PRC_HPI_A$DEFAULTVIEW(1.0),House price index (2015 = 100) - annual data,A,Annual,TOTAL,Total,I10_A_AVG,"Annual average index, 2010=100",IS,Iceland,2025,,365.31,,,,,
dataflow,ESTAT:PRC_HPI_A$DEFAULTVIEW(1.0),House price index (2015 = 100) - annual data,A,Annual,TOTAL,Total,I10_A_AVG,"Annual average index, 2010=100",IT,Italy,2016,,84.90,,,,,
dataflow,ESTAT:PRC_HPI_A$DEFAULTVIEW(1.0),House price index (2015 = 100) - annual data,A,Annual,TOTAL,Total,I10_A_AVG,"Annual average index, 2010=100",IT,Italy,2017,,84.00,,,,,
dataflow,ESTAT:PRC_HPI_A$DEFAULTVIEW(1.0),House price index (2015 = 100) - annual data,A,Annual,TOTAL,Total,I10_A_AVG,"Annual average index, 2010=100",IT,Italy,2018,,83.50,,,,,
dataflow,ESTAT:PRC_HPI_A$DEFAULTVIEW(1.0),House price index (2015 = 100) - annual data,A,Annual,TOTAL,Total,I10_A_AVG,"Annual average index, 2010=100",IT,Italy,2019,,83.40,,,,,
dataflow,ESTAT:PRC_HPI_A$DEFAULTVIEW(1.0),House price index (2015 = 100) - annual data,A,Annual,TOTAL,Total,I10_A_AVG,"Annual average index, 2010=100",IT,Italy,2020,,85.00,,,,,
dataflow,ESTAT:PRC_HPI_A$DEFAULTVIEW(1.0),House price index (2015 = 100) - annual data,A,Annual,TOTAL,Total,I10_A_AVG,"Annual average index, 2010=100",IT,Italy,2021,,87.20,,,,,
dataflow,ESTAT:PRC_HPI_A$DEFAULTVIEW(1.0),House price index (2015 = 100) - annual data,A,Annual,TOTAL,Total,I10_A_AVG,"Annual average index, 2010=100",IT,Italy,2022,,90.50,,,,,
dataflow,ESTAT:PRC_HPI_A$DEFAULTVIEW(1.0),House price index (2015 = 100) - annual data,A,Annual,TOTAL,Total,I10_A_AVG,"Annual average index, 2010=100",IT,Italy,2023,,91.60,,,,,
dataflow,ESTAT:PRC_HPI_A$DEFAULTVIEW(1.0),House price index (2015 = 100) - annual data,A,Annual,TOTAL,Total,I10_A_AVG,"Annual average index, 2010=100",IT,Italy,2024,,94.60,,,,,
dataflow,ESTAT:PRC_HPI_A$DEFAULTVIEW(1.0),House price index (2015 = 100) - annual data,A,Annual,TOTAL,Total,I10_A_AVG,"Annual average index, 2010=100",IT,Italy,2025,,98.40,,p,provisional,,
dataflow,ESTAT:PRC_HPI_A$DEFAULTVIEW(1.0),House price index (2015 = 100) - annual data,A,Annual,TOTAL,Total,I10_A_AVG,"Annual average index, 2010=100",LT,Lithuania,2016,,125.18,,,,,
dataflow,ESTAT:PRC_HPI_A$DEFAULTVIEW(1.0),House price index (2015 = 100) - annual data,A,Annual,TOTAL,Total,I10_A_AVG,"Annual average index, 2010=100",LT,Lithuania,2017,,136.33,,,,,
dataflow,ESTAT:PRC_HPI_A$DEFAULTVIEW(1.0),House price index (2015 = 100) - annual data,A,Annual,TOTAL,Total,I10_A_AVG,"Annual average index, 2010=100",LT,Lithuania,2018,,146.29,,,,,
dataflow,ESTAT:PRC_HPI_A$DEFAULTVIEW(1.0),House price index (2015 = 100) - annual data,A,Annual,TOTAL,Total,I10_A_AVG,"Annual average index, 2010=100",LT,Lithuania,2019,,156.30,,,,,
dataflow,ESTAT:PRC_HPI_A$DEFAULTVIEW(1.0),House price index (2015 = 100) - annual data,A,Annual,TOTAL,Total,I10_A_AVG,"Annual average index, 2010=100",LT,Lithuania,2020,,167.66,,,,,
dataflow,ESTAT:PRC_HPI_A$DEFAULTVIEW(1.0),House price index (2015 = 100) - annual data,A,Annual,TOTAL,Total,I10_A_AVG,"Annual average index, 2010=100",LT,Lithuania,2021,,194.58,,,,,
dataflow,ESTAT:PRC_HPI_A$DEFAULTVIEW(1.0),House price index (2015 = 100) - annual data,A,Annual,TOTAL,Total,I10_A_AVG,"Annual average index, 2010=100",LT,Lithuania,2022,,231.64,,,,,
dataflow,ESTAT:PRC_HPI_A$DEFAULTVIEW(1.0),House price index (2015 = 100) - annual data,A,Annual,TOTAL,Total,I10_A_AVG,"Annual average index, 2010=100",LT,Lithuania,2023,,254.37,,,,,
dataflow,ESTAT:PRC_HPI_A$DEFAULTVIEW(1.0),House price index (2015 = 100) - annual data,A,Annual,TOTAL,Total,I10_A_AVG,"Annual average index, 2010=100",LT,Lithuania,2024,,279.11,,,,,
dataflow,ESTAT:PRC_HPI_A$DEFAULTVIEW(1.0),House price index (2015 = 100) - annual data,A,Annual,TOTAL,Total,I10_A_AVG,"Annual average index, 2010=100",LT,Lithuania,2025,,306.54,,,,,
dataflow,ESTAT:PRC_HPI_A$DEFAULTVIEW(1.0),House price index (2015 = 100) - annual data,A,Annual,TOTAL,Total,I10_A_AVG,"Annual average index, 2010=100",LU,Luxembourg,2016,,132.28,,,,,
dataflow,ESTAT:PRC_HPI_A$DEFAULTVIEW(1.0),House price index (2015 = 100) - annual data,A,Annual,TOTAL,Total,I10_A_AVG,"Annual average index, 2010=100",LU,Luxembourg,2017,,139.70,,,,,
dataflow,ESTAT:PRC_HPI_A$DEFAULTVIEW(1.0),House price index (2015 = 100) - annual data,A,Annual,TOTAL,Total,I10_A_AVG,"Annual average index, 2010=100",LU,Luxembourg,2018,,149.56,,,,,
dataflow,ESTAT:PRC_HPI_A$DEFAULTVIEW(1.0),House price index (2015 = 100) - annual data,A,Annual,TOTAL,Total,I10_A_AVG,"Annual average index, 2010=100",LU,Luxembourg,2019,,164.69,,,,,
dataflow,ESTAT:PRC_HPI_A$DEFAULTVIEW(1.0),House price index (2015 = 100) - annual data,A,Annual,TOTAL,Total,I10_A_AVG,"Annual average index, 2010=100",LU,Luxembourg,2020,,188.56,,,,,
dataflow,ESTAT:PRC_HPI_A$DEFAULTVIEW(1.0),House price index (2015 = 100) - annual data,A,Annual,TOTAL,Total,I10_A_AVG,"Annual average index, 2010=100",LU,Luxembourg,2021,,214.81,,,,,
dataflow,ESTAT:PRC_HPI_A$DEFAULTVIEW(1.0),House price index (2015 = 100) - annual data,A,Annual,TOTAL,Total,I10_A_AVG,"Annual average index, 2010=100",LU,Luxembourg,2022,,235.33,,,,,
dataflow,ESTAT:PRC_HPI_A$DEFAULTVIEW(1.0),House price index (2015 = 100) - annual data,A,Annual,TOTAL,Total,I10_A_AVG,"Annual average index, 2010=100",LU,Luxembourg,2023,,213.98,,,,,
dataflow,ESTAT:PRC_HPI_A$DEFAULTVIEW(1.0),House price index (2015 = 100) - annual data,A,Annual,TOTAL,Total,I10_A_AVG,"Annual average index, 2010=100",LU,Luxembourg,2024,,202.77,,,,,
dataflow,ESTAT:PRC_HPI_A$DEFAULTVIEW(1.0),House price index (2015 = 100) - annual data,A,Annual,TOTAL,Total,I10_A_AVG,"Annual average index, 2010=100",LU,Luxembourg,2025,,206.03,,p,provisional,,
dataflow,ESTAT:PRC_HPI_A$DEFAULTVIEW(1.0),House price index (2015 = 100) - annual data,A,Annual,TOTAL,Total,I10_A_AVG,"Annual average index, 2010=100",LV,Latvia,2016,,135.03,,,,,
dataflow,ESTAT:PRC_HPI_A$DEFAULTVIEW(1.0),House price index (2015 = 100) - annual data,A,Annual,TOTAL,Total,I10_A_AVG,"Annual average index, 2010=100",LV,Latvia,2017,,146.87,,,,,
dataflow,ESTAT:PRC_HPI_A$DEFAULTVIEW(1.0),House price index (2015 = 100) - annual data,A,Annual,TOTAL,Total,I10_A_AVG,"Annual average index, 2010=100",LV,Latvia,2018,,160.92,,,,,
dataflow,ESTAT:PRC_HPI_A$DEFAULTVIEW(1.0),House price index (2015 = 100) - annual data,A,Annual,TOTAL,Total,I10_A_AVG,"Annual average index, 2010=100",LV,Latvia,2019,,175.33,,,,,
dataflow,ESTAT:PRC_HPI_A$DEFAULTVIEW(1.0),House price index (2015 = 100) - annual data,A,Annual,TOTAL,Total,I10_A_AVG,"Annual average index, 2010=100",LV,Latvia,2020,,181.42,,,,,
dataflow,ESTAT:PRC_HPI_A$DEFAULTVIEW(1.0),House price index (2015 = 100) - annual data,A,Annual,TOTAL,Total,I10_A_AVG,"Annual average index, 2010=100",LV,Latvia,2021,,201.18,,,,,
dataflow,ESTAT:PRC_HPI_A$DEFAULTVIEW(1.0),House price index (2015 = 100) - annual data,A,Annual,TOTAL,Total,I10_A_AVG,"Annual average index, 2010=100",LV,Latvia,2022,,229.01,,,,,
dataflow,ESTAT:PRC_HPI_A$DEFAULTVIEW(1.0),House price index (2015 = 100) - annual data,A,Annual,TOTAL,Total,I10_A_AVG,"Annual average index, 2010=100",LV,Latvia,2023,,237.57,,,,,
dataflow,ESTAT:PRC_HPI_A$DEFAULTVIEW(1.0),House price index (2015 = 100) - annual data,A,Annual,TOTAL,Total,I10_A_AVG,"Annual average index, 2010=100",LV,Latvia,2024,,247.55,,,,,
dataflow,ESTAT:PRC_HPI_A$DEFAULTVIEW(1.0),House price index (2015 = 100) - annual data,A,Annual,TOTAL,Total,I10_A_AVG,"Annual average index, 2010=100",LV,Latvia,2025,,266.69,,p,provisional,,
dataflow,ESTAT:PRC_HPI_A$DEFAULTVIEW(1.0),House price index (2015 = 100) - annual data,A,Annual,TOTAL,Total,I10_A_AVG,"Annual average index, 2010=100",MT,Malta,2016,,115.84,,,,,
dataflow,ESTAT:PRC_HPI_A$DEFAULTVIEW(1.0),House price index (2015 = 100) - annual data,A,Annual,TOTAL,Total,I10_A_AVG,"Annual average index, 2010=100",MT,Malta,2017,,121.96,,,,,
dataflow,ESTAT:PRC_HPI_A$DEFAULTVIEW(1.0),House price index (2015 = 100) - annual data,A,Annual,TOTAL,Total,I10_A_AVG,"Annual average index, 2010=100",MT,Malta,2018,,129.01,,,,,
dataflow,ESTAT:PRC_HPI_A$DEFAULTVIEW(1.0),House price index (2015 = 100) - annual data,A,Annual,TOTAL,Total,I10_A_AVG,"Annual average index, 2010=100",MT,Malta,2019,,136.92,,,,,
dataflow,ESTAT:PRC_HPI_A$DEFAULTVIEW(1.0),House price index (2015 = 100) - annual data,A,Annual,TOTAL,Total,I10_A_AVG,"Annual average index, 2010=100",MT,Malta,2020,,141.55,,,,,
dataflow,ESTAT:PRC_HPI_A$DEFAULTVIEW(1.0),House price index (2015 = 100) - annual data,A,Annual,TOTAL,Total,I10_A_AVG,"Annual average index, 2010=100",MT,Malta,2021,,148.77,,,,,
dataflow,ESTAT:PRC_HPI_A$DEFAULTVIEW(1.0),House price index (2015 = 100) - annual data,A,Annual,TOTAL,Total,I10_A_AVG,"Annual average index, 2010=100",MT,Malta,2022,,158.67,,,,,
dataflow,ESTAT:PRC_HPI_A$DEFAULTVIEW(1.0),House price index (2015 = 100) - annual data,A,Annual,TOTAL,Total,I10_A_AVG,"Annual average index, 2010=100",MT,Malta,2023,,168.53,,,,,
dataflow,ESTAT:PRC_HPI_A$DEFAULTVIEW(1.0),House price index (2015 = 100) - annual data,A,Annual,TOTAL,Total,I10_A_AVG,"Annual average index, 2010=100",MT,Malta,2024,,179.89,,,,,
dataflow,ESTAT:PRC_HPI_A$DEFAULTVIEW(1.0),House price index (2015 = 100) - annual data,A,Annual,TOTAL,Total,I10_A_AVG,"Annual average index, 2010=100",MT,Malta,2025,,190.54,,p,provisional,,
dataflow,ESTAT:PRC_HPI_A$DEFAULTVIEW(1.0),House price index (2015 = 100) - annual data,A,Annual,TOTAL,Total,I10_A_AVG,"Annual average index, 2010=100",NL,Netherlands,2016,,94.45,,,,,
dataflow,ESTAT:PRC_HPI_A$DEFAULTVIEW(1.0),House price index (2015 = 100) - annual data,A,Annual,TOTAL,Total,I10_A_AVG,"Annual average index, 2010=100",NL,Netherlands,2017,,102.09,,,,,
dataflow,ESTAT:PRC_HPI_A$DEFAULTVIEW(1.0),House price index (2015 = 100) - annual data,A,Annual,TOTAL,Total,I10_A_AVG,"Annual average index, 2010=100",NL,Netherlands,2018,,111.60,,,,,
dataflow,ESTAT:PRC_HPI_A$DEFAULTVIEW(1.0),House price index (2015 = 100) - annual data,A,Annual,TOTAL,Total,I10_A_AVG,"Annual average index, 2010=100",NL,Netherlands,2019,,119.65,,,,,
dataflow,ESTAT:PRC_HPI_A$DEFAULTVIEW(1.0),House price index (2015 = 100) - annual data,A,Annual,TOTAL,Total,I10_A_AVG,"Annual average index, 2010=100",NL,Netherlands,2020,,129.24,,,,,
dataflow,ESTAT:PRC_HPI_A$DEFAULTVIEW(1.0),House price index (2015 = 100) - annual data,A,Annual,TOTAL,Total,I10_A_AVG,"Annual average index, 2010=100",NL,Netherlands,2021,,147.96,,,,,
dataflow,ESTAT:PRC_HPI_A$DEFAULTVIEW(1.0),House price index (2015 = 100) - annual data,A,Annual,TOTAL,Total,I10_A_AVG,"Annual average index, 2010=100",NL,Netherlands,2022,,167.61,,,,,
dataflow,ESTAT:PRC_HPI_A$DEFAULTVIEW(1.0),House price index (2015 = 100) - annual data,A,Annual,TOTAL,Total,I10_A_AVG,"Annual average index, 2010=100",NL,Netherlands,2023,,164.39,,,,,
dataflow,ESTAT:PRC_HPI_A$DEFAULTVIEW(1.0),House price index (2015 = 100) - annual data,A,Annual,TOTAL,Total,I10_A_AVG,"Annual average index, 2010=100",NL,Netherlands,2024,,177.84,,,,,
dataflow,ESTAT:PRC_HPI_A$DEFAULTVIEW(1.0),House price index (2015 = 100) - annual data,A,Annual,TOTAL,Total,I10_A_AVG,"Annual average index, 2010=100",NL,Netherlands,2025,,192.93,,p,provisional,,
dataflow,ESTAT:PRC_HPI_A$DEFAULTVIEW(1.0),House price index (2015 = 100) - annual data,A,Annual,TOTAL,Total,I10_A_AVG,"Annual average index, 2010=100",NO,Norway,2016,,142.39,,,,,
dataflow,ESTAT:PRC_HPI_A$DEFAULTVIEW(1.0),House price index (2015 = 100) - annual data,A,Annual,TOTAL,Total,I10_A_AVG,"Annual average index, 2010=100",NO,Norway,2017,,150.13,,,,,
dataflow,ESTAT:PRC_HPI_A$DEFAULTVIEW(1.0),House price index (2015 = 100) - annual data,A,Annual,TOTAL,Total,I10_A_AVG,"Annual average index, 2010=100",NO,Norway,2018,,152.48,,,,,
dataflow,ESTAT:PRC_HPI_A$DEFAULTVIEW(1.0),House price index (2015 = 100) - annual data,A,Annual,TOTAL,Total,I10_A_AVG,"Annual average index, 2010=100",NO,Norway,2019,,158.62,,,,,
dataflow,ESTAT:PRC_HPI_A$DEFAULTVIEW(1.0),House price index (2015 = 100) - annual data,A,Annual,TOTAL,Total,I10_A_AVG,"Annual average index, 2010=100",NO,Norway,2020,,166.45,,,,,
dataflow,ESTAT:PRC_HPI_A$DEFAULTVIEW(1.0),House price index (2015 = 100) - annual data,A,Annual,TOTAL,Total,I10_A_AVG,"Annual average index, 2010=100",NO,Norway,2021,,181.69,,,,,
dataflow,ESTAT:PRC_HPI_A$DEFAULTVIEW(1.0),House price index (2015 = 100) - annual data,A,Annual,TOTAL,Total,I10_A_AVG,"Annual average index, 2010=100",NO,Norway,2022,,192.32,,,,,
dataflow,ESTAT:PRC_HPI_A$DEFAULTVIEW(1.0),House price index (2015 = 100) - annual data,A,Annual,TOTAL,Total,I10_A_AVG,"Annual average index, 2010=100",NO,Norway,2023,,194.85,,,,,
dataflow,ESTAT:PRC_HPI_A$DEFAULTVIEW(1.0),House price index (2015 = 100) - annual data,A,Annual,TOTAL,Total,I10_A_AVG,"Annual average index, 2010=100",NO,Norway,2024,,201.83,,,,,
dataflow,ESTAT:PRC_HPI_A$DEFAULTVIEW(1.0),House price index (2015 = 100) - annual data,A,Annual,TOTAL,Total,I10_A_AVG,"Annual average index, 2010=100",NO,Norway,2025,,213.38,,,,,
dataflow,ESTAT:PRC_HPI_A$DEFAULTVIEW(1.0),House price index (2015 = 100) - annual data,A,Annual,TOTAL,Total,I10_A_AVG,"Annual average index, 2010=100",PL,Poland,2016,,96.45,,,,,
dataflow,ESTAT:PRC_HPI_A$DEFAULTVIEW(1.0),House price index (2015 = 100) - annual data,A,Annual,TOTAL,Total,I10_A_AVG,"Annual average index, 2010=100",PL,Poland,2017,,100.16,,,,,
dataflow,ESTAT:PRC_HPI_A$DEFAULTVIEW(1.0),House price index (2015 = 100) - annual data,A,Annual,TOTAL,Total,I10_A_AVG,"Annual average index, 2010=100",PL,Poland,2018,,106.75,,,,,
dataflow,ESTAT:PRC_HPI_A$DEFAULTVIEW(1.0),House price index (2015 = 100) - annual data,A,Annual,TOTAL,Total,I10_A_AVG,"Annual average index, 2010=100",PL,Poland,2019,,116.01,,,,,
dataflow,ESTAT:PRC_HPI_A$DEFAULTVIEW(1.0),House price index (2015 = 100) - annual data,A,Annual,TOTAL,Total,I10_A_AVG,"Annual average index, 2010=100",PL,Poland,2020,,128.17,,,,,
dataflow,ESTAT:PRC_HPI_A$DEFAULTVIEW(1.0),House price index (2015 = 100) - annual data,A,Annual,TOTAL,Total,I10_A_AVG,"Annual average index, 2010=100",PL,Poland,2021,,139.92,,,,,
dataflow,ESTAT:PRC_HPI_A$DEFAULTVIEW(1.0),House price index (2015 = 100) - annual data,A,Annual,TOTAL,Total,I10_A_AVG,"Annual average index, 2010=100",PL,Poland,2022,,156.43,,,,,
dataflow,ESTAT:PRC_HPI_A$DEFAULTVIEW(1.0),House price index (2015 = 100) - annual data,A,Annual,TOTAL,Total,I10_A_AVG,"Annual average index, 2010=100",PL,Poland,2023,,170.23,,,,,
dataflow,ESTAT:PRC_HPI_A$DEFAULTVIEW(1.0),House price index (2015 = 100) - annual data,A,Annual,TOTAL,Total,I10_A_AVG,"Annual average index, 2010=100",PL,Poland,2024,,195.72,,,,,
dataflow,ESTAT:PRC_HPI_A$DEFAULTVIEW(1.0),House price index (2015 = 100) - annual data,A,Annual,TOTAL,Total,I10_A_AVG,"Annual average index, 2010=100",PL,Poland,2025,,205.28,,,,,
dataflow,ESTAT:PRC_HPI_A$DEFAULTVIEW(1.0),House price index (2015 = 100) - annual data,A,Annual,TOTAL,Total,I10_A_AVG,"Annual average index, 2010=100",PT,Portugal,2016,,99.77,,,,,
dataflow,ESTAT:PRC_HPI_A$DEFAULTVIEW(1.0),House price index (2015 = 100) - annual data,A,Annual,TOTAL,Total,I10_A_AVG,"Annual average index, 2010=100",PT,Portugal,2017,,109.00,,,,,
dataflow,ESTAT:PRC_HPI_A$DEFAULTVIEW(1.0),House price index (2015 = 100) - annual data,A,Annual,TOTAL,Total,I10_A_AVG,"Annual average index, 2010=100",PT,Portugal,2018,,120.19,,,,,
dataflow,ESTAT:PRC_HPI_A$DEFAULTVIEW(1.0),House price index (2015 = 100) - annual data,A,Annual,TOTAL,Total,I10_A_AVG,"Annual average index, 2010=100",PT,Portugal,2019,,132.16,,,,,
dataflow,ESTAT:PRC_HPI_A$DEFAULTVIEW(1.0),House price index (2015 = 100) - annual data,A,Annual,TOTAL,Total,I10_A_AVG,"Annual average index, 2010=100",PT,Portugal,2020,,143.75,,,,,
dataflow,ESTAT:PRC_HPI_A$DEFAULTVIEW(1.0),House price index (2015 = 100) - annual data,A,Annual,TOTAL,Total,I10_A_AVG,"Annual average index, 2010=100",PT,Portugal,2021,,157.27,,,,,
dataflow,ESTAT:PRC_HPI_A$DEFAULTVIEW(1.0),House price index (2015 = 100) - annual data,A,Annual,TOTAL,Total,I10_A_AVG,"Annual average index, 2010=100",PT,Portugal,2022,,177.14,,,,,
dataflow,ESTAT:PRC_HPI_A$DEFAULTVIEW(1.0),House price index (2015 = 100) - annual data,A,Annual,TOTAL,Total,I10_A_AVG,"Annual average index, 2010=100",PT,Portugal,2023,,191.66,,,,,
dataflow,ESTAT:PRC_HPI_A$DEFAULTVIEW(1.0),House price index (2015 = 100) - annual data,A,Annual,TOTAL,Total,I10_A_AVG,"Annual average index, 2010=100",PT,Portugal,2024,,209.06,,,,,
dataflow,ESTAT:PRC_HPI_A$DEFAULTVIEW(1.0),House price index (2015 = 100) - annual data,A,Annual,TOTAL,Total,I10_A_AVG,"Annual average index, 2010=100",PT,Portugal,2025,,245.77,,,,,
dataflow,ESTAT:PRC_HPI_A$DEFAULTVIEW(1.0),House price index (2015 = 100) - annual data,A,Annual,TOTAL,Total,I10_A_AVG,"Annual average index, 2010=100",RO,Romania,2016,,88.63,,,,,
dataflow,ESTAT:PRC_HPI_A$DEFAULTVIEW(1.0),House price index (2015 = 100) - annual data,A,Annual,TOTAL,Total,I10_A_AVG,"Annual average index, 2010=100",RO,Romania,2017,,93.99,,,,,
dataflow,ESTAT:PRC_HPI_A$DEFAULTVIEW(1.0),House price index (2015 = 100) - annual data,A,Annual,TOTAL,Total,I10_A_AVG,"Annual average index, 2010=100",RO,Romania,2018,,99.23,,,,,
dataflow,ESTAT:PRC_HPI_A$DEFAULTVIEW(1.0),House price index (2015 = 100) - annual data,A,Annual,TOTAL,Total,I10_A_AVG,"Annual average index, 2010=100",RO,Romania,2019,,102.63,,,,,
dataflow,ESTAT:PRC_HPI_A$DEFAULTVIEW(1.0),House price index (2015 = 100) - annual data,A,Annual,TOTAL,Total,I10_A_AVG,"Annual average index, 2010=100",RO,Romania,2020,,107.44,,,,,
dataflow,ESTAT:PRC_HPI_A$DEFAULTVIEW(1.0),House price index (2015 = 100) - annual data,A,Annual,TOTAL,Total,I10_A_AVG,"Annual average index, 2010=100",RO,Romania,2021,,112.17,,,,,
dataflow,ESTAT:PRC_HPI_A$DEFAULTVIEW(1.0),House price index (2015 = 100) - annual data,A,Annual,TOTAL,Total,I10_A_AVG,"Annual average index, 2010=100",RO,Romania,2022,,120.21,,,,,
dataflow,ESTAT:PRC_HPI_A$DEFAULTVIEW(1.0),House price index (2015 = 100) - annual data,A,Annual,TOTAL,Total,I10_A_AVG,"Annual average index, 2010=100",RO,Romania,2023,,124.17,,,,,
dataflow,ESTAT:PRC_HPI_A$DEFAULTVIEW(1.0),House price index (2015 = 100) - annual data,A,Annual,TOTAL,Total,I10_A_AVG,"Annual average index, 2010=100",RO,Romania,2024,,130.40,,,,,
dataflow,ESTAT:PRC_HPI_A$DEFAULTVIEW(1.0),House price index (2015 = 100) - annual data,A,Annual,TOTAL,Total,I10_A_AVG,"Annual average index, 2010=100",RO,Romania,2025,,137.87,,,,,
dataflow,ESTAT:PRC_HPI_A$DEFAULTVIEW(1.0),House price index (2015 = 100) - annual data,A,Annual,TOTAL,Total,I10_A_AVG,"Annual average index, 2010=100",SE,Sweden,2016,,146.34,,,,,
dataflow,ESTAT:PRC_HPI_A$DEFAULTVIEW(1.0),House price index (2015 = 100) - annual data,A,Annual,TOTAL,Total,I10_A_AVG,"Annual average index, 2010=100",SE,Sweden,2017,,156.06,,,,,
dataflow,ESTAT:PRC_HPI_A$DEFAULTVIEW(1.0),House price index (2015 = 100) - annual data,A,Annual,TOTAL,Total,I10_A_AVG,"Annual average index, 2010=100",SE,Sweden,2018,,154.60,,,,,
dataflow,ESTAT:PRC_HPI_A$DEFAULTVIEW(1.0),House price index (2015 = 100) - annual data,A,Annual,TOTAL,Total,I10_A_AVG,"Annual average index, 2010=100",SE,Sweden,2019,,158.44,,,,,
dataflow,ESTAT:PRC_HPI_A$DEFAULTVIEW(1.0),House price index (2015 = 100) - annual data,A,Annual,TOTAL,Total,I10_A_AVG,"Annual average index, 2010=100",SE,Sweden,2020,,165.09,,,,,
dataflow,ESTAT:PRC_HPI_A$DEFAULTVIEW(1.0),House price index (2015 = 100) - annual data,A,Annual,TOTAL,Total,I10_A_AVG,"Annual average index, 2010=100",SE,Sweden,2021,,181.79,,,,,
dataflow,ESTAT:PRC_HPI_A$DEFAULTVIEW(1.0),House price index (2015 = 100) - annual data,A,Annual,TOTAL,Total,I10_A_AVG,"Annual average index, 2010=100",SE,Sweden,2022,,188.27,,,,,
dataflow,ESTAT:PRC_HPI_A$DEFAULTVIEW(1.0),House price index (2015 = 100) - annual data,A,Annual,TOTAL,Total,I10_A_AVG,"Annual average index, 2010=100",SE,Sweden,2023,,178.54,,,,,
dataflow,ESTAT:PRC_HPI_A$DEFAULTVIEW(1.0),House price index (2015 = 100) - annual data,A,Annual,TOTAL,Total,I10_A_AVG,"Annual average index, 2010=100",SE,Sweden,2024,,178.51,,,,,
dataflow,ESTAT:PRC_HPI_A$DEFAULTVIEW(1.0),House price index (2015 = 100) - annual data,A,Annual,TOTAL,Total,I10_A_AVG,"Annual average index, 2010=100",SE,Sweden,2025,,180.37,,,,,
dataflow,ESTAT:PRC_HPI_A$DEFAULTVIEW(1.0),House price index (2015 = 100) - annual data,A,Annual,TOTAL,Total,I10_A_AVG,"Annual average index, 2010=100",SI,Slovenia,2016,,88.10,,,,,
dataflow,ESTAT:PRC_HPI_A$DEFAULTVIEW(1.0),House price index (2015 = 100) - annual data,A,Annual,TOTAL,Total,I10_A_AVG,"Annual average index, 2010=100",SI,Slovenia,2017,,95.38,,,,,
dataflow,ESTAT:PRC_HPI_A$DEFAULTVIEW(1.0),House price index (2015 = 100) - annual data,A,Annual,TOTAL,Total,I10_A_AVG,"Annual average index, 2010=100",SI,Slovenia,2018,,103.71,,,,,
dataflow,ESTAT:PRC_HPI_A$DEFAULTVIEW(1.0),House price index (2015 = 100) - annual data,A,Annual,TOTAL,Total,I10_A_AVG,"Annual average index, 2010=100",SI,Slovenia,2019,,110.65,,,,,
dataflow,ESTAT:PRC_HPI_A$DEFAULTVIEW(1.0),House price index (2015 = 100) - annual data,A,Annual,TOTAL,Total,I10_A_AVG,"Annual average index, 2010=100",SI,Slovenia,2020,,115.75,,,,,
dataflow,ESTAT:PRC_HPI_A$DEFAULTVIEW(1.0),House price index (2015 = 100) - annual data,A,Annual,TOTAL,Total,I10_A_AVG,"Annual average index, 2010=100",SI,Slovenia,2021,,129.11,,,,,
dataflow,ESTAT:PRC_HPI_A$DEFAULTVIEW(1.0),House price index (2015 = 100) - annual data,A,Annual,TOTAL,Total,I10_A_AVG,"Annual average index, 2010=100",SI,Slovenia,2022,,148.16,,,,,
dataflow,ESTAT:PRC_HPI_A$DEFAULTVIEW(1.0),House price index (2015 = 100) - annual data,A,Annual,TOTAL,Total,I10_A_AVG,"Annual average index, 2010=100",SI,Slovenia,2023,,158.88,,,,,
dataflow,ESTAT:PRC_HPI_A$DEFAULTVIEW(1.0),House price index (2015 = 100) - annual data,A,Annual,TOTAL,Total,I10_A_AVG,"Annual average index, 2010=100",SI,Slovenia,2024,,170.86,,,,,
dataflow,ESTAT:PRC_HPI_A$DEFAULTVIEW(1.0),House price index (2015 = 100) - annual data,A,Annual,TOTAL,Total,I10_A_AVG,"Annual average index, 2010=100",SI,Slovenia,2025,,178.23,,p,provisional,,
dataflow,ESTAT:PRC_HPI_A$DEFAULTVIEW(1.0),House price index (2015 = 100) - annual data,A,Annual,TOTAL,Total,I10_A_AVG,"Annual average index, 2010=100",SK,Slovakia,2016,,109.91,,,,,
dataflow,ESTAT:PRC_HPI_A$DEFAULTVIEW(1.0),House price index (2015 = 100) - annual data,A,Annual,TOTAL,Total,I10_A_AVG,"Annual average index, 2010=100",SK,Slovakia,2017,,116.34,,,,,
dataflow,ESTAT:PRC_HPI_A$DEFAULTVIEW(1.0),House price index (2015 = 100) - annual data,A,Annual,TOTAL,Total,I10_A_AVG,"Annual average index, 2010=100",SK,Slovakia,2018,,125.00,,,,,
dataflow,ESTAT:PRC_HPI_A$DEFAULTVIEW(1.0),House price index (2015 = 100) - annual data,A,Annual,TOTAL,Total,I10_A_AVG,"Annual average index, 2010=100",SK,Slovakia,2019,,136.41,,,,,
dataflow,ESTAT:PRC_HPI_A$DEFAULTVIEW(1.0),House price index (2015 = 100) - annual data,A,Annual,TOTAL,Total,I10_A_AVG,"Annual average index, 2010=100",SK,Slovakia,2020,,149.43,,,,,
dataflow,ESTAT:PRC_HPI_A$DEFAULTVIEW(1.0),House price index (2015 = 100) - annual data,A,Annual,TOTAL,Total,I10_A_AVG,"Annual average index, 2010=100",SK,Slovakia,2021,,158.95,,,,,
dataflow,ESTAT:PRC_HPI_A$DEFAULTVIEW(1.0),House price index (2015 = 100) - annual data,A,Annual,TOTAL,Total,I10_A_AVG,"Annual average index, 2010=100",SK,Slovakia,2022,,180.73,,,,,
dataflow,ESTAT:PRC_HPI_A$DEFAULTVIEW(1.0),House price index (2015 = 100) - annual data,A,Annual,TOTAL,Total,I10_A_AVG,"Annual average index, 2010=100",SK,Slovakia,2023,,180.40,,,,,
dataflow,ESTAT:PRC_HPI_A$DEFAULTVIEW(1.0),House price index (2015 = 100) - annual data,A,Annual,TOTAL,Total,I10_A_AVG,"Annual average index, 2010=100",SK,Slovakia,2024,,187.19,,,,,
dataflow,ESTAT:PRC_HPI_A$DEFAULTVIEW(1.0),House price index (2015 = 100) - annual data,A,Annual,TOTAL,Total,I10_A_AVG,"Annual average index, 2010=100",SK,Slovakia,2025,,210.43,,,,,
dataflow,ESTAT:PRC_HPI_A$DEFAULTVIEW(1.0),House price index (2015 = 100) - annual data,A,Annual,TOTAL,Total,I10_A_AVG,"Annual average index, 2010=100",TR,Türkiye,2016,,197.46,,d,definition differs (see metadata),,
dataflow,ESTAT:PRC_HPI_A$DEFAULTVIEW(1.0),House price index (2015 = 100) - annual data,A,Annual,TOTAL,Total,I10_A_AVG,"Annual average index, 2010=100",TR,Türkiye,2017,,218.81,,d,definition differs (see metadata),,
dataflow,ESTAT:PRC_HPI_A$DEFAULTVIEW(1.0),House price index (2015 = 100) - annual data,A,Annual,TOTAL,Total,I10_A_AVG,"Annual average index, 2010=100",TR,Türkiye,2018,,235.94,,d,definition differs (see metadata),,
dataflow,ESTAT:PRC_HPI_A$DEFAULTVIEW(1.0),House price index (2015 = 100) - annual data,A,Annual,TOTAL,Total,I10_A_AVG,"Annual average index, 2010=100",TR,Türkiye,2019,,247.29,,d,definition differs (see metadata),,
dataflow,ESTAT:PRC_HPI_A$DEFAULTVIEW(1.0),House price index (2015 = 100) - annual data,A,Annual,TOTAL,Total,I10_A_AVG,"Annual average index, 2010=100",TR,Türkiye,2020,,306.11,,d,definition differs (see metadata),,
dataflow,ESTAT:PRC_HPI_A$DEFAULTVIEW(1.0),House price index (2015 = 100) - annual data,A,Annual,TOTAL,Total,I10_A_AVG,"Annual average index, 2010=100",TR,Türkiye,2021,,421.03,,d,definition differs (see metadata),,
dataflow,ESTAT:PRC_HPI_A$DEFAULTVIEW(1.0),House price index (2015 = 100) - annual data,A,Annual,TOTAL,Total,I10_A_AVG,"Annual average index, 2010=100",TR,Türkiye,2022,,1070.43,,d,definition differs (see metadata),,
dataflow,ESTAT:PRC_HPI_A$DEFAULTVIEW(1.0),House price index (2015 = 100) - annual data,A,Annual,TOTAL,Total,I10_A_AVG,"Annual average index, 2010=100",TR,Türkiye,2023,,2129.45,,d,definition differs (see metadata),,
dataflow,ESTAT:PRC_HPI_A$DEFAULTVIEW(1.0),House price index (2015 = 100) - annual data,A,Annual,TOTAL,Total,I10_A_AVG,"Annual average index, 2010=100",TR,Türkiye,2024,,3014.02,,d,definition differs (see metadata),,
dataflow,ESTAT:PRC_HPI_A$DEFAULTVIEW(1.0),House price index (2015 = 100) - annual data,A,Annual,TOTAL,Total,I10_A_AVG,"Annual average index, 2010=100",UK,United Kingdom,2016,,124.19,,,,,
dataflow,ESTAT:PRC_HPI_A$DEFAULTVIEW(1.0),House price index (2015 = 100) - annual data,A,Annual,TOTAL,Total,I10_A_AVG,"Annual average index, 2010=100",UK,United Kingdom,2017,,129.85,,,,,
dataflow,ESTAT:PRC_HPI_A$DEFAULTVIEW(1.0),House price index (2015 = 100) - annual data,A,Annual,TOTAL,Total,I10_A_AVG,"Annual average index, 2010=100",UK,United Kingdom,2018,,134.10,,,,,
dataflow,ESTAT:PRC_HPI_A$DEFAULTVIEW(1.0),House price index (2015 = 100) - annual data,A,Annual,TOTAL,Total,I10_A_AVG,"Annual average index, 2010=100",UK,United Kingdom,2019,,135.42,,,,,
dataflow,ESTAT:PRC_HPI_A$DEFAULTVIEW(1.0),House price index (2015 = 100) - annual data,A,Annual,TOTAL,Total,I15_A_AVG,"Annual average index, 2015=100",AT,Austria,2016,,106.71,,,,,
dataflow,ESTAT:PRC_HPI_A$DEFAULTVIEW(1.0),House price index (2015 = 100) - annual data,A,Annual,TOTAL,Total,I15_A_AVG,"Annual average index, 2015=100",AT,Austria,2017,,112.14,,,,,
dataflow,ESTAT:PRC_HPI_A$DEFAULTVIEW(1.0),House price index (2015 = 100) - annual data,A,Annual,TOTAL,Total,I15_A_AVG,"Annual average index, 2015=100",AT,Austria,2018,,118.83,,,,,
dataflow,ESTAT:PRC_HPI_A$DEFAULTVIEW(1.0),House price index (2015 = 100) - annual data,A,Annual,TOTAL,Total,I15_A_AVG,"Annual average index, 2015=100",AT,Austria,2019,,125.97,,,,,
dataflow,ESTAT:PRC_HPI_A$DEFAULTVIEW(1.0),House price index (2015 = 100) - annual data,A,Annual,TOTAL,Total,I15_A_AVG,"Annual average index, 2015=100",AT,Austria,2020,,135.52,,,,,
dataflow,ESTAT:PRC_HPI_A$DEFAULTVIEW(1.0),House price index (2015 = 100) - annual data,A,Annual,TOTAL,Total,I15_A_AVG,"Annual average index, 2015=100",AT,Austria,2021,,151.02,,,,,
dataflow,ESTAT:PRC_HPI_A$DEFAULTVIEW(1.0),House price index (2015 = 100) - annual data,A,Annual,TOTAL,Total,I15_A_AVG,"Annual average index, 2015=100",AT,Austria,2022,,168.49,,,,,
dataflow,ESTAT:PRC_HPI_A$DEFAULTVIEW(1.0),House price index (2015 = 100) - annual data,A,Annual,TOTAL,Total,I15_A_AVG,"Annual average index, 2015=100",AT,Austria,2023,,163.68,,,,,
dataflow,ESTAT:PRC_HPI_A$DEFAULTVIEW(1.0),House price index (2015 = 100) - annual data,A,Annual,TOTAL,Total,I15_A_AVG,"Annual average index, 2015=100",AT,Austria,2024,,163.06,,,,,
dataflow,ESTAT:PRC_HPI_A$DEFAULTVIEW(1.0),House price index (2015 = 100) - annual data,A,Annual,TOTAL,Total,I15_A_AVG,"Annual average index, 2015=100",AT,Austria,2025,,167.33,,p,provisional,,
dataflow,ESTAT:PRC_HPI_A$DEFAULTVIEW(1.0),House price index (2015 = 100) - annual data,A,Annual,TOTAL,Total,I15_A_AVG,"Annual average index, 2015=100",BE,Belgium,2016,,102.33,,,,,
dataflow,ESTAT:PRC_HPI_A$DEFAULTVIEW(1.0),House price index (2015 = 100) - annual data,A,Annual,TOTAL,Total,I15_A_AVG,"Annual average index, 2015=100",BE,Belgium,2017,,105.95,,,,,
dataflow,ESTAT:PRC_HPI_A$DEFAULTVIEW(1.0),House price index (2015 = 100) - annual data,A,Annual,TOTAL,Total,I15_A_AVG,"Annual average index, 2015=100",BE,Belgium,2018,,109.15,,,,,
dataflow,ESTAT:PRC_HPI_A$DEFAULTVIEW(1.0),House price index (2015 = 100) - annual data,A,Annual,TOTAL,Total,I15_A_AVG,"Annual average index, 2015=100",BE,Belgium,2019,,113.23,,,,,
dataflow,ESTAT:PRC_HPI_A$DEFAULTVIEW(1.0),House price index (2015 = 100) - annual data,A,Annual,TOTAL,Total,I15_A_AVG,"Annual average index, 2015=100",BE,Belgium,2020,,118.09,,,,,
dataflow,ESTAT:PRC_HPI_A$DEFAULTVIEW(1.0),House price index (2015 = 100) - annual data,A,Annual,TOTAL,Total,I15_A_AVG,"Annual average index, 2015=100",BE,Belgium,2021,,125.96,,,,,
dataflow,ESTAT:PRC_HPI_A$DEFAULTVIEW(1.0),House price index (2015 = 100) - annual data,A,Annual,TOTAL,Total,I15_A_AVG,"Annual average index, 2015=100",BE,Belgium,2022,,132.93,,,,,
dataflow,ESTAT:PRC_HPI_A$DEFAULTVIEW(1.0),House price index (2015 = 100) - annual data,A,Annual,TOTAL,Total,I15_A_AVG,"Annual average index, 2015=100",BE,Belgium,2023,,136.05,,,,,
dataflow,ESTAT:PRC_HPI_A$DEFAULTVIEW(1.0),House price index (2015 = 100) - annual data,A,Annual,TOTAL,Total,I15_A_AVG,"Annual average index, 2015=100",BE,Belgium,2024,,140.42,,,,,
dataflow,ESTAT:PRC_HPI_A$DEFAULTVIEW(1.0),House price index (2015 = 100) - annual data,A,Annual,TOTAL,Total,I15_A_AVG,"Annual average index, 2015=100",BE,Belgium,2025,,144.86,,p,provisional,,
dataflow,ESTAT:PRC_HPI_A$DEFAULTVIEW(1.0),House price index (2015 = 100) - annual data,A,Annual,TOTAL,Total,I15_A_AVG,"Annual average index, 2015=100",BG,Bulgaria,2016,,107.02,,,,,
dataflow,ESTAT:PRC_HPI_A$DEFAULTVIEW(1.0),House price index (2015 = 100) - annual data,A,Annual,TOTAL,Total,I15_A_AVG,"Annual average index, 2015=100",BG,Bulgaria,2017,,116.30,,,,,
dataflow,ESTAT:PRC_HPI_A$DEFAULTVIEW(1.0),House price index (2015 = 100) - annual data,A,Annual,TOTAL,Total,I15_A_AVG,"Annual average index, 2015=100",BG,Bulgaria,2018,,123.96,,,,,
dataflow,ESTAT:PRC_HPI_A$DEFAULTVIEW(1.0),House price index (2015 = 100) - annual data,A,Annual,TOTAL,Total,I15_A_AVG,"Annual average index, 2015=100",BG,Bulgaria,2019,,131.42,,,,,
dataflow,ESTAT:PRC_HPI_A$DEFAULTVIEW(1.0),House price index (2015 = 100) - annual data,A,Annual,TOTAL,Total,I15_A_AVG,"Annual average index, 2015=100",BG,Bulgaria,2020,,137.41,,,,,
dataflow,ESTAT:PRC_HPI_A$DEFAULTVIEW(1.0),House price index (2015 = 100) - annual data,A,Annual,TOTAL,Total,I15_A_AVG,"Annual average index, 2015=100",BG,Bulgaria,2021,,149.33,,,,,
dataflow,ESTAT:PRC_HPI_A$DEFAULTVIEW(1.0),House price index (2015 = 100) - annual data,A,Annual,TOTAL,Total,I15_A_AVG,"Annual average index, 2015=100",BG,Bulgaria,2022,,169.92,,b,break in time series,,
dataflow,ESTAT:PRC_HPI_A$DEFAULTVIEW(1.0),House price index (2015 = 100) - annual data,A,Annual,TOTAL,Total,I15_A_AVG,"Annual average index, 2015=100",BG,Bulgaria,2023,,186.67,,,,,
dataflow,ESTAT:PRC_HPI_A$DEFAULTVIEW(1.0),House price index (2015 = 100) - annual data,A,Annual,TOTAL,Total,I15_A_AVG,"Annual average index, 2015=100",BG,Bulgaria,2024,,217.47,,,,,
dataflow,ESTAT:PRC_HPI_A$DEFAULTVIEW(1.0),House price index (2015 = 100) - annual data,A,Annual,TOTAL,Total,I15_A_AVG,"Annual average index, 2015=100",BG,Bulgaria,2025,,249.23,,p,provisional,,
dataflow,ESTAT:PRC_HPI_A$DEFAULTVIEW(1.0),House price index (2015 = 100) - annual data,A,Annual,TOTAL,Total,I15_A_AVG,"Annual average index, 2015=100",CY,Cyprus,2016,,99.82,,,,,
dataflow,ESTAT:PRC_HPI_A$DEFAULTVIEW(1.0),House price index (2015 = 100) - annual data,A,Annual,TOTAL,Total,I15_A_AVG,"Annual average index, 2015=100",CY,Cyprus,2017,,104.48,,,,,
dataflow,ESTAT:PRC_HPI_A$DEFAULTVIEW(1.0),House price index (2015 = 100) - annual data,A,Annual,TOTAL,Total,I15_A_AVG,"Annual average index, 2015=100",CY,Cyprus,2018,,103.08,,,,,
dataflow,ESTAT:PRC_HPI_A$DEFAULTVIEW(1.0),House price index (2015 = 100) - annual data,A,Annual,TOTAL,Total,I15_A_AVG,"Annual average index, 2015=100",CY,Cyprus,2019,,111.70,,,,,
dataflow,ESTAT:PRC_HPI_A$DEFAULTVIEW(1.0),House price index (2015 = 100) - annual data,A,Annual,TOTAL,Total,I15_A_AVG,"Annual average index, 2015=100",CY,Cyprus,2020,,117.49,,,,,
dataflow,ESTAT:PRC_HPI_A$DEFAULTVIEW(1.0),House price index (2015 = 100) - annual data,A,Annual,TOTAL,Total,I15_A_AVG,"Annual average index, 2015=100",CY,Cyprus,2021,,115.70,,,,,
dataflow,ESTAT:PRC_HPI_A$DEFAULTVIEW(1.0),House price index (2015 = 100) - annual data,A,Annual,TOTAL,Total,I15_A_AVG,"Annual average index, 2015=100",CY,Cyprus,2022,,123.22,,,,,
dataflow,ESTAT:PRC_HPI_A$DEFAULTVIEW(1.0),House price index (2015 = 100) - annual data,A,Annual,TOTAL,Total,I15_A_AVG,"Annual average index, 2015=100",CY,Cyprus,2023,,134.60,,,,,
dataflow,ESTAT:PRC_HPI_A$DEFAULTVIEW(1.0),House price index (2015 = 100) - annual data,A,Annual,TOTAL,Total,I15_A_AVG,"Annual average index, 2015=100",CY,Cyprus,2024,,144.46,,,,,
dataflow,ESTAT:PRC_HPI_A$DEFAULTVIEW(1.0),House price index (2015 = 100) - annual data,A,Annual,TOTAL,Total,I15_A_AVG,"Annual average index, 2015=100",CY,Cyprus,2025,,150.89,,,,,
dataflow,ESTAT:PRC_HPI_A$DEFAULTVIEW(1.0),House price index (2015 = 100) - annual data,A,Annual,TOTAL,Total,I15_A_AVG,"Annual average index, 2015=100",CZ,Czechia,2016,,107.20,,,,,
dataflow,ESTAT:PRC_HPI_A$DEFAULTVIEW(1.0),House price index (2015 = 100) - annual data,A,Annual,TOTAL,Total,I15_A_AVG,"Annual average index, 2015=100",CZ,Czechia,2017,,119.70,,,,,
dataflow,ESTAT:PRC_HPI_A$DEFAULTVIEW(1.0),House price index (2015 = 100) - annual data,A,Annual,TOTAL,Total,I15_A_AVG,"Annual average index, 2015=100",CZ,Czechia,2018,,130.00,,,,,
dataflow,ESTAT:PRC_HPI_A$DEFAULTVIEW(1.0),House price index (2015 = 100) - annual data,A,Annual,TOTAL,Total,I15_A_AVG,"Annual average index, 2015=100",CZ,Czechia,2019,,141.90,,,,,
dataflow,ESTAT:PRC_HPI_A$DEFAULTVIEW(1.0),House price index (2015 = 100) - annual data,A,Annual,TOTAL,Total,I15_A_AVG,"Annual average index, 2015=100",CZ,Czechia,2020,,153.90,,,,,
dataflow,ESTAT:PRC_HPI_A$DEFAULTVIEW(1.0),House price index (2015 = 100) - annual data,A,Annual,TOTAL,Total,I15_A_AVG,"Annual average index, 2015=100",CZ,Czechia,2021,,184.20,,,,,
dataflow,ESTAT:PRC_HPI_A$DEFAULTVIEW(1.0),House price index (2015 = 100) - annual data,A,Annual,TOTAL,Total,I15_A_AVG,"Annual average index, 2015=100",CZ,Czechia,2022,,215.30,,,,,
dataflow,ESTAT:PRC_HPI_A$DEFAULTVIEW(1.0),House price index (2015 = 100) - annual data,A,Annual,TOTAL,Total,I15_A_AVG,"Annual average index, 2015=100",CZ,Czechia,2023,,211.70,,,,,
dataflow,ESTAT:PRC_HPI_A$DEFAULTVIEW(1.0),House price index (2015 = 100) - annual data,A,Annual,TOTAL,Total,I15_A_AVG,"Annual average index, 2015=100",CZ,Czechia,2024,,222.30,,,,,
dataflow,ESTAT:PRC_HPI_A$DEFAULTVIEW(1.0),House price index (2015 = 100) - annual data,A,Annual,TOTAL,Total,I15_A_AVG,"Annual average index, 2015=100",CZ,Czechia,2025,,245.40,,,,,
dataflow,ESTAT:PRC_HPI_A$DEFAULTVIEW(1.0),House price index (2015 = 100) - annual data,A,Annual,TOTAL,Total,I15_A_AVG,"Annual average index, 2015=100",DE,Germany,2016,,107.50,,,,,
dataflow,ESTAT:PRC_HPI_A$DEFAULTVIEW(1.0),House price index (2015 = 100) - annual data,A,Annual,TOTAL,Total,I15_A_AVG,"Annual average index, 2015=100",DE,Germany,2017,,114.10,,,,,
dataflow,ESTAT:PRC_HPI_A$DEFAULTVIEW(1.0),House price index (2015 = 100) - annual data,A,Annual,TOTAL,Total,I15_A_AVG,"Annual average index, 2015=100",DE,Germany,2018,,121.70,,,,,
dataflow,ESTAT:PRC_HPI_A$DEFAULTVIEW(1.0),House price index (2015 = 100) - annual data,A,Annual,TOTAL,Total,I15_A_AVG,"Annual average index, 2015=100",DE,Germany,2019,,128.70,,,,,
dataflow,ESTAT:PRC_HPI_A$DEFAULTVIEW(1.0),House price index (2015 = 100) - annual data,A,Annual,TOTAL,Total,I15_A_AVG,"Annual average index, 2015=100",DE,Germany,2020,,138.70,,,,,
dataflow,ESTAT:PRC_HPI_A$DEFAULTVIEW(1.0),House price index (2015 = 100) - annual data,A,Annual,TOTAL,Total,I15_A_AVG,"Annual average index, 2015=100",DE,Germany,2021,,154.70,,,,,
dataflow,ESTAT:PRC_HPI_A$DEFAULTVIEW(1.0),House price index (2015 = 100) - annual data,A,Annual,TOTAL,Total,I15_A_AVG,"Annual average index, 2015=100",DE,Germany,2022,,164.10,,,,,
dataflow,ESTAT:PRC_HPI_A$DEFAULTVIEW(1.0),House price index (2015 = 100) - annual data,A,Annual,TOTAL,Total,I15_A_AVG,"Annual average index, 2015=100",DE,Germany,2023,,150.30,,,,,
dataflow,ESTAT:PRC_HPI_A$DEFAULTVIEW(1.0),House price index (2015 = 100) - annual data,A,Annual,TOTAL,Total,I15_A_AVG,"Annual average index, 2015=100",DE,Germany,2024,,148.00,,,,,
dataflow,ESTAT:PRC_HPI_A$DEFAULTVIEW(1.0),House price index (2015 = 100) - annual data,A,Annual,TOTAL,Total,I15_A_AVG,"Annual average index, 2015=100",DE,Germany,2025,,152.70,,p,provisional,,
dataflow,ESTAT:PRC_HPI_A$DEFAULTVIEW(1.0),House price index (2015 = 100) - annual data,A,Annual,TOTAL,Total,I15_A_AVG,"Annual average index, 2015=100",DK,Denmark,2016,,104.57,,,,,
dataflow,ESTAT:PRC_HPI_A$DEFAULTVIEW(1.0),House price index (2015 = 100) - annual data,A,Annual,TOTAL,Total,I15_A_AVG,"Annual average index, 2015=100",DK,Denmark,2017,,109.75,,,,,
dataflow,ESTAT:PRC_HPI_A$DEFAULTVIEW(1.0),House price index (2015 = 100) - annual data,A,Annual,TOTAL,Total,I15_A_AVG,"Annual average index, 2015=100",DK,Denmark,2018,,114.59,,,,,
dataflow,ESTAT:PRC_HPI_A$DEFAULTVIEW(1.0),House price index (2015 = 100) - annual data,A,Annual,TOTAL,Total,I15_A_AVG,"Annual average index, 2015=100",DK,Denmark,2019,,117.13,,,,,
dataflow,ESTAT:PRC_HPI_A$DEFAULTVIEW(1.0),House price index (2015 = 100) - annual data,A,Annual,TOTAL,Total,I15_A_AVG,"Annual average index, 2015=100",DK,Denmark,2020,,122.18,,,,,
dataflow,ESTAT:PRC_HPI_A$DEFAULTVIEW(1.0),House price index (2015 = 100) - annual data,A,Annual,TOTAL,Total,I15_A_AVG,"Annual average index, 2015=100",DK,Denmark,2021,,136.28,,,,,
dataflow,ESTAT:PRC_HPI_A$DEFAULTVIEW(1.0),House price index (2015 = 100) - annual data,A,Annual,TOTAL,Total,I15_A_AVG,"Annual average index, 2015=100",DK,Denmark,2022,,142.70,,,,,
dataflow,ESTAT:PRC_HPI_A$DEFAULTVIEW(1.0),House price index (2015 = 100) - annual data,A,Annual,TOTAL,Total,I15_A_AVG,"Annual average index, 2015=100",DK,Denmark,2023,,137.28,,,,,
dataflow,ESTAT:PRC_HPI_A$DEFAULTVIEW(1.0),House price index (2015 = 100) - annual data,A,Annual,TOTAL,Total,I15_A_AVG,"Annual average index, 2015=100",DK,Denmark,2024,,142.11,,,,,
dataflow,ESTAT:PRC_HPI_A$DEFAULTVIEW(1.0),House price index (2015 = 100) - annual data,A,Annual,TOTAL,Total,I15_A_AVG,"Annual average index, 2015=100",DK,Denmark,2025,,152.77,,,,,
dataflow,ESTAT:PRC_HPI_A$DEFAULTVIEW(1.0),House price index (2015 = 100) - annual data,A,Annual,TOTAL,Total,I15_A_AVG,"Annual average index, 2015=100",EA,"Euro area (EA11-1999, EA12-2001, EA13-2007, EA15-2008, EA16-2009, EA17-2011, EA18-2014, EA19-2015, EA20-2023, EA21-2026)",2016,,104.03,,,,,
dataflow,ESTAT:PRC_HPI_A$DEFAULTVIEW(1.0),House price index (2015 = 100) - annual data,A,Annual,TOTAL,Total,I15_A_AVG,"Annual average index, 2015=100",EA,"Euro area (EA11-1999, EA12-2001, EA13-2007, EA15-2008, EA16-2009, EA17-2011, EA18-2014, EA19-2015, EA20-2023, EA21-2026)",2017,,108.61,,,,,
dataflow,ESTAT:PRC_HPI_A$DEFAULTVIEW(1.0),House price index (2015 = 100) - annual data,A,Annual,TOTAL,Total,I15_A_AVG,"Annual average index, 2015=100",EA,"Euro area (EA11-1999, EA12-2001, EA13-2007, EA15-2008, EA16-2009, EA17-2011, EA18-2014, EA19-2015, EA20-2023, EA21-2026)",2018,,113.84,,,,,
dataflow,ESTAT:PRC_HPI_A$DEFAULTVIEW(1.0),House price index (2015 = 100) - annual data,A,Annual,TOTAL,Total,I15_A_AVG,"Annual average index, 2015=100",EA,"Euro area (EA11-1999, EA12-2001, EA13-2007, EA15-2008, EA16-2009, EA17-2011, EA18-2014, EA19-2015, EA20-2023, EA21-2026)",2019,,118.83,,,,,
dataflow,ESTAT:PRC_HPI_A$DEFAULTVIEW(1.0),House price index (2015 = 100) - annual data,A,Annual,TOTAL,Total,I15_A_AVG,"Annual average index, 2015=100",EA,"Euro area (EA11-1999, EA12-2001, EA13-2007, EA15-2008, EA16-2009, EA17-2011, EA18-2014, EA19-2015, EA20-2023, EA21-2026)",2020,,125.07,,,,,
dataflow,ESTAT:PRC_HPI_A$DEFAULTVIEW(1.0),House price index (2015 = 100) - annual data,A,Annual,TOTAL,Total,I15_A_AVG,"Annual average index, 2015=100",EA,"Euro area (EA11-1999, EA12-2001, EA13-2007, EA15-2008, EA16-2009, EA17-2011, EA18-2014, EA19-2015, EA20-2023, EA21-2026)",2021,,134.95,,,,,
dataflow,ESTAT:PRC_HPI_A$DEFAULTVIEW(1.0),House price index (2015 = 100) - annual data,A,Annual,TOTAL,Total,I15_A_AVG,"Annual average index, 2015=100",EA,"Euro area (EA11-1999, EA12-2001, EA13-2007, EA15-2008, EA16-2009, EA17-2011, EA18-2014, EA19-2015, EA20-2023, EA21-2026)",2022,,144.76,,,,,
dataflow,ESTAT:PRC_HPI_A$DEFAULTVIEW(1.0),House price index (2015 = 100) - annual data,A,Annual,TOTAL,Total,I15_A_AVG,"Annual average index, 2015=100",EA,"Euro area (EA11-1999, EA12-2001, EA13-2007, EA15-2008, EA16-2009, EA17-2011, EA18-2014, EA19-2015, EA20-2023, EA21-2026)",2023,,143.04,,,,,
dataflow,ESTAT:PRC_HPI_A$DEFAULTVIEW(1.0),House price index (2015 = 100) - annual data,A,Annual,TOTAL,Total,I15_A_AVG,"Annual average index, 2015=100",EA,"Euro area (EA11-1999, EA12-2001, EA13-2007, EA15-2008, EA16-2009, EA17-2011, EA18-2014, EA19-2015, EA20-2023, EA21-2026)",2024,,145.93,,,,,
dataflow,ESTAT:PRC_HPI_A$DEFAULTVIEW(1.0),House price index (2015 = 100) - annual data,A,Annual,TOTAL,Total,I15_A_AVG,"Annual average index, 2015=100",EA,"Euro area (EA11-1999, EA12-2001, EA13-2007, EA15-2008, EA16-2009, EA17-2011, EA18-2014, EA19-2015, EA20-2023, EA21-2026)",2025,,153.46,,,,,
dataflow,ESTAT:PRC_HPI_A$DEFAULTVIEW(1.0),House price index (2015 = 100) - annual data,A,Annual,TOTAL,Total,I15_A_AVG,"Annual average index, 2015=100",EA19,Euro area - 19 countries  (2015-2022),2016,,104.03,,,,,
dataflow,ESTAT:PRC_HPI_A$DEFAULTVIEW(1.0),House price index (2015 = 100) - annual data,A,Annual,TOTAL,Total,I15_A_AVG,"Annual average index, 2015=100",EA19,Euro area - 19 countries  (2015-2022),2017,,108.61,,,,,
dataflow,ESTAT:PRC_HPI_A$DEFAULTVIEW(1.0),House price index (2015 = 100) - annual data,A,Annual,TOTAL,Total,I15_A_AVG,"Annual average index, 2015=100",EA19,Euro area - 19 countries  (2015-2022),2018,,113.84,,,,,
dataflow,ESTAT:PRC_HPI_A$DEFAULTVIEW(1.0),House price index (2015 = 100) - annual data,A,Annual,TOTAL,Total,I15_A_AVG,"Annual average index, 2015=100",EA19,Euro area - 19 countries  (2015-2022),2019,,118.83,,,,,
dataflow,ESTAT:PRC_HPI_A$DEFAULTVIEW(1.0),House price index (2015 = 100) - annual data,A,Annual,TOTAL,Total,I15_A_AVG,"Annual average index, 2015=100",EA19,Euro area - 19 countries  (2015-2022),2020,,125.07,,,,,
dataflow,ESTAT:PRC_HPI_A$DEFAULTVIEW(1.0),House price index (2015 = 100) - annual data,A,Annual,TOTAL,Total,I15_A_AVG,"Annual average index, 2015=100",EA19,Euro area - 19 countries  (2015-2022),2021,,134.95,,,,,
dataflow,ESTAT:PRC_HPI_A$DEFAULTVIEW(1.0),House price index (2015 = 100) - annual data,A,Annual,TOTAL,Total,I15_A_AVG,"Annual average index, 2015=100",EA19,Euro area - 19 countries  (2015-2022),2022,,144.76,,,,,
dataflow,ESTAT:PRC_HPI_A$DEFAULTVIEW(1.0),House price index (2015 = 100) - annual data,A,Annual,TOTAL,Total,I15_A_AVG,"Annual average index, 2015=100",EA19,Euro area - 19 countries  (2015-2022),2023,,142.96,,,,,
dataflow,ESTAT:PRC_HPI_A$DEFAULTVIEW(1.0),House price index (2015 = 100) - annual data,A,Annual,TOTAL,Total,I15_A_AVG,"Annual average index, 2015=100",EA19,Euro area - 19 countries  (2015-2022),2024,,145.74,,,,,
dataflow,ESTAT:PRC_HPI_A$DEFAULTVIEW(1.0),House price index (2015 = 100) - annual data,A,Annual,TOTAL,Total,I15_A_AVG,"Annual average index, 2015=100",EA19,Euro area - 19 countries  (2015-2022),2025,,153.15,,,,,
dataflow,ESTAT:PRC_HPI_A$DEFAULTVIEW(1.0),House price index (2015 = 100) - annual data,A,Annual,TOTAL,Total,I15_A_AVG,"Annual average index, 2015=100",EA20,Euro area – 20 countries (2023-2025),2016,,104.01,,,,,
dataflow,ESTAT:PRC_HPI_A$DEFAULTVIEW(1.0),House price index (2015 = 100) - annual data,A,Annual,TOTAL,Total,I15_A_AVG,"Annual average index, 2015=100",EA20,Euro area – 20 countries (2023-2025),2017,,108.59,,,,,
dataflow,ESTAT:PRC_HPI_A$DEFAULTVIEW(1.0),House price index (2015 = 100) - annual data,A,Annual,TOTAL,Total,I15_A_AVG,"Annual average index, 2015=100",EA20,Euro area – 20 countries (2023-2025),2018,,113.83,,,,,
dataflow,ESTAT:PRC_HPI_A$DEFAULTVIEW(1.0),House price index (2015 = 100) - annual data,A,Annual,TOTAL,Total,I15_A_AVG,"Annual average index, 2015=100",EA20,Euro area – 20 countries (2023-2025),2019,,118.84,,,,,
dataflow,ESTAT:PRC_HPI_A$DEFAULTVIEW(1.0),House price index (2015 = 100) - annual data,A,Annual,TOTAL,Total,I15_A_AVG,"Annual average index, 2015=100",EA20,Euro area – 20 countries (2023-2025),2020,,125.11,,,,,
dataflow,ESTAT:PRC_HPI_A$DEFAULTVIEW(1.0),House price index (2015 = 100) - annual data,A,Annual,TOTAL,Total,I15_A_AVG,"Annual average index, 2015=100",EA20,Euro area – 20 countries (2023-2025),2021,,134.99,,,,,
dataflow,ESTAT:PRC_HPI_A$DEFAULTVIEW(1.0),House price index (2015 = 100) - annual data,A,Annual,TOTAL,Total,I15_A_AVG,"Annual average index, 2015=100",EA20,Euro area – 20 countries (2023-2025),2022,,144.88,,,,,
dataflow,ESTAT:PRC_HPI_A$DEFAULTVIEW(1.0),House price index (2015 = 100) - annual data,A,Annual,TOTAL,Total,I15_A_AVG,"Annual average index, 2015=100",EA20,Euro area – 20 countries (2023-2025),2023,,143.23,,,,,
dataflow,ESTAT:PRC_HPI_A$DEFAULTVIEW(1.0),House price index (2015 = 100) - annual data,A,Annual,TOTAL,Total,I15_A_AVG,"Annual average index, 2015=100",EA20,Euro area – 20 countries (2023-2025),2024,,146.12,,,,,
dataflow,ESTAT:PRC_HPI_A$DEFAULTVIEW(1.0),House price index (2015 = 100) - annual data,A,Annual,TOTAL,Total,I15_A_AVG,"Annual average index, 2015=100",EA20,Euro area – 20 countries (2023-2025),2025,,153.67,,,,,
dataflow,ESTAT:PRC_HPI_A$DEFAULTVIEW(1.0),House price index (2015 = 100) - annual data,A,Annual,TOTAL,Total,I15_A_AVG,"Annual average index, 2015=100",EA21,Euro area – 21 countries (from 2026),2016,,104.04,,,,,
dataflow,ESTAT:PRC_HPI_A$DEFAULTVIEW(1.0),House price index (2015 = 100) - annual data,A,Annual,TOTAL,Total,I15_A_AVG,"Annual average index, 2015=100",EA21,Euro area – 21 countries (from 2026),2017,,108.66,,,,,
dataflow,ESTAT:PRC_HPI_A$DEFAULTVIEW(1.0),House price index (2015 = 100) - annual data,A,Annual,TOTAL,Total,I15_A_AVG,"Annual average index, 2015=100",EA21,Euro area – 21 countries (from 2026),2018,,113.92,,,,,
dataflow,ESTAT:PRC_HPI_A$DEFAULTVIEW(1.0),House price index (2015 = 100) - annual data,A,Annual,TOTAL,Total,I15_A_AVG,"Annual average index, 2015=100",EA21,Euro area – 21 countries (from 2026),2019,,118.96,,,,,
dataflow,ESTAT:PRC_HPI_A$DEFAULTVIEW(1.0),House price index (2015 = 100) - annual data,A,Annual,TOTAL,Total,I15_A_AVG,"Annual average index, 2015=100",EA21,Euro area – 21 countries (from 2026),2020,,125.23,,,,,
dataflow,ESTAT:PRC_HPI_A$DEFAULTVIEW(1.0),House price index (2015 = 100) - annual data,A,Annual,TOTAL,Total,I15_A_AVG,"Annual average index, 2015=100",EA21,Euro area – 21 countries (from 2026),2021,,135.12,,,,,
dataflow,ESTAT:PRC_HPI_A$DEFAULTVIEW(1.0),House price index (2015 = 100) - annual data,A,Annual,TOTAL,Total,I15_A_AVG,"Annual average index, 2015=100",EA21,Euro area – 21 countries (from 2026),2022,,145.11,,,,,
dataflow,ESTAT:PRC_HPI_A$DEFAULTVIEW(1.0),House price index (2015 = 100) - annual data,A,Annual,TOTAL,Total,I15_A_AVG,"Annual average index, 2015=100",EA21,Euro area – 21 countries (from 2026),2023,,143.63,,,,,
dataflow,ESTAT:PRC_HPI_A$DEFAULTVIEW(1.0),House price index (2015 = 100) - annual data,A,Annual,TOTAL,Total,I15_A_AVG,"Annual average index, 2015=100",EA21,Euro area – 21 countries (from 2026),2024,,146.77,,,,,
dataflow,ESTAT:PRC_HPI_A$DEFAULTVIEW(1.0),House price index (2015 = 100) - annual data,A,Annual,TOTAL,Total,I15_A_AVG,"Annual average index, 2015=100",EA21,Euro area – 21 countries (from 2026),2025,,154.51,,,,,
dataflow,ESTAT:PRC_HPI_A$DEFAULTVIEW(1.0),House price index (2015 = 100) - annual data,A,Annual,TOTAL,Total,I15_A_AVG,"Annual average index, 2015=100",EE,Estonia,2016,,104.75,,,,,
dataflow,ESTAT:PRC_HPI_A$DEFAULTVIEW(1.0),House price index (2015 = 100) - annual data,A,Annual,TOTAL,Total,I15_A_AVG,"Annual average index, 2015=100",EE,Estonia,2017,,110.51,,,,,
dataflow,ESTAT:PRC_HPI_A$DEFAULTVIEW(1.0),House price index (2015 = 100) - annual data,A,Annual,TOTAL,Total,I15_A_AVG,"Annual average index, 2015=100",EE,Estonia,2018,,117.07,,,,,
dataflow,ESTAT:PRC_HPI_A$DEFAULTVIEW(1.0),House price index (2015 = 100) - annual data,A,Annual,TOTAL,Total,I15_A_AVG,"Annual average index, 2015=100",EE,Estonia,2019,,125.27,,,,,
dataflow,ESTAT:PRC_HPI_A$DEFAULTVIEW(1.0),House price index (2015 = 100) - annual data,A,Annual,TOTAL,Total,I15_A_AVG,"Annual average index, 2015=100",EE,Estonia,2020,,132.79,,,,,
dataflow,ESTAT:PRC_HPI_A$DEFAULTVIEW(1.0),House price index (2015 = 100) - annual data,A,Annual,TOTAL,Total,I15_A_AVG,"Annual average index, 2015=100",EE,Estonia,2021,,152.78,,,,,
dataflow,ESTAT:PRC_HPI_A$DEFAULTVIEW(1.0),House price index (2015 = 100) - annual data,A,Annual,TOTAL,Total,I15_A_AVG,"Annual average index, 2015=100",EE,Estonia,2022,,186.76,,,,,
dataflow,ESTAT:PRC_HPI_A$DEFAULTVIEW(1.0),House price index (2015 = 100) - annual data,A,Annual,TOTAL,Total,I15_A_AVG,"Annual average index, 2015=100",EE,Estonia,2023,,197.72,,,,,
dataflow,ESTAT:PRC_HPI_A$DEFAULTVIEW(1.0),House price index (2015 = 100) - annual data,A,Annual,TOTAL,Total,I15_A_AVG,"Annual average index, 2015=100",EE,Estonia,2024,,209.79,,,,,
dataflow,ESTAT:PRC_HPI_A$DEFAULTVIEW(1.0),House price index (2015 = 100) - annual data,A,Annual,TOTAL,Total,I15_A_AVG,"Annual average index, 2015=100",EE,Estonia,2025,,220.72,,,,,
dataflow,ESTAT:PRC_HPI_A$DEFAULTVIEW(1.0),House price index (2015 = 100) - annual data,A,Annual,TOTAL,Total,I15_A_AVG,"Annual average index, 2015=100",ES,Spain,2016,,104.62,,,,,
dataflow,ESTAT:PRC_HPI_A$DEFAULTVIEW(1.0),House price index (2015 = 100) - annual data,A,Annual,TOTAL,Total,I15_A_AVG,"Annual average index, 2015=100",ES,Spain,2017,,111.10,,,,,
dataflow,ESTAT:PRC_HPI_A$DEFAULTVIEW(1.0),House price index (2015 = 100) - annual data,A,Annual,TOTAL,Total,I15_A_AVG,"Annual average index, 2015=100",ES,Spain,2018,,118.58,,,,,
dataflow,ESTAT:PRC_HPI_A$DEFAULTVIEW(1.0),House price index (2015 = 100) - annual data,A,Annual,TOTAL,Total,I15_A_AVG,"Annual average index, 2015=100",ES,Spain,2019,,124.71,,,,,
dataflow,ESTAT:PRC_HPI_A$DEFAULTVIEW(1.0),House price index (2015 = 100) - annual data,A,Annual,TOTAL,Total,I15_A_AVG,"Annual average index, 2015=100",ES,Spain,2020,,127.50,,,,,
dataflow,ESTAT:PRC_HPI_A$DEFAULTVIEW(1.0),House price index (2015 = 100) - annual data,A,Annual,TOTAL,Total,I15_A_AVG,"Annual average index, 2015=100",ES,Spain,2021,,132.19,,,,,
dataflow,ESTAT:PRC_HPI_A$DEFAULTVIEW(1.0),House price index (2015 = 100) - annual data,A,Annual,TOTAL,Total,I15_A_AVG,"Annual average index, 2015=100",ES,Spain,2022,,141.98,,,,,
dataflow,ESTAT:PRC_HPI_A$DEFAULTVIEW(1.0),House price index (2015 = 100) - annual data,A,Annual,TOTAL,Total,I15_A_AVG,"Annual average index, 2015=100",ES,Spain,2023,,147.69,,,,,
dataflow,ESTAT:PRC_HPI_A$DEFAULTVIEW(1.0),House price index (2015 = 100) - annual data,A,Annual,TOTAL,Total,I15_A_AVG,"Annual average index, 2015=100",ES,Spain,2024,,160.25,,,,,
dataflow,ESTAT:PRC_HPI_A$DEFAULTVIEW(1.0),House price index (2015 = 100) - annual data,A,Annual,TOTAL,Total,I15_A_AVG,"Annual average index, 2015=100",ES,Spain,2025,,180.60,,,,,
dataflow,ESTAT:PRC_HPI_A$DEFAULTVIEW(1.0),House price index (2015 = 100) - annual data,A,Annual,TOTAL,Total,I15_A_AVG,"Annual average index, 2015=100",EU,"European Union (EU6-1958, EU9-1973, EU10-1981, EU12-1986, EU15-1995, EU25-2004, EU27-2007, EU28-2013, EU27-2020)",2016,,104.69,,,,,
dataflow,ESTAT:PRC_HPI_A$DEFAULTVIEW(1.0),House price index (2015 = 100) - annual data,A,Annual,TOTAL,Total,I15_A_AVG,"Annual average index, 2015=100",EU,"European Union (EU6-1958, EU9-1973, EU10-1981, EU12-1986, EU15-1995, EU25-2004, EU27-2007, EU28-2013, EU27-2020)",2017,,109.67,,,,,
dataflow,ESTAT:PRC_HPI_A$DEFAULTVIEW(1.0),House price index (2015 = 100) - annual data,A,Annual,TOTAL,Total,I15_A_AVG,"Annual average index, 2015=100",EU,"European Union (EU6-1958, EU9-1973, EU10-1981, EU12-1986, EU15-1995, EU25-2004, EU27-2007, EU28-2013, EU27-2020)",2018,,114.93,,,,,
dataflow,ESTAT:PRC_HPI_A$DEFAULTVIEW(1.0),House price index (2015 = 100) - annual data,A,Annual,TOTAL,Total,I15_A_AVG,"Annual average index, 2015=100",EU,"European Union (EU6-1958, EU9-1973, EU10-1981, EU12-1986, EU15-1995, EU25-2004, EU27-2007, EU28-2013, EU27-2020)",2019,,119.93,,,,,
dataflow,ESTAT:PRC_HPI_A$DEFAULTVIEW(1.0),House price index (2015 = 100) - annual data,A,Annual,TOTAL,Total,I15_A_AVG,"Annual average index, 2015=100",EU,"European Union (EU6-1958, EU9-1973, EU10-1981, EU12-1986, EU15-1995, EU25-2004, EU27-2007, EU28-2013, EU27-2020)",2020,,126.45,,,,,
dataflow,ESTAT:PRC_HPI_A$DEFAULTVIEW(1.0),House price index (2015 = 100) - annual data,A,Annual,TOTAL,Total,I15_A_AVG,"Annual average index, 2015=100",EU,"European Union (EU6-1958, EU9-1973, EU10-1981, EU12-1986, EU15-1995, EU25-2004, EU27-2007, EU28-2013, EU27-2020)",2021,,137.09,,,,,
dataflow,ESTAT:PRC_HPI_A$DEFAULTVIEW(1.0),House price index (2015 = 100) - annual data,A,Annual,TOTAL,Total,I15_A_AVG,"Annual average index, 2015=100",EU,"European Union (EU6-1958, EU9-1973, EU10-1981, EU12-1986, EU15-1995, EU25-2004, EU27-2007, EU28-2013, EU27-2020)",2022,,148.05,,,,,
dataflow,ESTAT:PRC_HPI_A$DEFAULTVIEW(1.0),House price index (2015 = 100) - annual data,A,Annual,TOTAL,Total,I15_A_AVG,"Annual average index, 2015=100",EU,"European Union (EU6-1958, EU9-1973, EU10-1981, EU12-1986, EU15-1995, EU25-2004, EU27-2007, EU28-2013, EU27-2020)",2023,,147.65,,,,,
dataflow,ESTAT:PRC_HPI_A$DEFAULTVIEW(1.0),House price index (2015 = 100) - annual data,A,Annual,TOTAL,Total,I15_A_AVG,"Annual average index, 2015=100",EU,"European Union (EU6-1958, EU9-1973, EU10-1981, EU12-1986, EU15-1995, EU25-2004, EU27-2007, EU28-2013, EU27-2020)",2024,,152.62,,,,,
dataflow,ESTAT:PRC_HPI_A$DEFAULTVIEW(1.0),House price index (2015 = 100) - annual data,A,Annual,TOTAL,Total,I15_A_AVG,"Annual average index, 2015=100",EU,"European Union (EU6-1958, EU9-1973, EU10-1981, EU12-1986, EU15-1995, EU25-2004, EU27-2007, EU28-2013, EU27-2020)",2025,,161.05,,,,,
dataflow,ESTAT:PRC_HPI_A$DEFAULTVIEW(1.0),House price index (2015 = 100) - annual data,A,Annual,TOTAL,Total,I15_A_AVG,"Annual average index, 2015=100",EU27_2020,European Union - 27 countries (from 2020),2016,,104.31,,,,,
dataflow,ESTAT:PRC_HPI_A$DEFAULTVIEW(1.0),House price index (2015 = 100) - annual data,A,Annual,TOTAL,Total,I15_A_AVG,"Annual average index, 2015=100",EU27_2020,European Union - 27 countries (from 2020),2017,,109.31,,,,,
dataflow,ESTAT:PRC_HPI_A$DEFAULTVIEW(1.0),House price index (2015 = 100) - annual data,A,Annual,TOTAL,Total,I15_A_AVG,"Annual average index, 2015=100",EU27_2020,European Union - 27 countries (from 2020),2018,,114.81,,,,,
dataflow,ESTAT:PRC_HPI_A$DEFAULTVIEW(1.0),House price index (2015 = 100) - annual data,A,Annual,TOTAL,Total,I15_A_AVG,"Annual average index, 2015=100",EU27_2020,European Union - 27 countries (from 2020),2019,,120.40,,,,,
dataflow,ESTAT:PRC_HPI_A$DEFAULTVIEW(1.0),House price index (2015 = 100) - annual data,A,Annual,TOTAL,Total,I15_A_AVG,"Annual average index, 2015=100",EU27_2020,European Union - 27 countries (from 2020),2020,,127.14,,,,,
dataflow,ESTAT:PRC_HPI_A$DEFAULTVIEW(1.0),House price index (2015 = 100) - annual data,A,Annual,TOTAL,Total,I15_A_AVG,"Annual average index, 2015=100",EU27_2020,European Union - 27 countries (from 2020),2021,,137.84,,,,,
dataflow,ESTAT:PRC_HPI_A$DEFAULTVIEW(1.0),House price index (2015 = 100) - annual data,A,Annual,TOTAL,Total,I15_A_AVG,"Annual average index, 2015=100",EU27_2020,European Union - 27 countries (from 2020),2022,,148.86,,,,,
dataflow,ESTAT:PRC_HPI_A$DEFAULTVIEW(1.0),House price index (2015 = 100) - annual data,A,Annual,TOTAL,Total,I15_A_AVG,"Annual average index, 2015=100",EU27_2020,European Union - 27 countries (from 2020),2023,,148.45,,,,,
dataflow,ESTAT:PRC_HPI_A$DEFAULTVIEW(1.0),House price index (2015 = 100) - annual data,A,Annual,TOTAL,Total,I15_A_AVG,"Annual average index, 2015=100",EU27_2020,European Union - 27 countries (from 2020),2024,,153.45,,,,,
dataflow,ESTAT:PRC_HPI_A$DEFAULTVIEW(1.0),House price index (2015 = 100) - annual data,A,Annual,TOTAL,Total,I15_A_AVG,"Annual average index, 2015=100",EU27_2020,European Union - 27 countries (from 2020),2025,,161.92,,,,,
dataflow,ESTAT:PRC_HPI_A$DEFAULTVIEW(1.0),House price index (2015 = 100) - annual data,A,Annual,TOTAL,Total,I15_A_AVG,"Annual average index, 2015=100",EU28,European Union - 28 countries (2013-2020),2016,,104.69,,,,,
dataflow,ESTAT:PRC_HPI_A$DEFAULTVIEW(1.0),House price index (2015 = 100) - annual data,A,Annual,TOTAL,Total,I15_A_AVG,"Annual average index, 2015=100",EU28,European Union - 28 countries (2013-2020),2017,,109.67,,,,,
dataflow,ESTAT:PRC_HPI_A$DEFAULTVIEW(1.0),House price index (2015 = 100) - annual data,A,Annual,TOTAL,Total,I15_A_AVG,"Annual average index, 2015=100",EU28,European Union - 28 countries (2013-2020),2018,,114.93,,,,,
dataflow,ESTAT:PRC_HPI_A$DEFAULTVIEW(1.0),House price index (2015 = 100) - annual data,A,Annual,TOTAL,Total,I15_A_AVG,"Annual average index, 2015=100",EU28,European Union - 28 countries (2013-2020),2019,,119.93,,,,,
dataflow,ESTAT:PRC_HPI_A$DEFAULTVIEW(1.0),House price index (2015 = 100) - annual data,A,Annual,TOTAL,Total,I15_A_AVG,"Annual average index, 2015=100",FI,Finland,2016,,101.29,,,,,
dataflow,ESTAT:PRC_HPI_A$DEFAULTVIEW(1.0),House price index (2015 = 100) - annual data,A,Annual,TOTAL,Total,I15_A_AVG,"Annual average index, 2015=100",FI,Finland,2017,,102.39,,,,,
dataflow,ESTAT:PRC_HPI_A$DEFAULTVIEW(1.0),House price index (2015 = 100) - annual data,A,Annual,TOTAL,Total,I15_A_AVG,"Annual average index, 2015=100",FI,Finland,2018,,103.34,,,,,
dataflow,ESTAT:PRC_HPI_A$DEFAULTVIEW(1.0),House price index (2015 = 100) - annual data,A,Annual,TOTAL,Total,I15_A_AVG,"Annual average index, 2015=100",FI,Finland,2019,,103.77,,,,,
dataflow,ESTAT:PRC_HPI_A$DEFAULTVIEW(1.0),House price index (2015 = 100) - annual data,A,Annual,TOTAL,Total,I15_A_AVG,"Annual average index, 2015=100",FI,Finland,2020,,105.60,,,,,
dataflow,ESTAT:PRC_HPI_A$DEFAULTVIEW(1.0),House price index (2015 = 100) - annual data,A,Annual,TOTAL,Total,I15_A_AVG,"Annual average index, 2015=100",FI,Finland,2021,,110.46,,,,,
dataflow,ESTAT:PRC_HPI_A$DEFAULTVIEW(1.0),House price index (2015 = 100) - annual data,A,Annual,TOTAL,Total,I15_A_AVG,"Annual average index, 2015=100",FI,Finland,2022,,111.52,,,,,
dataflow,ESTAT:PRC_HPI_A$DEFAULTVIEW(1.0),House price index (2015 = 100) - annual data,A,Annual,TOTAL,Total,I15_A_AVG,"Annual average index, 2015=100",FI,Finland,2023,,104.58,,,,,
dataflow,ESTAT:PRC_HPI_A$DEFAULTVIEW(1.0),House price index (2015 = 100) - annual data,A,Annual,TOTAL,Total,I15_A_AVG,"Annual average index, 2015=100",FI,Finland,2024,,101.35,,,,,
dataflow,ESTAT:PRC_HPI_A$DEFAULTVIEW(1.0),House price index (2015 = 100) - annual data,A,Annual,TOTAL,Total,I15_A_AVG,"Annual average index, 2015=100",FI,Finland,2025,,98.86,,p,provisional,,
dataflow,ESTAT:PRC_HPI_A$DEFAULTVIEW(1.0),House price index (2015 = 100) - annual data,A,Annual,TOTAL,Total,I15_A_AVG,"Annual average index, 2015=100",FR,France,2016,,101.04,,,,,
dataflow,ESTAT:PRC_HPI_A$DEFAULTVIEW(1.0),House price index (2015 = 100) - annual data,A,Annual,TOTAL,Total,I15_A_AVG,"Annual average index, 2015=100",FR,France,2017,,104.24,,,,,
dataflow,ESTAT:PRC_HPI_A$DEFAULTVIEW(1.0),House price index (2015 = 100) - annual data,A,Annual,TOTAL,Total,I15_A_AVG,"Annual average index, 2015=100",FR,France,2018,,107.29,,,,,
dataflow,ESTAT:PRC_HPI_A$DEFAULTVIEW(1.0),House price index (2015 = 100) - annual data,A,Annual,TOTAL,Total,I15_A_AVG,"Annual average index, 2015=100",FR,France,2019,,110.86,,,,,
dataflow,ESTAT:PRC_HPI_A$DEFAULTVIEW(1.0),House price index (2015 = 100) - annual data,A,Annual,TOTAL,Total,I15_A_AVG,"Annual average index, 2015=100",FR,France,2020,,116.62,,,,,
dataflow,ESTAT:PRC_HPI_A$DEFAULTVIEW(1.0),House price index (2015 = 100) - annual data,A,Annual,TOTAL,Total,I15_A_AVG,"Annual average index, 2015=100",FR,France,2021,,123.98,,,,,
dataflow,ESTAT:PRC_HPI_A$DEFAULTVIEW(1.0),House price index (2015 = 100) - annual data,A,Annual,TOTAL,Total,I15_A_AVG,"Annual average index, 2015=100",FR,France,2022,,131.82,,,,,
dataflow,ESTAT:PRC_HPI_A$DEFAULTVIEW(1.0),House price index (2015 = 100) - annual data,A,Annual,TOTAL,Total,I15_A_AVG,"Annual average index, 2015=100",FR,France,2023,,131.26,,,,,
dataflow,ESTAT:PRC_HPI_A$DEFAULTVIEW(1.0),House price index (2015 = 100) - annual data,A,Annual,TOTAL,Total,I15_A_AVG,"Annual average index, 2015=100",FR,France,2024,,126.39,,,,,
dataflow,ESTAT:PRC_HPI_A$DEFAULTVIEW(1.0),House price index (2015 = 100) - annual data,A,Annual,TOTAL,Total,I15_A_AVG,"Annual average index, 2015=100",FR,France,2025,,127.28,,p,provisional,,
dataflow,ESTAT:PRC_HPI_A$DEFAULTVIEW(1.0),House price index (2015 = 100) - annual data,A,Annual,TOTAL,Total,I15_A_AVG,"Annual average index, 2015=100",HR,Croatia,2016,,100.89,,,,,
dataflow,ESTAT:PRC_HPI_A$DEFAULTVIEW(1.0),House price index (2015 = 100) - annual data,A,Annual,TOTAL,Total,I15_A_AVG,"Annual average index, 2015=100",HR,Croatia,2017,,104.75,,,,,
dataflow,ESTAT:PRC_HPI_A$DEFAULTVIEW(1.0),House price index (2015 = 100) - annual data,A,Annual,TOTAL,Total,I15_A_AVG,"Annual average index, 2015=100",HR,Croatia,2018,,111.14,,,,,
dataflow,ESTAT:PRC_HPI_A$DEFAULTVIEW(1.0),House price index (2015 = 100) - annual data,A,Annual,TOTAL,Total,I15_A_AVG,"Annual average index, 2015=100",HR,Croatia,2019,,121.10,,,,,
dataflow,ESTAT:PRC_HPI_A$DEFAULTVIEW(1.0),House price index (2015 = 100) - annual data,A,Annual,TOTAL,Total,I15_A_AVG,"Annual average index, 2015=100",HR,Croatia,2020,,130.38,,,,,
dataflow,ESTAT:PRC_HPI_A$DEFAULTVIEW(1.0),House price index (2015 = 100) - annual data,A,Annual,TOTAL,Total,I15_A_AVG,"Annual average index, 2015=100",HR,Croatia,2021,,139.91,,,,,
dataflow,ESTAT:PRC_HPI_A$DEFAULTVIEW(1.0),House price index (2015 = 100) - annual data,A,Annual,TOTAL,Total,I15_A_AVG,"Annual average index, 2015=100",HR,Croatia,2022,,160.69,,,,,
dataflow,ESTAT:PRC_HPI_A$DEFAULTVIEW(1.0),House price index (2015 = 100) - annual data,A,Annual,TOTAL,Total,I15_A_AVG,"Annual average index, 2015=100",HR,Croatia,2023,,179.88,,,,,
dataflow,ESTAT:PRC_HPI_A$DEFAULTVIEW(1.0),House price index (2015 = 100) - annual data,A,Annual,TOTAL,Total,I15_A_AVG,"Annual average index, 2015=100",HR,Croatia,2024,,198.54,,,,,
dataflow,ESTAT:PRC_HPI_A$DEFAULTVIEW(1.0),House price index (2015 = 100) - annual data,A,Annual,TOTAL,Total,I15_A_AVG,"Annual average index, 2015=100",HR,Croatia,2025,,226.46,,p,provisional,,
dataflow,ESTAT:PRC_HPI_A$DEFAULTVIEW(1.0),House price index (2015 = 100) - annual data,A,Annual,TOTAL,Total,I15_A_AVG,"Annual average index, 2015=100",HU,Hungary,2016,,113.38,,,,,
dataflow,ESTAT:PRC_HPI_A$DEFAULTVIEW(1.0),House price index (2015 = 100) - annual data,A,Annual,TOTAL,Total,I15_A_AVG,"Annual average index, 2015=100",HU,Hungary,2017,,127.24,,,,,
dataflow,ESTAT:PRC_HPI_A$DEFAULTVIEW(1.0),House price index (2015 = 100) - annual data,A,Annual,TOTAL,Total,I15_A_AVG,"Annual average index, 2015=100",HU,Hungary,2018,,145.50,,,,,
dataflow,ESTAT:PRC_HPI_A$DEFAULTVIEW(1.0),House price index (2015 = 100) - annual data,A,Annual,TOTAL,Total,I15_A_AVG,"Annual average index, 2015=100",HU,Hungary,2019,,170.17,,,,,
dataflow,ESTAT:PRC_HPI_A$DEFAULTVIEW(1.0),House price index (2015 = 100) - annual data,A,Annual,TOTAL,Total,I15_A_AVG,"Annual average index, 2015=100",HU,Hungary,2020,,178.58,,,,,
dataflow,ESTAT:PRC_HPI_A$DEFAULTVIEW(1.0),House price index (2015 = 100) - annual data,A,Annual,TOTAL,Total,I15_A_AVG,"Annual average index, 2015=100",HU,Hungary,2021,,208.04,,,,,
dataflow,ESTAT:PRC_HPI_A$DEFAULTVIEW(1.0),House price index (2015 = 100) - annual data,A,Annual,TOTAL,Total,I15_A_AVG,"Annual average index, 2015=100",HU,Hungary,2022,,254.52,,,,,
dataflow,ESTAT:PRC_HPI_A$DEFAULTVIEW(1.0),House price index (2015 = 100) - annual data,A,Annual,TOTAL,Total,I15_A_AVG,"Annual average index, 2015=100",HU,Hungary,2023,,272.54,,,,,
dataflow,ESTAT:PRC_HPI_A$DEFAULTVIEW(1.0),House price index (2015 = 100) - annual data,A,Annual,TOTAL,Total,I15_A_AVG,"Annual average index, 2015=100",HU,Hungary,2024,,309.86,,p,provisional,,
dataflow,ESTAT:PRC_HPI_A$DEFAULTVIEW(1.0),House price index (2015 = 100) - annual data,A,Annual,TOTAL,Total,I15_A_AVG,"Annual average index, 2015=100",HU,Hungary,2025,,366.61,,p,provisional,,
dataflow,ESTAT:PRC_HPI_A$DEFAULTVIEW(1.0),House price index (2015 = 100) - annual data,A,Annual,TOTAL,Total,I15_A_AVG,"Annual average index, 2015=100",IE,Ireland,2016,,107.46,,,,,
dataflow,ESTAT:PRC_HPI_A$DEFAULTVIEW(1.0),House price index (2015 = 100) - annual data,A,Annual,TOTAL,Total,I15_A_AVG,"Annual average index, 2015=100",IE,Ireland,2017,,119.14,,,,,
dataflow,ESTAT:PRC_HPI_A$DEFAULTVIEW(1.0),House price index (2015 = 100) - annual data,A,Annual,TOTAL,Total,I15_A_AVG,"Annual average index, 2015=100",IE,Ireland,2018,,131.33,,,,,
dataflow,ESTAT:PRC_HPI_A$DEFAULTVIEW(1.0),House price index (2015 = 100) - annual data,A,Annual,TOTAL,Total,I15_A_AVG,"Annual average index, 2015=100",IE,Ireland,2019,,134.41,,,,,
dataflow,ESTAT:PRC_HPI_A$DEFAULTVIEW(1.0),House price index (2015 = 100) - annual data,A,Annual,TOTAL,Total,I15_A_AVG,"Annual average index, 2015=100",IE,Ireland,2020,,134.82,,,,,
dataflow,ESTAT:PRC_HPI_A$DEFAULTVIEW(1.0),House price index (2015 = 100) - annual data,A,Annual,TOTAL,Total,I15_A_AVG,"Annual average index, 2015=100",IE,Ireland,2021,,145.98,,,,,
dataflow,ESTAT:PRC_HPI_A$DEFAULTVIEW(1.0),House price index (2015 = 100) - annual data,A,Annual,TOTAL,Total,I15_A_AVG,"Annual average index, 2015=100",IE,Ireland,2022,,163.96,,,,,
dataflow,ESTAT:PRC_HPI_A$DEFAULTVIEW(1.0),House price index (2015 = 100) - annual data,A,Annual,TOTAL,Total,I15_A_AVG,"Annual average index, 2015=100",IE,Ireland,2023,,168.99,,,,,
dataflow,ESTAT:PRC_HPI_A$DEFAULTVIEW(1.0),House price index (2015 = 100) - annual data,A,Annual,TOTAL,Total,I15_A_AVG,"Annual average index, 2015=100",IE,Ireland,2024,,183.38,,,,,
dataflow,ESTAT:PRC_HPI_A$DEFAULTVIEW(1.0),House price index (2015 = 100) - annual data,A,Annual,TOTAL,Total,I15_A_AVG,"Annual average index, 2015=100",IE,Ireland,2025,,197.21,,p,provisional,,
dataflow,ESTAT:PRC_HPI_A$DEFAULTVIEW(1.0),House price index (2015 = 100) - annual data,A,Annual,TOTAL,Total,I15_A_AVG,"Annual average index, 2015=100",IS,Iceland,2016,,109.77,,,,,
dataflow,ESTAT:PRC_HPI_A$DEFAULTVIEW(1.0),House price index (2015 = 100) - annual data,A,Annual,TOTAL,Total,I15_A_AVG,"Annual average index, 2015=100",IS,Iceland,2017,,131.20,,,,,
dataflow,ESTAT:PRC_HPI_A$DEFAULTVIEW(1.0),House price index (2015 = 100) - annual data,A,Annual,TOTAL,Total,I15_A_AVG,"Annual average index, 2015=100",IS,Iceland,2018,,142.01,,,,,
dataflow,ESTAT:PRC_HPI_A$DEFAULTVIEW(1.0),House price index (2015 = 100) - annual data,A,Annual,TOTAL,Total,I15_A_AVG,"Annual average index, 2015=100",IS,Iceland,2019,,148.29,,,,,
dataflow,ESTAT:PRC_HPI_A$DEFAULTVIEW(1.0),House price index (2015 = 100) - annual data,A,Annual,TOTAL,Total,I15_A_AVG,"Annual average index, 2015=100",IS,Iceland,2020,,157.79,,,,,
dataflow,ESTAT:PRC_HPI_A$DEFAULTVIEW(1.0),House price index (2015 = 100) - annual data,A,Annual,TOTAL,Total,I15_A_AVG,"Annual average index, 2015=100",IS,Iceland,2021,,177.57,,,,,
dataflow,ESTAT:PRC_HPI_A$DEFAULTVIEW(1.0),House price index (2015 = 100) - annual data,A,Annual,TOTAL,Total,I15_A_AVG,"Annual average index, 2015=100",IS,Iceland,2022,,214.84,,,,,
dataflow,ESTAT:PRC_HPI_A$DEFAULTVIEW(1.0),House price index (2015 = 100) - annual data,A,Annual,TOTAL,Total,I15_A_AVG,"Annual average index, 2015=100",IS,Iceland,2023,,231.57,,,,,
dataflow,ESTAT:PRC_HPI_A$DEFAULTVIEW(1.0),House price index (2015 = 100) - annual data,A,Annual,TOTAL,Total,I15_A_AVG,"Annual average index, 2015=100",IS,Iceland,2024,,250.22,,,,,
dataflow,ESTAT:PRC_HPI_A$DEFAULTVIEW(1.0),House price index (2015 = 100) - annual data,A,Annual,TOTAL,Total,I15_A_AVG,"Annual average index, 2015=100",IS,Iceland,2025,,263.10,,,,,
dataflow,ESTAT:PRC_HPI_A$DEFAULTVIEW(1.0),House price index (2015 = 100) - annual data,A,Annual,TOTAL,Total,I15_A_AVG,"Annual average index, 2015=100",IT,Italy,2016,,100.30,,,,,
dataflow,ESTAT:PRC_HPI_A$DEFAULTVIEW(1.0),House price index (2015 = 100) - annual data,A,Annual,TOTAL,Total,I15_A_AVG,"Annual average index, 2015=100",IT,Italy,2017,,99.20,,,,,
dataflow,ESTAT:PRC_HPI_A$DEFAULTVIEW(1.0),House price index (2015 = 100) - annual data,A,Annual,TOTAL,Total,I15_A_AVG,"Annual average index, 2015=100",IT,Italy,2018,,98.60,,,,,
dataflow,ESTAT:PRC_HPI_A$DEFAULTVIEW(1.0),House price index (2015 = 100) - annual data,A,Annual,TOTAL,Total,I15_A_AVG,"Annual average index, 2015=100",IT,Italy,2019,,98.50,,,,,
dataflow,ESTAT:PRC_HPI_A$DEFAULTVIEW(1.0),House price index (2015 = 100) - annual data,A,Annual,TOTAL,Total,I15_A_AVG,"Annual average index, 2015=100",IT,Italy,2020,,100.40,,,,,
dataflow,ESTAT:PRC_HPI_A$DEFAULTVIEW(1.0),House price index (2015 = 100) - annual data,A,Annual,TOTAL,Total,I15_A_AVG,"Annual average index, 2015=100",IT,Italy,2021,,103.00,,,,,
dataflow,ESTAT:PRC_HPI_A$DEFAULTVIEW(1.0),House price index (2015 = 100) - annual data,A,Annual,TOTAL,Total,I15_A_AVG,"Annual average index, 2015=100",IT,Italy,2022,,106.90,,,,,
dataflow,ESTAT:PRC_HPI_A$DEFAULTVIEW(1.0),House price index (2015 = 100) - annual data,A,Annual,TOTAL,Total,I15_A_AVG,"Annual average index, 2015=100",IT,Italy,2023,,108.30,,,,,
dataflow,ESTAT:PRC_HPI_A$DEFAULTVIEW(1.0),House price index (2015 = 100) - annual data,A,Annual,TOTAL,Total,I15_A_AVG,"Annual average index, 2015=100",IT,Italy,2024,,111.70,,,,,
dataflow,ESTAT:PRC_HPI_A$DEFAULTVIEW(1.0),House price index (2015 = 100) - annual data,A,Annual,TOTAL,Total,I15_A_AVG,"Annual average index, 2015=100",IT,Italy,2025,,116.20,,p,provisional,,
dataflow,ESTAT:PRC_HPI_A$DEFAULTVIEW(1.0),House price index (2015 = 100) - annual data,A,Annual,TOTAL,Total,I15_A_AVG,"Annual average index, 2015=100",LT,Lithuania,2016,,105.40,,,,,
dataflow,ESTAT:PRC_HPI_A$DEFAULTVIEW(1.0),House price index (2015 = 100) - annual data,A,Annual,TOTAL,Total,I15_A_AVG,"Annual average index, 2015=100",LT,Lithuania,2017,,114.80,,,,,
dataflow,ESTAT:PRC_HPI_A$DEFAULTVIEW(1.0),House price index (2015 = 100) - annual data,A,Annual,TOTAL,Total,I15_A_AVG,"Annual average index, 2015=100",LT,Lithuania,2018,,123.18,,,,,
dataflow,ESTAT:PRC_HPI_A$DEFAULTVIEW(1.0),House price index (2015 = 100) - annual data,A,Annual,TOTAL,Total,I15_A_AVG,"Annual average index, 2015=100",LT,Lithuania,2019,,131.61,,,,,
dataflow,ESTAT:PRC_HPI_A$DEFAULTVIEW(1.0),House price index (2015 = 100) - annual data,A,Annual,TOTAL,Total,I15_A_AVG,"Annual average index, 2015=100",LT,Lithuania,2020,,141.18,,,,,
dataflow,ESTAT:PRC_HPI_A$DEFAULTVIEW(1.0),House price index (2015 = 100) - annual data,A,Annual,TOTAL,Total,I15_A_AVG,"Annual average index, 2015=100",LT,Lithuania,2021,,163.84,,,,,
dataflow,ESTAT:PRC_HPI_A$DEFAULTVIEW(1.0),House price index (2015 = 100) - annual data,A,Annual,TOTAL,Total,I15_A_AVG,"Annual average index, 2015=100",LT,Lithuania,2022,,195.05,,,,,
dataflow,ESTAT:PRC_HPI_A$DEFAULTVIEW(1.0),House price index (2015 = 100) - annual data,A,Annual,TOTAL,Total,I15_A_AVG,"Annual average index, 2015=100",LT,Lithuania,2023,,214.20,,,,,
dataflow,ESTAT:PRC_HPI_A$DEFAULTVIEW(1.0),House price index (2015 = 100) - annual data,A,Annual,TOTAL,Total,I15_A_AVG,"Annual average index, 2015=100",LT,Lithuania,2024,,235.02,,,,,
dataflow,ESTAT:PRC_HPI_A$DEFAULTVIEW(1.0),House price index (2015 = 100) - annual data,A,Annual,TOTAL,Total,I15_A_AVG,"Annual average index, 2015=100",LT,Lithuania,2025,,258.11,,,,,
dataflow,ESTAT:PRC_HPI_A$DEFAULTVIEW(1.0),House price index (2015 = 100) - annual data,A,Annual,TOTAL,Total,I15_A_AVG,"Annual average index, 2015=100",LU,Luxembourg,2016,,106.01,,,,,
dataflow,ESTAT:PRC_HPI_A$DEFAULTVIEW(1.0),House price index (2015 = 100) - annual data,A,Annual,TOTAL,Total,I15_A_AVG,"Annual average index, 2015=100",LU,Luxembourg,2017,,111.96,,,,,
dataflow,ESTAT:PRC_HPI_A$DEFAULTVIEW(1.0),House price index (2015 = 100) - annual data,A,Annual,TOTAL,Total,I15_A_AVG,"Annual average index, 2015=100",LU,Luxembourg,2018,,119.86,,,,,
dataflow,ESTAT:PRC_HPI_A$DEFAULTVIEW(1.0),House price index (2015 = 100) - annual data,A,Annual,TOTAL,Total,I15_A_AVG,"Annual average index, 2015=100",LU,Luxembourg,2019,,131.99,,,,,
dataflow,ESTAT:PRC_HPI_A$DEFAULTVIEW(1.0),House price index (2015 = 100) - annual data,A,Annual,TOTAL,Total,I15_A_AVG,"Annual average index, 2015=100",LU,Luxembourg,2020,,151.12,,,,,
dataflow,ESTAT:PRC_HPI_A$DEFAULTVIEW(1.0),House price index (2015 = 100) - annual data,A,Annual,TOTAL,Total,I15_A_AVG,"Annual average index, 2015=100",LU,Luxembourg,2021,,172.15,,,,,
dataflow,ESTAT:PRC_HPI_A$DEFAULTVIEW(1.0),House price index (2015 = 100) - annual data,A,Annual,TOTAL,Total,I15_A_AVG,"Annual average index, 2015=100",LU,Luxembourg,2022,,188.60,,,,,
dataflow,ESTAT:PRC_HPI_A$DEFAULTVIEW(1.0),House price index (2015 = 100) - annual data,A,Annual,TOTAL,Total,I15_A_AVG,"Annual average index, 2015=100",LU,Luxembourg,2023,,171.48,,,,,
dataflow,ESTAT:PRC_HPI_A$DEFAULTVIEW(1.0),House price index (2015 = 100) - annual data,A,Annual,TOTAL,Total,I15_A_AVG,"Annual average index, 2015=100",LU,Luxembourg,2024,,162.50,,,,,
dataflow,ESTAT:PRC_HPI_A$DEFAULTVIEW(1.0),House price index (2015 = 100) - annual data,A,Annual,TOTAL,Total,I15_A_AVG,"Annual average index, 2015=100",LU,Luxembourg,2025,,165.11,,p,provisional,,
dataflow,ESTAT:PRC_HPI_A$DEFAULTVIEW(1.0),House price index (2015 = 100) - annual data,A,Annual,TOTAL,Total,I15_A_AVG,"Annual average index, 2015=100",LV,Latvia,2016,,108.49,,,,,
dataflow,ESTAT:PRC_HPI_A$DEFAULTVIEW(1.0),House price index (2015 = 100) - annual data,A,Annual,TOTAL,Total,I15_A_AVG,"Annual average index, 2015=100",LV,Latvia,2017,,118.01,,,,,
dataflow,ESTAT:PRC_HPI_A$DEFAULTVIEW(1.0),House price index (2015 = 100) - annual data,A,Annual,TOTAL,Total,I15_A_AVG,"Annual average index, 2015=100",LV,Latvia,2018,,129.30,,,,,
dataflow,ESTAT:PRC_HPI_A$DEFAULTVIEW(1.0),House price index (2015 = 100) - annual data,A,Annual,TOTAL,Total,I15_A_AVG,"Annual average index, 2015=100",LV,Latvia,2019,,140.88,,,,,
dataflow,ESTAT:PRC_HPI_A$DEFAULTVIEW(1.0),House price index (2015 = 100) - annual data,A,Annual,TOTAL,Total,I15_A_AVG,"Annual average index, 2015=100",LV,Latvia,2020,,145.77,,,,,
dataflow,ESTAT:PRC_HPI_A$DEFAULTVIEW(1.0),House price index (2015 = 100) - annual data,A,Annual,TOTAL,Total,I15_A_AVG,"Annual average index, 2015=100",LV,Latvia,2021,,161.65,,,,,
dataflow,ESTAT:PRC_HPI_A$DEFAULTVIEW(1.0),House price index (2015 = 100) - annual data,A,Annual,TOTAL,Total,I15_A_AVG,"Annual average index, 2015=100",LV,Latvia,2022,,184.01,,,,,
dataflow,ESTAT:PRC_HPI_A$DEFAULTVIEW(1.0),House price index (2015 = 100) - annual data,A,Annual,TOTAL,Total,I15_A_AVG,"Annual average index, 2015=100",LV,Latvia,2023,,190.89,,,,,
dataflow,ESTAT:PRC_HPI_A$DEFAULTVIEW(1.0),House price index (2015 = 100) - annual data,A,Annual,TOTAL,Total,I15_A_AVG,"Annual average index, 2015=100",LV,Latvia,2024,,198.90,,,,,
dataflow,ESTAT:PRC_HPI_A$DEFAULTVIEW(1.0),House price index (2015 = 100) - annual data,A,Annual,TOTAL,Total,I15_A_AVG,"Annual average index, 2015=100",LV,Latvia,2025,,214.28,,p,provisional,,
dataflow,ESTAT:PRC_HPI_A$DEFAULTVIEW(1.0),House price index (2015 = 100) - annual data,A,Annual,TOTAL,Total,I15_A_AVG,"Annual average index, 2015=100",MT,Malta,2016,,105.45,,,,,
dataflow,ESTAT:PRC_HPI_A$DEFAULTVIEW(1.0),House price index (2015 = 100) - annual data,A,Annual,TOTAL,Total,I15_A_AVG,"Annual average index, 2015=100",MT,Malta,2017,,111.03,,,,,
dataflow,ESTAT:PRC_HPI_A$DEFAULTVIEW(1.0),House price index (2015 = 100) - annual data,A,Annual,TOTAL,Total,I15_A_AVG,"Annual average index, 2015=100",MT,Malta,2018,,117.45,,,,,
dataflow,ESTAT:PRC_HPI_A$DEFAULTVIEW(1.0),House price index (2015 = 100) - annual data,A,Annual,TOTAL,Total,I15_A_AVG,"Annual average index, 2015=100",MT,Malta,2019,,124.65,,,,,
dataflow,ESTAT:PRC_HPI_A$DEFAULTVIEW(1.0),House price index (2015 = 100) - annual data,A,Annual,TOTAL,Total,I15_A_AVG,"Annual average index, 2015=100",MT,Malta,2020,,128.86,,,,,
dataflow,ESTAT:PRC_HPI_A$DEFAULTVIEW(1.0),House price index (2015 = 100) - annual data,A,Annual,TOTAL,Total,I15_A_AVG,"Annual average index, 2015=100",MT,Malta,2021,,135.44,,,,,
dataflow,ESTAT:PRC_HPI_A$DEFAULTVIEW(1.0),House price index (2015 = 100) - annual data,A,Annual,TOTAL,Total,I15_A_AVG,"Annual average index, 2015=100",MT,Malta,2022,,144.45,,,,,
dataflow,ESTAT:PRC_HPI_A$DEFAULTVIEW(1.0),House price index (2015 = 100) - annual data,A,Annual,TOTAL,Total,I15_A_AVG,"Annual average index, 2015=100",MT,Malta,2023,,153.42,,,,,
dataflow,ESTAT:PRC_HPI_A$DEFAULTVIEW(1.0),House price index (2015 = 100) - annual data,A,Annual,TOTAL,Total,I15_A_AVG,"Annual average index, 2015=100",MT,Malta,2024,,163.77,,,,,
dataflow,ESTAT:PRC_HPI_A$DEFAULTVIEW(1.0),House price index (2015 = 100) - annual data,A,Annual,TOTAL,Total,I15_A_AVG,"Annual average index, 2015=100",MT,Malta,2025,,173.46,,p,provisional,,
dataflow,ESTAT:PRC_HPI_A$DEFAULTVIEW(1.0),House price index (2015 = 100) - annual data,A,Annual,TOTAL,Total,I15_A_AVG,"Annual average index, 2015=100",NL,Netherlands,2016,,105.29,,,,,
dataflow,ESTAT:PRC_HPI_A$DEFAULTVIEW(1.0),House price index (2015 = 100) - annual data,A,Annual,TOTAL,Total,I15_A_AVG,"Annual average index, 2015=100",NL,Netherlands,2017,,113.81,,,,,
dataflow,ESTAT:PRC_HPI_A$DEFAULTVIEW(1.0),House price index (2015 = 100) - annual data,A,Annual,TOTAL,Total,I15_A_AVG,"Annual average index, 2015=100",NL,Netherlands,2018,,124.40,,,,,
dataflow,ESTAT:PRC_HPI_A$DEFAULTVIEW(1.0),House price index (2015 = 100) - annual data,A,Annual,TOTAL,Total,I15_A_AVG,"Annual average index, 2015=100",NL,Netherlands,2019,,133.38,,,,,
dataflow,ESTAT:PRC_HPI_A$DEFAULTVIEW(1.0),House price index (2015 = 100) - annual data,A,Annual,TOTAL,Total,I15_A_AVG,"Annual average index, 2015=100",NL,Netherlands,2020,,144.07,,,,,
dataflow,ESTAT:PRC_HPI_A$DEFAULTVIEW(1.0),House price index (2015 = 100) - annual data,A,Annual,TOTAL,Total,I15_A_AVG,"Annual average index, 2015=100",NL,Netherlands,2021,,164.94,,,,,
dataflow,ESTAT:PRC_HPI_A$DEFAULTVIEW(1.0),House price index (2015 = 100) - annual data,A,Annual,TOTAL,Total,I15_A_AVG,"Annual average index, 2015=100",NL,Netherlands,2022,,186.84,,,,,
dataflow,ESTAT:PRC_HPI_A$DEFAULTVIEW(1.0),House price index (2015 = 100) - annual data,A,Annual,TOTAL,Total,I15_A_AVG,"Annual average index, 2015=100",NL,Netherlands,2023,,183.26,,,,,
dataflow,ESTAT:PRC_HPI_A$DEFAULTVIEW(1.0),House price index (2015 = 100) - annual data,A,Annual,TOTAL,Total,I15_A_AVG,"Annual average index, 2015=100",NL,Netherlands,2024,,198.24,,,,,
dataflow,ESTAT:PRC_HPI_A$DEFAULTVIEW(1.0),House price index (2015 = 100) - annual data,A,Annual,TOTAL,Total,I15_A_AVG,"Annual average index, 2015=100",NL,Netherlands,2025,,215.06,,p,provisional,,
dataflow,ESTAT:PRC_HPI_A$DEFAULTVIEW(1.0),House price index (2015 = 100) - annual data,A,Annual,TOTAL,Total,I15_A_AVG,"Annual average index, 2015=100",NO,Norway,2016,,107.88,,,,,
dataflow,ESTAT:PRC_HPI_A$DEFAULTVIEW(1.0),House price index (2015 = 100) - annual data,A,Annual,TOTAL,Total,I15_A_AVG,"Annual average index, 2015=100",NO,Norway,2017,,113.75,,,,,
dataflow,ESTAT:PRC_HPI_A$DEFAULTVIEW(1.0),House price index (2015 = 100) - annual data,A,Annual,TOTAL,Total,I15_A_AVG,"Annual average index, 2015=100",NO,Norway,2018,,115.53,,,,,
dataflow,ESTAT:PRC_HPI_A$DEFAULTVIEW(1.0),House price index (2015 = 100) - annual data,A,Annual,TOTAL,Total,I15_A_AVG,"Annual average index, 2015=100",NO,Norway,2019,,120.18,,,,,
dataflow,ESTAT:PRC_HPI_A$DEFAULTVIEW(1.0),House price index (2015 = 100) - annual data,A,Annual,TOTAL,Total,I15_A_AVG,"Annual average index, 2015=100",NO,Norway,2020,,126.11,,,,,
dataflow,ESTAT:PRC_HPI_A$DEFAULTVIEW(1.0),House price index (2015 = 100) - annual data,A,Annual,TOTAL,Total,I15_A_AVG,"Annual average index, 2015=100",NO,Norway,2021,,137.66,,,,,
dataflow,ESTAT:PRC_HPI_A$DEFAULTVIEW(1.0),House price index (2015 = 100) - annual data,A,Annual,TOTAL,Total,I15_A_AVG,"Annual average index, 2015=100",NO,Norway,2022,,145.71,,,,,
dataflow,ESTAT:PRC_HPI_A$DEFAULTVIEW(1.0),House price index (2015 = 100) - annual data,A,Annual,TOTAL,Total,I15_A_AVG,"Annual average index, 2015=100",NO,Norway,2023,,147.63,,,,,
dataflow,ESTAT:PRC_HPI_A$DEFAULTVIEW(1.0),House price index (2015 = 100) - annual data,A,Annual,TOTAL,Total,I15_A_AVG,"Annual average index, 2015=100",NO,Norway,2024,,152.91,,,,,
dataflow,ESTAT:PRC_HPI_A$DEFAULTVIEW(1.0),House price index (2015 = 100) - annual data,A,Annual,TOTAL,Total,I15_A_AVG,"Annual average index, 2015=100",NO,Norway,2025,,161.66,,,,,
dataflow,ESTAT:PRC_HPI_A$DEFAULTVIEW(1.0),House price index (2015 = 100) - annual data,A,Annual,TOTAL,Total,I15_A_AVG,"Annual average index, 2015=100",PL,Poland,2016,,101.86,,,,,
dataflow,ESTAT:PRC_HPI_A$DEFAULTVIEW(1.0),House price index (2015 = 100) - annual data,A,Annual,TOTAL,Total,I15_A_AVG,"Annual average index, 2015=100",PL,Poland,2017,,105.78,,,,,
dataflow,ESTAT:PRC_HPI_A$DEFAULTVIEW(1.0),House price index (2015 = 100) - annual data,A,Annual,TOTAL,Total,I15_A_AVG,"Annual average index, 2015=100",PL,Poland,2018,,112.74,,,,,
dataflow,ESTAT:PRC_HPI_A$DEFAULTVIEW(1.0),House price index (2015 = 100) - annual data,A,Annual,TOTAL,Total,I15_A_AVG,"Annual average index, 2015=100",PL,Poland,2019,,122.52,,,,,
dataflow,ESTAT:PRC_HPI_A$DEFAULTVIEW(1.0),House price index (2015 = 100) - annual data,A,Annual,TOTAL,Total,I15_A_AVG,"Annual average index, 2015=100",PL,Poland,2020,,135.36,,,,,
dataflow,ESTAT:PRC_HPI_A$DEFAULTVIEW(1.0),House price index (2015 = 100) - annual data,A,Annual,TOTAL,Total,I15_A_AVG,"Annual average index, 2015=100",PL,Poland,2021,,147.77,,,,,
dataflow,ESTAT:PRC_HPI_A$DEFAULTVIEW(1.0),House price index (2015 = 100) - annual data,A,Annual,TOTAL,Total,I15_A_AVG,"Annual average index, 2015=100",PL,Poland,2022,,165.21,,,,,
dataflow,ESTAT:PRC_HPI_A$DEFAULTVIEW(1.0),House price index (2015 = 100) - annual data,A,Annual,TOTAL,Total,I15_A_AVG,"Annual average index, 2015=100",PL,Poland,2023,,179.78,,,,,
dataflow,ESTAT:PRC_HPI_A$DEFAULTVIEW(1.0),House price index (2015 = 100) - annual data,A,Annual,TOTAL,Total,I15_A_AVG,"Annual average index, 2015=100",PL,Poland,2024,,206.70,,,,,
dataflow,ESTAT:PRC_HPI_A$DEFAULTVIEW(1.0),House price index (2015 = 100) - annual data,A,Annual,TOTAL,Total,I15_A_AVG,"Annual average index, 2015=100",PL,Poland,2025,,216.81,,,,,
dataflow,ESTAT:PRC_HPI_A$DEFAULTVIEW(1.0),House price index (2015 = 100) - annual data,A,Annual,TOTAL,Total,I15_A_AVG,"Annual average index, 2015=100",PT,Portugal,2016,,107.12,,,,,
dataflow,ESTAT:PRC_HPI_A$DEFAULTVIEW(1.0),House price index (2015 = 100) - annual data,A,Annual,TOTAL,Total,I15_A_AVG,"Annual average index, 2015=100",PT,Portugal,2017,,117.02,,,,,
dataflow,ESTAT:PRC_HPI_A$DEFAULTVIEW(1.0),House price index (2015 = 100) - annual data,A,Annual,TOTAL,Total,I15_A_AVG,"Annual average index, 2015=100",PT,Portugal,2018,,129.03,,,,,
dataflow,ESTAT:PRC_HPI_A$DEFAULTVIEW(1.0),House price index (2015 = 100) - annual data,A,Annual,TOTAL,Total,I15_A_AVG,"Annual average index, 2015=100",PT,Portugal,2019,,141.88,,,,,
dataflow,ESTAT:PRC_HPI_A$DEFAULTVIEW(1.0),House price index (2015 = 100) - annual data,A,Annual,TOTAL,Total,I15_A_AVG,"Annual average index, 2015=100",PT,Portugal,2020,,154.33,,,,,
dataflow,ESTAT:PRC_HPI_A$DEFAULTVIEW(1.0),House price index (2015 = 100) - annual data,A,Annual,TOTAL,Total,I15_A_AVG,"Annual average index, 2015=100",PT,Portugal,2021,,168.84,,,,,
dataflow,ESTAT:PRC_HPI_A$DEFAULTVIEW(1.0),House price index (2015 = 100) - annual data,A,Annual,TOTAL,Total,I15_A_AVG,"Annual average index, 2015=100",PT,Portugal,2022,,190.17,,,,,
dataflow,ESTAT:PRC_HPI_A$DEFAULTVIEW(1.0),House price index (2015 = 100) - annual data,A,Annual,TOTAL,Total,I15_A_AVG,"Annual average index, 2015=100",PT,Portugal,2023,,205.76,,,,,
dataflow,ESTAT:PRC_HPI_A$DEFAULTVIEW(1.0),House price index (2015 = 100) - annual data,A,Annual,TOTAL,Total,I15_A_AVG,"Annual average index, 2015=100",PT,Portugal,2024,,224.44,,,,,
dataflow,ESTAT:PRC_HPI_A$DEFAULTVIEW(1.0),House price index (2015 = 100) - annual data,A,Annual,TOTAL,Total,I15_A_AVG,"Annual average index, 2015=100",PT,Portugal,2025,,263.85,,,,,
dataflow,ESTAT:PRC_HPI_A$DEFAULTVIEW(1.0),House price index (2015 = 100) - annual data,A,Annual,TOTAL,Total,I15_A_AVG,"Annual average index, 2015=100",RO,Romania,2016,,105.95,,,,,
dataflow,ESTAT:PRC_HPI_A$DEFAULTVIEW(1.0),House price index (2015 = 100) - annual data,A,Annual,TOTAL,Total,I15_A_AVG,"Annual average index, 2015=100",RO,Romania,2017,,112.36,,,,,
dataflow,ESTAT:PRC_HPI_A$DEFAULTVIEW(1.0),House price index (2015 = 100) - annual data,A,Annual,TOTAL,Total,I15_A_AVG,"Annual average index, 2015=100",RO,Romania,2018,,118.62,,,,,
dataflow,ESTAT:PRC_HPI_A$DEFAULTVIEW(1.0),House price index (2015 = 100) - annual data,A,Annual,TOTAL,Total,I15_A_AVG,"Annual average index, 2015=100",RO,Romania,2019,,122.69,,,,,
dataflow,ESTAT:PRC_HPI_A$DEFAULTVIEW(1.0),House price index (2015 = 100) - annual data,A,Annual,TOTAL,Total,I15_A_AVG,"Annual average index, 2015=100",RO,Romania,2020,,128.44,,,,,
dataflow,ESTAT:PRC_HPI_A$DEFAULTVIEW(1.0),House price index (2015 = 100) - annual data,A,Annual,TOTAL,Total,I15_A_AVG,"Annual average index, 2015=100",RO,Romania,2021,,134.09,,,,,
dataflow,ESTAT:PRC_HPI_A$DEFAULTVIEW(1.0),House price index (2015 = 100) - annual data,A,Annual,TOTAL,Total,I15_A_AVG,"Annual average index, 2015=100",RO,Romania,2022,,143.70,,,,,
dataflow,ESTAT:PRC_HPI_A$DEFAULTVIEW(1.0),House price index (2015 = 100) - annual data,A,Annual,TOTAL,Total,I15_A_AVG,"Annual average index, 2015=100",RO,Romania,2023,,148.43,,,,,
dataflow,ESTAT:PRC_HPI_A$DEFAULTVIEW(1.0),House price index (2015 = 100) - annual data,A,Annual,TOTAL,Total,I15_A_AVG,"Annual average index, 2015=100",RO,Romania,2024,,155.89,,,,,
dataflow,ESTAT:PRC_HPI_A$DEFAULTVIEW(1.0),House price index (2015 = 100) - annual data,A,Annual,TOTAL,Total,I15_A_AVG,"Annual average index, 2015=100",RO,Romania,2025,,164.82,,,,,
dataflow,ESTAT:PRC_HPI_A$DEFAULTVIEW(1.0),House price index (2015 = 100) - annual data,A,Annual,TOTAL,Total,I15_A_AVG,"Annual average index, 2015=100",SE,Sweden,2016,,108.24,,,,,
dataflow,ESTAT:PRC_HPI_A$DEFAULTVIEW(1.0),House price index (2015 = 100) - annual data,A,Annual,TOTAL,Total,I15_A_AVG,"Annual average index, 2015=100",SE,Sweden,2017,,115.43,,,,,
dataflow,ESTAT:PRC_HPI_A$DEFAULTVIEW(1.0),House price index (2015 = 100) - annual data,A,Annual,TOTAL,Total,I15_A_AVG,"Annual average index, 2015=100",SE,Sweden,2018,,114.35,,,,,
dataflow,ESTAT:PRC_HPI_A$DEFAULTVIEW(1.0),House price index (2015 = 100) - annual data,A,Annual,TOTAL,Total,I15_A_AVG,"Annual average index, 2015=100",SE,Sweden,2019,,117.19,,,,,
dataflow,ESTAT:PRC_HPI_A$DEFAULTVIEW(1.0),House price index (2015 = 100) - annual data,A,Annual,TOTAL,Total,I15_A_AVG,"Annual average index, 2015=100",SE,Sweden,2020,,122.11,,,,,
dataflow,ESTAT:PRC_HPI_A$DEFAULTVIEW(1.0),House price index (2015 = 100) - annual data,A,Annual,TOTAL,Total,I15_A_AVG,"Annual average index, 2015=100",SE,Sweden,2021,,134.46,,,,,
dataflow,ESTAT:PRC_HPI_A$DEFAULTVIEW(1.0),House price index (2015 = 100) - annual data,A,Annual,TOTAL,Total,I15_A_AVG,"Annual average index, 2015=100",SE,Sweden,2022,,139.25,,,,,
dataflow,ESTAT:PRC_HPI_A$DEFAULTVIEW(1.0),House price index (2015 = 100) - annual data,A,Annual,TOTAL,Total,I15_A_AVG,"Annual average index, 2015=100",SE,Sweden,2023,,132.05,,,,,
dataflow,ESTAT:PRC_HPI_A$DEFAULTVIEW(1.0),House price index (2015 = 100) - annual data,A,Annual,TOTAL,Total,I15_A_AVG,"Annual average index, 2015=100",SE,Sweden,2024,,132.03,,,,,
dataflow,ESTAT:PRC_HPI_A$DEFAULTVIEW(1.0),House price index (2015 = 100) - annual data,A,Annual,TOTAL,Total,I15_A_AVG,"Annual average index, 2015=100",SE,Sweden,2025,,133.41,,,,,
dataflow,ESTAT:PRC_HPI_A$DEFAULTVIEW(1.0),House price index (2015 = 100) - annual data,A,Annual,TOTAL,Total,I15_A_AVG,"Annual average index, 2015=100",SI,Slovenia,2016,,103.25,,,,,
dataflow,ESTAT:PRC_HPI_A$DEFAULTVIEW(1.0),House price index (2015 = 100) - annual data,A,Annual,TOTAL,Total,I15_A_AVG,"Annual average index, 2015=100",SI,Slovenia,2017,,111.79,,,,,
dataflow,ESTAT:PRC_HPI_A$DEFAULTVIEW(1.0),House price index (2015 = 100) - annual data,A,Annual,TOTAL,Total,I15_A_AVG,"Annual average index, 2015=100",SI,Slovenia,2018,,121.55,,,,,
dataflow,ESTAT:PRC_HPI_A$DEFAULTVIEW(1.0),House price index (2015 = 100) - annual data,A,Annual,TOTAL,Total,I15_A_AVG,"Annual average index, 2015=100",SI,Slovenia,2019,,129.69,,,,,
dataflow,ESTAT:PRC_HPI_A$DEFAULTVIEW(1.0),House price index (2015 = 100) - annual data,A,Annual,TOTAL,Total,I15_A_AVG,"Annual average index, 2015=100",SI,Slovenia,2020,,135.66,,,,,
dataflow,ESTAT:PRC_HPI_A$DEFAULTVIEW(1.0),House price index (2015 = 100) - annual data,A,Annual,TOTAL,Total,I15_A_AVG,"Annual average index, 2015=100",SI,Slovenia,2021,,151.32,,,,,
dataflow,ESTAT:PRC_HPI_A$DEFAULTVIEW(1.0),House price index (2015 = 100) - annual data,A,Annual,TOTAL,Total,I15_A_AVG,"Annual average index, 2015=100",SI,Slovenia,2022,,173.65,,,,,
dataflow,ESTAT:PRC_HPI_A$DEFAULTVIEW(1.0),House price index (2015 = 100) - annual data,A,Annual,TOTAL,Total,I15_A_AVG,"Annual average index, 2015=100",SI,Slovenia,2023,,186.22,,,,,
dataflow,ESTAT:PRC_HPI_A$DEFAULTVIEW(1.0),House price index (2015 = 100) - annual data,A,Annual,TOTAL,Total,I15_A_AVG,"Annual average index, 2015=100",SI,Slovenia,2024,,200.26,,,,,
dataflow,ESTAT:PRC_HPI_A$DEFAULTVIEW(1.0),House price index (2015 = 100) - annual data,A,Annual,TOTAL,Total,I15_A_AVG,"Annual average index, 2015=100",SI,Slovenia,2025,,208.89,,p,provisional,,
dataflow,ESTAT:PRC_HPI_A$DEFAULTVIEW(1.0),House price index (2015 = 100) - annual data,A,Annual,TOTAL,Total,I15_A_AVG,"Annual average index, 2015=100",SK,Slovakia,2016,,106.67,,,,,
dataflow,ESTAT:PRC_HPI_A$DEFAULTVIEW(1.0),House price index (2015 = 100) - annual data,A,Annual,TOTAL,Total,I15_A_AVG,"Annual average index, 2015=100",SK,Slovakia,2017,,112.91,,,,,
dataflow,ESTAT:PRC_HPI_A$DEFAULTVIEW(1.0),House price index (2015 = 100) - annual data,A,Annual,TOTAL,Total,I15_A_AVG,"Annual average index, 2015=100",SK,Slovakia,2018,,121.32,,,,,
dataflow,ESTAT:PRC_HPI_A$DEFAULTVIEW(1.0),House price index (2015 = 100) - annual data,A,Annual,TOTAL,Total,I15_A_AVG,"Annual average index, 2015=100",SK,Slovakia,2019,,132.40,,,,,
dataflow,ESTAT:PRC_HPI_A$DEFAULTVIEW(1.0),House price index (2015 = 100) - annual data,A,Annual,TOTAL,Total,I15_A_AVG,"Annual average index, 2015=100",SK,Slovakia,2020,,145.02,,,,,
dataflow,ESTAT:PRC_HPI_A$DEFAULTVIEW(1.0),House price index (2015 = 100) - annual data,A,Annual,TOTAL,Total,I15_A_AVG,"Annual average index, 2015=100",SK,Slovakia,2021,,154.27,,,,,
dataflow,ESTAT:PRC_HPI_A$DEFAULTVIEW(1.0),House price index (2015 = 100) - annual data,A,Annual,TOTAL,Total,I15_A_AVG,"Annual average index, 2015=100",SK,Slovakia,2022,,175.41,,,,,
dataflow,ESTAT:PRC_HPI_A$DEFAULTVIEW(1.0),House price index (2015 = 100) - annual data,A,Annual,TOTAL,Total,I15_A_AVG,"Annual average index, 2015=100",SK,Slovakia,2023,,175.08,,,,,
dataflow,ESTAT:PRC_HPI_A$DEFAULTVIEW(1.0),House price index (2015 = 100) - annual data,A,Annual,TOTAL,Total,I15_A_AVG,"Annual average index, 2015=100",SK,Slovakia,2024,,181.67,,,,,
dataflow,ESTAT:PRC_HPI_A$DEFAULTVIEW(1.0),House price index (2015 = 100) - annual data,A,Annual,TOTAL,Total,I15_A_AVG,"Annual average index, 2015=100",SK,Slovakia,2025,,204.22,,,,,
dataflow,ESTAT:PRC_HPI_A$DEFAULTVIEW(1.0),House price index (2015 = 100) - annual data,A,Annual,TOTAL,Total,I15_A_AVG,"Annual average index, 2015=100",TR,Türkiye,2016,,112.78,,d,definition differs (see metadata),,
dataflow,ESTAT:PRC_HPI_A$DEFAULTVIEW(1.0),House price index (2015 = 100) - annual data,A,Annual,TOTAL,Total,I15_A_AVG,"Annual average index, 2015=100",TR,Türkiye,2017,,124.98,,d,definition differs (see metadata),,
dataflow,ESTAT:PRC_HPI_A$DEFAULTVIEW(1.0),House price index (2015 = 100) - annual data,A,Annual,TOTAL,Total,I15_A_AVG,"Annual average index, 2015=100",TR,Türkiye,2018,,134.77,,d,definition differs (see metadata),,
dataflow,ESTAT:PRC_HPI_A$DEFAULTVIEW(1.0),House price index (2015 = 100) - annual data,A,Annual,TOTAL,Total,I15_A_AVG,"Annual average index, 2015=100",TR,Türkiye,2019,,141.25,,d,definition differs (see metadata),,
dataflow,ESTAT:PRC_HPI_A$DEFAULTVIEW(1.0),House price index (2015 = 100) - annual data,A,Annual,TOTAL,Total,I15_A_AVG,"Annual average index, 2015=100",TR,Türkiye,2020,,174.84,,d,definition differs (see metadata),,
dataflow,ESTAT:PRC_HPI_A$DEFAULTVIEW(1.0),House price index (2015 = 100) - annual data,A,Annual,TOTAL,Total,I15_A_AVG,"Annual average index, 2015=100",TR,Türkiye,2021,,240.48,,d,definition differs (see metadata),,
dataflow,ESTAT:PRC_HPI_A$DEFAULTVIEW(1.0),House price index (2015 = 100) - annual data,A,Annual,TOTAL,Total,I15_A_AVG,"Annual average index, 2015=100",TR,Türkiye,2022,,611.40,,d,definition differs (see metadata),,
dataflow,ESTAT:PRC_HPI_A$DEFAULTVIEW(1.0),House price index (2015 = 100) - annual data,A,Annual,TOTAL,Total,I15_A_AVG,"Annual average index, 2015=100",TR,Türkiye,2023,,1216.29,,d,definition differs (see metadata),,
dataflow,ESTAT:PRC_HPI_A$DEFAULTVIEW(1.0),House price index (2015 = 100) - annual data,A,Annual,TOTAL,Total,I15_A_AVG,"Annual average index, 2015=100",TR,Türkiye,2024,,1721.53,,d,definition differs (see metadata),,
dataflow,ESTAT:PRC_HPI_A$DEFAULTVIEW(1.0),House price index (2015 = 100) - annual data,A,Annual,TOTAL,Total,I15_A_AVG,"Annual average index, 2015=100",UK,United Kingdom,2016,,106.99,,,,,
dataflow,ESTAT:PRC_HPI_A$DEFAULTVIEW(1.0),House price index (2015 = 100) - annual data,A,Annual,TOTAL,Total,I15_A_AVG,"Annual average index, 2015=100",UK,United Kingdom,2017,,111.86,,,,,
dataflow,ESTAT:PRC_HPI_A$DEFAULTVIEW(1.0),House price index (2015 = 100) - annual data,A,Annual,TOTAL,Total,I15_A_AVG,"Annual average index, 2015=100",UK,United Kingdom,2018,,115.53,,,,,
dataflow,ESTAT:PRC_HPI_A$DEFAULTVIEW(1.0),House price index (2015 = 100) - annual data,A,Annual,TOTAL,Total,I15_A_AVG,"Annual average index, 2015=100",UK,United Kingdom,2019,,116.67,,,,,
dataflow,ESTAT:PRC_HPI_A$DEFAULTVIEW(1.0),House price index (2015 = 100) - annual data,A,Annual,TOTAL,Total,RCH_A_AVG,Annual average rate of change,AT,Austria,2016,,6.7,,,,,
dataflow,ESTAT:PRC_HPI_A$DEFAULTVIEW(1.0),House price index (2015 = 100) - annual data,A,Annual,TOTAL,Total,RCH_A_AVG,Annual average rate of change,AT,Austria,2017,,5.1,,,,,
dataflow,ESTAT:PRC_HPI_A$DEFAULTVIEW(1.0),House price index (2015 = 100) - annual data,A,Annual,TOTAL,Total,RCH_A_AVG,Annual average rate of change,AT,Austria,2018,,6.0,,,,,
dataflow,ESTAT:PRC_HPI_A$DEFAULTVIEW(1.0),House price index (2015 = 100) - annual data,A,Annual,TOTAL,Total,RCH_A_AVG,Annual average rate of change,AT,Austria,2019,,6.0,,,,,
dataflow,ESTAT:PRC_HPI_A$DEFAULTVIEW(1.0),House price index (2015 = 100) - annual data,A,Annual,TOTAL,Total,RCH_A_AVG,Annual average rate of change,AT,Austria,2020,,7.6,,,,,
dataflow,ESTAT:PRC_HPI_A$DEFAULTVIEW(1.0),House price index (2015 = 100) - annual data,A,Annual,TOTAL,Total,RCH_A_AVG,Annual average rate of change,AT,Austria,2021,,11.4,,,,,
dataflow,ESTAT:PRC_HPI_A$DEFAULTVIEW(1.0),House price index (2015 = 100) - annual data,A,Annual,TOTAL,Total,RCH_A_AVG,Annual average rate of change,AT,Austria,2022,,11.6,,,,,
dataflow,ESTAT:PRC_HPI_A$DEFAULTVIEW(1.0),House price index (2015 = 100) - annual data,A,Annual,TOTAL,Total,RCH_A_AVG,Annual average rate of change,AT,Austria,2023,,-2.9,,,,,
dataflow,ESTAT:PRC_HPI_A$DEFAULTVIEW(1.0),House price index (2015 = 100) - annual data,A,Annual,TOTAL,Total,RCH_A_AVG,Annual average rate of change,AT,Austria,2024,,-0.4,,,,,
dataflow,ESTAT:PRC_HPI_A$DEFAULTVIEW(1.0),House price index (2015 = 100) - annual data,A,Annual,TOTAL,Total,RCH_A_AVG,Annual average rate of change,AT,Austria,2025,,2.6,,p,provisional,,
dataflow,ESTAT:PRC_HPI_A$DEFAULTVIEW(1.0),House price index (2015 = 100) - annual data,A,Annual,TOTAL,Total,RCH_A_AVG,Annual average rate of change,BE,Belgium,2016,,2.3,,,,,
dataflow,ESTAT:PRC_HPI_A$DEFAULTVIEW(1.0),House price index (2015 = 100) - annual data,A,Annual,TOTAL,Total,RCH_A_AVG,Annual average rate of change,BE,Belgium,2017,,3.5,,,,,
dataflow,ESTAT:PRC_HPI_A$DEFAULTVIEW(1.0),House price index (2015 = 100) - annual data,A,Annual,TOTAL,Total,RCH_A_AVG,Annual average rate of change,BE,Belgium,2018,,3.0,,,,,
dataflow,ESTAT:PRC_HPI_A$DEFAULTVIEW(1.0),House price index (2015 = 100) - annual data,A,Annual,TOTAL,Total,RCH_A_AVG,Annual average rate of change,BE,Belgium,2019,,3.7,,,,,
dataflow,ESTAT:PRC_HPI_A$DEFAULTVIEW(1.0),House price index (2015 = 100) - annual data,A,Annual,TOTAL,Total,RCH_A_AVG,Annual average rate of change,BE,Belgium,2020,,4.3,,,,,
dataflow,ESTAT:PRC_HPI_A$DEFAULTVIEW(1.0),House price index (2015 = 100) - annual data,A,Annual,TOTAL,Total,RCH_A_AVG,Annual average rate of change,BE,Belgium,2021,,6.7,,,,,
dataflow,ESTAT:PRC_HPI_A$DEFAULTVIEW(1.0),House price index (2015 = 100) - annual data,A,Annual,TOTAL,Total,RCH_A_AVG,Annual average rate of change,BE,Belgium,2022,,5.5,,,,,
dataflow,ESTAT:PRC_HPI_A$DEFAULTVIEW(1.0),House price index (2015 = 100) - annual data,A,Annual,TOTAL,Total,RCH_A_AVG,Annual average rate of change,BE,Belgium,2023,,2.3,,,,,
dataflow,ESTAT:PRC_HPI_A$DEFAULTVIEW(1.0),House price index (2015 = 100) - annual data,A,Annual,TOTAL,Total,RCH_A_AVG,Annual average rate of change,BE,Belgium,2024,,3.2,,,,,
dataflow,ESTAT:PRC_HPI_A$DEFAULTVIEW(1.0),House price index (2015 = 100) - annual data,A,Annual,TOTAL,Total,RCH_A_AVG,Annual average rate of change,BE,Belgium,2025,,3.2,,p,provisional,,
dataflow,ESTAT:PRC_HPI_A$DEFAULTVIEW(1.0),House price index (2015 = 100) - annual data,A,Annual,TOTAL,Total,RCH_A_AVG,Annual average rate of change,BG,Bulgaria,2016,,7.0,,,,,
dataflow,ESTAT:PRC_HPI_A$DEFAULTVIEW(1.0),House price index (2015 = 100) - annual data,A,Annual,TOTAL,Total,RCH_A_AVG,Annual average rate of change,BG,Bulgaria,2017,,8.7,,,,,
dataflow,ESTAT:PRC_HPI_A$DEFAULTVIEW(1.0),House price index (2015 = 100) - annual data,A,Annual,TOTAL,Total,RCH_A_AVG,Annual average rate of change,BG,Bulgaria,2018,,6.6,,,,,
dataflow,ESTAT:PRC_HPI_A$DEFAULTVIEW(1.0),House price index (2015 = 100) - annual data,A,Annual,TOTAL,Total,RCH_A_AVG,Annual average rate of change,BG,Bulgaria,2019,,6.0,,,,,
dataflow,ESTAT:PRC_HPI_A$DEFAULTVIEW(1.0),House price index (2015 = 100) - annual data,A,Annual,TOTAL,Total,RCH_A_AVG,Annual average rate of change,BG,Bulgaria,2020,,4.6,,,,,
dataflow,ESTAT:PRC_HPI_A$DEFAULTVIEW(1.0),House price index (2015 = 100) - annual data,A,Annual,TOTAL,Total,RCH_A_AVG,Annual average rate of change,BG,Bulgaria,2021,,8.7,,,,,
dataflow,ESTAT:PRC_HPI_A$DEFAULTVIEW(1.0),House price index (2015 = 100) - annual data,A,Annual,TOTAL,Total,RCH_A_AVG,Annual average rate of change,BG,Bulgaria,2022,,13.8,,b,break in time series,,
dataflow,ESTAT:PRC_HPI_A$DEFAULTVIEW(1.0),House price index (2015 = 100) - annual data,A,Annual,TOTAL,Total,RCH_A_AVG,Annual average rate of change,BG,Bulgaria,2023,,9.9,,,,,
dataflow,ESTAT:PRC_HPI_A$DEFAULTVIEW(1.0),House price index (2015 = 100) - annual data,A,Annual,TOTAL,Total,RCH_A_AVG,Annual average rate of change,BG,Bulgaria,2024,,16.5,,,,,
dataflow,ESTAT:PRC_HPI_A$DEFAULTVIEW(1.0),House price index (2015 = 100) - annual data,A,Annual,TOTAL,Total,RCH_A_AVG,Annual average rate of change,BG,Bulgaria,2025,,14.6,,p,provisional,,
dataflow,ESTAT:PRC_HPI_A$DEFAULTVIEW(1.0),House price index (2015 = 100) - annual data,A,Annual,TOTAL,Total,RCH_A_AVG,Annual average rate of change,CH,Switzerland,2018,,3.0,,,,,
dataflow,ESTAT:PRC_HPI_A$DEFAULTVIEW(1.0),House price index (2015 = 100) - annual data,A,Annual,TOTAL,Total,RCH_A_AVG,Annual average rate of change,CH,Switzerland,2019,,3.7,,,,,
dataflow,ESTAT:PRC_HPI_A$DEFAULTVIEW(1.0),House price index (2015 = 100) - annual data,A,Annual,TOTAL,Total,RCH_A_AVG,Annual average rate of change,CH,Switzerland,2020,,2.5,,,,,
dataflow,ESTAT:PRC_HPI_A$DEFAULTVIEW(1.0),House price index (2015 = 100) - annual data,A,Annual,TOTAL,Total,RCH_A_AVG,Annual average rate of change,CH,Switzerland,2021,,5.7,,,,,
dataflow,ESTAT:PRC_HPI_A$DEFAULTVIEW(1.0),House price index (2015 = 100) - annual data,A,Annual,TOTAL,Total,RCH_A_AVG,Annual average rate of change,CH,Switzerland,2022,,6.4,,,,,
dataflow,ESTAT:PRC_HPI_A$DEFAULTVIEW(1.0),House price index (2015 = 100) - annual data,A,Annual,TOTAL,Total,RCH_A_AVG,Annual average rate of change,CH,Switzerland,2023,,2.2,,,,,
dataflow,ESTAT:PRC_HPI_A$DEFAULTVIEW(1.0),House price index (2015 = 100) - annual data,A,Annual,TOTAL,Total,RCH_A_AVG,Annual average rate of change,CH,Switzerland,2024,,1.7,,,,,
dataflow,ESTAT:PRC_HPI_A$DEFAULTVIEW(1.0),House price index (2015 = 100) - annual data,A,Annual,TOTAL,Total,RCH_A_AVG,Annual average rate of change,CH,Switzerland,2025,,4.6,,,,,
dataflow,ESTAT:PRC_HPI_A$DEFAULTVIEW(1.0),House price index (2015 = 100) - annual data,A,Annual,TOTAL,Total,RCH_A_AVG,Annual average rate of change,CY,Cyprus,2016,,-0.2,,,,,
dataflow,ESTAT:PRC_HPI_A$DEFAULTVIEW(1.0),House price index (2015 = 100) - annual data,A,Annual,TOTAL,Total,RCH_A_AVG,Annual average rate of change,CY,Cyprus,2017,,4.7,,,,,
dataflow,ESTAT:PRC_HPI_A$DEFAULTVIEW(1.0),House price index (2015 = 100) - annual data,A,Annual,TOTAL,Total,RCH_A_AVG,Annual average rate of change,CY,Cyprus,2018,,-1.3,,,,,
dataflow,ESTAT:PRC_HPI_A$DEFAULTVIEW(1.0),House price index (2015 = 100) - annual data,A,Annual,TOTAL,Total,RCH_A_AVG,Annual average rate of change,CY,Cyprus,2019,,8.4,,,,,
dataflow,ESTAT:PRC_HPI_A$DEFAULTVIEW(1.0),House price index (2015 = 100) - annual data,A,Annual,TOTAL,Total,RCH_A_AVG,Annual average rate of change,CY,Cyprus,2020,,5.2,,,,,
dataflow,ESTAT:PRC_HPI_A$DEFAULTVIEW(1.0),House price index (2015 = 100) - annual data,A,Annual,TOTAL,Total,RCH_A_AVG,Annual average rate of change,CY,Cyprus,2021,,-1.5,,,,,
dataflow,ESTAT:PRC_HPI_A$DEFAULTVIEW(1.0),House price index (2015 = 100) - annual data,A,Annual,TOTAL,Total,RCH_A_AVG,Annual average rate of change,CY,Cyprus,2022,,6.5,,,,,
dataflow,ESTAT:PRC_HPI_A$DEFAULTVIEW(1.0),House price index (2015 = 100) - annual data,A,Annual,TOTAL,Total,RCH_A_AVG,Annual average rate of change,CY,Cyprus,2023,,9.2,,,,,
dataflow,ESTAT:PRC_HPI_A$DEFAULTVIEW(1.0),House price index (2015 = 100) - annual data,A,Annual,TOTAL,Total,RCH_A_AVG,Annual average rate of change,CY,Cyprus,2024,,7.3,,,,,
dataflow,ESTAT:PRC_HPI_A$DEFAULTVIEW(1.0),House price index (2015 = 100) - annual data,A,Annual,TOTAL,Total,RCH_A_AVG,Annual average rate of change,CY,Cyprus,2025,,4.5,,,,,
dataflow,ESTAT:PRC_HPI_A$DEFAULTVIEW(1.0),House price index (2015 = 100) - annual data,A,Annual,TOTAL,Total,RCH_A_AVG,Annual average rate of change,CZ,Czechia,2016,,7.2,,,,,
dataflow,ESTAT:PRC_HPI_A$DEFAULTVIEW(1.0),House price index (2015 = 100) - annual data,A,Annual,TOTAL,Total,RCH_A_AVG,Annual average rate of change,CZ,Czechia,2017,,11.7,,,,,
dataflow,ESTAT:PRC_HPI_A$DEFAULTVIEW(1.0),House price index (2015 = 100) - annual data,A,Annual,TOTAL,Total,RCH_A_AVG,Annual average rate of change,CZ,Czechia,2018,,8.6,,,,,
dataflow,ESTAT:PRC_HPI_A$DEFAULTVIEW(1.0),House price index (2015 = 100) - annual data,A,Annual,TOTAL,Total,RCH_A_AVG,Annual average rate of change,CZ,Czechia,2019,,9.2,,,,,
dataflow,ESTAT:PRC_HPI_A$DEFAULTVIEW(1.0),House price index (2015 = 100) - annual data,A,Annual,TOTAL,Total,RCH_A_AVG,Annual average rate of change,CZ,Czechia,2020,,8.4,,,,,
dataflow,ESTAT:PRC_HPI_A$DEFAULTVIEW(1.0),House price index (2015 = 100) - annual data,A,Annual,TOTAL,Total,RCH_A_AVG,Annual average rate of change,CZ,Czechia,2021,,19.7,,,,,
dataflow,ESTAT:PRC_HPI_A$DEFAULTVIEW(1.0),House price index (2015 = 100) - annual data,A,Annual,TOTAL,Total,RCH_A_AVG,Annual average rate of change,CZ,Czechia,2022,,16.9,,,,,
dataflow,ESTAT:PRC_HPI_A$DEFAULTVIEW(1.0),House price index (2015 = 100) - annual data,A,Annual,TOTAL,Total,RCH_A_AVG,Annual average rate of change,CZ,Czechia,2023,,-1.7,,,,,
dataflow,ESTAT:PRC_HPI_A$DEFAULTVIEW(1.0),House price index (2015 = 100) - annual data,A,Annual,TOTAL,Total,RCH_A_AVG,Annual average rate of change,CZ,Czechia,2024,,5.0,,,,,
dataflow,ESTAT:PRC_HPI_A$DEFAULTVIEW(1.0),House price index (2015 = 100) - annual data,A,Annual,TOTAL,Total,RCH_A_AVG,Annual average rate of change,CZ,Czechia,2025,,10.4,,,,,
dataflow,ESTAT:PRC_HPI_A$DEFAULTVIEW(1.0),House price index (2015 = 100) - annual data,A,Annual,TOTAL,Total,RCH_A_AVG,Annual average rate of change,DE,Germany,2016,,7.5,,,,,
dataflow,ESTAT:PRC_HPI_A$DEFAULTVIEW(1.0),House price index (2015 = 100) - annual data,A,Annual,TOTAL,Total,RCH_A_AVG,Annual average rate of change,DE,Germany,2017,,6.1,,,,,
dataflow,ESTAT:PRC_HPI_A$DEFAULTVIEW(1.0),House price index (2015 = 100) - annual data,A,Annual,TOTAL,Total,RCH_A_AVG,Annual average rate of change,DE,Germany,2018,,6.6,,,,,
dataflow,ESTAT:PRC_HPI_A$DEFAULTVIEW(1.0),House price index (2015 = 100) - annual data,A,Annual,TOTAL,Total,RCH_A_AVG,Annual average rate of change,DE,Germany,2019,,5.8,,,,,
dataflow,ESTAT:PRC_HPI_A$DEFAULTVIEW(1.0),House price index (2015 = 100) - annual data,A,Annual,TOTAL,Total,RCH_A_AVG,Annual average rate of change,DE,Germany,2020,,7.8,,,,,
dataflow,ESTAT:PRC_HPI_A$DEFAULTVIEW(1.0),House price index (2015 = 100) - annual data,A,Annual,TOTAL,Total,RCH_A_AVG,Annual average rate of change,DE,Germany,2021,,11.6,,,,,
dataflow,ESTAT:PRC_HPI_A$DEFAULTVIEW(1.0),House price index (2015 = 100) - annual data,A,Annual,TOTAL,Total,RCH_A_AVG,Annual average rate of change,DE,Germany,2022,,6.1,,,,,
dataflow,ESTAT:PRC_HPI_A$DEFAULTVIEW(1.0),House price index (2015 = 100) - annual data,A,Annual,TOTAL,Total,RCH_A_AVG,Annual average rate of change,DE,Germany,2023,,-8.4,,,,,
dataflow,ESTAT:PRC_HPI_A$DEFAULTVIEW(1.0),House price index (2015 = 100) - annual data,A,Annual,TOTAL,Total,RCH_A_AVG,Annual average rate of change,DE,Germany,2024,,-1.5,,,,,
dataflow,ESTAT:PRC_HPI_A$DEFAULTVIEW(1.0),House price index (2015 = 100) - annual data,A,Annual,TOTAL,Total,RCH_A_AVG,Annual average rate of change,DE,Germany,2025,,3.2,,p,provisional,,
dataflow,ESTAT:PRC_HPI_A$DEFAULTVIEW(1.0),House price index (2015 = 100) - annual data,A,Annual,TOTAL,Total,RCH_A_AVG,Annual average rate of change,DK,Denmark,2016,,4.6,,,,,
dataflow,ESTAT:PRC_HPI_A$DEFAULTVIEW(1.0),House price index (2015 = 100) - annual data,A,Annual,TOTAL,Total,RCH_A_AVG,Annual average rate of change,DK,Denmark,2017,,5.0,,,,,
dataflow,ESTAT:PRC_HPI_A$DEFAULTVIEW(1.0),House price index (2015 = 100) - annual data,A,Annual,TOTAL,Total,RCH_A_AVG,Annual average rate of change,DK,Denmark,2018,,4.4,,,,,
dataflow,ESTAT:PRC_HPI_A$DEFAULTVIEW(1.0),House price index (2015 = 100) - annual data,A,Annual,TOTAL,Total,RCH_A_AVG,Annual average rate of change,DK,Denmark,2019,,2.2,,,,,
dataflow,ESTAT:PRC_HPI_A$DEFAULTVIEW(1.0),House price index (2015 = 100) - annual data,A,Annual,TOTAL,Total,RCH_A_AVG,Annual average rate of change,DK,Denmark,2020,,4.3,,,,,
dataflow,ESTAT:PRC_HPI_A$DEFAULTVIEW(1.0),House price index (2015 = 100) - annual data,A,Annual,TOTAL,Total,RCH_A_AVG,Annual average rate of change,DK,Denmark,2021,,11.5,,,,,
dataflow,ESTAT:PRC_HPI_A$DEFAULTVIEW(1.0),House price index (2015 = 100) - annual data,A,Annual,TOTAL,Total,RCH_A_AVG,Annual average rate of change,DK,Denmark,2022,,4.7,,,,,
dataflow,ESTAT:PRC_HPI_A$DEFAULTVIEW(1.0),House price index (2015 = 100) - annual data,A,Annual,TOTAL,Total,RCH_A_AVG,Annual average rate of change,DK,Denmark,2023,,-3.8,,,,,
dataflow,ESTAT:PRC_HPI_A$DEFAULTVIEW(1.0),House price index (2015 = 100) - annual data,A,Annual,TOTAL,Total,RCH_A_AVG,Annual average rate of change,DK,Denmark,2024,,3.5,,,,,
dataflow,ESTAT:PRC_HPI_A$DEFAULTVIEW(1.0),House price index (2015 = 100) - annual data,A,Annual,TOTAL,Total,RCH_A_AVG,Annual average rate of change,DK,Denmark,2025,,7.5,,,,,
dataflow,ESTAT:PRC_HPI_A$DEFAULTVIEW(1.0),House price index (2015 = 100) - annual data,A,Annual,TOTAL,Total,RCH_A_AVG,Annual average rate of change,EA,"Euro area (EA11-1999, EA12-2001, EA13-2007, EA15-2008, EA16-2009, EA17-2011, EA18-2014, EA19-2015, EA20-2023, EA21-2026)",2016,,4.0,,,,,
dataflow,ESTAT:PRC_HPI_A$DEFAULTVIEW(1.0),House price index (2015 = 100) - annual data,A,Annual,TOTAL,Total,RCH_A_AVG,Annual average rate of change,EA,"Euro area (EA11-1999, EA12-2001, EA13-2007, EA15-2008, EA16-2009, EA17-2011, EA18-2014, EA19-2015, EA20-2023, EA21-2026)",2017,,4.4,,,,,
dataflow,ESTAT:PRC_HPI_A$DEFAULTVIEW(1.0),House price index (2015 = 100) - annual data,A,Annual,TOTAL,Total,RCH_A_AVG,Annual average rate of change,EA,"Euro area (EA11-1999, EA12-2001, EA13-2007, EA15-2008, EA16-2009, EA17-2011, EA18-2014, EA19-2015, EA20-2023, EA21-2026)",2018,,4.8,,,,,
dataflow,ESTAT:PRC_HPI_A$DEFAULTVIEW(1.0),House price index (2015 = 100) - annual data,A,Annual,TOTAL,Total,RCH_A_AVG,Annual average rate of change,EA,"Euro area (EA11-1999, EA12-2001, EA13-2007, EA15-2008, EA16-2009, EA17-2011, EA18-2014, EA19-2015, EA20-2023, EA21-2026)",2019,,4.4,,,,,
dataflow,ESTAT:PRC_HPI_A$DEFAULTVIEW(1.0),House price index (2015 = 100) - annual data,A,Annual,TOTAL,Total,RCH_A_AVG,Annual average rate of change,EA,"Euro area (EA11-1999, EA12-2001, EA13-2007, EA15-2008, EA16-2009, EA17-2011, EA18-2014, EA19-2015, EA20-2023, EA21-2026)",2020,,5.3,,,,,
dataflow,ESTAT:PRC_HPI_A$DEFAULTVIEW(1.0),House price index (2015 = 100) - annual data,A,Annual,TOTAL,Total,RCH_A_AVG,Annual average rate of change,EA,"Euro area (EA11-1999, EA12-2001, EA13-2007, EA15-2008, EA16-2009, EA17-2011, EA18-2014, EA19-2015, EA20-2023, EA21-2026)",2021,,7.9,,,,,
dataflow,ESTAT:PRC_HPI_A$DEFAULTVIEW(1.0),House price index (2015 = 100) - annual data,A,Annual,TOTAL,Total,RCH_A_AVG,Annual average rate of change,EA,"Euro area (EA11-1999, EA12-2001, EA13-2007, EA15-2008, EA16-2009, EA17-2011, EA18-2014, EA19-2015, EA20-2023, EA21-2026)",2022,,7.3,,,,,
dataflow,ESTAT:PRC_HPI_A$DEFAULTVIEW(1.0),House price index (2015 = 100) - annual data,A,Annual,TOTAL,Total,RCH_A_AVG,Annual average rate of change,EA,"Euro area (EA11-1999, EA12-2001, EA13-2007, EA15-2008, EA16-2009, EA17-2011, EA18-2014, EA19-2015, EA20-2023, EA21-2026)",2023,,-1.2,,,,,
dataflow,ESTAT:PRC_HPI_A$DEFAULTVIEW(1.0),House price index (2015 = 100) - annual data,A,Annual,TOTAL,Total,RCH_A_AVG,Annual average rate of change,EA,"Euro area (EA11-1999, EA12-2001, EA13-2007, EA15-2008, EA16-2009, EA17-2011, EA18-2014, EA19-2015, EA20-2023, EA21-2026)",2024,,2.0,,,,,
dataflow,ESTAT:PRC_HPI_A$DEFAULTVIEW(1.0),House price index (2015 = 100) - annual data,A,Annual,TOTAL,Total,RCH_A_AVG,Annual average rate of change,EA,"Euro area (EA11-1999, EA12-2001, EA13-2007, EA15-2008, EA16-2009, EA17-2011, EA18-2014, EA19-2015, EA20-2023, EA21-2026)",2025,,5.2,,,,,
dataflow,ESTAT:PRC_HPI_A$DEFAULTVIEW(1.0),House price index (2015 = 100) - annual data,A,Annual,TOTAL,Total,RCH_A_AVG,Annual average rate of change,EA19,Euro area - 19 countries  (2015-2022),2016,,4.0,,,,,
dataflow,ESTAT:PRC_HPI_A$DEFAULTVIEW(1.0),House price index (2015 = 100) - annual data,A,Annual,TOTAL,Total,RCH_A_AVG,Annual average rate of change,EA19,Euro area - 19 countries  (2015-2022),2017,,4.4,,,,,
dataflow,ESTAT:PRC_HPI_A$DEFAULTVIEW(1.0),House price index (2015 = 100) - annual data,A,Annual,TOTAL,Total,RCH_A_AVG,Annual average rate of change,EA19,Euro area - 19 countries  (2015-2022),2018,,4.8,,,,,
dataflow,ESTAT:PRC_HPI_A$DEFAULTVIEW(1.0),House price index (2015 = 100) - annual data,A,Annual,TOTAL,Total,RCH_A_AVG,Annual average rate of change,EA19,Euro area - 19 countries  (2015-2022),2019,,4.4,,,,,
dataflow,ESTAT:PRC_HPI_A$DEFAULTVIEW(1.0),House price index (2015 = 100) - annual data,A,Annual,TOTAL,Total,RCH_A_AVG,Annual average rate of change,EA19,Euro area - 19 countries  (2015-2022),2020,,5.3,,,,,
dataflow,ESTAT:PRC_HPI_A$DEFAULTVIEW(1.0),House price index (2015 = 100) - annual data,A,Annual,TOTAL,Total,RCH_A_AVG,Annual average rate of change,EA19,Euro area - 19 countries  (2015-2022),2021,,7.9,,,,,
dataflow,ESTAT:PRC_HPI_A$DEFAULTVIEW(1.0),House price index (2015 = 100) - annual data,A,Annual,TOTAL,Total,RCH_A_AVG,Annual average rate of change,EA19,Euro area - 19 countries  (2015-2022),2022,,7.3,,,,,
dataflow,ESTAT:PRC_HPI_A$DEFAULTVIEW(1.0),House price index (2015 = 100) - annual data,A,Annual,TOTAL,Total,RCH_A_AVG,Annual average rate of change,EA19,Euro area - 19 countries  (2015-2022),2023,,-1.2,,,,,
dataflow,ESTAT:PRC_HPI_A$DEFAULTVIEW(1.0),House price index (2015 = 100) - annual data,A,Annual,TOTAL,Total,RCH_A_AVG,Annual average rate of change,EA19,Euro area - 19 countries  (2015-2022),2024,,1.9,,,,,
dataflow,ESTAT:PRC_HPI_A$DEFAULTVIEW(1.0),House price index (2015 = 100) - annual data,A,Annual,TOTAL,Total,RCH_A_AVG,Annual average rate of change,EA19,Euro area - 19 countries  (2015-2022),2025,,5.1,,,,,
dataflow,ESTAT:PRC_HPI_A$DEFAULTVIEW(1.0),House price index (2015 = 100) - annual data,A,Annual,TOTAL,Total,RCH_A_AVG,Annual average rate of change,EA20,Euro area – 20 countries (2023-2025),2016,,4.0,,,,,
dataflow,ESTAT:PRC_HPI_A$DEFAULTVIEW(1.0),House price index (2015 = 100) - annual data,A,Annual,TOTAL,Total,RCH_A_AVG,Annual average rate of change,EA20,Euro area – 20 countries (2023-2025),2017,,4.4,,,,,
dataflow,ESTAT:PRC_HPI_A$DEFAULTVIEW(1.0),House price index (2015 = 100) - annual data,A,Annual,TOTAL,Total,RCH_A_AVG,Annual average rate of change,EA20,Euro area – 20 countries (2023-2025),2018,,4.8,,,,,
dataflow,ESTAT:PRC_HPI_A$DEFAULTVIEW(1.0),House price index (2015 = 100) - annual data,A,Annual,TOTAL,Total,RCH_A_AVG,Annual average rate of change,EA20,Euro area – 20 countries (2023-2025),2019,,4.4,,,,,
dataflow,ESTAT:PRC_HPI_A$DEFAULTVIEW(1.0),House price index (2015 = 100) - annual data,A,Annual,TOTAL,Total,RCH_A_AVG,Annual average rate of change,EA20,Euro area – 20 countries (2023-2025),2020,,5.3,,,,,
dataflow,ESTAT:PRC_HPI_A$DEFAULTVIEW(1.0),House price index (2015 = 100) - annual data,A,Annual,TOTAL,Total,RCH_A_AVG,Annual average rate of change,EA20,Euro area – 20 countries (2023-2025),2021,,7.9,,,,,
dataflow,ESTAT:PRC_HPI_A$DEFAULTVIEW(1.0),House price index (2015 = 100) - annual data,A,Annual,TOTAL,Total,RCH_A_AVG,Annual average rate of change,EA20,Euro area – 20 countries (2023-2025),2022,,7.3,,,,,
dataflow,ESTAT:PRC_HPI_A$DEFAULTVIEW(1.0),House price index (2015 = 100) - annual data,A,Annual,TOTAL,Total,RCH_A_AVG,Annual average rate of change,EA20,Euro area – 20 countries (2023-2025),2023,,-1.1,,,,,
dataflow,ESTAT:PRC_HPI_A$DEFAULTVIEW(1.0),House price index (2015 = 100) - annual data,A,Annual,TOTAL,Total,RCH_A_AVG,Annual average rate of change,EA20,Euro area – 20 countries (2023-2025),2024,,2.0,,,,,
dataflow,ESTAT:PRC_HPI_A$DEFAULTVIEW(1.0),House price index (2015 = 100) - annual data,A,Annual,TOTAL,Total,RCH_A_AVG,Annual average rate of change,EA20,Euro area – 20 countries (2023-2025),2025,,5.2,,,,,
dataflow,ESTAT:PRC_HPI_A$DEFAULTVIEW(1.0),House price index (2015 = 100) - annual data,A,Annual,TOTAL,Total,RCH_A_AVG,Annual average rate of change,EA21,Euro area – 21 countries (from 2026),2016,,4.0,,,,,
dataflow,ESTAT:PRC_HPI_A$DEFAULTVIEW(1.0),House price index (2015 = 100) - annual data,A,Annual,TOTAL,Total,RCH_A_AVG,Annual average rate of change,EA21,Euro area – 21 countries (from 2026),2017,,4.4,,,,,
dataflow,ESTAT:PRC_HPI_A$DEFAULTVIEW(1.0),House price index (2015 = 100) - annual data,A,Annual,TOTAL,Total,RCH_A_AVG,Annual average rate of change,EA21,Euro area – 21 countries (from 2026),2018,,4.8,,,,,
dataflow,ESTAT:PRC_HPI_A$DEFAULTVIEW(1.0),House price index (2015 = 100) - annual data,A,Annual,TOTAL,Total,RCH_A_AVG,Annual average rate of change,EA21,Euro area – 21 countries (from 2026),2019,,4.4,,,,,
dataflow,ESTAT:PRC_HPI_A$DEFAULTVIEW(1.0),House price index (2015 = 100) - annual data,A,Annual,TOTAL,Total,RCH_A_AVG,Annual average rate of change,EA21,Euro area – 21 countries (from 2026),2020,,5.3,,,,,
dataflow,ESTAT:PRC_HPI_A$DEFAULTVIEW(1.0),House price index (2015 = 100) - annual data,A,Annual,TOTAL,Total,RCH_A_AVG,Annual average rate of change,EA21,Euro area – 21 countries (from 2026),2021,,7.9,,,,,
dataflow,ESTAT:PRC_HPI_A$DEFAULTVIEW(1.0),House price index (2015 = 100) - annual data,A,Annual,TOTAL,Total,RCH_A_AVG,Annual average rate of change,EA21,Euro area – 21 countries (from 2026),2022,,7.4,,,,,
dataflow,ESTAT:PRC_HPI_A$DEFAULTVIEW(1.0),House price index (2015 = 100) - annual data,A,Annual,TOTAL,Total,RCH_A_AVG,Annual average rate of change,EA21,Euro area – 21 countries (from 2026),2023,,-1.0,,,,,
dataflow,ESTAT:PRC_HPI_A$DEFAULTVIEW(1.0),House price index (2015 = 100) - annual data,A,Annual,TOTAL,Total,RCH_A_AVG,Annual average rate of change,EA21,Euro area – 21 countries (from 2026),2024,,2.2,,,,,
dataflow,ESTAT:PRC_HPI_A$DEFAULTVIEW(1.0),House price index (2015 = 100) - annual data,A,Annual,TOTAL,Total,RCH_A_AVG,Annual average rate of change,EA21,Euro area – 21 countries (from 2026),2025,,5.3,,,,,
dataflow,ESTAT:PRC_HPI_A$DEFAULTVIEW(1.0),House price index (2015 = 100) - annual data,A,Annual,TOTAL,Total,RCH_A_AVG,Annual average rate of change,EE,Estonia,2016,,4.7,,,,,
dataflow,ESTAT:PRC_HPI_A$DEFAULTVIEW(1.0),House price index (2015 = 100) - annual data,A,Annual,TOTAL,Total,RCH_A_AVG,Annual average rate of change,EE,Estonia,2017,,5.5,,,,,
dataflow,ESTAT:PRC_HPI_A$DEFAULTVIEW(1.0),House price index (2015 = 100) - annual data,A,Annual,TOTAL,Total,RCH_A_AVG,Annual average rate of change,EE,Estonia,2018,,5.9,,,,,
dataflow,ESTAT:PRC_HPI_A$DEFAULTVIEW(1.0),House price index (2015 = 100) - annual data,A,Annual,TOTAL,Total,RCH_A_AVG,Annual average rate of change,EE,Estonia,2019,,7.0,,,,,
dataflow,ESTAT:PRC_HPI_A$DEFAULTVIEW(1.0),House price index (2015 = 100) - annual data,A,Annual,TOTAL,Total,RCH_A_AVG,Annual average rate of change,EE,Estonia,2020,,6.0,,,,,
dataflow,ESTAT:PRC_HPI_A$DEFAULTVIEW(1.0),House price index (2015 = 100) - annual data,A,Annual,TOTAL,Total,RCH_A_AVG,Annual average rate of change,EE,Estonia,2021,,15.0,,,,,
dataflow,ESTAT:PRC_HPI_A$DEFAULTVIEW(1.0),House price index (2015 = 100) - annual data,A,Annual,TOTAL,Total,RCH_A_AVG,Annual average rate of change,EE,Estonia,2022,,22.2,,,,,
dataflow,ESTAT:PRC_HPI_A$DEFAULTVIEW(1.0),House price index (2015 = 100) - annual data,A,Annual,TOTAL,Total,RCH_A_AVG,Annual average rate of change,EE,Estonia,2023,,5.9,,,,,
dataflow,ESTAT:PRC_HPI_A$DEFAULTVIEW(1.0),House price index (2015 = 100) - annual data,A,Annual,TOTAL,Total,RCH_A_AVG,Annual average rate of change,EE,Estonia,2024,,6.1,,,,,
dataflow,ESTAT:PRC_HPI_A$DEFAULTVIEW(1.0),House price index (2015 = 100) - annual data,A,Annual,TOTAL,Total,RCH_A_AVG,Annual average rate of change,EE,Estonia,2025,,5.2,,,,,
dataflow,ESTAT:PRC_HPI_A$DEFAULTVIEW(1.0),House price index (2015 = 100) - annual data,A,Annual,TOTAL,Total,RCH_A_AVG,Annual average rate of change,ES,Spain,2016,,4.6,,,,,
dataflow,ESTAT:PRC_HPI_A$DEFAULTVIEW(1.0),House price index (2015 = 100) - annual data,A,Annual,TOTAL,Total,RCH_A_AVG,Annual average rate of change,ES,Spain,2017,,6.2,,,,,
dataflow,ESTAT:PRC_HPI_A$DEFAULTVIEW(1.0),House price index (2015 = 100) - annual data,A,Annual,TOTAL,Total,RCH_A_AVG,Annual average rate of change,ES,Spain,2018,,6.7,,,,,
dataflow,ESTAT:PRC_HPI_A$DEFAULTVIEW(1.0),House price index (2015 = 100) - annual data,A,Annual,TOTAL,Total,RCH_A_AVG,Annual average rate of change,ES,Spain,2019,,5.2,,,,,
dataflow,ESTAT:PRC_HPI_A$DEFAULTVIEW(1.0),House price index (2015 = 100) - annual data,A,Annual,TOTAL,Total,RCH_A_AVG,Annual average rate of change,ES,Spain,2020,,2.2,,,,,
dataflow,ESTAT:PRC_HPI_A$DEFAULTVIEW(1.0),House price index (2015 = 100) - annual data,A,Annual,TOTAL,Total,RCH_A_AVG,Annual average rate of change,ES,Spain,2021,,3.7,,,,,
dataflow,ESTAT:PRC_HPI_A$DEFAULTVIEW(1.0),House price index (2015 = 100) - annual data,A,Annual,TOTAL,Total,RCH_A_AVG,Annual average rate of change,ES,Spain,2022,,7.4,,,,,
dataflow,ESTAT:PRC_HPI_A$DEFAULTVIEW(1.0),House price index (2015 = 100) - annual data,A,Annual,TOTAL,Total,RCH_A_AVG,Annual average rate of change,ES,Spain,2023,,4.0,,,,,
dataflow,ESTAT:PRC_HPI_A$DEFAULTVIEW(1.0),House price index (2015 = 100) - annual data,A,Annual,TOTAL,Total,RCH_A_AVG,Annual average rate of change,ES,Spain,2024,,8.5,,,,,
dataflow,ESTAT:PRC_HPI_A$DEFAULTVIEW(1.0),House price index (2015 = 100) - annual data,A,Annual,TOTAL,Total,RCH_A_AVG,Annual average rate of change,ES,Spain,2025,,12.7,,,,,
dataflow,ESTAT:PRC_HPI_A$DEFAULTVIEW(1.0),House price index (2015 = 100) - annual data,A,Annual,TOTAL,Total,RCH_A_AVG,Annual average rate of change,EU,"European Union (EU6-1958, EU9-1973, EU10-1981, EU12-1986, EU15-1995, EU25-2004, EU27-2007, EU28-2013, EU27-2020)",2016,,4.7,,,,,
dataflow,ESTAT:PRC_HPI_A$DEFAULTVIEW(1.0),House price index (2015 = 100) - annual data,A,Annual,TOTAL,Total,RCH_A_AVG,Annual average rate of change,EU,"European Union (EU6-1958, EU9-1973, EU10-1981, EU12-1986, EU15-1995, EU25-2004, EU27-2007, EU28-2013, EU27-2020)",2017,,4.8,,,,,
dataflow,ESTAT:PRC_HPI_A$DEFAULTVIEW(1.0),House price index (2015 = 100) - annual data,A,Annual,TOTAL,Total,RCH_A_AVG,Annual average rate of change,EU,"European Union (EU6-1958, EU9-1973, EU10-1981, EU12-1986, EU15-1995, EU25-2004, EU27-2007, EU28-2013, EU27-2020)",2018,,4.8,,,,,
dataflow,ESTAT:PRC_HPI_A$DEFAULTVIEW(1.0),House price index (2015 = 100) - annual data,A,Annual,TOTAL,Total,RCH_A_AVG,Annual average rate of change,EU,"European Union (EU6-1958, EU9-1973, EU10-1981, EU12-1986, EU15-1995, EU25-2004, EU27-2007, EU28-2013, EU27-2020)",2019,,4.4,,,,,
dataflow,ESTAT:PRC_HPI_A$DEFAULTVIEW(1.0),House price index (2015 = 100) - annual data,A,Annual,TOTAL,Total,RCH_A_AVG,Annual average rate of change,EU,"European Union (EU6-1958, EU9-1973, EU10-1981, EU12-1986, EU15-1995, EU25-2004, EU27-2007, EU28-2013, EU27-2020)",2020,,5.4,,,,,
dataflow,ESTAT:PRC_HPI_A$DEFAULTVIEW(1.0),House price index (2015 = 100) - annual data,A,Annual,TOTAL,Total,RCH_A_AVG,Annual average rate of change,EU,"European Union (EU6-1958, EU9-1973, EU10-1981, EU12-1986, EU15-1995, EU25-2004, EU27-2007, EU28-2013, EU27-2020)",2021,,8.4,,,,,
dataflow,ESTAT:PRC_HPI_A$DEFAULTVIEW(1.0),House price index (2015 = 100) - annual data,A,Annual,TOTAL,Total,RCH_A_AVG,Annual average rate of change,EU,"European Union (EU6-1958, EU9-1973, EU10-1981, EU12-1986, EU15-1995, EU25-2004, EU27-2007, EU28-2013, EU27-2020)",2022,,8.0,,,,,
dataflow,ESTAT:PRC_HPI_A$DEFAULTVIEW(1.0),House price index (2015 = 100) - annual data,A,Annual,TOTAL,Total,RCH_A_AVG,Annual average rate of change,EU,"European Union (EU6-1958, EU9-1973, EU10-1981, EU12-1986, EU15-1995, EU25-2004, EU27-2007, EU28-2013, EU27-2020)",2023,,-0.3,,,,,
dataflow,ESTAT:PRC_HPI_A$DEFAULTVIEW(1.0),House price index (2015 = 100) - annual data,A,Annual,TOTAL,Total,RCH_A_AVG,Annual average rate of change,EU,"European Union (EU6-1958, EU9-1973, EU10-1981, EU12-1986, EU15-1995, EU25-2004, EU27-2007, EU28-2013, EU27-2020)",2024,,3.4,,,,,
dataflow,ESTAT:PRC_HPI_A$DEFAULTVIEW(1.0),House price index (2015 = 100) - annual data,A,Annual,TOTAL,Total,RCH_A_AVG,Annual average rate of change,EU,"European Union (EU6-1958, EU9-1973, EU10-1981, EU12-1986, EU15-1995, EU25-2004, EU27-2007, EU28-2013, EU27-2020)",2025,,5.5,,,,,
dataflow,ESTAT:PRC_HPI_A$DEFAULTVIEW(1.0),House price index (2015 = 100) - annual data,A,Annual,TOTAL,Total,RCH_A_AVG,Annual average rate of change,EU27_2020,European Union - 27 countries (from 2020),2016,,4.3,,,,,
dataflow,ESTAT:PRC_HPI_A$DEFAULTVIEW(1.0),House price index (2015 = 100) - annual data,A,Annual,TOTAL,Total,RCH_A_AVG,Annual average rate of change,EU27_2020,European Union - 27 countries (from 2020),2017,,4.8,,,,,
dataflow,ESTAT:PRC_HPI_A$DEFAULTVIEW(1.0),House price index (2015 = 100) - annual data,A,Annual,TOTAL,Total,RCH_A_AVG,Annual average rate of change,EU27_2020,European Union - 27 countries (from 2020),2018,,5.0,,,,,
dataflow,ESTAT:PRC_HPI_A$DEFAULTVIEW(1.0),House price index (2015 = 100) - annual data,A,Annual,TOTAL,Total,RCH_A_AVG,Annual average rate of change,EU27_2020,European Union - 27 countries (from 2020),2019,,4.9,,,,,
dataflow,ESTAT:PRC_HPI_A$DEFAULTVIEW(1.0),House price index (2015 = 100) - annual data,A,Annual,TOTAL,Total,RCH_A_AVG,Annual average rate of change,EU27_2020,European Union - 27 countries (from 2020),2020,,5.6,,,,,
dataflow,ESTAT:PRC_HPI_A$DEFAULTVIEW(1.0),House price index (2015 = 100) - annual data,A,Annual,TOTAL,Total,RCH_A_AVG,Annual average rate of change,EU27_2020,European Union - 27 countries (from 2020),2021,,8.4,,,,,
dataflow,ESTAT:PRC_HPI_A$DEFAULTVIEW(1.0),House price index (2015 = 100) - annual data,A,Annual,TOTAL,Total,RCH_A_AVG,Annual average rate of change,EU27_2020,European Union - 27 countries (from 2020),2022,,8.0,,,,,
dataflow,ESTAT:PRC_HPI_A$DEFAULTVIEW(1.0),House price index (2015 = 100) - annual data,A,Annual,TOTAL,Total,RCH_A_AVG,Annual average rate of change,EU27_2020,European Union - 27 countries (from 2020),2023,,-0.3,,,,,
dataflow,ESTAT:PRC_HPI_A$DEFAULTVIEW(1.0),House price index (2015 = 100) - annual data,A,Annual,TOTAL,Total,RCH_A_AVG,Annual average rate of change,EU27_2020,European Union - 27 countries (from 2020),2024,,3.4,,,,,
dataflow,ESTAT:PRC_HPI_A$DEFAULTVIEW(1.0),House price index (2015 = 100) - annual data,A,Annual,TOTAL,Total,RCH_A_AVG,Annual average rate of change,EU27_2020,European Union - 27 countries (from 2020),2025,,5.5,,,,,
dataflow,ESTAT:PRC_HPI_A$DEFAULTVIEW(1.0),House price index (2015 = 100) - annual data,A,Annual,TOTAL,Total,RCH_A_AVG,Annual average rate of change,EU28,European Union - 28 countries (2013-2020),2016,,4.7,,,,,
dataflow,ESTAT:PRC_HPI_A$DEFAULTVIEW(1.0),House price index (2015 = 100) - annual data,A,Annual,TOTAL,Total,RCH_A_AVG,Annual average rate of change,EU28,European Union - 28 countries (2013-2020),2017,,4.8,,,,,
dataflow,ESTAT:PRC_HPI_A$DEFAULTVIEW(1.0),House price index (2015 = 100) - annual data,A,Annual,TOTAL,Total,RCH_A_AVG,Annual average rate of change,EU28,European Union - 28 countries (2013-2020),2018,,4.8,,,,,
dataflow,ESTAT:PRC_HPI_A$DEFAULTVIEW(1.0),House price index (2015 = 100) - annual data,A,Annual,TOTAL,Total,RCH_A_AVG,Annual average rate of change,EU28,European Union - 28 countries (2013-2020),2019,,4.4,,,,,
dataflow,ESTAT:PRC_HPI_A$DEFAULTVIEW(1.0),House price index (2015 = 100) - annual data,A,Annual,TOTAL,Total,RCH_A_AVG,Annual average rate of change,FI,Finland,2016,,1.3,,,,,
dataflow,ESTAT:PRC_HPI_A$DEFAULTVIEW(1.0),House price index (2015 = 100) - annual data,A,Annual,TOTAL,Total,RCH_A_AVG,Annual average rate of change,FI,Finland,2017,,1.1,,,,,
dataflow,ESTAT:PRC_HPI_A$DEFAULTVIEW(1.0),House price index (2015 = 100) - annual data,A,Annual,TOTAL,Total,RCH_A_AVG,Annual average rate of change,FI,Finland,2018,,0.9,,,,,
dataflow,ESTAT:PRC_HPI_A$DEFAULTVIEW(1.0),House price index (2015 = 100) - annual data,A,Annual,TOTAL,Total,RCH_A_AVG,Annual average rate of change,FI,Finland,2019,,0.4,,,,,
dataflow,ESTAT:PRC_HPI_A$DEFAULTVIEW(1.0),House price index (2015 = 100) - annual data,A,Annual,TOTAL,Total,RCH_A_AVG,Annual average rate of change,FI,Finland,2020,,1.8,,,,,
dataflow,ESTAT:PRC_HPI_A$DEFAULTVIEW(1.0),House price index (2015 = 100) - annual data,A,Annual,TOTAL,Total,RCH_A_AVG,Annual average rate of change,FI,Finland,2021,,4.6,,,,,
dataflow,ESTAT:PRC_HPI_A$DEFAULTVIEW(1.0),House price index (2015 = 100) - annual data,A,Annual,TOTAL,Total,RCH_A_AVG,Annual average rate of change,FI,Finland,2022,,1.0,,,,,
dataflow,ESTAT:PRC_HPI_A$DEFAULTVIEW(1.0),House price index (2015 = 100) - annual data,A,Annual,TOTAL,Total,RCH_A_AVG,Annual average rate of change,FI,Finland,2023,,-6.2,,,,,
dataflow,ESTAT:PRC_HPI_A$DEFAULTVIEW(1.0),House price index (2015 = 100) - annual data,A,Annual,TOTAL,Total,RCH_A_AVG,Annual average rate of change,FI,Finland,2024,,-3.1,,,,,
dataflow,ESTAT:PRC_HPI_A$DEFAULTVIEW(1.0),House price index (2015 = 100) - annual data,A,Annual,TOTAL,Total,RCH_A_AVG,Annual average rate of change,FI,Finland,2025,,-2.5,,p,provisional,,
dataflow,ESTAT:PRC_HPI_A$DEFAULTVIEW(1.0),House price index (2015 = 100) - annual data,A,Annual,TOTAL,Total,RCH_A_AVG,Annual average rate of change,FR,France,2016,,1.0,,,,,
dataflow,ESTAT:PRC_HPI_A$DEFAULTVIEW(1.0),House price index (2015 = 100) - annual data,A,Annual,TOTAL,Total,RCH_A_AVG,Annual average rate of change,FR,France,2017,,3.2,,,,,
dataflow,ESTAT:PRC_HPI_A$DEFAULTVIEW(1.0),House price index (2015 = 100) - annual data,A,Annual,TOTAL,Total,RCH_A_AVG,Annual average rate of change,FR,France,2018,,2.9,,,,,
dataflow,ESTAT:PRC_HPI_A$DEFAULTVIEW(1.0),House price index (2015 = 100) - annual data,A,Annual,TOTAL,Total,RCH_A_AVG,Annual average rate of change,FR,France,2019,,3.3,,,,,
dataflow,ESTAT:PRC_HPI_A$DEFAULTVIEW(1.0),House price index (2015 = 100) - annual data,A,Annual,TOTAL,Total,RCH_A_AVG,Annual average rate of change,FR,France,2020,,5.2,,,,,
dataflow,ESTAT:PRC_HPI_A$DEFAULTVIEW(1.0),House price index (2015 = 100) - annual data,A,Annual,TOTAL,Total,RCH_A_AVG,Annual average rate of change,FR,France,2021,,6.3,,,,,
dataflow,ESTAT:PRC_HPI_A$DEFAULTVIEW(1.0),House price index (2015 = 100) - annual data,A,Annual,TOTAL,Total,RCH_A_AVG,Annual average rate of change,FR,France,2022,,6.3,,,,,
dataflow,ESTAT:PRC_HPI_A$DEFAULTVIEW(1.0),House price index (2015 = 100) - annual data,A,Annual,TOTAL,Total,RCH_A_AVG,Annual average rate of change,FR,France,2023,,-0.4,,,,,
dataflow,ESTAT:PRC_HPI_A$DEFAULTVIEW(1.0),House price index (2015 = 100) - annual data,A,Annual,TOTAL,Total,RCH_A_AVG,Annual average rate of change,FR,France,2024,,-3.7,,,,,
dataflow,ESTAT:PRC_HPI_A$DEFAULTVIEW(1.0),House price index (2015 = 100) - annual data,A,Annual,TOTAL,Total,RCH_A_AVG,Annual average rate of change,FR,France,2025,,0.7,,p,provisional,,
dataflow,ESTAT:PRC_HPI_A$DEFAULTVIEW(1.0),House price index (2015 = 100) - annual data,A,Annual,TOTAL,Total,RCH_A_AVG,Annual average rate of change,HR,Croatia,2016,,0.9,,,,,
dataflow,ESTAT:PRC_HPI_A$DEFAULTVIEW(1.0),House price index (2015 = 100) - annual data,A,Annual,TOTAL,Total,RCH_A_AVG,Annual average rate of change,HR,Croatia,2017,,3.8,,,,,
dataflow,ESTAT:PRC_HPI_A$DEFAULTVIEW(1.0),House price index (2015 = 100) - annual data,A,Annual,TOTAL,Total,RCH_A_AVG,Annual average rate of change,HR,Croatia,2018,,6.1,,,,,
dataflow,ESTAT:PRC_HPI_A$DEFAULTVIEW(1.0),House price index (2015 = 100) - annual data,A,Annual,TOTAL,Total,RCH_A_AVG,Annual average rate of change,HR,Croatia,2019,,9.0,,,,,
dataflow,ESTAT:PRC_HPI_A$DEFAULTVIEW(1.0),House price index (2015 = 100) - annual data,A,Annual,TOTAL,Total,RCH_A_AVG,Annual average rate of change,HR,Croatia,2020,,7.7,,,,,
dataflow,ESTAT:PRC_HPI_A$DEFAULTVIEW(1.0),House price index (2015 = 100) - annual data,A,Annual,TOTAL,Total,RCH_A_AVG,Annual average rate of change,HR,Croatia,2021,,7.3,,,,,
dataflow,ESTAT:PRC_HPI_A$DEFAULTVIEW(1.0),House price index (2015 = 100) - annual data,A,Annual,TOTAL,Total,RCH_A_AVG,Annual average rate of change,HR,Croatia,2022,,14.8,,,,,
dataflow,ESTAT:PRC_HPI_A$DEFAULTVIEW(1.0),House price index (2015 = 100) - annual data,A,Annual,TOTAL,Total,RCH_A_AVG,Annual average rate of change,HR,Croatia,2023,,11.9,,,,,
dataflow,ESTAT:PRC_HPI_A$DEFAULTVIEW(1.0),House price index (2015 = 100) - annual data,A,Annual,TOTAL,Total,RCH_A_AVG,Annual average rate of change,HR,Croatia,2024,,10.4,,,,,
dataflow,ESTAT:PRC_HPI_A$DEFAULTVIEW(1.0),House price index (2015 = 100) - annual data,A,Annual,TOTAL,Total,RCH_A_AVG,Annual average rate of change,HR,Croatia,2025,,14.1,,p,provisional,,
dataflow,ESTAT:PRC_HPI_A$DEFAULTVIEW(1.0),House price index (2015 = 100) - annual data,A,Annual,TOTAL,Total,RCH_A_AVG,Annual average rate of change,HU,Hungary,2016,,13.4,,,,,
dataflow,ESTAT:PRC_HPI_A$DEFAULTVIEW(1.0),House price index (2015 = 100) - annual data,A,Annual,TOTAL,Total,RCH_A_AVG,Annual average rate of change,HU,Hungary,2017,,12.2,,,,,
dataflow,ESTAT:PRC_HPI_A$DEFAULTVIEW(1.0),House price index (2015 = 100) - annual data,A,Annual,TOTAL,Total,RCH_A_AVG,Annual average rate of change,HU,Hungary,2018,,14.3,,,,,
dataflow,ESTAT:PRC_HPI_A$DEFAULTVIEW(1.0),House price index (2015 = 100) - annual data,A,Annual,TOTAL,Total,RCH_A_AVG,Annual average rate of change,HU,Hungary,2019,,17.0,,,,,
dataflow,ESTAT:PRC_HPI_A$DEFAULTVIEW(1.0),House price index (2015 = 100) - annual data,A,Annual,TOTAL,Total,RCH_A_AVG,Annual average rate of change,HU,Hungary,2020,,4.9,,,,,
dataflow,ESTAT:PRC_HPI_A$DEFAULTVIEW(1.0),House price index (2015 = 100) - annual data,A,Annual,TOTAL,Total,RCH_A_AVG,Annual average rate of change,HU,Hungary,2021,,16.5,,,,,
dataflow,ESTAT:PRC_HPI_A$DEFAULTVIEW(1.0),House price index (2015 = 100) - annual data,A,Annual,TOTAL,Total,RCH_A_AVG,Annual average rate of change,HU,Hungary,2022,,22.3,,,,,
dataflow,ESTAT:PRC_HPI_A$DEFAULTVIEW(1.0),House price index (2015 = 100) - annual data,A,Annual,TOTAL,Total,RCH_A_AVG,Annual average rate of change,HU,Hungary,2023,,7.1,,,,,
dataflow,ESTAT:PRC_HPI_A$DEFAULTVIEW(1.0),House price index (2015 = 100) - annual data,A,Annual,TOTAL,Total,RCH_A_AVG,Annual average rate of change,HU,Hungary,2024,,13.7,,p,provisional,,
dataflow,ESTAT:PRC_HPI_A$DEFAULTVIEW(1.0),House price index (2015 = 100) - annual data,A,Annual,TOTAL,Total,RCH_A_AVG,Annual average rate of change,HU,Hungary,2025,,18.3,,p,provisional,,
dataflow,ESTAT:PRC_HPI_A$DEFAULTVIEW(1.0),House price index (2015 = 100) - annual data,A,Annual,TOTAL,Total,RCH_A_AVG,Annual average rate of change,IE,Ireland,2016,,7.5,,,,,
dataflow,ESTAT:PRC_HPI_A$DEFAULTVIEW(1.0),House price index (2015 = 100) - annual data,A,Annual,TOTAL,Total,RCH_A_AVG,Annual average rate of change,IE,Ireland,2017,,10.9,,,,,
dataflow,ESTAT:PRC_HPI_A$DEFAULTVIEW(1.0),House price index (2015 = 100) - annual data,A,Annual,TOTAL,Total,RCH_A_AVG,Annual average rate of change,IE,Ireland,2018,,10.2,,,,,
dataflow,ESTAT:PRC_HPI_A$DEFAULTVIEW(1.0),House price index (2015 = 100) - annual data,A,Annual,TOTAL,Total,RCH_A_AVG,Annual average rate of change,IE,Ireland,2019,,2.3,,,,,
dataflow,ESTAT:PRC_HPI_A$DEFAULTVIEW(1.0),House price index (2015 = 100) - annual data,A,Annual,TOTAL,Total,RCH_A_AVG,Annual average rate of change,IE,Ireland,2020,,0.3,,,,,
dataflow,ESTAT:PRC_HPI_A$DEFAULTVIEW(1.0),House price index (2015 = 100) - annual data,A,Annual,TOTAL,Total,RCH_A_AVG,Annual average rate of change,IE,Ireland,2021,,8.3,,,,,
dataflow,ESTAT:PRC_HPI_A$DEFAULTVIEW(1.0),House price index (2015 = 100) - annual data,A,Annual,TOTAL,Total,RCH_A_AVG,Annual average rate of change,IE,Ireland,2022,,12.3,,,,,
dataflow,ESTAT:PRC_HPI_A$DEFAULTVIEW(1.0),House price index (2015 = 100) - annual data,A,Annual,TOTAL,Total,RCH_A_AVG,Annual average rate of change,IE,Ireland,2023,,3.1,,,,,
dataflow,ESTAT:PRC_HPI_A$DEFAULTVIEW(1.0),House price index (2015 = 100) - annual data,A,Annual,TOTAL,Total,RCH_A_AVG,Annual average rate of change,IE,Ireland,2024,,8.5,,,,,
dataflow,ESTAT:PRC_HPI_A$DEFAULTVIEW(1.0),House price index (2015 = 100) - annual data,A,Annual,TOTAL,Total,RCH_A_AVG,Annual average rate of change,IE,Ireland,2025,,7.5,,p,provisional,,
dataflow,ESTAT:PRC_HPI_A$DEFAULTVIEW(1.0),House price index (2015 = 100) - annual data,A,Annual,TOTAL,Total,RCH_A_AVG,Annual average rate of change,IS,Iceland,2016,,9.8,,,,,
dataflow,ESTAT:PRC_HPI_A$DEFAULTVIEW(1.0),House price index (2015 = 100) - annual data,A,Annual,TOTAL,Total,RCH_A_AVG,Annual average rate of change,IS,Iceland,2017,,19.5,,,,,
dataflow,ESTAT:PRC_HPI_A$DEFAULTVIEW(1.0),House price index (2015 = 100) - annual data,A,Annual,TOTAL,Total,RCH_A_AVG,Annual average rate of change,IS,Iceland,2018,,8.2,,,,,
dataflow,ESTAT:PRC_HPI_A$DEFAULTVIEW(1.0),House price index (2015 = 100) - annual data,A,Annual,TOTAL,Total,RCH_A_AVG,Annual average rate of change,IS,Iceland,2019,,4.4,,,,,
dataflow,ESTAT:PRC_HPI_A$DEFAULTVIEW(1.0),House price index (2015 = 100) - annual data,A,Annual,TOTAL,Total,RCH_A_AVG,Annual average rate of change,IS,Iceland,2020,,6.4,,,,,
dataflow,ESTAT:PRC_HPI_A$DEFAULTVIEW(1.0),House price index (2015 = 100) - annual data,A,Annual,TOTAL,Total,RCH_A_AVG,Annual average rate of change,IS,Iceland,2021,,12.5,,,,,
dataflow,ESTAT:PRC_HPI_A$DEFAULTVIEW(1.0),House price index (2015 = 100) - annual data,A,Annual,TOTAL,Total,RCH_A_AVG,Annual average rate of change,IS,Iceland,2022,,21.0,,,,,
dataflow,ESTAT:PRC_HPI_A$DEFAULTVIEW(1.0),House price index (2015 = 100) - annual data,A,Annual,TOTAL,Total,RCH_A_AVG,Annual average rate of change,IS,Iceland,2023,,7.8,,,,,
dataflow,ESTAT:PRC_HPI_A$DEFAULTVIEW(1.0),House price index (2015 = 100) - annual data,A,Annual,TOTAL,Total,RCH_A_AVG,Annual average rate of change,IS,Iceland,2024,,8.1,,,,,
dataflow,ESTAT:PRC_HPI_A$DEFAULTVIEW(1.0),House price index (2015 = 100) - annual data,A,Annual,TOTAL,Total,RCH_A_AVG,Annual average rate of change,IS,Iceland,2025,,5.1,,,,,
dataflow,ESTAT:PRC_HPI_A$DEFAULTVIEW(1.0),House price index (2015 = 100) - annual data,A,Annual,TOTAL,Total,RCH_A_AVG,Annual average rate of change,IT,Italy,2016,,0.3,,,,,
dataflow,ESTAT:PRC_HPI_A$DEFAULTVIEW(1.0),House price index (2015 = 100) - annual data,A,Annual,TOTAL,Total,RCH_A_AVG,Annual average rate of change,IT,Italy,2017,,-1.1,,,,,
dataflow,ESTAT:PRC_HPI_A$DEFAULTVIEW(1.0),House price index (2015 = 100) - annual data,A,Annual,TOTAL,Total,RCH_A_AVG,Annual average rate of change,IT,Italy,2018,,-0.6,,,,,
dataflow,ESTAT:PRC_HPI_A$DEFAULTVIEW(1.0),House price index (2015 = 100) - annual data,A,Annual,TOTAL,Total,RCH_A_AVG,Annual average rate of change,IT,Italy,2019,,-0.1,,,,,
dataflow,ESTAT:PRC_HPI_A$DEFAULTVIEW(1.0),House price index (2015 = 100) - annual data,A,Annual,TOTAL,Total,RCH_A_AVG,Annual average rate of change,IT,Italy,2020,,1.9,,,,,
dataflow,ESTAT:PRC_HPI_A$DEFAULTVIEW(1.0),House price index (2015 = 100) - annual data,A,Annual,TOTAL,Total,RCH_A_AVG,Annual average rate of change,IT,Italy,2021,,2.5,,,,,
dataflow,ESTAT:PRC_HPI_A$DEFAULTVIEW(1.0),House price index (2015 = 100) - annual data,A,Annual,TOTAL,Total,RCH_A_AVG,Annual average rate of change,IT,Italy,2022,,3.8,,,,,
dataflow,ESTAT:PRC_HPI_A$DEFAULTVIEW(1.0),House price index (2015 = 100) - annual data,A,Annual,TOTAL,Total,RCH_A_AVG,Annual average rate of change,IT,Italy,2023,,1.3,,,,,
dataflow,ESTAT:PRC_HPI_A$DEFAULTVIEW(1.0),House price index (2015 = 100) - annual data,A,Annual,TOTAL,Total,RCH_A_AVG,Annual average rate of change,IT,Italy,2024,,3.2,,,,,
dataflow,ESTAT:PRC_HPI_A$DEFAULTVIEW(1.0),House price index (2015 = 100) - annual data,A,Annual,TOTAL,Total,RCH_A_AVG,Annual average rate of change,IT,Italy,2025,,4.0,,p,provisional,,
dataflow,ESTAT:PRC_HPI_A$DEFAULTVIEW(1.0),House price index (2015 = 100) - annual data,A,Annual,TOTAL,Total,RCH_A_AVG,Annual average rate of change,LT,Lithuania,2016,,5.4,,,,,
dataflow,ESTAT:PRC_HPI_A$DEFAULTVIEW(1.0),House price index (2015 = 100) - annual data,A,Annual,TOTAL,Total,RCH_A_AVG,Annual average rate of change,LT,Lithuania,2017,,8.9,,,,,
dataflow,ESTAT:PRC_HPI_A$DEFAULTVIEW(1.0),House price index (2015 = 100) - annual data,A,Annual,TOTAL,Total,RCH_A_AVG,Annual average rate of change,LT,Lithuania,2018,,7.3,,,,,
dataflow,ESTAT:PRC_HPI_A$DEFAULTVIEW(1.0),House price index (2015 = 100) - annual data,A,Annual,TOTAL,Total,RCH_A_AVG,Annual average rate of change,LT,Lithuania,2019,,6.8,,,,,
dataflow,ESTAT:PRC_HPI_A$DEFAULTVIEW(1.0),House price index (2015 = 100) - annual data,A,Annual,TOTAL,Total,RCH_A_AVG,Annual average rate of change,LT,Lithuania,2020,,7.3,,,,,
dataflow,ESTAT:PRC_HPI_A$DEFAULTVIEW(1.0),House price index (2015 = 100) - annual data,A,Annual,TOTAL,Total,RCH_A_AVG,Annual average rate of change,LT,Lithuania,2021,,16.1,,,,,
dataflow,ESTAT:PRC_HPI_A$DEFAULTVIEW(1.0),House price index (2015 = 100) - annual data,A,Annual,TOTAL,Total,RCH_A_AVG,Annual average rate of change,LT,Lithuania,2022,,19.0,,,,,
dataflow,ESTAT:PRC_HPI_A$DEFAULTVIEW(1.0),House price index (2015 = 100) - annual data,A,Annual,TOTAL,Total,RCH_A_AVG,Annual average rate of change,LT,Lithuania,2023,,9.8,,,,,
dataflow,ESTAT:PRC_HPI_A$DEFAULTVIEW(1.0),House price index (2015 = 100) - annual data,A,Annual,TOTAL,Total,RCH_A_AVG,Annual average rate of change,LT,Lithuania,2024,,9.7,,,,,
dataflow,ESTAT:PRC_HPI_A$DEFAULTVIEW(1.0),House price index (2015 = 100) - annual data,A,Annual,TOTAL,Total,RCH_A_AVG,Annual average rate of change,LT,Lithuania,2025,,9.8,,,,,
dataflow,ESTAT:PRC_HPI_A$DEFAULTVIEW(1.0),House price index (2015 = 100) - annual data,A,Annual,TOTAL,Total,RCH_A_AVG,Annual average rate of change,LU,Luxembourg,2016,,6.0,,,,,
dataflow,ESTAT:PRC_HPI_A$DEFAULTVIEW(1.0),House price index (2015 = 100) - annual data,A,Annual,TOTAL,Total,RCH_A_AVG,Annual average rate of change,LU,Luxembourg,2017,,5.6,,,,,
dataflow,ESTAT:PRC_HPI_A$DEFAULTVIEW(1.0),House price index (2015 = 100) - annual data,A,Annual,TOTAL,Total,RCH_A_AVG,Annual average rate of change,LU,Luxembourg,2018,,7.1,,,,,
dataflow,ESTAT:PRC_HPI_A$DEFAULTVIEW(1.0),House price index (2015 = 100) - annual data,A,Annual,TOTAL,Total,RCH_A_AVG,Annual average rate of change,LU,Luxembourg,2019,,10.1,,,,,
dataflow,ESTAT:PRC_HPI_A$DEFAULTVIEW(1.0),House price index (2015 = 100) - annual data,A,Annual,TOTAL,Total,RCH_A_AVG,Annual average rate of change,LU,Luxembourg,2020,,14.5,,,,,
dataflow,ESTAT:PRC_HPI_A$DEFAULTVIEW(1.0),House price index (2015 = 100) - annual data,A,Annual,TOTAL,Total,RCH_A_AVG,Annual average rate of change,LU,Luxembourg,2021,,13.9,,,,,
dataflow,ESTAT:PRC_HPI_A$DEFAULTVIEW(1.0),House price index (2015 = 100) - annual data,A,Annual,TOTAL,Total,RCH_A_AVG,Annual average rate of change,LU,Luxembourg,2022,,9.6,,,,,
dataflow,ESTAT:PRC_HPI_A$DEFAULTVIEW(1.0),House price index (2015 = 100) - annual data,A,Annual,TOTAL,Total,RCH_A_AVG,Annual average rate of change,LU,Luxembourg,2023,,-9.1,,,,,
dataflow,ESTAT:PRC_HPI_A$DEFAULTVIEW(1.0),House price index (2015 = 100) - annual data,A,Annual,TOTAL,Total,RCH_A_AVG,Annual average rate of change,LU,Luxembourg,2024,,-5.2,,,,,
dataflow,ESTAT:PRC_HPI_A$DEFAULTVIEW(1.0),House price index (2015 = 100) - annual data,A,Annual,TOTAL,Total,RCH_A_AVG,Annual average rate of change,LU,Luxembourg,2025,,1.6,,p,provisional,,
dataflow,ESTAT:PRC_HPI_A$DEFAULTVIEW(1.0),House price index (2015 = 100) - annual data,A,Annual,TOTAL,Total,RCH_A_AVG,Annual average rate of change,LV,Latvia,2016,,8.5,,,,,
dataflow,ESTAT:PRC_HPI_A$DEFAULTVIEW(1.0),House price index (2015 = 100) - annual data,A,Annual,TOTAL,Total,RCH_A_AVG,Annual average rate of change,LV,Latvia,2017,,8.8,,,,,
dataflow,ESTAT:PRC_HPI_A$DEFAULTVIEW(1.0),House price index (2015 = 100) - annual data,A,Annual,TOTAL,Total,RCH_A_AVG,Annual average rate of change,LV,Latvia,2018,,9.6,,,,,
dataflow,ESTAT:PRC_HPI_A$DEFAULTVIEW(1.0),House price index (2015 = 100) - annual data,A,Annual,TOTAL,Total,RCH_A_AVG,Annual average rate of change,LV,Latvia,2019,,9.0,,,,,
dataflow,ESTAT:PRC_HPI_A$DEFAULTVIEW(1.0),House price index (2015 = 100) - annual data,A,Annual,TOTAL,Total,RCH_A_AVG,Annual average rate of change,LV,Latvia,2020,,3.5,,,,,
dataflow,ESTAT:PRC_HPI_A$DEFAULTVIEW(1.0),House price index (2015 = 100) - annual data,A,Annual,TOTAL,Total,RCH_A_AVG,Annual average rate of change,LV,Latvia,2021,,10.9,,,,,
dataflow,ESTAT:PRC_HPI_A$DEFAULTVIEW(1.0),House price index (2015 = 100) - annual data,A,Annual,TOTAL,Total,RCH_A_AVG,Annual average rate of change,LV,Latvia,2022,,13.8,,,,,
dataflow,ESTAT:PRC_HPI_A$DEFAULTVIEW(1.0),House price index (2015 = 100) - annual data,A,Annual,TOTAL,Total,RCH_A_AVG,Annual average rate of change,LV,Latvia,2023,,3.7,,,,,
dataflow,ESTAT:PRC_HPI_A$DEFAULTVIEW(1.0),House price index (2015 = 100) - annual data,A,Annual,TOTAL,Total,RCH_A_AVG,Annual average rate of change,LV,Latvia,2024,,4.2,,,,,
dataflow,ESTAT:PRC_HPI_A$DEFAULTVIEW(1.0),House price index (2015 = 100) - annual data,A,Annual,TOTAL,Total,RCH_A_AVG,Annual average rate of change,LV,Latvia,2025,,7.7,,p,provisional,,
dataflow,ESTAT:PRC_HPI_A$DEFAULTVIEW(1.0),House price index (2015 = 100) - annual data,A,Annual,TOTAL,Total,RCH_A_AVG,Annual average rate of change,MT,Malta,2016,,5.4,,,,,
dataflow,ESTAT:PRC_HPI_A$DEFAULTVIEW(1.0),House price index (2015 = 100) - annual data,A,Annual,TOTAL,Total,RCH_A_AVG,Annual average rate of change,MT,Malta,2017,,5.3,,,,,
dataflow,ESTAT:PRC_HPI_A$DEFAULTVIEW(1.0),House price index (2015 = 100) - annual data,A,Annual,TOTAL,Total,RCH_A_AVG,Annual average rate of change,MT,Malta,2018,,5.8,,,,,
dataflow,ESTAT:PRC_HPI_A$DEFAULTVIEW(1.0),House price index (2015 = 100) - annual data,A,Annual,TOTAL,Total,RCH_A_AVG,Annual average rate of change,MT,Malta,2019,,6.1,,,,,
dataflow,ESTAT:PRC_HPI_A$DEFAULTVIEW(1.0),House price index (2015 = 100) - annual data,A,Annual,TOTAL,Total,RCH_A_AVG,Annual average rate of change,MT,Malta,2020,,3.4,,,,,
dataflow,ESTAT:PRC_HPI_A$DEFAULTVIEW(1.0),House price index (2015 = 100) - annual data,A,Annual,TOTAL,Total,RCH_A_AVG,Annual average rate of change,MT,Malta,2021,,5.1,,,,,
dataflow,ESTAT:PRC_HPI_A$DEFAULTVIEW(1.0),House price index (2015 = 100) - annual data,A,Annual,TOTAL,Total,RCH_A_AVG,Annual average rate of change,MT,Malta,2022,,6.7,,,,,
dataflow,ESTAT:PRC_HPI_A$DEFAULTVIEW(1.0),House price index (2015 = 100) - annual data,A,Annual,TOTAL,Total,RCH_A_AVG,Annual average rate of change,MT,Malta,2023,,6.2,,,,,
dataflow,ESTAT:PRC_HPI_A$DEFAULTVIEW(1.0),House price index (2015 = 100) - annual data,A,Annual,TOTAL,Total,RCH_A_AVG,Annual average rate of change,MT,Malta,2024,,6.7,,,,,
dataflow,ESTAT:PRC_HPI_A$DEFAULTVIEW(1.0),House price index (2015 = 100) - annual data,A,Annual,TOTAL,Total,RCH_A_AVG,Annual average rate of change,MT,Malta,2025,,5.9,,p,provisional,,
dataflow,ESTAT:PRC_HPI_A$DEFAULTVIEW(1.0),House price index (2015 = 100) - annual data,A,Annual,TOTAL,Total,RCH_A_AVG,Annual average rate of change,NL,Netherlands,2016,,5.3,,,,,
dataflow,ESTAT:PRC_HPI_A$DEFAULTVIEW(1.0),House price index (2015 = 100) - annual data,A,Annual,TOTAL,Total,RCH_A_AVG,Annual average rate of change,NL,Netherlands,2017,,8.1,,,,,
dataflow,ESTAT:PRC_HPI_A$DEFAULTVIEW(1.0),House price index (2015 = 100) - annual data,A,Annual,TOTAL,Total,RCH_A_AVG,Annual average rate of change,NL,Netherlands,2018,,9.3,,,,,
dataflow,ESTAT:PRC_HPI_A$DEFAULTVIEW(1.0),House price index (2015 = 100) - annual data,A,Annual,TOTAL,Total,RCH_A_AVG,Annual average rate of change,NL,Netherlands,2019,,7.2,,,,,
dataflow,ESTAT:PRC_HPI_A$DEFAULTVIEW(1.0),House price index (2015 = 100) - annual data,A,Annual,TOTAL,Total,RCH_A_AVG,Annual average rate of change,NL,Netherlands,2020,,8.0,,,,,
dataflow,ESTAT:PRC_HPI_A$DEFAULTVIEW(1.0),House price index (2015 = 100) - annual data,A,Annual,TOTAL,Total,RCH_A_AVG,Annual average rate of change,NL,Netherlands,2021,,14.5,,,,,
dataflow,ESTAT:PRC_HPI_A$DEFAULTVIEW(1.0),House price index (2015 = 100) - annual data,A,Annual,TOTAL,Total,RCH_A_AVG,Annual average rate of change,NL,Netherlands,2022,,13.3,,,,,
dataflow,ESTAT:PRC_HPI_A$DEFAULTVIEW(1.0),House price index (2015 = 100) - annual data,A,Annual,TOTAL,Total,RCH_A_AVG,Annual average rate of change,NL,Netherlands,2023,,-1.9,,,,,
dataflow,ESTAT:PRC_HPI_A$DEFAULTVIEW(1.0),House price index (2015 = 100) - annual data,A,Annual,TOTAL,Total,RCH_A_AVG,Annual average rate of change,NL,Netherlands,2024,,8.2,,,,,
dataflow,ESTAT:PRC_HPI_A$DEFAULTVIEW(1.0),House price index (2015 = 100) - annual data,A,Annual,TOTAL,Total,RCH_A_AVG,Annual average rate of change,NL,Netherlands,2025,,8.5,,p,provisional,,
dataflow,ESTAT:PRC_HPI_A$DEFAULTVIEW(1.0),House price index (2015 = 100) - annual data,A,Annual,TOTAL,Total,RCH_A_AVG,Annual average rate of change,NO,Norway,2016,,7.9,,,,,
dataflow,ESTAT:PRC_HPI_A$DEFAULTVIEW(1.0),House price index (2015 = 100) - annual data,A,Annual,TOTAL,Total,RCH_A_AVG,Annual average rate of change,NO,Norway,2017,,5.4,,,,,
dataflow,ESTAT:PRC_HPI_A$DEFAULTVIEW(1.0),House price index (2015 = 100) - annual data,A,Annual,TOTAL,Total,RCH_A_AVG,Annual average rate of change,NO,Norway,2018,,1.6,,,,,
dataflow,ESTAT:PRC_HPI_A$DEFAULTVIEW(1.0),House price index (2015 = 100) - annual data,A,Annual,TOTAL,Total,RCH_A_AVG,Annual average rate of change,NO,Norway,2019,,4.0,,,,,
dataflow,ESTAT:PRC_HPI_A$DEFAULTVIEW(1.0),House price index (2015 = 100) - annual data,A,Annual,TOTAL,Total,RCH_A_AVG,Annual average rate of change,NO,Norway,2020,,4.9,,,,,
dataflow,ESTAT:PRC_HPI_A$DEFAULTVIEW(1.0),House price index (2015 = 100) - annual data,A,Annual,TOTAL,Total,RCH_A_AVG,Annual average rate of change,NO,Norway,2021,,9.2,,,,,
dataflow,ESTAT:PRC_HPI_A$DEFAULTVIEW(1.0),House price index (2015 = 100) - annual data,A,Annual,TOTAL,Total,RCH_A_AVG,Annual average rate of change,NO,Norway,2022,,5.9,,,,,
dataflow,ESTAT:PRC_HPI_A$DEFAULTVIEW(1.0),House price index (2015 = 100) - annual data,A,Annual,TOTAL,Total,RCH_A_AVG,Annual average rate of change,NO,Norway,2023,,1.3,,,,,
dataflow,ESTAT:PRC_HPI_A$DEFAULTVIEW(1.0),House price index (2015 = 100) - annual data,A,Annual,TOTAL,Total,RCH_A_AVG,Annual average rate of change,NO,Norway,2024,,3.6,,,,,
dataflow,ESTAT:PRC_HPI_A$DEFAULTVIEW(1.0),House price index (2015 = 100) - annual data,A,Annual,TOTAL,Total,RCH_A_AVG,Annual average rate of change,NO,Norway,2025,,5.7,,,,,
dataflow,ESTAT:PRC_HPI_A$DEFAULTVIEW(1.0),House price index (2015 = 100) - annual data,A,Annual,TOTAL,Total,RCH_A_AVG,Annual average rate of change,PL,Poland,2016,,1.9,,,,,
dataflow,ESTAT:PRC_HPI_A$DEFAULTVIEW(1.0),House price index (2015 = 100) - annual data,A,Annual,TOTAL,Total,RCH_A_AVG,Annual average rate of change,PL,Poland,2017,,3.9,,,,,
dataflow,ESTAT:PRC_HPI_A$DEFAULTVIEW(1.0),House price index (2015 = 100) - annual data,A,Annual,TOTAL,Total,RCH_A_AVG,Annual average rate of change,PL,Poland,2018,,6.6,,,,,
dataflow,ESTAT:PRC_HPI_A$DEFAULTVIEW(1.0),House price index (2015 = 100) - annual data,A,Annual,TOTAL,Total,RCH_A_AVG,Annual average rate of change,PL,Poland,2019,,8.7,,,,,
dataflow,ESTAT:PRC_HPI_A$DEFAULTVIEW(1.0),House price index (2015 = 100) - annual data,A,Annual,TOTAL,Total,RCH_A_AVG,Annual average rate of change,PL,Poland,2020,,10.5,,,,,
dataflow,ESTAT:PRC_HPI_A$DEFAULTVIEW(1.0),House price index (2015 = 100) - annual data,A,Annual,TOTAL,Total,RCH_A_AVG,Annual average rate of change,PL,Poland,2021,,9.2,,,,,
dataflow,ESTAT:PRC_HPI_A$DEFAULTVIEW(1.0),House price index (2015 = 100) - annual data,A,Annual,TOTAL,Total,RCH_A_AVG,Annual average rate of change,PL,Poland,2022,,11.8,,,,,
dataflow,ESTAT:PRC_HPI_A$DEFAULTVIEW(1.0),House price index (2015 = 100) - annual data,A,Annual,TOTAL,Total,RCH_A_AVG,Annual average rate of change,PL,Poland,2023,,8.8,,,,,
dataflow,ESTAT:PRC_HPI_A$DEFAULTVIEW(1.0),House price index (2015 = 100) - annual data,A,Annual,TOTAL,Total,RCH_A_AVG,Annual average rate of change,PL,Poland,2024,,15.0,,,,,
dataflow,ESTAT:PRC_HPI_A$DEFAULTVIEW(1.0),House price index (2015 = 100) - annual data,A,Annual,TOTAL,Total,RCH_A_AVG,Annual average rate of change,PL,Poland,2025,,4.9,,,,,
dataflow,ESTAT:PRC_HPI_A$DEFAULTVIEW(1.0),House price index (2015 = 100) - annual data,A,Annual,TOTAL,Total,RCH_A_AVG,Annual average rate of change,PT,Portugal,2016,,7.1,,,,,
dataflow,ESTAT:PRC_HPI_A$DEFAULTVIEW(1.0),House price index (2015 = 100) - annual data,A,Annual,TOTAL,Total,RCH_A_AVG,Annual average rate of change,PT,Portugal,2017,,9.2,,,,,
dataflow,ESTAT:PRC_HPI_A$DEFAULTVIEW(1.0),House price index (2015 = 100) - annual data,A,Annual,TOTAL,Total,RCH_A_AVG,Annual average rate of change,PT,Portugal,2018,,10.3,,,,,
dataflow,ESTAT:PRC_HPI_A$DEFAULTVIEW(1.0),House price index (2015 = 100) - annual data,A,Annual,TOTAL,Total,RCH_A_AVG,Annual average rate of change,PT,Portugal,2019,,10.0,,,,,
dataflow,ESTAT:PRC_HPI_A$DEFAULTVIEW(1.0),House price index (2015 = 100) - annual data,A,Annual,TOTAL,Total,RCH_A_AVG,Annual average rate of change,PT,Portugal,2020,,8.8,,,,,
dataflow,ESTAT:PRC_HPI_A$DEFAULTVIEW(1.0),House price index (2015 = 100) - annual data,A,Annual,TOTAL,Total,RCH_A_AVG,Annual average rate of change,PT,Portugal,2021,,9.4,,,,,
dataflow,ESTAT:PRC_HPI_A$DEFAULTVIEW(1.0),House price index (2015 = 100) - annual data,A,Annual,TOTAL,Total,RCH_A_AVG,Annual average rate of change,PT,Portugal,2022,,12.6,,,,,
dataflow,ESTAT:PRC_HPI_A$DEFAULTVIEW(1.0),House price index (2015 = 100) - annual data,A,Annual,TOTAL,Total,RCH_A_AVG,Annual average rate of change,PT,Portugal,2023,,8.2,,,,,
dataflow,ESTAT:PRC_HPI_A$DEFAULTVIEW(1.0),House price index (2015 = 100) - annual data,A,Annual,TOTAL,Total,RCH_A_AVG,Annual average rate of change,PT,Portugal,2024,,9.1,,,,,
dataflow,ESTAT:PRC_HPI_A$DEFAULTVIEW(1.0),House price index (2015 = 100) - annual data,A,Annual,TOTAL,Total,RCH_A_AVG,Annual average rate of change,PT,Portugal,2025,,17.6,,,,,
dataflow,ESTAT:PRC_HPI_A$DEFAULTVIEW(1.0),House price index (2015 = 100) - annual data,A,Annual,TOTAL,Total,RCH_A_AVG,Annual average rate of change,RO,Romania,2016,,6.0,,,,,
dataflow,ESTAT:PRC_HPI_A$DEFAULTVIEW(1.0),House price index (2015 = 100) - annual data,A,Annual,TOTAL,Total,RCH_A_AVG,Annual average rate of change,RO,Romania,2017,,6.0,,,,,
dataflow,ESTAT:PRC_HPI_A$DEFAULTVIEW(1.0),House price index (2015 = 100) - annual data,A,Annual,TOTAL,Total,RCH_A_AVG,Annual average rate of change,RO,Romania,2018,,5.6,,,,,
dataflow,ESTAT:PRC_HPI_A$DEFAULTVIEW(1.0),House price index (2015 = 100) - annual data,A,Annual,TOTAL,Total,RCH_A_AVG,Annual average rate of change,RO,Romania,2019,,3.4,,,,,
dataflow,ESTAT:PRC_HPI_A$DEFAULTVIEW(1.0),House price index (2015 = 100) - annual data,A,Annual,TOTAL,Total,RCH_A_AVG,Annual average rate of change,RO,Romania,2020,,4.7,,,,,
dataflow,ESTAT:PRC_HPI_A$DEFAULTVIEW(1.0),House price index (2015 = 100) - annual data,A,Annual,TOTAL,Total,RCH_A_AVG,Annual average rate of change,RO,Romania,2021,,4.4,,,,,
dataflow,ESTAT:PRC_HPI_A$DEFAULTVIEW(1.0),House price index (2015 = 100) - annual data,A,Annual,TOTAL,Total,RCH_A_AVG,Annual average rate of change,RO,Romania,2022,,7.2,,,,,
dataflow,ESTAT:PRC_HPI_A$DEFAULTVIEW(1.0),House price index (2015 = 100) - annual data,A,Annual,TOTAL,Total,RCH_A_AVG,Annual average rate of change,RO,Romania,2023,,3.3,,,,,
dataflow,ESTAT:PRC_HPI_A$DEFAULTVIEW(1.0),House price index (2015 = 100) - annual data,A,Annual,TOTAL,Total,RCH_A_AVG,Annual average rate of change,RO,Romania,2024,,5.0,,,,,
dataflow,ESTAT:PRC_HPI_A$DEFAULTVIEW(1.0),House price index (2015 = 100) - annual data,A,Annual,TOTAL,Total,RCH_A_AVG,Annual average rate of change,RO,Romania,2025,,5.7,,,,,
dataflow,ESTAT:PRC_HPI_A$DEFAULTVIEW(1.0),House price index (2015 = 100) - annual data,A,Annual,TOTAL,Total,RCH_A_AVG,Annual average rate of change,SE,Sweden,2016,,8.2,,,,,
dataflow,ESTAT:PRC_HPI_A$DEFAULTVIEW(1.0),House price index (2015 = 100) - annual data,A,Annual,TOTAL,Total,RCH_A_AVG,Annual average rate of change,SE,Sweden,2017,,6.6,,,,,
dataflow,ESTAT:PRC_HPI_A$DEFAULTVIEW(1.0),House price index (2015 = 100) - annual data,A,Annual,TOTAL,Total,RCH_A_AVG,Annual average rate of change,SE,Sweden,2018,,-0.9,,,,,
dataflow,ESTAT:PRC_HPI_A$DEFAULTVIEW(1.0),House price index (2015 = 100) - annual data,A,Annual,TOTAL,Total,RCH_A_AVG,Annual average rate of change,SE,Sweden,2019,,2.5,,,,,
dataflow,ESTAT:PRC_HPI_A$DEFAULTVIEW(1.0),House price index (2015 = 100) - annual data,A,Annual,TOTAL,Total,RCH_A_AVG,Annual average rate of change,SE,Sweden,2020,,4.2,,,,,
dataflow,ESTAT:PRC_HPI_A$DEFAULTVIEW(1.0),House price index (2015 = 100) - annual data,A,Annual,TOTAL,Total,RCH_A_AVG,Annual average rate of change,SE,Sweden,2021,,10.1,,,,,
dataflow,ESTAT:PRC_HPI_A$DEFAULTVIEW(1.0),House price index (2015 = 100) - annual data,A,Annual,TOTAL,Total,RCH_A_AVG,Annual average rate of change,SE,Sweden,2022,,3.6,,,,,
dataflow,ESTAT:PRC_HPI_A$DEFAULTVIEW(1.0),House price index (2015 = 100) - annual data,A,Annual,TOTAL,Total,RCH_A_AVG,Annual average rate of change,SE,Sweden,2023,,-5.2,,,,,
dataflow,ESTAT:PRC_HPI_A$DEFAULTVIEW(1.0),House price index (2015 = 100) - annual data,A,Annual,TOTAL,Total,RCH_A_AVG,Annual average rate of change,SE,Sweden,2024,,0.0,,,,,
dataflow,ESTAT:PRC_HPI_A$DEFAULTVIEW(1.0),House price index (2015 = 100) - annual data,A,Annual,TOTAL,Total,RCH_A_AVG,Annual average rate of change,SE,Sweden,2025,,1.0,,,,,
dataflow,ESTAT:PRC_HPI_A$DEFAULTVIEW(1.0),House price index (2015 = 100) - annual data,A,Annual,TOTAL,Total,RCH_A_AVG,Annual average rate of change,SI,Slovenia,2016,,3.3,,,,,
dataflow,ESTAT:PRC_HPI_A$DEFAULTVIEW(1.0),House price index (2015 = 100) - annual data,A,Annual,TOTAL,Total,RCH_A_AVG,Annual average rate of change,SI,Slovenia,2017,,8.3,,,,,
dataflow,ESTAT:PRC_HPI_A$DEFAULTVIEW(1.0),House price index (2015 = 100) - annual data,A,Annual,TOTAL,Total,RCH_A_AVG,Annual average rate of change,SI,Slovenia,2018,,8.7,,,,,
dataflow,ESTAT:PRC_HPI_A$DEFAULTVIEW(1.0),House price index (2015 = 100) - annual data,A,Annual,TOTAL,Total,RCH_A_AVG,Annual average rate of change,SI,Slovenia,2019,,6.7,,,,,
dataflow,ESTAT:PRC_HPI_A$DEFAULTVIEW(1.0),House price index (2015 = 100) - annual data,A,Annual,TOTAL,Total,RCH_A_AVG,Annual average rate of change,SI,Slovenia,2020,,4.6,,,,,
dataflow,ESTAT:PRC_HPI_A$DEFAULTVIEW(1.0),House price index (2015 = 100) - annual data,A,Annual,TOTAL,Total,RCH_A_AVG,Annual average rate of change,SI,Slovenia,2021,,11.5,,,,,
dataflow,ESTAT:PRC_HPI_A$DEFAULTVIEW(1.0),House price index (2015 = 100) - annual data,A,Annual,TOTAL,Total,RCH_A_AVG,Annual average rate of change,SI,Slovenia,2022,,14.8,,,,,
dataflow,ESTAT:PRC_HPI_A$DEFAULTVIEW(1.0),House price index (2015 = 100) - annual data,A,Annual,TOTAL,Total,RCH_A_AVG,Annual average rate of change,SI,Slovenia,2023,,7.2,,,,,
dataflow,ESTAT:PRC_HPI_A$DEFAULTVIEW(1.0),House price index (2015 = 100) - annual data,A,Annual,TOTAL,Total,RCH_A_AVG,Annual average rate of change,SI,Slovenia,2024,,7.5,,,,,
dataflow,ESTAT:PRC_HPI_A$DEFAULTVIEW(1.0),House price index (2015 = 100) - annual data,A,Annual,TOTAL,Total,RCH_A_AVG,Annual average rate of change,SI,Slovenia,2025,,4.3,,p,provisional,,
dataflow,ESTAT:PRC_HPI_A$DEFAULTVIEW(1.0),House price index (2015 = 100) - annual data,A,Annual,TOTAL,Total,RCH_A_AVG,Annual average rate of change,SK,Slovakia,2016,,6.7,,,,,
dataflow,ESTAT:PRC_HPI_A$DEFAULTVIEW(1.0),House price index (2015 = 100) - annual data,A,Annual,TOTAL,Total,RCH_A_AVG,Annual average rate of change,SK,Slovakia,2017,,5.9,,,,,
dataflow,ESTAT:PRC_HPI_A$DEFAULTVIEW(1.0),House price index (2015 = 100) - annual data,A,Annual,TOTAL,Total,RCH_A_AVG,Annual average rate of change,SK,Slovakia,2018,,7.4,,,,,
dataflow,ESTAT:PRC_HPI_A$DEFAULTVIEW(1.0),House price index (2015 = 100) - annual data,A,Annual,TOTAL,Total,RCH_A_AVG,Annual average rate of change,SK,Slovakia,2019,,9.1,,,,,
dataflow,ESTAT:PRC_HPI_A$DEFAULTVIEW(1.0),House price index (2015 = 100) - annual data,A,Annual,TOTAL,Total,RCH_A_AVG,Annual average rate of change,SK,Slovakia,2020,,9.5,,,,,
dataflow,ESTAT:PRC_HPI_A$DEFAULTVIEW(1.0),House price index (2015 = 100) - annual data,A,Annual,TOTAL,Total,RCH_A_AVG,Annual average rate of change,SK,Slovakia,2021,,6.4,,,,,
dataflow,ESTAT:PRC_HPI_A$DEFAULTVIEW(1.0),House price index (2015 = 100) - annual data,A,Annual,TOTAL,Total,RCH_A_AVG,Annual average rate of change,SK,Slovakia,2022,,13.7,,,,,
dataflow,ESTAT:PRC_HPI_A$DEFAULTVIEW(1.0),House price index (2015 = 100) - annual data,A,Annual,TOTAL,Total,RCH_A_AVG,Annual average rate of change,SK,Slovakia,2023,,-0.2,,,,,
dataflow,ESTAT:PRC_HPI_A$DEFAULTVIEW(1.0),House price index (2015 = 100) - annual data,A,Annual,TOTAL,Total,RCH_A_AVG,Annual average rate of change,SK,Slovakia,2024,,3.8,,,,,
dataflow,ESTAT:PRC_HPI_A$DEFAULTVIEW(1.0),House price index (2015 = 100) - annual data,A,Annual,TOTAL,Total,RCH_A_AVG,Annual average rate of change,SK,Slovakia,2025,,12.4,,,,,
dataflow,ESTAT:PRC_HPI_A$DEFAULTVIEW(1.0),House price index (2015 = 100) - annual data,A,Annual,TOTAL,Total,RCH_A_AVG,Annual average rate of change,TR,Türkiye,2016,,12.8,,d,definition differs (see metadata),,
dataflow,ESTAT:PRC_HPI_A$DEFAULTVIEW(1.0),House price index (2015 = 100) - annual data,A,Annual,TOTAL,Total,RCH_A_AVG,Annual average rate of change,TR,Türkiye,2017,,10.8,,d,definition differs (see metadata),,
dataflow,ESTAT:PRC_HPI_A$DEFAULTVIEW(1.0),House price index (2015 = 100) - annual data,A,Annual,TOTAL,Total,RCH_A_AVG,Annual average rate of change,TR,Türkiye,2018,,7.8,,d,definition differs (see metadata),,
dataflow,ESTAT:PRC_HPI_A$DEFAULTVIEW(1.0),House price index (2015 = 100) - annual data,A,Annual,TOTAL,Total,RCH_A_AVG,Annual average rate of change,TR,Türkiye,2019,,4.8,,d,definition differs (see metadata),,
dataflow,ESTAT:PRC_HPI_A$DEFAULTVIEW(1.0),House price index (2015 = 100) - annual data,A,Annual,TOTAL,Total,RCH_A_AVG,Annual average rate of change,TR,Türkiye,2020,,23.8,,d,definition differs (see metadata),,
dataflow,ESTAT:PRC_HPI_A$DEFAULTVIEW(1.0),House price index (2015 = 100) - annual data,A,Annual,TOTAL,Total,RCH_A_AVG,Annual average rate of change,TR,Türkiye,2021,,37.5,,d,definition differs (see metadata),,
dataflow,ESTAT:PRC_HPI_A$DEFAULTVIEW(1.0),House price index (2015 = 100) - annual data,A,Annual,TOTAL,Total,RCH_A_AVG,Annual average rate of change,TR,Türkiye,2022,,154.2,,d,definition differs (see metadata),,
dataflow,ESTAT:PRC_HPI_A$DEFAULTVIEW(1.0),House price index (2015 = 100) - annual data,A,Annual,TOTAL,Total,RCH_A_AVG,Annual average rate of change,TR,Türkiye,2023,,98.9,,d,definition differs (see metadata),,
dataflow,ESTAT:PRC_HPI_A$DEFAULTVIEW(1.0),House price index (2015 = 100) - annual data,A,Annual,TOTAL,Total,RCH_A_AVG,Annual average rate of change,TR,Türkiye,2024,,41.5,,d,definition differs (see metadata),,
dataflow,ESTAT:PRC_HPI_A$DEFAULTVIEW(1.0),House price index (2015 = 100) - annual data,A,Annual,TOTAL,Total,RCH_A_AVG,Annual average rate of change,UK,United Kingdom,2016,,7.0,,,,,
dataflow,ESTAT:PRC_HPI_A$DEFAULTVIEW(1.0),House price index (2015 = 100) - annual data,A,Annual,TOTAL,Total,RCH_A_AVG,Annual average rate of change,UK,United Kingdom,2017,,4.6,,,,,
dataflow,ESTAT:PRC_HPI_A$DEFAULTVIEW(1.0),House price index (2015 = 100) - annual data,A,Annual,TOTAL,Total,RCH_A_AVG,Annual average rate of change,UK,United Kingdom,2018,,3.3,,,,,
dataflow,ESTAT:PRC_HPI_A$DEFAULTVIEW(1.0),House price index (2015 = 100) - annual data,A,Annual,TOTAL,Total,RCH_A_AVG,Annual average rate of change,UK,United Kingdom,2019,,1.0,,,,,
