STRUCTURE,STRUCTURE_ID,STRUCTURE_NAME,freq,Time frequency,building,Type of building,currency,Currency,geo,Geopolitical entity (reporting),TIME_PERIOD,Time,OBS_VALUE,Observation value,OBS_FLAG,Observation status (Flag) V2 structure,CONF_STATUS,Confidentiality status (flag)
dataflow,ESTAT:PRC_COLC_RENTS(1.0),Average rent per month in cities by type of dwelling,A,Annual,FLAT1,1-bedroom flats,EUR,Euro,AL_CAP,Tiranë (Tirana),2016,,330,,,,,
dataflow,ESTAT:PRC_COLC_RENTS(1.0),Average rent per month in cities by type of dwelling,A,Annual,FLAT1,1-bedroom flats,EUR,Euro,AL_CAP,Tiranë (Tirana),2017,,350,,,,,
dataflow,ESTAT:PRC_COLC_RENTS(1.0),Average rent per month in cities by type of dwelling,A,Annual,FLAT1,1-bedroom flats,EUR,Euro,AL_CAP,Tiranë (Tirana),2018,,370,,,,,
dataflow,ESTAT:PRC_COLC_RENTS(1.0),Average rent per month in cities by type of dwelling,A,Annual,FLAT1,1-bedroom flats,EUR,Euro,AL_CAP,Tiranë (Tirana),2019,,390,,,,,
dataflow,ESTAT:PRC_COLC_RENTS(1.0),Average rent per month in cities by type of dwelling,A,Annual,FLAT1,1-bedroom flats,EUR,Euro,AL_CAP,Tiranë (Tirana),2020,,400,,,,,
dataflow,ESTAT:PRC_COLC_RENTS(1.0),Average rent per month in cities by type of dwelling,A,Annual,FLAT1,1-bedroom flats,EUR,Euro,AL_CAP,Tiranë (Tirana),2021,,380,,,,,
dataflow,ESTAT:PRC_COLC_RENTS(1.0),Average rent per month in cities by type of dwelling,A,Annual,FLAT1,1-bedroom flats,EUR,Euro,AL_CAP,Tiranë (Tirana),2022,,430,,,,,
dataflow,ESTAT:PRC_COLC_RENTS(1.0),Average rent per month in cities by type of dwelling,A,Annual,FLAT1,1-bedroom flats,EUR,Euro,AL_CAP,Tiranë (Tirana),2023,,490,,,,,
dataflow,ESTAT:PRC_COLC_RENTS(1.0),Average rent per month in cities by type of dwelling,A,Annual,FLAT1,1-bedroom flats,EUR,Euro,AL_CAP,Tiranë (Tirana),2024,,550,,,,,
dataflow,ESTAT:PRC_COLC_RENTS(1.0),Average rent per month in cities by type of dwelling,A,Annual,FLAT1,1-bedroom flats,EUR,Euro,AL_CAP,Tiranë (Tirana),2025,,610,,,,,
dataflow,ESTAT:PRC_COLC_RENTS(1.0),Average rent per month in cities by type of dwelling,A,Annual,FLAT1,1-bedroom flats,EUR,Euro,AT_CAP,Wien,2016,,900,,,,,
dataflow,ESTAT:PRC_COLC_RENTS(1.0),Average rent per month in cities by type of dwelling,A,Annual,FLAT1,1-bedroom flats,EUR,Euro,AT_CAP,Wien,2017,,980,,,,,
dataflow,ESTAT:PRC_COLC_RENTS(1.0),Average rent per month in cities by type of dwelling,A,Annual,FLAT1,1-bedroom flats,EUR,Euro,AT_CAP,Wien,2018,,970,,,,,
dataflow,ESTAT:PRC_COLC_RENTS(1.0),Average rent per month in cities by type of dwelling,A,Annual,FLAT1,1-bedroom flats,EUR,Euro,AT_CAP,Wien,2019,,960,,,,,
dataflow,ESTAT:PRC_COLC_RENTS(1.0),Average rent per month in cities by type of dwelling,A,Annual,FLAT1,1-bedroom flats,EUR,Euro,AT_CAP,Wien,2020,,1000,,,,,
dataflow,ESTAT:PRC_COLC_RENTS(1.0),Average rent per month in cities by type of dwelling,A,Annual,FLAT1,1-bedroom flats,EUR,Euro,AT_CAP,Wien,2021,,1050,,,,,
dataflow,ESTAT:PRC_COLC_RENTS(1.0),Average rent per month in cities by type of dwelling,A,Annual,FLAT1,1-bedroom flats,EUR,Euro,AT_CAP,Wien,2022,,1050,,,,,
dataflow,ESTAT:PRC_COLC_RENTS(1.0),Average rent per month in cities by type of dwelling,A,Annual,FLAT1,1-bedroom flats,EUR,Euro,AT_CAP,Wien,2023,,1150,,,,,
dataflow,ESTAT:PRC_COLC_RENTS(1.0),Average rent per month in cities by type of dwelling,A,Annual,FLAT1,1-bedroom flats,EUR,Euro,AT_CAP,Wien,2024,,1200,,,,,
dataflow,ESTAT:PRC_COLC_RENTS(1.0),Average rent per month in cities by type of dwelling,A,Annual,FLAT1,1-bedroom flats,EUR,Euro,AT_CAP,Wien,2025,,1250,,,,,
dataflow,ESTAT:PRC_COLC_RENTS(1.0),Average rent per month in cities by type of dwelling,A,Annual,FLAT1,1-bedroom flats,EUR,Euro,BA_CAP,Sarajevo,2016,,420,,,,,
dataflow,ESTAT:PRC_COLC_RENTS(1.0),Average rent per month in cities by type of dwelling,A,Annual,FLAT1,1-bedroom flats,EUR,Euro,BA_CAP,Sarajevo,2017,,360,,,,,
dataflow,ESTAT:PRC_COLC_RENTS(1.0),Average rent per month in cities by type of dwelling,A,Annual,FLAT1,1-bedroom flats,EUR,Euro,BA_CAP,Sarajevo,2018,,390,,,,,
dataflow,ESTAT:PRC_COLC_RENTS(1.0),Average rent per month in cities by type of dwelling,A,Annual,FLAT1,1-bedroom flats,EUR,Euro,BA_CAP,Sarajevo,2019,,400,,,,,
dataflow,ESTAT:PRC_COLC_RENTS(1.0),Average rent per month in cities by type of dwelling,A,Annual,FLAT1,1-bedroom flats,EUR,Euro,BA_CAP,Sarajevo,2020,,400,,,,,
dataflow,ESTAT:PRC_COLC_RENTS(1.0),Average rent per month in cities by type of dwelling,A,Annual,FLAT1,1-bedroom flats,EUR,Euro,BA_CAP,Sarajevo,2021,,430,,,,,
dataflow,ESTAT:PRC_COLC_RENTS(1.0),Average rent per month in cities by type of dwelling,A,Annual,FLAT1,1-bedroom flats,EUR,Euro,BA_CAP,Sarajevo,2022,,560,,,,,
dataflow,ESTAT:PRC_COLC_RENTS(1.0),Average rent per month in cities by type of dwelling,A,Annual,FLAT1,1-bedroom flats,EUR,Euro,BA_CAP,Sarajevo,2023,,610,,,,,
dataflow,ESTAT:PRC_COLC_RENTS(1.0),Average rent per month in cities by type of dwelling,A,Annual,FLAT1,1-bedroom flats,EUR,Euro,BA_CAP,Sarajevo,2024,,690,,,,,
dataflow,ESTAT:PRC_COLC_RENTS(1.0),Average rent per month in cities by type of dwelling,A,Annual,FLAT1,1-bedroom flats,EUR,Euro,BA_CAP,Sarajevo,2025,,770,,,,,
dataflow,ESTAT:PRC_COLC_RENTS(1.0),Average rent per month in cities by type of dwelling,A,Annual,FLAT1,1-bedroom flats,EUR,Euro,BE_CAP,Bruxelles/Brussel,2016,,820,,,,,
dataflow,ESTAT:PRC_COLC_RENTS(1.0),Average rent per month in cities by type of dwelling,A,Annual,FLAT1,1-bedroom flats,EUR,Euro,BE_CAP,Bruxelles/Brussel,2017,,770,,,,,
dataflow,ESTAT:PRC_COLC_RENTS(1.0),Average rent per month in cities by type of dwelling,A,Annual,FLAT1,1-bedroom flats,EUR,Euro,BE_CAP,Bruxelles/Brussel,2018,,800,,,,,
dataflow,ESTAT:PRC_COLC_RENTS(1.0),Average rent per month in cities by type of dwelling,A,Annual,FLAT1,1-bedroom flats,EUR,Euro,BE_CAP,Bruxelles/Brussel,2019,,850,,,,,
dataflow,ESTAT:PRC_COLC_RENTS(1.0),Average rent per month in cities by type of dwelling,A,Annual,FLAT1,1-bedroom flats,EUR,Euro,BE_CAP,Bruxelles/Brussel,2020,,870,,,,,
dataflow,ESTAT:PRC_COLC_RENTS(1.0),Average rent per month in cities by type of dwelling,A,Annual,FLAT1,1-bedroom flats,EUR,Euro,BE_CAP,Bruxelles/Brussel,2021,,880,,,,,
dataflow,ESTAT:PRC_COLC_RENTS(1.0),Average rent per month in cities by type of dwelling,A,Annual,FLAT1,1-bedroom flats,EUR,Euro,BE_CAP,Bruxelles/Brussel,2022,,970,,,,,
dataflow,ESTAT:PRC_COLC_RENTS(1.0),Average rent per month in cities by type of dwelling,A,Annual,FLAT1,1-bedroom flats,EUR,Euro,BE_CAP,Bruxelles/Brussel,2023,,980,,,,,
dataflow,ESTAT:PRC_COLC_RENTS(1.0),Average rent per month in cities by type of dwelling,A,Annual,FLAT1,1-bedroom flats,EUR,Euro,BE_CAP,Bruxelles/Brussel,2024,,1100,,,,,
dataflow,ESTAT:PRC_COLC_RENTS(1.0),Average rent per month in cities by type of dwelling,A,Annual,FLAT1,1-bedroom flats,EUR,Euro,BE_CAP,Bruxelles/Brussel,2025,,1150,,,,,
dataflow,ESTAT:PRC_COLC_RENTS(1.0),Average rent per month in cities by type of dwelling,A,Annual,FLAT1,1-bedroom flats,EUR,Euro,BG_CAP,Sofia,2016,,400,,,,,
dataflow,ESTAT:PRC_COLC_RENTS(1.0),Average rent per month in cities by type of dwelling,A,Annual,FLAT1,1-bedroom flats,EUR,Euro,BG_CAP,Sofia,2017,,380,,,,,
dataflow,ESTAT:PRC_COLC_RENTS(1.0),Average rent per month in cities by type of dwelling,A,Annual,FLAT1,1-bedroom flats,EUR,Euro,BG_CAP,Sofia,2018,,360,,,,,
dataflow,ESTAT:PRC_COLC_RENTS(1.0),Average rent per month in cities by type of dwelling,A,Annual,FLAT1,1-bedroom flats,EUR,Euro,BG_CAP,Sofia,2019,,420,,,,,
dataflow,ESTAT:PRC_COLC_RENTS(1.0),Average rent per month in cities by type of dwelling,A,Annual,FLAT1,1-bedroom flats,EUR,Euro,BG_CAP,Sofia,2020,,430,,,,,
dataflow,ESTAT:PRC_COLC_RENTS(1.0),Average rent per month in cities by type of dwelling,A,Annual,FLAT1,1-bedroom flats,EUR,Euro,BG_CAP,Sofia,2021,,390,,,,,
dataflow,ESTAT:PRC_COLC_RENTS(1.0),Average rent per month in cities by type of dwelling,A,Annual,FLAT1,1-bedroom flats,EUR,Euro,BG_CAP,Sofia,2022,,420,,,,,
dataflow,ESTAT:PRC_COLC_RENTS(1.0),Average rent per month in cities by type of dwelling,A,Annual,FLAT1,1-bedroom flats,EUR,Euro,BG_CAP,Sofia,2023,,480,,,,,
dataflow,ESTAT:PRC_COLC_RENTS(1.0),Average rent per month in cities by type of dwelling,A,Annual,FLAT1,1-bedroom flats,EUR,Euro,BG_CAP,Sofia,2024,,570,,,,,
dataflow,ESTAT:PRC_COLC_RENTS(1.0),Average rent per month in cities by type of dwelling,A,Annual,FLAT1,1-bedroom flats,EUR,Euro,BG_CAP,Sofia,2025,,650,,,,,
dataflow,ESTAT:PRC_COLC_RENTS(1.0),Average rent per month in cities by type of dwelling,A,Annual,FLAT1,1-bedroom flats,EUR,Euro,CH_CAP,Bern (Berne),2016,,1500,,,,,
dataflow,ESTAT:PRC_COLC_RENTS(1.0),Average rent per month in cities by type of dwelling,A,Annual,FLAT1,1-bedroom flats,EUR,Euro,CH_CAP,Bern (Berne),2017,,1400,,,,,
dataflow,ESTAT:PRC_COLC_RENTS(1.0),Average rent per month in cities by type of dwelling,A,Annual,FLAT1,1-bedroom flats,EUR,Euro,CH_CAP,Bern (Berne),2018,,1350,,,,,
dataflow,ESTAT:PRC_COLC_RENTS(1.0),Average rent per month in cities by type of dwelling,A,Annual,FLAT1,1-bedroom flats,EUR,Euro,CH_CAP,Bern (Berne),2019,,1400,,,,,
dataflow,ESTAT:PRC_COLC_RENTS(1.0),Average rent per month in cities by type of dwelling,A,Annual,FLAT1,1-bedroom flats,EUR,Euro,CH_CAP,Bern (Berne),2020,,1450,,,,,
dataflow,ESTAT:PRC_COLC_RENTS(1.0),Average rent per month in cities by type of dwelling,A,Annual,FLAT1,1-bedroom flats,EUR,Euro,CH_CAP,Bern (Berne),2021,,1350,,,,,
dataflow,ESTAT:PRC_COLC_RENTS(1.0),Average rent per month in cities by type of dwelling,A,Annual,FLAT1,1-bedroom flats,EUR,Euro,CH_CAP,Bern (Berne),2022,,1500,,,,,
dataflow,ESTAT:PRC_COLC_RENTS(1.0),Average rent per month in cities by type of dwelling,A,Annual,FLAT1,1-bedroom flats,EUR,Euro,CH_CAP,Bern (Berne),2023,,1500,,,,,
dataflow,ESTAT:PRC_COLC_RENTS(1.0),Average rent per month in cities by type of dwelling,A,Annual,FLAT1,1-bedroom flats,EUR,Euro,CH_CAP,Bern (Berne),2024,,1700,,,,,
dataflow,ESTAT:PRC_COLC_RENTS(1.0),Average rent per month in cities by type of dwelling,A,Annual,FLAT1,1-bedroom flats,EUR,Euro,CH_CAP,Bern (Berne),2025,,1750,,,,,
dataflow,ESTAT:PRC_COLC_RENTS(1.0),Average rent per month in cities by type of dwelling,A,Annual,FLAT1,1-bedroom flats,EUR,Euro,CH_DEL,Genève,2016,,1900,,,,,
dataflow,ESTAT:PRC_COLC_RENTS(1.0),Average rent per month in cities by type of dwelling,A,Annual,FLAT1,1-bedroom flats,EUR,Euro,CH_DEL,Genève,2017,,1900,,,,,
dataflow,ESTAT:PRC_COLC_RENTS(1.0),Average rent per month in cities by type of dwelling,A,Annual,FLAT1,1-bedroom flats,EUR,Euro,CH_DEL,Genève,2018,,1800,,,,,
dataflow,ESTAT:PRC_COLC_RENTS(1.0),Average rent per month in cities by type of dwelling,A,Annual,FLAT1,1-bedroom flats,EUR,Euro,CH_DEL,Genève,2019,,1900,,,,,
dataflow,ESTAT:PRC_COLC_RENTS(1.0),Average rent per month in cities by type of dwelling,A,Annual,FLAT1,1-bedroom flats,EUR,Euro,CH_DEL,Genève,2020,,1950,,,,,
dataflow,ESTAT:PRC_COLC_RENTS(1.0),Average rent per month in cities by type of dwelling,A,Annual,FLAT1,1-bedroom flats,EUR,Euro,CH_DEL,Genève,2021,,1850,,,,,
dataflow,ESTAT:PRC_COLC_RENTS(1.0),Average rent per month in cities by type of dwelling,A,Annual,FLAT1,1-bedroom flats,EUR,Euro,CH_DEL,Genève,2022,,2100,,,,,
dataflow,ESTAT:PRC_COLC_RENTS(1.0),Average rent per month in cities by type of dwelling,A,Annual,FLAT1,1-bedroom flats,EUR,Euro,CH_DEL,Genève,2023,,2200,,,,,
dataflow,ESTAT:PRC_COLC_RENTS(1.0),Average rent per month in cities by type of dwelling,A,Annual,FLAT1,1-bedroom flats,EUR,Euro,CH_DEL,Genève,2024,,2400,,,,,
dataflow,ESTAT:PRC_COLC_RENTS(1.0),Average rent per month in cities by type of dwelling,A,Annual,FLAT1,1-bedroom flats,EUR,Euro,CH_DEL,Genève,2025,,2550,,,,,
dataflow,ESTAT:PRC_COLC_RENTS(1.0),Average rent per month in cities by type of dwelling,A,Annual,FLAT1,1-bedroom flats,EUR,Euro,CY_CAP,Lefkosia,2016,,450,,,,,
dataflow,ESTAT:PRC_COLC_RENTS(1.0),Average rent per month in cities by type of dwelling,A,Annual,FLAT1,1-bedroom flats,EUR,Euro,CY_CAP,Lefkosia,2017,,480,,,,,
dataflow,ESTAT:PRC_COLC_RENTS(1.0),Average rent per month in cities by type of dwelling,A,Annual,FLAT1,1-bedroom flats,EUR,Euro,CY_CAP,Lefkosia,2018,,620,,,,,
dataflow,ESTAT:PRC_COLC_RENTS(1.0),Average rent per month in cities by type of dwelling,A,Annual,FLAT1,1-bedroom flats,EUR,Euro,CY_CAP,Lefkosia,2019,,600,,,,,
dataflow,ESTAT:PRC_COLC_RENTS(1.0),Average rent per month in cities by type of dwelling,A,Annual,FLAT1,1-bedroom flats,EUR,Euro,CY_CAP,Lefkosia,2020,,610,,,,,
dataflow,ESTAT:PRC_COLC_RENTS(1.0),Average rent per month in cities by type of dwelling,A,Annual,FLAT1,1-bedroom flats,EUR,Euro,CY_CAP,Lefkosia,2021,,570,,,,,
dataflow,ESTAT:PRC_COLC_RENTS(1.0),Average rent per month in cities by type of dwelling,A,Annual,FLAT1,1-bedroom flats,EUR,Euro,CY_CAP,Lefkosia,2022,,620,,,,,
dataflow,ESTAT:PRC_COLC_RENTS(1.0),Average rent per month in cities by type of dwelling,A,Annual,FLAT1,1-bedroom flats,EUR,Euro,CY_CAP,Lefkosia,2023,,630,,,,,
dataflow,ESTAT:PRC_COLC_RENTS(1.0),Average rent per month in cities by type of dwelling,A,Annual,FLAT1,1-bedroom flats,EUR,Euro,CY_CAP,Lefkosia,2024,,680,,,,,
dataflow,ESTAT:PRC_COLC_RENTS(1.0),Average rent per month in cities by type of dwelling,A,Annual,FLAT1,1-bedroom flats,EUR,Euro,CY_CAP,Lefkosia,2025,,750,,,,,
dataflow,ESTAT:PRC_COLC_RENTS(1.0),Average rent per month in cities by type of dwelling,A,Annual,FLAT1,1-bedroom flats,EUR,Euro,CZ_CAP,Praha,2016,,680,,,,,
dataflow,ESTAT:PRC_COLC_RENTS(1.0),Average rent per month in cities by type of dwelling,A,Annual,FLAT1,1-bedroom flats,EUR,Euro,CZ_CAP,Praha,2017,,800,,,,,
dataflow,ESTAT:PRC_COLC_RENTS(1.0),Average rent per month in cities by type of dwelling,A,Annual,FLAT1,1-bedroom flats,EUR,Euro,CZ_CAP,Praha,2018,,910,,,,,
dataflow,ESTAT:PRC_COLC_RENTS(1.0),Average rent per month in cities by type of dwelling,A,Annual,FLAT1,1-bedroom flats,EUR,Euro,CZ_CAP,Praha,2019,,920,,,,,
dataflow,ESTAT:PRC_COLC_RENTS(1.0),Average rent per month in cities by type of dwelling,A,Annual,FLAT1,1-bedroom flats,EUR,Euro,CZ_CAP,Praha,2020,,900,,,,,
dataflow,ESTAT:PRC_COLC_RENTS(1.0),Average rent per month in cities by type of dwelling,A,Annual,FLAT1,1-bedroom flats,EUR,Euro,CZ_CAP,Praha,2021,,760,,,,,
dataflow,ESTAT:PRC_COLC_RENTS(1.0),Average rent per month in cities by type of dwelling,A,Annual,FLAT1,1-bedroom flats,EUR,Euro,CZ_CAP,Praha,2022,,980,,,,,
dataflow,ESTAT:PRC_COLC_RENTS(1.0),Average rent per month in cities by type of dwelling,A,Annual,FLAT1,1-bedroom flats,EUR,Euro,CZ_CAP,Praha,2023,,1150,,,,,
dataflow,ESTAT:PRC_COLC_RENTS(1.0),Average rent per month in cities by type of dwelling,A,Annual,FLAT1,1-bedroom flats,EUR,Euro,CZ_CAP,Praha,2024,,1150,,,,,
dataflow,ESTAT:PRC_COLC_RENTS(1.0),Average rent per month in cities by type of dwelling,A,Annual,FLAT1,1-bedroom flats,EUR,Euro,CZ_CAP,Praha,2025,,1250,,,,,
dataflow,ESTAT:PRC_COLC_RENTS(1.0),Average rent per month in cities by type of dwelling,A,Annual,FLAT1,1-bedroom flats,EUR,Euro,DE_CAP,Berlin,2016,,930,,,,,
dataflow,ESTAT:PRC_COLC_RENTS(1.0),Average rent per month in cities by type of dwelling,A,Annual,FLAT1,1-bedroom flats,EUR,Euro,DE_CAP,Berlin,2017,,960,,,,,
dataflow,ESTAT:PRC_COLC_RENTS(1.0),Average rent per month in cities by type of dwelling,A,Annual,FLAT1,1-bedroom flats,EUR,Euro,DE_CAP,Berlin,2018,,990,,,,,
dataflow,ESTAT:PRC_COLC_RENTS(1.0),Average rent per month in cities by type of dwelling,A,Annual,FLAT1,1-bedroom flats,EUR,Euro,DE_CAP,Berlin,2019,,1050,,,,,
dataflow,ESTAT:PRC_COLC_RENTS(1.0),Average rent per month in cities by type of dwelling,A,Annual,FLAT1,1-bedroom flats,EUR,Euro,DE_CAP,Berlin,2020,,1050,,,,,
dataflow,ESTAT:PRC_COLC_RENTS(1.0),Average rent per month in cities by type of dwelling,A,Annual,FLAT1,1-bedroom flats,EUR,Euro,DE_CAP,Berlin,2021,,1150,,,,,
dataflow,ESTAT:PRC_COLC_RENTS(1.0),Average rent per month in cities by type of dwelling,A,Annual,FLAT1,1-bedroom flats,EUR,Euro,DE_CAP,Berlin,2022,,1200,,,,,
dataflow,ESTAT:PRC_COLC_RENTS(1.0),Average rent per month in cities by type of dwelling,A,Annual,FLAT1,1-bedroom flats,EUR,Euro,DE_CAP,Berlin,2023,,1250,,,,,
dataflow,ESTAT:PRC_COLC_RENTS(1.0),Average rent per month in cities by type of dwelling,A,Annual,FLAT1,1-bedroom flats,EUR,Euro,DE_CAP,Berlin,2024,,1450,,,,,
dataflow,ESTAT:PRC_COLC_RENTS(1.0),Average rent per month in cities by type of dwelling,A,Annual,FLAT1,1-bedroom flats,EUR,Euro,DE_CAP,Berlin,2025,,1350,,,,,
dataflow,ESTAT:PRC_COLC_RENTS(1.0),Average rent per month in cities by type of dwelling,A,Annual,FLAT1,1-bedroom flats,EUR,Euro,DE_DEL1,Karlsruhe,2016,,770,,,,,
dataflow,ESTAT:PRC_COLC_RENTS(1.0),Average rent per month in cities by type of dwelling,A,Annual,FLAT1,1-bedroom flats,EUR,Euro,DE_DEL1,Karlsruhe,2017,,790,,,,,
dataflow,ESTAT:PRC_COLC_RENTS(1.0),Average rent per month in cities by type of dwelling,A,Annual,FLAT1,1-bedroom flats,EUR,Euro,DE_DEL1,Karlsruhe,2018,,810,,,,,
dataflow,ESTAT:PRC_COLC_RENTS(1.0),Average rent per month in cities by type of dwelling,A,Annual,FLAT1,1-bedroom flats,EUR,Euro,DE_DEL1,Karlsruhe,2019,,830,,,,,
dataflow,ESTAT:PRC_COLC_RENTS(1.0),Average rent per month in cities by type of dwelling,A,Annual,FLAT1,1-bedroom flats,EUR,Euro,DE_DEL1,Karlsruhe,2020,,840,,,,,
dataflow,ESTAT:PRC_COLC_RENTS(1.0),Average rent per month in cities by type of dwelling,A,Annual,FLAT1,1-bedroom flats,EUR,Euro,DE_DEL1,Karlsruhe,2021,,850,,,,,
dataflow,ESTAT:PRC_COLC_RENTS(1.0),Average rent per month in cities by type of dwelling,A,Annual,FLAT1,1-bedroom flats,EUR,Euro,DE_DEL1,Karlsruhe,2022,,900,,,,,
dataflow,ESTAT:PRC_COLC_RENTS(1.0),Average rent per month in cities by type of dwelling,A,Annual,FLAT1,1-bedroom flats,EUR,Euro,DE_DEL1,Karlsruhe,2023,,910,,,,,
dataflow,ESTAT:PRC_COLC_RENTS(1.0),Average rent per month in cities by type of dwelling,A,Annual,FLAT1,1-bedroom flats,EUR,Euro,DE_DEL2,München,2016,,1150,,,,,
dataflow,ESTAT:PRC_COLC_RENTS(1.0),Average rent per month in cities by type of dwelling,A,Annual,FLAT1,1-bedroom flats,EUR,Euro,DE_DEL2,München,2017,,1250,,,,,
dataflow,ESTAT:PRC_COLC_RENTS(1.0),Average rent per month in cities by type of dwelling,A,Annual,FLAT1,1-bedroom flats,EUR,Euro,DE_DEL2,München,2018,,1350,,,,,
dataflow,ESTAT:PRC_COLC_RENTS(1.0),Average rent per month in cities by type of dwelling,A,Annual,FLAT1,1-bedroom flats,EUR,Euro,DE_DEL2,München,2019,,1350,,,,,
dataflow,ESTAT:PRC_COLC_RENTS(1.0),Average rent per month in cities by type of dwelling,A,Annual,FLAT1,1-bedroom flats,EUR,Euro,DE_DEL2,München,2020,,1350,,,,,
dataflow,ESTAT:PRC_COLC_RENTS(1.0),Average rent per month in cities by type of dwelling,A,Annual,FLAT1,1-bedroom flats,EUR,Euro,DE_DEL2,München,2021,,1400,,,,,
dataflow,ESTAT:PRC_COLC_RENTS(1.0),Average rent per month in cities by type of dwelling,A,Annual,FLAT1,1-bedroom flats,EUR,Euro,DE_DEL2,München,2022,,1550,,,,,
dataflow,ESTAT:PRC_COLC_RENTS(1.0),Average rent per month in cities by type of dwelling,A,Annual,FLAT1,1-bedroom flats,EUR,Euro,DE_DEL2,München,2023,,1550,,,,,
dataflow,ESTAT:PRC_COLC_RENTS(1.0),Average rent per month in cities by type of dwelling,A,Annual,FLAT1,1-bedroom flats,EUR,Euro,DE_DEL2,München,2024,,1550,,,,,
dataflow,ESTAT:PRC_COLC_RENTS(1.0),Average rent per month in cities by type of dwelling,A,Annual,FLAT1,1-bedroom flats,EUR,Euro,DE_DEL2,München,2025,,1650,,,,,
dataflow,ESTAT:PRC_COLC_RENTS(1.0),Average rent per month in cities by type of dwelling,A,Annual,FLAT1,1-bedroom flats,EUR,Euro,DE_DEL3,Bonn,2016,,750,,,,,
dataflow,ESTAT:PRC_COLC_RENTS(1.0),Average rent per month in cities by type of dwelling,A,Annual,FLAT1,1-bedroom flats,EUR,Euro,DE_DEL3,Bonn,2017,,760,,,,,
dataflow,ESTAT:PRC_COLC_RENTS(1.0),Average rent per month in cities by type of dwelling,A,Annual,FLAT1,1-bedroom flats,EUR,Euro,DE_DEL3,Bonn,2018,,780,,,,,
dataflow,ESTAT:PRC_COLC_RENTS(1.0),Average rent per month in cities by type of dwelling,A,Annual,FLAT1,1-bedroom flats,EUR,Euro,DE_DEL3,Bonn,2019,,790,,,,,
dataflow,ESTAT:PRC_COLC_RENTS(1.0),Average rent per month in cities by type of dwelling,A,Annual,FLAT1,1-bedroom flats,EUR,Euro,DE_DEL3,Bonn,2020,,800,,,,,
dataflow,ESTAT:PRC_COLC_RENTS(1.0),Average rent per month in cities by type of dwelling,A,Annual,FLAT1,1-bedroom flats,EUR,Euro,DK_CAP,København,2016,,1200,,,,,
dataflow,ESTAT:PRC_COLC_RENTS(1.0),Average rent per month in cities by type of dwelling,A,Annual,FLAT1,1-bedroom flats,EUR,Euro,DK_CAP,København,2017,,1350,,,,,
dataflow,ESTAT:PRC_COLC_RENTS(1.0),Average rent per month in cities by type of dwelling,A,Annual,FLAT1,1-bedroom flats,EUR,Euro,DK_CAP,København,2018,,1400,,,,,
dataflow,ESTAT:PRC_COLC_RENTS(1.0),Average rent per month in cities by type of dwelling,A,Annual,FLAT1,1-bedroom flats,EUR,Euro,DK_CAP,København,2019,,1400,,,,,
dataflow,ESTAT:PRC_COLC_RENTS(1.0),Average rent per month in cities by type of dwelling,A,Annual,FLAT1,1-bedroom flats,EUR,Euro,DK_CAP,København,2020,,1400,,,,,
dataflow,ESTAT:PRC_COLC_RENTS(1.0),Average rent per month in cities by type of dwelling,A,Annual,FLAT1,1-bedroom flats,EUR,Euro,DK_CAP,København,2021,,1500,,,,,
dataflow,ESTAT:PRC_COLC_RENTS(1.0),Average rent per month in cities by type of dwelling,A,Annual,FLAT1,1-bedroom flats,EUR,Euro,DK_CAP,København,2022,,1450,,,,,
dataflow,ESTAT:PRC_COLC_RENTS(1.0),Average rent per month in cities by type of dwelling,A,Annual,FLAT1,1-bedroom flats,EUR,Euro,DK_CAP,København,2023,,1650,,,,,
dataflow,ESTAT:PRC_COLC_RENTS(1.0),Average rent per month in cities by type of dwelling,A,Annual,FLAT1,1-bedroom flats,EUR,Euro,DK_CAP,København,2024,,1650,,,,,
dataflow,ESTAT:PRC_COLC_RENTS(1.0),Average rent per month in cities by type of dwelling,A,Annual,FLAT1,1-bedroom flats,EUR,Euro,DK_CAP,København,2025,,1800,,,,,
dataflow,ESTAT:PRC_COLC_RENTS(1.0),Average rent per month in cities by type of dwelling,A,Annual,FLAT1,1-bedroom flats,EUR,Euro,EE_CAP,Tallinn,2016,,540,,,,,
dataflow,ESTAT:PRC_COLC_RENTS(1.0),Average rent per month in cities by type of dwelling,A,Annual,FLAT1,1-bedroom flats,EUR,Euro,EE_CAP,Tallinn,2017,,560,,,,,
dataflow,ESTAT:PRC_COLC_RENTS(1.0),Average rent per month in cities by type of dwelling,A,Annual,FLAT1,1-bedroom flats,EUR,Euro,EE_CAP,Tallinn,2018,,600,,,,,
dataflow,ESTAT:PRC_COLC_RENTS(1.0),Average rent per month in cities by type of dwelling,A,Annual,FLAT1,1-bedroom flats,EUR,Euro,EE_CAP,Tallinn,2019,,630,,,,,
dataflow,ESTAT:PRC_COLC_RENTS(1.0),Average rent per month in cities by type of dwelling,A,Annual,FLAT1,1-bedroom flats,EUR,Euro,EE_CAP,Tallinn,2020,,560,,,,,
dataflow,ESTAT:PRC_COLC_RENTS(1.0),Average rent per month in cities by type of dwelling,A,Annual,FLAT1,1-bedroom flats,EUR,Euro,EE_CAP,Tallinn,2021,,560,,,,,
dataflow,ESTAT:PRC_COLC_RENTS(1.0),Average rent per month in cities by type of dwelling,A,Annual,FLAT1,1-bedroom flats,EUR,Euro,EE_CAP,Tallinn,2022,,730,,,,,
dataflow,ESTAT:PRC_COLC_RENTS(1.0),Average rent per month in cities by type of dwelling,A,Annual,FLAT1,1-bedroom flats,EUR,Euro,EE_CAP,Tallinn,2023,,780,,,,,
dataflow,ESTAT:PRC_COLC_RENTS(1.0),Average rent per month in cities by type of dwelling,A,Annual,FLAT1,1-bedroom flats,EUR,Euro,EE_CAP,Tallinn,2024,,710,,,,,
dataflow,ESTAT:PRC_COLC_RENTS(1.0),Average rent per month in cities by type of dwelling,A,Annual,FLAT1,1-bedroom flats,EUR,Euro,EE_CAP,Tallinn,2025,,720,,,,,
dataflow,ESTAT:PRC_COLC_RENTS(1.0),Average rent per month in cities by type of dwelling,A,Annual,FLAT1,1-bedroom flats,EUR,Euro,EL_CAP,Athina,2016,,620,,,,,
dataflow,ESTAT:PRC_COLC_RENTS(1.0),Average rent per month in cities by type of dwelling,A,Annual,FLAT1,1-bedroom flats,EUR,Euro,EL_CAP,Athina,2017,,650,,,,,
dataflow,ESTAT:PRC_COLC_RENTS(1.0),Average rent per month in cities by type of dwelling,A,Annual,FLAT1,1-bedroom flats,EUR,Euro,EL_CAP,Athina,2018,,690,,,,,
dataflow,ESTAT:PRC_COLC_RENTS(1.0),Average rent per month in cities by type of dwelling,A,Annual,FLAT1,1-bedroom flats,EUR,Euro,EL_CAP,Athina,2019,,790,,,,,
dataflow,ESTAT:PRC_COLC_RENTS(1.0),Average rent per month in cities by type of dwelling,A,Annual,FLAT1,1-bedroom flats,EUR,Euro,EL_CAP,Athina,2020,,790,,,,,
dataflow,ESTAT:PRC_COLC_RENTS(1.0),Average rent per month in cities by type of dwelling,A,Annual,FLAT1,1-bedroom flats,EUR,Euro,EL_CAP,Athina,2021,,860,,,,,
dataflow,ESTAT:PRC_COLC_RENTS(1.0),Average rent per month in cities by type of dwelling,A,Annual,FLAT1,1-bedroom flats,EUR,Euro,EL_CAP,Athina,2022,,910,,,,,
dataflow,ESTAT:PRC_COLC_RENTS(1.0),Average rent per month in cities by type of dwelling,A,Annual,FLAT1,1-bedroom flats,EUR,Euro,EL_CAP,Athina,2023,,960,,,,,
dataflow,ESTAT:PRC_COLC_RENTS(1.0),Average rent per month in cities by type of dwelling,A,Annual,FLAT1,1-bedroom flats,EUR,Euro,EL_CAP,Athina,2024,,1050,,,,,
dataflow,ESTAT:PRC_COLC_RENTS(1.0),Average rent per month in cities by type of dwelling,A,Annual,FLAT1,1-bedroom flats,EUR,Euro,EL_CAP,Athina,2025,,1150,,,,,
dataflow,ESTAT:PRC_COLC_RENTS(1.0),Average rent per month in cities by type of dwelling,A,Annual,FLAT1,1-bedroom flats,EUR,Euro,ES_CAP,Madrid,2016,,800,,,,,
dataflow,ESTAT:PRC_COLC_RENTS(1.0),Average rent per month in cities by type of dwelling,A,Annual,FLAT1,1-bedroom flats,EUR,Euro,ES_CAP,Madrid,2017,,890,,,,,
dataflow,ESTAT:PRC_COLC_RENTS(1.0),Average rent per month in cities by type of dwelling,A,Annual,FLAT1,1-bedroom flats,EUR,Euro,ES_CAP,Madrid,2018,,960,,,,,
dataflow,ESTAT:PRC_COLC_RENTS(1.0),Average rent per month in cities by type of dwelling,A,Annual,FLAT1,1-bedroom flats,EUR,Euro,ES_CAP,Madrid,2019,,1000,,,,,
dataflow,ESTAT:PRC_COLC_RENTS(1.0),Average rent per month in cities by type of dwelling,A,Annual,FLAT1,1-bedroom flats,EUR,Euro,ES_CAP,Madrid,2020,,1000,,,,,
dataflow,ESTAT:PRC_COLC_RENTS(1.0),Average rent per month in cities by type of dwelling,A,Annual,FLAT1,1-bedroom flats,EUR,Euro,ES_CAP,Madrid,2021,,810,,,,,
dataflow,ESTAT:PRC_COLC_RENTS(1.0),Average rent per month in cities by type of dwelling,A,Annual,FLAT1,1-bedroom flats,EUR,Euro,ES_CAP,Madrid,2022,,970,,,,,
dataflow,ESTAT:PRC_COLC_RENTS(1.0),Average rent per month in cities by type of dwelling,A,Annual,FLAT1,1-bedroom flats,EUR,Euro,ES_CAP,Madrid,2023,,1050,,,,,
dataflow,ESTAT:PRC_COLC_RENTS(1.0),Average rent per month in cities by type of dwelling,A,Annual,FLAT1,1-bedroom flats,EUR,Euro,ES_CAP,Madrid,2024,,1150,,,,,
dataflow,ESTAT:PRC_COLC_RENTS(1.0),Average rent per month in cities by type of dwelling,A,Annual,FLAT1,1-bedroom flats,EUR,Euro,ES_CAP,Madrid,2025,,1300,,,,,
dataflow,ESTAT:PRC_COLC_RENTS(1.0),Average rent per month in cities by type of dwelling,A,Annual,FLAT1,1-bedroom flats,EUR,Euro,FI_CAP,Helsinki,2016,,1050,,,,,
dataflow,ESTAT:PRC_COLC_RENTS(1.0),Average rent per month in cities by type of dwelling,A,Annual,FLAT1,1-bedroom flats,EUR,Euro,FI_CAP,Helsinki,2017,,1150,,,,,
dataflow,ESTAT:PRC_COLC_RENTS(1.0),Average rent per month in cities by type of dwelling,A,Annual,FLAT1,1-bedroom flats,EUR,Euro,FI_CAP,Helsinki,2018,,1150,,,,,
dataflow,ESTAT:PRC_COLC_RENTS(1.0),Average rent per month in cities by type of dwelling,A,Annual,FLAT1,1-bedroom flats,EUR,Euro,FI_CAP,Helsinki,2019,,1200,,,,,
dataflow,ESTAT:PRC_COLC_RENTS(1.0),Average rent per month in cities by type of dwelling,A,Annual,FLAT1,1-bedroom flats,EUR,Euro,FI_CAP,Helsinki,2020,,1200,,,,,
dataflow,ESTAT:PRC_COLC_RENTS(1.0),Average rent per month in cities by type of dwelling,A,Annual,FLAT1,1-bedroom flats,EUR,Euro,FI_CAP,Helsinki,2021,,1100,,,,,
dataflow,ESTAT:PRC_COLC_RENTS(1.0),Average rent per month in cities by type of dwelling,A,Annual,FLAT1,1-bedroom flats,EUR,Euro,FI_CAP,Helsinki,2022,,1100,,,,,
dataflow,ESTAT:PRC_COLC_RENTS(1.0),Average rent per month in cities by type of dwelling,A,Annual,FLAT1,1-bedroom flats,EUR,Euro,FI_CAP,Helsinki,2023,,1100,,,,,
dataflow,ESTAT:PRC_COLC_RENTS(1.0),Average rent per month in cities by type of dwelling,A,Annual,FLAT1,1-bedroom flats,EUR,Euro,FI_CAP,Helsinki,2024,,1100,,,,,
dataflow,ESTAT:PRC_COLC_RENTS(1.0),Average rent per month in cities by type of dwelling,A,Annual,FLAT1,1-bedroom flats,EUR,Euro,FI_CAP,Helsinki,2025,,1150,,,,,
dataflow,ESTAT:PRC_COLC_RENTS(1.0),Average rent per month in cities by type of dwelling,A,Annual,FLAT1,1-bedroom flats,EUR,Euro,FR_CAP,Paris,2016,,1100,,,,,
dataflow,ESTAT:PRC_COLC_RENTS(1.0),Average rent per month in cities by type of dwelling,A,Annual,FLAT1,1-bedroom flats,EUR,Euro,FR_CAP,Paris,2017,,1150,,,,,
dataflow,ESTAT:PRC_COLC_RENTS(1.0),Average rent per month in cities by type of dwelling,A,Annual,FLAT1,1-bedroom flats,EUR,Euro,FR_CAP,Paris,2018,,1200,,,,,
dataflow,ESTAT:PRC_COLC_RENTS(1.0),Average rent per month in cities by type of dwelling,A,Annual,FLAT1,1-bedroom flats,EUR,Euro,FR_CAP,Paris,2019,,1250,,,,,
dataflow,ESTAT:PRC_COLC_RENTS(1.0),Average rent per month in cities by type of dwelling,A,Annual,FLAT1,1-bedroom flats,EUR,Euro,FR_CAP,Paris,2020,,1250,,,,,
dataflow,ESTAT:PRC_COLC_RENTS(1.0),Average rent per month in cities by type of dwelling,A,Annual,FLAT1,1-bedroom flats,EUR,Euro,FR_CAP,Paris,2021,,1250,,,,,
dataflow,ESTAT:PRC_COLC_RENTS(1.0),Average rent per month in cities by type of dwelling,A,Annual,FLAT1,1-bedroom flats,EUR,Euro,FR_CAP,Paris,2022,,1250,,,,,
dataflow,ESTAT:PRC_COLC_RENTS(1.0),Average rent per month in cities by type of dwelling,A,Annual,FLAT1,1-bedroom flats,EUR,Euro,FR_CAP,Paris,2023,,1350,,,,,
dataflow,ESTAT:PRC_COLC_RENTS(1.0),Average rent per month in cities by type of dwelling,A,Annual,FLAT1,1-bedroom flats,EUR,Euro,FR_CAP,Paris,2024,,1400,,,,,
dataflow,ESTAT:PRC_COLC_RENTS(1.0),Average rent per month in cities by type of dwelling,A,Annual,FLAT1,1-bedroom flats,EUR,Euro,FR_CAP,Paris,2025,,1550,,,,,
dataflow,ESTAT:PRC_COLC_RENTS(1.0),Average rent per month in cities by type of dwelling,A,Annual,FLAT1,1-bedroom flats,EUR,Euro,HR_CAP,Zagreb,2016,,570,,,,,
dataflow,ESTAT:PRC_COLC_RENTS(1.0),Average rent per month in cities by type of dwelling,A,Annual,FLAT1,1-bedroom flats,EUR,Euro,HR_CAP,Zagreb,2017,,630,,,,,
dataflow,ESTAT:PRC_COLC_RENTS(1.0),Average rent per month in cities by type of dwelling,A,Annual,FLAT1,1-bedroom flats,EUR,Euro,HR_CAP,Zagreb,2018,,620,,,,,
dataflow,ESTAT:PRC_COLC_RENTS(1.0),Average rent per month in cities by type of dwelling,A,Annual,FLAT1,1-bedroom flats,EUR,Euro,HR_CAP,Zagreb,2019,,710,,,,,
dataflow,ESTAT:PRC_COLC_RENTS(1.0),Average rent per month in cities by type of dwelling,A,Annual,FLAT1,1-bedroom flats,EUR,Euro,HR_CAP,Zagreb,2020,,730,,,,,
dataflow,ESTAT:PRC_COLC_RENTS(1.0),Average rent per month in cities by type of dwelling,A,Annual,FLAT1,1-bedroom flats,EUR,Euro,HR_CAP,Zagreb,2021,,680,,,,,
dataflow,ESTAT:PRC_COLC_RENTS(1.0),Average rent per month in cities by type of dwelling,A,Annual,FLAT1,1-bedroom flats,EUR,Euro,HR_CAP,Zagreb,2022,,770,,,,,
dataflow,ESTAT:PRC_COLC_RENTS(1.0),Average rent per month in cities by type of dwelling,A,Annual,FLAT1,1-bedroom flats,EUR,Euro,HR_CAP,Zagreb,2023,,890,,,,,
dataflow,ESTAT:PRC_COLC_RENTS(1.0),Average rent per month in cities by type of dwelling,A,Annual,FLAT1,1-bedroom flats,EUR,Euro,HR_CAP,Zagreb,2024,,900,,,,,
dataflow,ESTAT:PRC_COLC_RENTS(1.0),Average rent per month in cities by type of dwelling,A,Annual,FLAT1,1-bedroom flats,EUR,Euro,HR_CAP,Zagreb,2025,,1050,,,,,
dataflow,ESTAT:PRC_COLC_RENTS(1.0),Average rent per month in cities by type of dwelling,A,Annual,FLAT1,1-bedroom flats,EUR,Euro,HU_CAP,Budapest,2016,,590,,,,,
dataflow,ESTAT:PRC_COLC_RENTS(1.0),Average rent per month in cities by type of dwelling,A,Annual,FLAT1,1-bedroom flats,EUR,Euro,HU_CAP,Budapest,2017,,660,,,,,
dataflow,ESTAT:PRC_COLC_RENTS(1.0),Average rent per month in cities by type of dwelling,A,Annual,FLAT1,1-bedroom flats,EUR,Euro,HU_CAP,Budapest,2018,,620,,,,,
dataflow,ESTAT:PRC_COLC_RENTS(1.0),Average rent per month in cities by type of dwelling,A,Annual,FLAT1,1-bedroom flats,EUR,Euro,HU_CAP,Budapest,2019,,800,,,,,
dataflow,ESTAT:PRC_COLC_RENTS(1.0),Average rent per month in cities by type of dwelling,A,Annual,FLAT1,1-bedroom flats,EUR,Euro,HU_CAP,Budapest,2020,,760,,,,,
dataflow,ESTAT:PRC_COLC_RENTS(1.0),Average rent per month in cities by type of dwelling,A,Annual,FLAT1,1-bedroom flats,EUR,Euro,HU_CAP,Budapest,2021,,610,,,,,
dataflow,ESTAT:PRC_COLC_RENTS(1.0),Average rent per month in cities by type of dwelling,A,Annual,FLAT1,1-bedroom flats,EUR,Euro,HU_CAP,Budapest,2022,,660,,,,,
dataflow,ESTAT:PRC_COLC_RENTS(1.0),Average rent per month in cities by type of dwelling,A,Annual,FLAT1,1-bedroom flats,EUR,Euro,HU_CAP,Budapest,2023,,890,,,,,
dataflow,ESTAT:PRC_COLC_RENTS(1.0),Average rent per month in cities by type of dwelling,A,Annual,FLAT1,1-bedroom flats,EUR,Euro,HU_CAP,Budapest,2024,,790,,,,,
dataflow,ESTAT:PRC_COLC_RENTS(1.0),Average rent per month in cities by type of dwelling,A,Annual,FLAT1,1-bedroom flats,EUR,Euro,HU_CAP,Budapest,2025,,910,,,,,
dataflow,ESTAT:PRC_COLC_RENTS(1.0),Average rent per month in cities by type of dwelling,A,Annual,FLAT1,1-bedroom flats,EUR,Euro,IE_CAP,Dublin,2016,,1400,,,,,
dataflow,ESTAT:PRC_COLC_RENTS(1.0),Average rent per month in cities by type of dwelling,A,Annual,FLAT1,1-bedroom flats,EUR,Euro,IE_CAP,Dublin,2017,,1550,,,,,
dataflow,ESTAT:PRC_COLC_RENTS(1.0),Average rent per month in cities by type of dwelling,A,Annual,FLAT1,1-bedroom flats,EUR,Euro,IE_CAP,Dublin,2018,,1650,,,,,
dataflow,ESTAT:PRC_COLC_RENTS(1.0),Average rent per month in cities by type of dwelling,A,Annual,FLAT1,1-bedroom flats,EUR,Euro,IE_CAP,Dublin,2019,,1750,,,,,
dataflow,ESTAT:PRC_COLC_RENTS(1.0),Average rent per month in cities by type of dwelling,A,Annual,FLAT1,1-bedroom flats,EUR,Euro,IE_CAP,Dublin,2020,,1750,,,,,
dataflow,ESTAT:PRC_COLC_RENTS(1.0),Average rent per month in cities by type of dwelling,A,Annual,FLAT1,1-bedroom flats,EUR,Euro,IE_CAP,Dublin,2021,,1600,,,,,
dataflow,ESTAT:PRC_COLC_RENTS(1.0),Average rent per month in cities by type of dwelling,A,Annual,FLAT1,1-bedroom flats,EUR,Euro,IE_CAP,Dublin,2022,,1800,,,,,
dataflow,ESTAT:PRC_COLC_RENTS(1.0),Average rent per month in cities by type of dwelling,A,Annual,FLAT1,1-bedroom flats,EUR,Euro,IE_CAP,Dublin,2023,,2050,,,,,
dataflow,ESTAT:PRC_COLC_RENTS(1.0),Average rent per month in cities by type of dwelling,A,Annual,FLAT1,1-bedroom flats,EUR,Euro,IE_CAP,Dublin,2024,,2100,,,,,
dataflow,ESTAT:PRC_COLC_RENTS(1.0),Average rent per month in cities by type of dwelling,A,Annual,FLAT1,1-bedroom flats,EUR,Euro,IE_CAP,Dublin,2025,,2000,,,,,
dataflow,ESTAT:PRC_COLC_RENTS(1.0),Average rent per month in cities by type of dwelling,A,Annual,FLAT1,1-bedroom flats,EUR,Euro,IS_CAP,Reykjavik,2016,,1150,,,,,
dataflow,ESTAT:PRC_COLC_RENTS(1.0),Average rent per month in cities by type of dwelling,A,Annual,FLAT1,1-bedroom flats,EUR,Euro,IS_CAP,Reykjavik,2017,,1350,,,,,
dataflow,ESTAT:PRC_COLC_RENTS(1.0),Average rent per month in cities by type of dwelling,A,Annual,FLAT1,1-bedroom flats,EUR,Euro,IS_CAP,Reykjavik,2018,,1450,,,,,
dataflow,ESTAT:PRC_COLC_RENTS(1.0),Average rent per month in cities by type of dwelling,A,Annual,FLAT1,1-bedroom flats,EUR,Euro,IS_CAP,Reykjavik,2019,,1200,,,,,
dataflow,ESTAT:PRC_COLC_RENTS(1.0),Average rent per month in cities by type of dwelling,A,Annual,FLAT1,1-bedroom flats,EUR,Euro,IS_CAP,Reykjavik,2020,,1150,,,,,
dataflow,ESTAT:PRC_COLC_RENTS(1.0),Average rent per month in cities by type of dwelling,A,Annual,FLAT1,1-bedroom flats,EUR,Euro,IS_CAP,Reykjavik,2021,,1300,,,,,
dataflow,ESTAT:PRC_COLC_RENTS(1.0),Average rent per month in cities by type of dwelling,A,Annual,FLAT1,1-bedroom flats,EUR,Euro,IS_CAP,Reykjavik,2022,,1500,,,,,
dataflow,ESTAT:PRC_COLC_RENTS(1.0),Average rent per month in cities by type of dwelling,A,Annual,FLAT1,1-bedroom flats,EUR,Euro,IS_CAP,Reykjavik,2023,,1550,,,,,
dataflow,ESTAT:PRC_COLC_RENTS(1.0),Average rent per month in cities by type of dwelling,A,Annual,FLAT1,1-bedroom flats,EUR,Euro,IS_CAP,Reykjavik,2024,,1750,,,,,
dataflow,ESTAT:PRC_COLC_RENTS(1.0),Average rent per month in cities by type of dwelling,A,Annual,FLAT1,1-bedroom flats,EUR,Euro,IS_CAP,Reykjavik,2025,,1900,,,,,
dataflow,ESTAT:PRC_COLC_RENTS(1.0),Average rent per month in cities by type of dwelling,A,Annual,FLAT1,1-bedroom flats,EUR,Euro,IT_CAP,Roma,2016,,950,,,,,
dataflow,ESTAT:PRC_COLC_RENTS(1.0),Average rent per month in cities by type of dwelling,A,Annual,FLAT1,1-bedroom flats,EUR,Euro,IT_CAP,Roma,2017,,930,,,,,
dataflow,ESTAT:PRC_COLC_RENTS(1.0),Average rent per month in cities by type of dwelling,A,Annual,FLAT1,1-bedroom flats,EUR,Euro,IT_CAP,Roma,2018,,910,,,,,
dataflow,ESTAT:PRC_COLC_RENTS(1.0),Average rent per month in cities by type of dwelling,A,Annual,FLAT1,1-bedroom flats,EUR,Euro,IT_CAP,Roma,2019,,950,,,,,
dataflow,ESTAT:PRC_COLC_RENTS(1.0),Average rent per month in cities by type of dwelling,A,Annual,FLAT1,1-bedroom flats,EUR,Euro,IT_CAP,Roma,2020,,960,,,,,
dataflow,ESTAT:PRC_COLC_RENTS(1.0),Average rent per month in cities by type of dwelling,A,Annual,FLAT1,1-bedroom flats,EUR,Euro,IT_CAP,Roma,2021,,890,,,,,
dataflow,ESTAT:PRC_COLC_RENTS(1.0),Average rent per month in cities by type of dwelling,A,Annual,FLAT1,1-bedroom flats,EUR,Euro,IT_CAP,Roma,2022,,920,,,,,
dataflow,ESTAT:PRC_COLC_RENTS(1.0),Average rent per month in cities by type of dwelling,A,Annual,FLAT1,1-bedroom flats,EUR,Euro,IT_CAP,Roma,2023,,910,,,,,
dataflow,ESTAT:PRC_COLC_RENTS(1.0),Average rent per month in cities by type of dwelling,A,Annual,FLAT1,1-bedroom flats,EUR,Euro,IT_CAP,Roma,2024,,1050,,,,,
dataflow,ESTAT:PRC_COLC_RENTS(1.0),Average rent per month in cities by type of dwelling,A,Annual,FLAT1,1-bedroom flats,EUR,Euro,IT_CAP,Roma,2025,,1300,,,,,
dataflow,ESTAT:PRC_COLC_RENTS(1.0),Average rent per month in cities by type of dwelling,A,Annual,FLAT1,1-bedroom flats,EUR,Euro,IT_DEL,Varese,2016,,550,,,,,
dataflow,ESTAT:PRC_COLC_RENTS(1.0),Average rent per month in cities by type of dwelling,A,Annual,FLAT1,1-bedroom flats,EUR,Euro,IT_DEL,Varese,2017,,590,,,,,
dataflow,ESTAT:PRC_COLC_RENTS(1.0),Average rent per month in cities by type of dwelling,A,Annual,FLAT1,1-bedroom flats,EUR,Euro,IT_DEL,Varese,2018,,580,,,,,
dataflow,ESTAT:PRC_COLC_RENTS(1.0),Average rent per month in cities by type of dwelling,A,Annual,FLAT1,1-bedroom flats,EUR,Euro,IT_DEL,Varese,2019,,570,,,,,
dataflow,ESTAT:PRC_COLC_RENTS(1.0),Average rent per month in cities by type of dwelling,A,Annual,FLAT1,1-bedroom flats,EUR,Euro,IT_DEL,Varese,2020,,580,,,,,
dataflow,ESTAT:PRC_COLC_RENTS(1.0),Average rent per month in cities by type of dwelling,A,Annual,FLAT1,1-bedroom flats,EUR,Euro,IT_DEL,Varese,2021,,580,,,,,
dataflow,ESTAT:PRC_COLC_RENTS(1.0),Average rent per month in cities by type of dwelling,A,Annual,FLAT1,1-bedroom flats,EUR,Euro,IT_DEL,Varese,2022,,640,,,,,
dataflow,ESTAT:PRC_COLC_RENTS(1.0),Average rent per month in cities by type of dwelling,A,Annual,FLAT1,1-bedroom flats,EUR,Euro,IT_DEL,Varese,2023,,670,,,,,
dataflow,ESTAT:PRC_COLC_RENTS(1.0),Average rent per month in cities by type of dwelling,A,Annual,FLAT1,1-bedroom flats,EUR,Euro,IT_DEL,Varese,2024,,750,,,,,
dataflow,ESTAT:PRC_COLC_RENTS(1.0),Average rent per month in cities by type of dwelling,A,Annual,FLAT1,1-bedroom flats,EUR,Euro,IT_DEL,Varese,2025,,770,,,,,
dataflow,ESTAT:PRC_COLC_RENTS(1.0),Average rent per month in cities by type of dwelling,A,Annual,FLAT1,1-bedroom flats,EUR,Euro,LT_CAP,Vilnius,2016,,600,,,,,
dataflow,ESTAT:PRC_COLC_RENTS(1.0),Average rent per month in cities by type of dwelling,A,Annual,FLAT1,1-bedroom flats,EUR,Euro,LT_CAP,Vilnius,2017,,570,,,,,
dataflow,ESTAT:PRC_COLC_RENTS(1.0),Average rent per month in cities by type of dwelling,A,Annual,FLAT1,1-bedroom flats,EUR,Euro,LT_CAP,Vilnius,2018,,600,,,,,
dataflow,ESTAT:PRC_COLC_RENTS(1.0),Average rent per month in cities by type of dwelling,A,Annual,FLAT1,1-bedroom flats,EUR,Euro,LT_CAP,Vilnius,2019,,600,,,,,
dataflow,ESTAT:PRC_COLC_RENTS(1.0),Average rent per month in cities by type of dwelling,A,Annual,FLAT1,1-bedroom flats,EUR,Euro,LT_CAP,Vilnius,2020,,610,,,,,
dataflow,ESTAT:PRC_COLC_RENTS(1.0),Average rent per month in cities by type of dwelling,A,Annual,FLAT1,1-bedroom flats,EUR,Euro,LT_CAP,Vilnius,2021,,620,,,,,
dataflow,ESTAT:PRC_COLC_RENTS(1.0),Average rent per month in cities by type of dwelling,A,Annual,FLAT1,1-bedroom flats,EUR,Euro,LT_CAP,Vilnius,2022,,830,,,,,
dataflow,ESTAT:PRC_COLC_RENTS(1.0),Average rent per month in cities by type of dwelling,A,Annual,FLAT1,1-bedroom flats,EUR,Euro,LT_CAP,Vilnius,2023,,790,,,,,
dataflow,ESTAT:PRC_COLC_RENTS(1.0),Average rent per month in cities by type of dwelling,A,Annual,FLAT1,1-bedroom flats,EUR,Euro,LT_CAP,Vilnius,2024,,810,,,,,
dataflow,ESTAT:PRC_COLC_RENTS(1.0),Average rent per month in cities by type of dwelling,A,Annual,FLAT1,1-bedroom flats,EUR,Euro,LT_CAP,Vilnius,2025,,830,,,,,
dataflow,ESTAT:PRC_COLC_RENTS(1.0),Average rent per month in cities by type of dwelling,A,Annual,FLAT1,1-bedroom flats,EUR,Euro,LU_CAP,Luxembourg,2016,,1500,,,,,
dataflow,ESTAT:PRC_COLC_RENTS(1.0),Average rent per month in cities by type of dwelling,A,Annual,FLAT1,1-bedroom flats,EUR,Euro,LU_CAP,Luxembourg,2017,,1400,,,,,
dataflow,ESTAT:PRC_COLC_RENTS(1.0),Average rent per month in cities by type of dwelling,A,Annual,FLAT1,1-bedroom flats,EUR,Euro,LU_CAP,Luxembourg,2018,,1500,,,,,
dataflow,ESTAT:PRC_COLC_RENTS(1.0),Average rent per month in cities by type of dwelling,A,Annual,FLAT1,1-bedroom flats,EUR,Euro,LU_CAP,Luxembourg,2019,,1650,,,,,
dataflow,ESTAT:PRC_COLC_RENTS(1.0),Average rent per month in cities by type of dwelling,A,Annual,FLAT1,1-bedroom flats,EUR,Euro,LU_CAP,Luxembourg,2020,,1650,,,,,
dataflow,ESTAT:PRC_COLC_RENTS(1.0),Average rent per month in cities by type of dwelling,A,Annual,FLAT1,1-bedroom flats,EUR,Euro,LU_CAP,Luxembourg,2021,,1750,,,,,
dataflow,ESTAT:PRC_COLC_RENTS(1.0),Average rent per month in cities by type of dwelling,A,Annual,FLAT1,1-bedroom flats,EUR,Euro,LU_CAP,Luxembourg,2022,,1800,,,,,
dataflow,ESTAT:PRC_COLC_RENTS(1.0),Average rent per month in cities by type of dwelling,A,Annual,FLAT1,1-bedroom flats,EUR,Euro,LU_CAP,Luxembourg,2023,,1850,,,,,
dataflow,ESTAT:PRC_COLC_RENTS(1.0),Average rent per month in cities by type of dwelling,A,Annual,FLAT1,1-bedroom flats,EUR,Euro,LU_CAP,Luxembourg,2024,,1950,,,,,
dataflow,ESTAT:PRC_COLC_RENTS(1.0),Average rent per month in cities by type of dwelling,A,Annual,FLAT1,1-bedroom flats,EUR,Euro,LU_CAP,Luxembourg,2025,,1900,,,,,
dataflow,ESTAT:PRC_COLC_RENTS(1.0),Average rent per month in cities by type of dwelling,A,Annual,FLAT1,1-bedroom flats,EUR,Euro,LV_CAP,Riga,2016,,600,,,,,
dataflow,ESTAT:PRC_COLC_RENTS(1.0),Average rent per month in cities by type of dwelling,A,Annual,FLAT1,1-bedroom flats,EUR,Euro,LV_CAP,Riga,2017,,590,,,,,
dataflow,ESTAT:PRC_COLC_RENTS(1.0),Average rent per month in cities by type of dwelling,A,Annual,FLAT1,1-bedroom flats,EUR,Euro,LV_CAP,Riga,2018,,610,,,,,
dataflow,ESTAT:PRC_COLC_RENTS(1.0),Average rent per month in cities by type of dwelling,A,Annual,FLAT1,1-bedroom flats,EUR,Euro,LV_CAP,Riga,2019,,640,,,,,
dataflow,ESTAT:PRC_COLC_RENTS(1.0),Average rent per month in cities by type of dwelling,A,Annual,FLAT1,1-bedroom flats,EUR,Euro,LV_CAP,Riga,2020,,610,,,,,
dataflow,ESTAT:PRC_COLC_RENTS(1.0),Average rent per month in cities by type of dwelling,A,Annual,FLAT1,1-bedroom flats,EUR,Euro,LV_CAP,Riga,2021,,600,,,,,
dataflow,ESTAT:PRC_COLC_RENTS(1.0),Average rent per month in cities by type of dwelling,A,Annual,FLAT1,1-bedroom flats,EUR,Euro,LV_CAP,Riga,2022,,690,,,,,
dataflow,ESTAT:PRC_COLC_RENTS(1.0),Average rent per month in cities by type of dwelling,A,Annual,FLAT1,1-bedroom flats,EUR,Euro,LV_CAP,Riga,2023,,740,,,,,
dataflow,ESTAT:PRC_COLC_RENTS(1.0),Average rent per month in cities by type of dwelling,A,Annual,FLAT1,1-bedroom flats,EUR,Euro,LV_CAP,Riga,2024,,780,,,,,
dataflow,ESTAT:PRC_COLC_RENTS(1.0),Average rent per month in cities by type of dwelling,A,Annual,FLAT1,1-bedroom flats,EUR,Euro,LV_CAP,Riga,2025,,870,,,,,
dataflow,ESTAT:PRC_COLC_RENTS(1.0),Average rent per month in cities by type of dwelling,A,Annual,FLAT1,1-bedroom flats,EUR,Euro,ME_CAP,Podgorica,2016,,390,,,,,
dataflow,ESTAT:PRC_COLC_RENTS(1.0),Average rent per month in cities by type of dwelling,A,Annual,FLAT1,1-bedroom flats,EUR,Euro,ME_CAP,Podgorica,2017,,370,,,,,
dataflow,ESTAT:PRC_COLC_RENTS(1.0),Average rent per month in cities by type of dwelling,A,Annual,FLAT1,1-bedroom flats,EUR,Euro,ME_CAP,Podgorica,2018,,370,,,,,
dataflow,ESTAT:PRC_COLC_RENTS(1.0),Average rent per month in cities by type of dwelling,A,Annual,FLAT1,1-bedroom flats,EUR,Euro,ME_CAP,Podgorica,2019,,360,,,,,
dataflow,ESTAT:PRC_COLC_RENTS(1.0),Average rent per month in cities by type of dwelling,A,Annual,FLAT1,1-bedroom flats,EUR,Euro,ME_CAP,Podgorica,2020,,360,,,,,
dataflow,ESTAT:PRC_COLC_RENTS(1.0),Average rent per month in cities by type of dwelling,A,Annual,FLAT1,1-bedroom flats,EUR,Euro,ME_CAP,Podgorica,2021,,320,,,,,
dataflow,ESTAT:PRC_COLC_RENTS(1.0),Average rent per month in cities by type of dwelling,A,Annual,FLAT1,1-bedroom flats,EUR,Euro,ME_CAP,Podgorica,2022,,370,,,,,
dataflow,ESTAT:PRC_COLC_RENTS(1.0),Average rent per month in cities by type of dwelling,A,Annual,FLAT1,1-bedroom flats,EUR,Euro,ME_CAP,Podgorica,2023,,460,,,,,
dataflow,ESTAT:PRC_COLC_RENTS(1.0),Average rent per month in cities by type of dwelling,A,Annual,FLAT1,1-bedroom flats,EUR,Euro,ME_CAP,Podgorica,2024,,520,,,,,
dataflow,ESTAT:PRC_COLC_RENTS(1.0),Average rent per month in cities by type of dwelling,A,Annual,FLAT1,1-bedroom flats,EUR,Euro,ME_CAP,Podgorica,2025,,560,,,,,
dataflow,ESTAT:PRC_COLC_RENTS(1.0),Average rent per month in cities by type of dwelling,A,Annual,FLAT1,1-bedroom flats,EUR,Euro,MK_CAP,Skopje,2016,,220,,,,,
dataflow,ESTAT:PRC_COLC_RENTS(1.0),Average rent per month in cities by type of dwelling,A,Annual,FLAT1,1-bedroom flats,EUR,Euro,MK_CAP,Skopje,2017,,230,,,,,
dataflow,ESTAT:PRC_COLC_RENTS(1.0),Average rent per month in cities by type of dwelling,A,Annual,FLAT1,1-bedroom flats,EUR,Euro,MK_CAP,Skopje,2018,,230,,,,,
dataflow,ESTAT:PRC_COLC_RENTS(1.0),Average rent per month in cities by type of dwelling,A,Annual,FLAT1,1-bedroom flats,EUR,Euro,MK_CAP,Skopje,2019,,240,,,,,
dataflow,ESTAT:PRC_COLC_RENTS(1.0),Average rent per month in cities by type of dwelling,A,Annual,FLAT1,1-bedroom flats,EUR,Euro,MK_CAP,Skopje,2020,,240,,,,,
dataflow,ESTAT:PRC_COLC_RENTS(1.0),Average rent per month in cities by type of dwelling,A,Annual,FLAT1,1-bedroom flats,EUR,Euro,MK_CAP,Skopje,2021,,240,,,,,
dataflow,ESTAT:PRC_COLC_RENTS(1.0),Average rent per month in cities by type of dwelling,A,Annual,FLAT1,1-bedroom flats,EUR,Euro,MK_CAP,Skopje,2022,,250,,,,,
dataflow,ESTAT:PRC_COLC_RENTS(1.0),Average rent per month in cities by type of dwelling,A,Annual,FLAT1,1-bedroom flats,EUR,Euro,MK_CAP,Skopje,2023,,250,,,,,
dataflow,ESTAT:PRC_COLC_RENTS(1.0),Average rent per month in cities by type of dwelling,A,Annual,FLAT1,1-bedroom flats,EUR,Euro,MK_CAP,Skopje,2024,,290,,,,,
dataflow,ESTAT:PRC_COLC_RENTS(1.0),Average rent per month in cities by type of dwelling,A,Annual,FLAT1,1-bedroom flats,EUR,Euro,MK_CAP,Skopje,2025,,330,,,,,
dataflow,ESTAT:PRC_COLC_RENTS(1.0),Average rent per month in cities by type of dwelling,A,Annual,FLAT1,1-bedroom flats,EUR,Euro,MT_CAP,Valletta,2016,,680,,,,,
dataflow,ESTAT:PRC_COLC_RENTS(1.0),Average rent per month in cities by type of dwelling,A,Annual,FLAT1,1-bedroom flats,EUR,Euro,MT_CAP,Valletta,2017,,760,,,,,
dataflow,ESTAT:PRC_COLC_RENTS(1.0),Average rent per month in cities by type of dwelling,A,Annual,FLAT1,1-bedroom flats,EUR,Euro,MT_CAP,Valletta,2018,,820,,,,,
dataflow,ESTAT:PRC_COLC_RENTS(1.0),Average rent per month in cities by type of dwelling,A,Annual,FLAT1,1-bedroom flats,EUR,Euro,MT_CAP,Valletta,2019,,850,,,,,
dataflow,ESTAT:PRC_COLC_RENTS(1.0),Average rent per month in cities by type of dwelling,A,Annual,FLAT1,1-bedroom flats,EUR,Euro,MT_CAP,Valletta,2020,,890,,,,,
dataflow,ESTAT:PRC_COLC_RENTS(1.0),Average rent per month in cities by type of dwelling,A,Annual,FLAT1,1-bedroom flats,EUR,Euro,MT_CAP,Valletta,2021,,710,,,,,
dataflow,ESTAT:PRC_COLC_RENTS(1.0),Average rent per month in cities by type of dwelling,A,Annual,FLAT1,1-bedroom flats,EUR,Euro,MT_CAP,Valletta,2022,,800,,,,,
dataflow,ESTAT:PRC_COLC_RENTS(1.0),Average rent per month in cities by type of dwelling,A,Annual,FLAT1,1-bedroom flats,EUR,Euro,MT_CAP,Valletta,2023,,900,,,,,
dataflow,ESTAT:PRC_COLC_RENTS(1.0),Average rent per month in cities by type of dwelling,A,Annual,FLAT1,1-bedroom flats,EUR,Euro,MT_CAP,Valletta,2024,,980,,,,,
dataflow,ESTAT:PRC_COLC_RENTS(1.0),Average rent per month in cities by type of dwelling,A,Annual,FLAT1,1-bedroom flats,EUR,Euro,MT_CAP,Valletta,2025,,1050,,,,,
dataflow,ESTAT:PRC_COLC_RENTS(1.0),Average rent per month in cities by type of dwelling,A,Annual,FLAT1,1-bedroom flats,EUR,Euro,NL_DEL,Den Haag,2016,,1020,,,,,
dataflow,ESTAT:PRC_COLC_RENTS(1.0),Average rent per month in cities by type of dwelling,A,Annual,FLAT1,1-bedroom flats,EUR,Euro,NL_DEL,Den Haag,2017,,1030,,,,,
dataflow,ESTAT:PRC_COLC_RENTS(1.0),Average rent per month in cities by type of dwelling,A,Annual,FLAT1,1-bedroom flats,EUR,Euro,NL_DEL,Den Haag,2018,,1050,,,,,
dataflow,ESTAT:PRC_COLC_RENTS(1.0),Average rent per month in cities by type of dwelling,A,Annual,FLAT1,1-bedroom flats,EUR,Euro,NL_DEL,Den Haag,2019,,1100,,,,,
dataflow,ESTAT:PRC_COLC_RENTS(1.0),Average rent per month in cities by type of dwelling,A,Annual,FLAT1,1-bedroom flats,EUR,Euro,NL_DEL,Den Haag,2020,,1100,,,,,
dataflow,ESTAT:PRC_COLC_RENTS(1.0),Average rent per month in cities by type of dwelling,A,Annual,FLAT1,1-bedroom flats,EUR,Euro,NL_DEL,Den Haag,2021,,1050,,,,,
dataflow,ESTAT:PRC_COLC_RENTS(1.0),Average rent per month in cities by type of dwelling,A,Annual,FLAT1,1-bedroom flats,EUR,Euro,NL_DEL,Den Haag,2022,,1250,,,,,
dataflow,ESTAT:PRC_COLC_RENTS(1.0),Average rent per month in cities by type of dwelling,A,Annual,FLAT1,1-bedroom flats,EUR,Euro,NL_DEL,Den Haag,2023,,1200,,,,,
dataflow,ESTAT:PRC_COLC_RENTS(1.0),Average rent per month in cities by type of dwelling,A,Annual,FLAT1,1-bedroom flats,EUR,Euro,NL_DEL,Den Haag,2024,,1400,,,,,
dataflow,ESTAT:PRC_COLC_RENTS(1.0),Average rent per month in cities by type of dwelling,A,Annual,FLAT1,1-bedroom flats,EUR,Euro,NL_DEL,Den Haag,2025,,1800,,,,,
dataflow,ESTAT:PRC_COLC_RENTS(1.0),Average rent per month in cities by type of dwelling,A,Annual,FLAT1,1-bedroom flats,EUR,Euro,NO_CAP,Oslo,2016,,1450,,,,,
dataflow,ESTAT:PRC_COLC_RENTS(1.0),Average rent per month in cities by type of dwelling,A,Annual,FLAT1,1-bedroom flats,EUR,Euro,NO_CAP,Oslo,2017,,1550,,,,,
dataflow,ESTAT:PRC_COLC_RENTS(1.0),Average rent per month in cities by type of dwelling,A,Annual,FLAT1,1-bedroom flats,EUR,Euro,NO_CAP,Oslo,2018,,1500,,,,,
dataflow,ESTAT:PRC_COLC_RENTS(1.0),Average rent per month in cities by type of dwelling,A,Annual,FLAT1,1-bedroom flats,EUR,Euro,NO_CAP,Oslo,2019,,1550,,,,,
dataflow,ESTAT:PRC_COLC_RENTS(1.0),Average rent per month in cities by type of dwelling,A,Annual,FLAT1,1-bedroom flats,EUR,Euro,NO_CAP,Oslo,2020,,1400,,,,,
dataflow,ESTAT:PRC_COLC_RENTS(1.0),Average rent per month in cities by type of dwelling,A,Annual,FLAT1,1-bedroom flats,EUR,Euro,NO_CAP,Oslo,2021,,1550,,,,,
dataflow,ESTAT:PRC_COLC_RENTS(1.0),Average rent per month in cities by type of dwelling,A,Annual,FLAT1,1-bedroom flats,EUR,Euro,NO_CAP,Oslo,2022,,1600,,,,,
dataflow,ESTAT:PRC_COLC_RENTS(1.0),Average rent per month in cities by type of dwelling,A,Annual,FLAT1,1-bedroom flats,EUR,Euro,NO_CAP,Oslo,2023,,1450,,,,,
dataflow,ESTAT:PRC_COLC_RENTS(1.0),Average rent per month in cities by type of dwelling,A,Annual,FLAT1,1-bedroom flats,EUR,Euro,NO_CAP,Oslo,2024,,1700,,,,,
dataflow,ESTAT:PRC_COLC_RENTS(1.0),Average rent per month in cities by type of dwelling,A,Annual,FLAT1,1-bedroom flats,EUR,Euro,NO_CAP,Oslo,2025,,2000,,,,,
dataflow,ESTAT:PRC_COLC_RENTS(1.0),Average rent per month in cities by type of dwelling,A,Annual,FLAT1,1-bedroom flats,EUR,Euro,PL_CAP,Warszawa,2016,,550,,,,,
dataflow,ESTAT:PRC_COLC_RENTS(1.0),Average rent per month in cities by type of dwelling,A,Annual,FLAT1,1-bedroom flats,EUR,Euro,PL_CAP,Warszawa,2017,,590,,,,,
dataflow,ESTAT:PRC_COLC_RENTS(1.0),Average rent per month in cities by type of dwelling,A,Annual,FLAT1,1-bedroom flats,EUR,Euro,PL_CAP,Warszawa,2018,,550,,,,,
dataflow,ESTAT:PRC_COLC_RENTS(1.0),Average rent per month in cities by type of dwelling,A,Annual,FLAT1,1-bedroom flats,EUR,Euro,PL_CAP,Warszawa,2019,,570,,,,,
dataflow,ESTAT:PRC_COLC_RENTS(1.0),Average rent per month in cities by type of dwelling,A,Annual,FLAT1,1-bedroom flats,EUR,Euro,PL_CAP,Warszawa,2020,,570,,,,,
dataflow,ESTAT:PRC_COLC_RENTS(1.0),Average rent per month in cities by type of dwelling,A,Annual,FLAT1,1-bedroom flats,EUR,Euro,PL_CAP,Warszawa,2021,,470,,,,,
dataflow,ESTAT:PRC_COLC_RENTS(1.0),Average rent per month in cities by type of dwelling,A,Annual,FLAT1,1-bedroom flats,EUR,Euro,PL_CAP,Warszawa,2022,,610,,,,,
dataflow,ESTAT:PRC_COLC_RENTS(1.0),Average rent per month in cities by type of dwelling,A,Annual,FLAT1,1-bedroom flats,EUR,Euro,PL_CAP,Warszawa,2023,,720,,,,,
dataflow,ESTAT:PRC_COLC_RENTS(1.0),Average rent per month in cities by type of dwelling,A,Annual,FLAT1,1-bedroom flats,EUR,Euro,PL_CAP,Warszawa,2024,,800,,,,,
dataflow,ESTAT:PRC_COLC_RENTS(1.0),Average rent per month in cities by type of dwelling,A,Annual,FLAT1,1-bedroom flats,EUR,Euro,PL_CAP,Warszawa,2025,,840,,,,,
dataflow,ESTAT:PRC_COLC_RENTS(1.0),Average rent per month in cities by type of dwelling,A,Annual,FLAT1,1-bedroom flats,EUR,Euro,PT_CAP,Lisboa,2016,,770,,,,,
dataflow,ESTAT:PRC_COLC_RENTS(1.0),Average rent per month in cities by type of dwelling,A,Annual,FLAT1,1-bedroom flats,EUR,Euro,PT_CAP,Lisboa,2017,,890,,,,,
dataflow,ESTAT:PRC_COLC_RENTS(1.0),Average rent per month in cities by type of dwelling,A,Annual,FLAT1,1-bedroom flats,EUR,Euro,PT_CAP,Lisboa,2018,,1050,,,,,
dataflow,ESTAT:PRC_COLC_RENTS(1.0),Average rent per month in cities by type of dwelling,A,Annual,FLAT1,1-bedroom flats,EUR,Euro,PT_CAP,Lisboa,2019,,1050,,,,,
dataflow,ESTAT:PRC_COLC_RENTS(1.0),Average rent per month in cities by type of dwelling,A,Annual,FLAT1,1-bedroom flats,EUR,Euro,PT_CAP,Lisboa,2020,,1100,,,,,
dataflow,ESTAT:PRC_COLC_RENTS(1.0),Average rent per month in cities by type of dwelling,A,Annual,FLAT1,1-bedroom flats,EUR,Euro,PT_CAP,Lisboa,2021,,1050,,,,,
dataflow,ESTAT:PRC_COLC_RENTS(1.0),Average rent per month in cities by type of dwelling,A,Annual,FLAT1,1-bedroom flats,EUR,Euro,PT_CAP,Lisboa,2022,,1150,,,,,
dataflow,ESTAT:PRC_COLC_RENTS(1.0),Average rent per month in cities by type of dwelling,A,Annual,FLAT1,1-bedroom flats,EUR,Euro,PT_CAP,Lisboa,2023,,1350,,,,,
dataflow,ESTAT:PRC_COLC_RENTS(1.0),Average rent per month in cities by type of dwelling,A,Annual,FLAT1,1-bedroom flats,EUR,Euro,PT_CAP,Lisboa,2024,,1250,,,,,
dataflow,ESTAT:PRC_COLC_RENTS(1.0),Average rent per month in cities by type of dwelling,A,Annual,FLAT1,1-bedroom flats,EUR,Euro,PT_CAP,Lisboa,2025,,1400,,,,,
dataflow,ESTAT:PRC_COLC_RENTS(1.0),Average rent per month in cities by type of dwelling,A,Annual,FLAT1,1-bedroom flats,EUR,Euro,RO_CAP,Bucuresti,2016,,460,,,,,
dataflow,ESTAT:PRC_COLC_RENTS(1.0),Average rent per month in cities by type of dwelling,A,Annual,FLAT1,1-bedroom flats,EUR,Euro,RO_CAP,Bucuresti,2017,,510,,,,,
dataflow,ESTAT:PRC_COLC_RENTS(1.0),Average rent per month in cities by type of dwelling,A,Annual,FLAT1,1-bedroom flats,EUR,Euro,RO_CAP,Bucuresti,2018,,530,,,,,
dataflow,ESTAT:PRC_COLC_RENTS(1.0),Average rent per month in cities by type of dwelling,A,Annual,FLAT1,1-bedroom flats,EUR,Euro,RO_CAP,Bucuresti,2019,,530,,,,,
dataflow,ESTAT:PRC_COLC_RENTS(1.0),Average rent per month in cities by type of dwelling,A,Annual,FLAT1,1-bedroom flats,EUR,Euro,RO_CAP,Bucuresti,2020,,540,,,,,
dataflow,ESTAT:PRC_COLC_RENTS(1.0),Average rent per month in cities by type of dwelling,A,Annual,FLAT1,1-bedroom flats,EUR,Euro,RO_CAP,Bucuresti,2021,,510,,,,,
dataflow,ESTAT:PRC_COLC_RENTS(1.0),Average rent per month in cities by type of dwelling,A,Annual,FLAT1,1-bedroom flats,EUR,Euro,RO_CAP,Bucuresti,2022,,520,,,,,
dataflow,ESTAT:PRC_COLC_RENTS(1.0),Average rent per month in cities by type of dwelling,A,Annual,FLAT1,1-bedroom flats,EUR,Euro,RO_CAP,Bucuresti,2023,,580,,,,,
dataflow,ESTAT:PRC_COLC_RENTS(1.0),Average rent per month in cities by type of dwelling,A,Annual,FLAT1,1-bedroom flats,EUR,Euro,RO_CAP,Bucuresti,2024,,610,,,,,
dataflow,ESTAT:PRC_COLC_RENTS(1.0),Average rent per month in cities by type of dwelling,A,Annual,FLAT1,1-bedroom flats,EUR,Euro,RO_CAP,Bucuresti,2025,,670,,,,,
dataflow,ESTAT:PRC_COLC_RENTS(1.0),Average rent per month in cities by type of dwelling,A,Annual,FLAT1,1-bedroom flats,EUR,Euro,RS_CAP,Beograd (Belgrade),2016,,580,,,,,
dataflow,ESTAT:PRC_COLC_RENTS(1.0),Average rent per month in cities by type of dwelling,A,Annual,FLAT1,1-bedroom flats,EUR,Euro,RS_CAP,Beograd (Belgrade),2017,,640,,,,,
dataflow,ESTAT:PRC_COLC_RENTS(1.0),Average rent per month in cities by type of dwelling,A,Annual,FLAT1,1-bedroom flats,EUR,Euro,RS_CAP,Beograd (Belgrade),2018,,640,,,,,
dataflow,ESTAT:PRC_COLC_RENTS(1.0),Average rent per month in cities by type of dwelling,A,Annual,FLAT1,1-bedroom flats,EUR,Euro,RS_CAP,Beograd (Belgrade),2019,,690,,,,,
dataflow,ESTAT:PRC_COLC_RENTS(1.0),Average rent per month in cities by type of dwelling,A,Annual,FLAT1,1-bedroom flats,EUR,Euro,RS_CAP,Beograd (Belgrade),2020,,700,,,,,
dataflow,ESTAT:PRC_COLC_RENTS(1.0),Average rent per month in cities by type of dwelling,A,Annual,FLAT1,1-bedroom flats,EUR,Euro,RS_CAP,Beograd (Belgrade),2021,,680,,,,,
dataflow,ESTAT:PRC_COLC_RENTS(1.0),Average rent per month in cities by type of dwelling,A,Annual,FLAT1,1-bedroom flats,EUR,Euro,RS_CAP,Beograd (Belgrade),2022,,780,,,,,
dataflow,ESTAT:PRC_COLC_RENTS(1.0),Average rent per month in cities by type of dwelling,A,Annual,FLAT1,1-bedroom flats,EUR,Euro,RS_CAP,Beograd (Belgrade),2023,,980,,,,,
dataflow,ESTAT:PRC_COLC_RENTS(1.0),Average rent per month in cities by type of dwelling,A,Annual,FLAT1,1-bedroom flats,EUR,Euro,RS_CAP,Beograd (Belgrade),2024,,880,,,,,
dataflow,ESTAT:PRC_COLC_RENTS(1.0),Average rent per month in cities by type of dwelling,A,Annual,FLAT1,1-bedroom flats,EUR,Euro,RS_CAP,Beograd (Belgrade),2025,,810,,,,,
dataflow,ESTAT:PRC_COLC_RENTS(1.0),Average rent per month in cities by type of dwelling,A,Annual,FLAT1,1-bedroom flats,EUR,Euro,SE_CAP,Stockholm,2016,,1650,,,,,
dataflow,ESTAT:PRC_COLC_RENTS(1.0),Average rent per month in cities by type of dwelling,A,Annual,FLAT1,1-bedroom flats,EUR,Euro,SE_CAP,Stockholm,2017,,1550,,,,,
dataflow,ESTAT:PRC_COLC_RENTS(1.0),Average rent per month in cities by type of dwelling,A,Annual,FLAT1,1-bedroom flats,EUR,Euro,SE_CAP,Stockholm,2018,,1500,,,,,
dataflow,ESTAT:PRC_COLC_RENTS(1.0),Average rent per month in cities by type of dwelling,A,Annual,FLAT1,1-bedroom flats,EUR,Euro,SE_CAP,Stockholm,2019,,1500,,,,,
dataflow,ESTAT:PRC_COLC_RENTS(1.0),Average rent per month in cities by type of dwelling,A,Annual,FLAT1,1-bedroom flats,EUR,Euro,SE_CAP,Stockholm,2020,,1550,,,,,
dataflow,ESTAT:PRC_COLC_RENTS(1.0),Average rent per month in cities by type of dwelling,A,Annual,FLAT1,1-bedroom flats,EUR,Euro,SE_CAP,Stockholm,2021,,1650,,,,,
dataflow,ESTAT:PRC_COLC_RENTS(1.0),Average rent per month in cities by type of dwelling,A,Annual,FLAT1,1-bedroom flats,EUR,Euro,SE_CAP,Stockholm,2022,,1650,,,,,
dataflow,ESTAT:PRC_COLC_RENTS(1.0),Average rent per month in cities by type of dwelling,A,Annual,FLAT1,1-bedroom flats,EUR,Euro,SE_CAP,Stockholm,2023,,1700,,,,,
dataflow,ESTAT:PRC_COLC_RENTS(1.0),Average rent per month in cities by type of dwelling,A,Annual,FLAT1,1-bedroom flats,EUR,Euro,SE_CAP,Stockholm,2024,,1800,,,,,
dataflow,ESTAT:PRC_COLC_RENTS(1.0),Average rent per month in cities by type of dwelling,A,Annual,FLAT1,1-bedroom flats,EUR,Euro,SE_CAP,Stockholm,2025,,2100,,,,,
dataflow,ESTAT:PRC_COLC_RENTS(1.0),Average rent per month in cities by type of dwelling,A,Annual,FLAT1,1-bedroom flats,EUR,Euro,SI_CAP,Ljubljana,2016,,530,,,,,
dataflow,ESTAT:PRC_COLC_RENTS(1.0),Average rent per month in cities by type of dwelling,A,Annual,FLAT1,1-bedroom flats,EUR,Euro,SI_CAP,Ljubljana,2017,,550,,,,,
dataflow,ESTAT:PRC_COLC_RENTS(1.0),Average rent per month in cities by type of dwelling,A,Annual,FLAT1,1-bedroom flats,EUR,Euro,SI_CAP,Ljubljana,2018,,610,,,,,
dataflow,ESTAT:PRC_COLC_RENTS(1.0),Average rent per month in cities by type of dwelling,A,Annual,FLAT1,1-bedroom flats,EUR,Euro,SI_CAP,Ljubljana,2019,,680,,,,,
dataflow,ESTAT:PRC_COLC_RENTS(1.0),Average rent per month in cities by type of dwelling,A,Annual,FLAT1,1-bedroom flats,EUR,Euro,SI_CAP,Ljubljana,2020,,660,,,,,
dataflow,ESTAT:PRC_COLC_RENTS(1.0),Average rent per month in cities by type of dwelling,A,Annual,FLAT1,1-bedroom flats,EUR,Euro,SI_CAP,Ljubljana,2021,,640,,,,,
dataflow,ESTAT:PRC_COLC_RENTS(1.0),Average rent per month in cities by type of dwelling,A,Annual,FLAT1,1-bedroom flats,EUR,Euro,SI_CAP,Ljubljana,2022,,700,,,,,
dataflow,ESTAT:PRC_COLC_RENTS(1.0),Average rent per month in cities by type of dwelling,A,Annual,FLAT1,1-bedroom flats,EUR,Euro,SI_CAP,Ljubljana,2023,,820,,,,,
dataflow,ESTAT:PRC_COLC_RENTS(1.0),Average rent per month in cities by type of dwelling,A,Annual,FLAT1,1-bedroom flats,EUR,Euro,SI_CAP,Ljubljana,2024,,870,,,,,
dataflow,ESTAT:PRC_COLC_RENTS(1.0),Average rent per month in cities by type of dwelling,A,Annual,FLAT1,1-bedroom flats,EUR,Euro,SI_CAP,Ljubljana,2025,,950,,,,,
dataflow,ESTAT:PRC_COLC_RENTS(1.0),Average rent per month in cities by type of dwelling,A,Annual,FLAT1,1-bedroom flats,EUR,Euro,SK_CAP,Bratislava,2016,,620,,,,,
dataflow,ESTAT:PRC_COLC_RENTS(1.0),Average rent per month in cities by type of dwelling,A,Annual,FLAT1,1-bedroom flats,EUR,Euro,SK_CAP,Bratislava,2017,,610,,,,,
dataflow,ESTAT:PRC_COLC_RENTS(1.0),Average rent per month in cities by type of dwelling,A,Annual,FLAT1,1-bedroom flats,EUR,Euro,SK_CAP,Bratislava,2018,,630,,,,,
dataflow,ESTAT:PRC_COLC_RENTS(1.0),Average rent per month in cities by type of dwelling,A,Annual,FLAT1,1-bedroom flats,EUR,Euro,SK_CAP,Bratislava,2019,,680,,,,,
dataflow,ESTAT:PRC_COLC_RENTS(1.0),Average rent per month in cities by type of dwelling,A,Annual,FLAT1,1-bedroom flats,EUR,Euro,SK_CAP,Bratislava,2020,,690,,,,,
dataflow,ESTAT:PRC_COLC_RENTS(1.0),Average rent per month in cities by type of dwelling,A,Annual,FLAT1,1-bedroom flats,EUR,Euro,SK_CAP,Bratislava,2021,,640,,,,,
dataflow,ESTAT:PRC_COLC_RENTS(1.0),Average rent per month in cities by type of dwelling,A,Annual,FLAT1,1-bedroom flats,EUR,Euro,SK_CAP,Bratislava,2022,,760,,,,,
dataflow,ESTAT:PRC_COLC_RENTS(1.0),Average rent per month in cities by type of dwelling,A,Annual,FLAT1,1-bedroom flats,EUR,Euro,SK_CAP,Bratislava,2023,,790,,,,,
dataflow,ESTAT:PRC_COLC_RENTS(1.0),Average rent per month in cities by type of dwelling,A,Annual,FLAT1,1-bedroom flats,EUR,Euro,SK_CAP,Bratislava,2024,,950,,,,,
dataflow,ESTAT:PRC_COLC_RENTS(1.0),Average rent per month in cities by type of dwelling,A,Annual,FLAT1,1-bedroom flats,EUR,Euro,SK_CAP,Bratislava,2025,,910,,,,,
dataflow,ESTAT:PRC_COLC_RENTS(1.0),Average rent per month in cities by type of dwelling,A,Annual,FLAT1,1-bedroom flats,EUR,Euro,TR_CAP,Ankara,2016,,400,,,,,
dataflow,ESTAT:PRC_COLC_RENTS(1.0),Average rent per month in cities by type of dwelling,A,Annual,FLAT1,1-bedroom flats,EUR,Euro,TR_CAP,Ankara,2017,,360,,,,,
dataflow,ESTAT:PRC_COLC_RENTS(1.0),Average rent per month in cities by type of dwelling,A,Annual,FLAT1,1-bedroom flats,EUR,Euro,TR_CAP,Ankara,2018,,260,,,,,
dataflow,ESTAT:PRC_COLC_RENTS(1.0),Average rent per month in cities by type of dwelling,A,Annual,FLAT1,1-bedroom flats,EUR,Euro,TR_CAP,Ankara,2019,,230,,,,,
dataflow,ESTAT:PRC_COLC_RENTS(1.0),Average rent per month in cities by type of dwelling,A,Annual,FLAT1,1-bedroom flats,EUR,Euro,TR_CAP,Ankara,2020,,210,,,,,
dataflow,ESTAT:PRC_COLC_RENTS(1.0),Average rent per month in cities by type of dwelling,A,Annual,FLAT1,1-bedroom flats,EUR,Euro,TR_CAP,Ankara,2021,,220,,,,,
dataflow,ESTAT:PRC_COLC_RENTS(1.0),Average rent per month in cities by type of dwelling,A,Annual,FLAT1,1-bedroom flats,EUR,Euro,TR_CAP,Ankara,2022,,210,,,,,
dataflow,ESTAT:PRC_COLC_RENTS(1.0),Average rent per month in cities by type of dwelling,A,Annual,FLAT1,1-bedroom flats,EUR,Euro,TR_CAP,Ankara,2023,,410,,,,,
dataflow,ESTAT:PRC_COLC_RENTS(1.0),Average rent per month in cities by type of dwelling,A,Annual,FLAT1,1-bedroom flats,EUR,Euro,TR_CAP,Ankara,2024,,580,,,,,
dataflow,ESTAT:PRC_COLC_RENTS(1.0),Average rent per month in cities by type of dwelling,A,Annual,FLAT1,1-bedroom flats,EUR,Euro,TR_CAP,Ankara,2025,,610,,,,,
dataflow,ESTAT:PRC_COLC_RENTS(1.0),Average rent per month in cities by type of dwelling,A,Annual,FLAT1,1-bedroom flats,EUR,Euro,UK_CAP,London,2016,,2050,,,,,
dataflow,ESTAT:PRC_COLC_RENTS(1.0),Average rent per month in cities by type of dwelling,A,Annual,FLAT1,1-bedroom flats,EUR,Euro,UK_CAP,London,2017,,1750,,,,,
dataflow,ESTAT:PRC_COLC_RENTS(1.0),Average rent per month in cities by type of dwelling,A,Annual,FLAT1,1-bedroom flats,EUR,Euro,UK_CAP,London,2018,,1750,,,,,
dataflow,ESTAT:PRC_COLC_RENTS(1.0),Average rent per month in cities by type of dwelling,A,Annual,FLAT1,1-bedroom flats,EUR,Euro,UK_CAP,London,2019,,1800,,,,,
dataflow,ESTAT:PRC_COLC_RENTS(1.0),Average rent per month in cities by type of dwelling,A,Annual,FLAT1,1-bedroom flats,EUR,Euro,UK_CAP,London,2020,,1800,,,,,
dataflow,ESTAT:PRC_COLC_RENTS(1.0),Average rent per month in cities by type of dwelling,A,Annual,FLAT1,1-bedroom flats,EUR,Euro,UK_CAP,London,2021,,1750,,,,,
dataflow,ESTAT:PRC_COLC_RENTS(1.0),Average rent per month in cities by type of dwelling,A,Annual,FLAT1,1-bedroom flats,EUR,Euro,UK_CAP,London,2022,,2050,,,,,
dataflow,ESTAT:PRC_COLC_RENTS(1.0),Average rent per month in cities by type of dwelling,A,Annual,FLAT1,1-bedroom flats,EUR,Euro,UK_CAP,London,2023,,2200,,,,,
dataflow,ESTAT:PRC_COLC_RENTS(1.0),Average rent per month in cities by type of dwelling,A,Annual,FLAT1,1-bedroom flats,EUR,Euro,UK_CAP,London,2024,,2350,,,,,
dataflow,ESTAT:PRC_COLC_RENTS(1.0),Average rent per month in cities by type of dwelling,A,Annual,FLAT1,1-bedroom flats,EUR,Euro,UK_CAP,London,2025,,2350,,,,,
dataflow,ESTAT:PRC_COLC_RENTS(1.0),Average rent per month in cities by type of dwelling,A,Annual,FLAT1,1-bedroom flats,EUR,Euro,UK_DEL,Culham,2016,,1050,,,,,
dataflow,ESTAT:PRC_COLC_RENTS(1.0),Average rent per month in cities by type of dwelling,A,Annual,FLAT1,1-bedroom flats,EUR,Euro,UK_DEL,Culham,2017,,1000,,,,,
dataflow,ESTAT:PRC_COLC_RENTS(1.0),Average rent per month in cities by type of dwelling,A,Annual,FLAT1,1-bedroom flats,EUR,Euro,UK_DEL,Culham,2018,,990,,,,,
dataflow,ESTAT:PRC_COLC_RENTS(1.0),Average rent per month in cities by type of dwelling,A,Annual,FLAT1,1-bedroom flats,EUR,Euro,UK_DEL,Culham,2019,,1000,,,,,
dataflow,ESTAT:PRC_COLC_RENTS(1.0),Average rent per month in cities by type of dwelling,A,Annual,FLAT1,1-bedroom flats,EUR,Euro,UK_DEL,Culham,2020,,1000,,,,,
dataflow,ESTAT:PRC_COLC_RENTS(1.0),Average rent per month in cities by type of dwelling,A,Annual,FLAT1,1-bedroom flats,EUR,Euro,UK_DEL,Culham,2021,,1150,,,,,
dataflow,ESTAT:PRC_COLC_RENTS(1.0),Average rent per month in cities by type of dwelling,A,Annual,FLAT1,1-bedroom flats,EUR,Euro,XK_CAP,Prishtinë,2021,,300,,,,,
dataflow,ESTAT:PRC_COLC_RENTS(1.0),Average rent per month in cities by type of dwelling,A,Annual,FLAT1,1-bedroom flats,EUR,Euro,XK_CAP,Prishtinë,2022,,320,,,,,
dataflow,ESTAT:PRC_COLC_RENTS(1.0),Average rent per month in cities by type of dwelling,A,Annual,FLAT1,1-bedroom flats,EUR,Euro,XK_CAP,Prishtinë,2023,,310,,,,,
dataflow,ESTAT:PRC_COLC_RENTS(1.0),Average rent per month in cities by type of dwelling,A,Annual,FLAT1,1-bedroom flats,EUR,Euro,XK_CAP,Prishtinë,2024,,360,,,,,
dataflow,ESTAT:PRC_COLC_RENTS(1.0),Average rent per month in cities by type of dwelling,A,Annual,FLAT1,1-bedroom flats,EUR,Euro,XK_CAP,Prishtinë,2025,,370,,,,,
dataflow,ESTAT:PRC_COLC_RENTS(1.0),Average rent per month in cities by type of dwelling,A,Annual,FLAT1,1-bedroom flats,NAC,National currency,AL_CAP,Tiranë (Tirana),2016,,45500,,,,,
dataflow,ESTAT:PRC_COLC_RENTS(1.0),Average rent per month in cities by type of dwelling,A,Annual,FLAT1,1-bedroom flats,NAC,National currency,AL_CAP,Tiranë (Tirana),2017,,46200,,,,,
dataflow,ESTAT:PRC_COLC_RENTS(1.0),Average rent per month in cities by type of dwelling,A,Annual,FLAT1,1-bedroom flats,NAC,National currency,AL_CAP,Tiranë (Tirana),2018,,46600,,,,,
dataflow,ESTAT:PRC_COLC_RENTS(1.0),Average rent per month in cities by type of dwelling,A,Annual,FLAT1,1-bedroom flats,NAC,National currency,AL_CAP,Tiranë (Tirana),2019,,47500,,,,,
dataflow,ESTAT:PRC_COLC_RENTS(1.0),Average rent per month in cities by type of dwelling,A,Annual,FLAT1,1-bedroom flats,NAC,National currency,AL_CAP,Tiranë (Tirana),2020,,49650,,,,,
dataflow,ESTAT:PRC_COLC_RENTS(1.0),Average rent per month in cities by type of dwelling,A,Annual,FLAT1,1-bedroom flats,NAC,National currency,AL_CAP,Tiranë (Tirana),2021,,46600,,,,,
dataflow,ESTAT:PRC_COLC_RENTS(1.0),Average rent per month in cities by type of dwelling,A,Annual,FLAT1,1-bedroom flats,NAC,National currency,AL_CAP,Tiranë (Tirana),2022,,51350,,,,,
dataflow,ESTAT:PRC_COLC_RENTS(1.0),Average rent per month in cities by type of dwelling,A,Annual,FLAT1,1-bedroom flats,NAC,National currency,AL_CAP,Tiranë (Tirana),2023,,52400,,,,,
dataflow,ESTAT:PRC_COLC_RENTS(1.0),Average rent per month in cities by type of dwelling,A,Annual,FLAT1,1-bedroom flats,NAC,National currency,AL_CAP,Tiranë (Tirana),2024,,55150,,,,,
dataflow,ESTAT:PRC_COLC_RENTS(1.0),Average rent per month in cities by type of dwelling,A,Annual,FLAT1,1-bedroom flats,NAC,National currency,AL_CAP,Tiranë (Tirana),2025,,59850,,,,,
dataflow,ESTAT:PRC_COLC_RENTS(1.0),Average rent per month in cities by type of dwelling,A,Annual,FLAT1,1-bedroom flats,NAC,National currency,AT_CAP,Wien,2016,,900,,,,,
dataflow,ESTAT:PRC_COLC_RENTS(1.0),Average rent per month in cities by type of dwelling,A,Annual,FLAT1,1-bedroom flats,NAC,National currency,AT_CAP,Wien,2017,,980,,,,,
dataflow,ESTAT:PRC_COLC_RENTS(1.0),Average rent per month in cities by type of dwelling,A,Annual,FLAT1,1-bedroom flats,NAC,National currency,AT_CAP,Wien,2018,,970,,,,,
dataflow,ESTAT:PRC_COLC_RENTS(1.0),Average rent per month in cities by type of dwelling,A,Annual,FLAT1,1-bedroom flats,NAC,National currency,AT_CAP,Wien,2019,,960,,,,,
dataflow,ESTAT:PRC_COLC_RENTS(1.0),Average rent per month in cities by type of dwelling,A,Annual,FLAT1,1-bedroom flats,NAC,National currency,AT_CAP,Wien,2020,,1000,,,,,
dataflow,ESTAT:PRC_COLC_RENTS(1.0),Average rent per month in cities by type of dwelling,A,Annual,FLAT1,1-bedroom flats,NAC,National currency,AT_CAP,Wien,2021,,1050,,,,,
dataflow,ESTAT:PRC_COLC_RENTS(1.0),Average rent per month in cities by type of dwelling,A,Annual,FLAT1,1-bedroom flats,NAC,National currency,AT_CAP,Wien,2022,,1050,,,,,
dataflow,ESTAT:PRC_COLC_RENTS(1.0),Average rent per month in cities by type of dwelling,A,Annual,FLAT1,1-bedroom flats,NAC,National currency,AT_CAP,Wien,2023,,1150,,,,,
dataflow,ESTAT:PRC_COLC_RENTS(1.0),Average rent per month in cities by type of dwelling,A,Annual,FLAT1,1-bedroom flats,NAC,National currency,AT_CAP,Wien,2024,,1200,,,,,
dataflow,ESTAT:PRC_COLC_RENTS(1.0),Average rent per month in cities by type of dwelling,A,Annual,FLAT1,1-bedroom flats,NAC,National currency,AT_CAP,Wien,2025,,1250,,,,,
dataflow,ESTAT:PRC_COLC_RENTS(1.0),Average rent per month in cities by type of dwelling,A,Annual,FLAT1,1-bedroom flats,NAC,National currency,BA_CAP,Sarajevo,2016,,830,,,,,
dataflow,ESTAT:PRC_COLC_RENTS(1.0),Average rent per month in cities by type of dwelling,A,Annual,FLAT1,1-bedroom flats,NAC,National currency,BA_CAP,Sarajevo,2017,,710,,,,,
dataflow,ESTAT:PRC_COLC_RENTS(1.0),Average rent per month in cities by type of dwelling,A,Annual,FLAT1,1-bedroom flats,NAC,National currency,BA_CAP,Sarajevo,2018,,770,,,,,
dataflow,ESTAT:PRC_COLC_RENTS(1.0),Average rent per month in cities by type of dwelling,A,Annual,FLAT1,1-bedroom flats,NAC,National currency,BA_CAP,Sarajevo,2019,,790,,,,,
dataflow,ESTAT:PRC_COLC_RENTS(1.0),Average rent per month in cities by type of dwelling,A,Annual,FLAT1,1-bedroom flats,NAC,National currency,BA_CAP,Sarajevo,2020,,790,,,,,
dataflow,ESTAT:PRC_COLC_RENTS(1.0),Average rent per month in cities by type of dwelling,A,Annual,FLAT1,1-bedroom flats,NAC,National currency,BA_CAP,Sarajevo,2021,,840,,,,,
dataflow,ESTAT:PRC_COLC_RENTS(1.0),Average rent per month in cities by type of dwelling,A,Annual,FLAT1,1-bedroom flats,NAC,National currency,BA_CAP,Sarajevo,2022,,1100,,,,,
dataflow,ESTAT:PRC_COLC_RENTS(1.0),Average rent per month in cities by type of dwelling,A,Annual,FLAT1,1-bedroom flats,NAC,National currency,BA_CAP,Sarajevo,2023,,1200,,,,,
dataflow,ESTAT:PRC_COLC_RENTS(1.0),Average rent per month in cities by type of dwelling,A,Annual,FLAT1,1-bedroom flats,NAC,National currency,BA_CAP,Sarajevo,2024,,1350,,,,,
dataflow,ESTAT:PRC_COLC_RENTS(1.0),Average rent per month in cities by type of dwelling,A,Annual,FLAT1,1-bedroom flats,NAC,National currency,BA_CAP,Sarajevo,2025,,1500,,,,,
dataflow,ESTAT:PRC_COLC_RENTS(1.0),Average rent per month in cities by type of dwelling,A,Annual,FLAT1,1-bedroom flats,NAC,National currency,BE_CAP,Bruxelles/Brussel,2016,,820,,,,,
dataflow,ESTAT:PRC_COLC_RENTS(1.0),Average rent per month in cities by type of dwelling,A,Annual,FLAT1,1-bedroom flats,NAC,National currency,BE_CAP,Bruxelles/Brussel,2017,,770,,,,,
dataflow,ESTAT:PRC_COLC_RENTS(1.0),Average rent per month in cities by type of dwelling,A,Annual,FLAT1,1-bedroom flats,NAC,National currency,BE_CAP,Bruxelles/Brussel,2018,,800,,,,,
dataflow,ESTAT:PRC_COLC_RENTS(1.0),Average rent per month in cities by type of dwelling,A,Annual,FLAT1,1-bedroom flats,NAC,National currency,BE_CAP,Bruxelles/Brussel,2019,,850,,,,,
dataflow,ESTAT:PRC_COLC_RENTS(1.0),Average rent per month in cities by type of dwelling,A,Annual,FLAT1,1-bedroom flats,NAC,National currency,BE_CAP,Bruxelles/Brussel,2020,,870,,,,,
dataflow,ESTAT:PRC_COLC_RENTS(1.0),Average rent per month in cities by type of dwelling,A,Annual,FLAT1,1-bedroom flats,NAC,National currency,BE_CAP,Bruxelles/Brussel,2021,,880,,,,,
dataflow,ESTAT:PRC_COLC_RENTS(1.0),Average rent per month in cities by type of dwelling,A,Annual,FLAT1,1-bedroom flats,NAC,National currency,BE_CAP,Bruxelles/Brussel,2022,,970,,,,,
dataflow,ESTAT:PRC_COLC_RENTS(1.0),Average rent per month in cities by type of dwelling,A,Annual,FLAT1,1-bedroom flats,NAC,National currency,BE_CAP,Bruxelles/Brussel,2023,,980,,,,,
dataflow,ESTAT:PRC_COLC_RENTS(1.0),Average rent per month in cities by type of dwelling,A,Annual,FLAT1,1-bedroom flats,NAC,National currency,BE_CAP,Bruxelles/Brussel,2024,,1100,,,,,
dataflow,ESTAT:PRC_COLC_RENTS(1.0),Average rent per month in cities by type of dwelling,A,Annual,FLAT1,1-bedroom flats,NAC,National currency,BE_CAP,Bruxelles/Brussel,2025,,1150,,,,,
dataflow,ESTAT:PRC_COLC_RENTS(1.0),Average rent per month in cities by type of dwelling,A,Annual,FLAT1,1-bedroom flats,NAC,National currency,BG_CAP,Sofia,2016,,780,,,,,
dataflow,ESTAT:PRC_COLC_RENTS(1.0),Average rent per month in cities by type of dwelling,A,Annual,FLAT1,1-bedroom flats,NAC,National currency,BG_CAP,Sofia,2017,,740,,,,,
dataflow,ESTAT:PRC_COLC_RENTS(1.0),Average rent per month in cities by type of dwelling,A,Annual,FLAT1,1-bedroom flats,NAC,National currency,BG_CAP,Sofia,2018,,700,,,,,
dataflow,ESTAT:PRC_COLC_RENTS(1.0),Average rent per month in cities by type of dwelling,A,Annual,FLAT1,1-bedroom flats,NAC,National currency,BG_CAP,Sofia,2019,,820,,,,,
dataflow,ESTAT:PRC_COLC_RENTS(1.0),Average rent per month in cities by type of dwelling,A,Annual,FLAT1,1-bedroom flats,NAC,National currency,BG_CAP,Sofia,2020,,840,,,,,
dataflow,ESTAT:PRC_COLC_RENTS(1.0),Average rent per month in cities by type of dwelling,A,Annual,FLAT1,1-bedroom flats,NAC,National currency,BG_CAP,Sofia,2021,,760,,,,,
dataflow,ESTAT:PRC_COLC_RENTS(1.0),Average rent per month in cities by type of dwelling,A,Annual,FLAT1,1-bedroom flats,NAC,National currency,BG_CAP,Sofia,2022,,820,,,,,
dataflow,ESTAT:PRC_COLC_RENTS(1.0),Average rent per month in cities by type of dwelling,A,Annual,FLAT1,1-bedroom flats,NAC,National currency,BG_CAP,Sofia,2023,,940,,,,,
dataflow,ESTAT:PRC_COLC_RENTS(1.0),Average rent per month in cities by type of dwelling,A,Annual,FLAT1,1-bedroom flats,NAC,National currency,BG_CAP,Sofia,2024,,1100,,,,,
dataflow,ESTAT:PRC_COLC_RENTS(1.0),Average rent per month in cities by type of dwelling,A,Annual,FLAT1,1-bedroom flats,NAC,National currency,BG_CAP,Sofia,2025,,1250,,,,,
dataflow,ESTAT:PRC_COLC_RENTS(1.0),Average rent per month in cities by type of dwelling,A,Annual,FLAT1,1-bedroom flats,NAC,National currency,CH_CAP,Bern (Berne),2016,,1650,,,,,
dataflow,ESTAT:PRC_COLC_RENTS(1.0),Average rent per month in cities by type of dwelling,A,Annual,FLAT1,1-bedroom flats,NAC,National currency,CH_CAP,Bern (Berne),2017,,1550,,,,,
dataflow,ESTAT:PRC_COLC_RENTS(1.0),Average rent per month in cities by type of dwelling,A,Annual,FLAT1,1-bedroom flats,NAC,National currency,CH_CAP,Bern (Berne),2018,,1550,,,,,
dataflow,ESTAT:PRC_COLC_RENTS(1.0),Average rent per month in cities by type of dwelling,A,Annual,FLAT1,1-bedroom flats,NAC,National currency,CH_CAP,Bern (Berne),2019,,1550,,,,,
dataflow,ESTAT:PRC_COLC_RENTS(1.0),Average rent per month in cities by type of dwelling,A,Annual,FLAT1,1-bedroom flats,NAC,National currency,CH_CAP,Bern (Berne),2020,,1550,,,,,
dataflow,ESTAT:PRC_COLC_RENTS(1.0),Average rent per month in cities by type of dwelling,A,Annual,FLAT1,1-bedroom flats,NAC,National currency,CH_CAP,Bern (Berne),2021,,1500,,,,,
dataflow,ESTAT:PRC_COLC_RENTS(1.0),Average rent per month in cities by type of dwelling,A,Annual,FLAT1,1-bedroom flats,NAC,National currency,CH_CAP,Bern (Berne),2022,,1500,,,,,
dataflow,ESTAT:PRC_COLC_RENTS(1.0),Average rent per month in cities by type of dwelling,A,Annual,FLAT1,1-bedroom flats,NAC,National currency,CH_CAP,Bern (Berne),2023,,1450,,,,,
dataflow,ESTAT:PRC_COLC_RENTS(1.0),Average rent per month in cities by type of dwelling,A,Annual,FLAT1,1-bedroom flats,NAC,National currency,CH_CAP,Bern (Berne),2024,,1650,,,,,
dataflow,ESTAT:PRC_COLC_RENTS(1.0),Average rent per month in cities by type of dwelling,A,Annual,FLAT1,1-bedroom flats,NAC,National currency,CH_CAP,Bern (Berne),2025,,1650,,,,,
dataflow,ESTAT:PRC_COLC_RENTS(1.0),Average rent per month in cities by type of dwelling,A,Annual,FLAT1,1-bedroom flats,NAC,National currency,CH_DEL,Genève,2016,,2050,,,,,
dataflow,ESTAT:PRC_COLC_RENTS(1.0),Average rent per month in cities by type of dwelling,A,Annual,FLAT1,1-bedroom flats,NAC,National currency,CH_DEL,Genève,2017,,2100,,,,,
dataflow,ESTAT:PRC_COLC_RENTS(1.0),Average rent per month in cities by type of dwelling,A,Annual,FLAT1,1-bedroom flats,NAC,National currency,CH_DEL,Genève,2018,,2100,,,,,
dataflow,ESTAT:PRC_COLC_RENTS(1.0),Average rent per month in cities by type of dwelling,A,Annual,FLAT1,1-bedroom flats,NAC,National currency,CH_DEL,Genève,2019,,2100,,,,,
dataflow,ESTAT:PRC_COLC_RENTS(1.0),Average rent per month in cities by type of dwelling,A,Annual,FLAT1,1-bedroom flats,NAC,National currency,CH_DEL,Genève,2020,,2100,,,,,
dataflow,ESTAT:PRC_COLC_RENTS(1.0),Average rent per month in cities by type of dwelling,A,Annual,FLAT1,1-bedroom flats,NAC,National currency,CH_DEL,Genève,2021,,2050,,,,,
dataflow,ESTAT:PRC_COLC_RENTS(1.0),Average rent per month in cities by type of dwelling,A,Annual,FLAT1,1-bedroom flats,NAC,National currency,CH_DEL,Genève,2022,,2100,,,,,
dataflow,ESTAT:PRC_COLC_RENTS(1.0),Average rent per month in cities by type of dwelling,A,Annual,FLAT1,1-bedroom flats,NAC,National currency,CH_DEL,Genève,2023,,2150,,,,,
dataflow,ESTAT:PRC_COLC_RENTS(1.0),Average rent per month in cities by type of dwelling,A,Annual,FLAT1,1-bedroom flats,NAC,National currency,CH_DEL,Genève,2024,,2300,,,,,
dataflow,ESTAT:PRC_COLC_RENTS(1.0),Average rent per month in cities by type of dwelling,A,Annual,FLAT1,1-bedroom flats,NAC,National currency,CH_DEL,Genève,2025,,2400,,,,,
dataflow,ESTAT:PRC_COLC_RENTS(1.0),Average rent per month in cities by type of dwelling,A,Annual,FLAT1,1-bedroom flats,NAC,National currency,CY_CAP,Lefkosia,2016,,450,,,,,
dataflow,ESTAT:PRC_COLC_RENTS(1.0),Average rent per month in cities by type of dwelling,A,Annual,FLAT1,1-bedroom flats,NAC,National currency,CY_CAP,Lefkosia,2017,,480,,,,,
dataflow,ESTAT:PRC_COLC_RENTS(1.0),Average rent per month in cities by type of dwelling,A,Annual,FLAT1,1-bedroom flats,NAC,National currency,CY_CAP,Lefkosia,2018,,620,,,,,
dataflow,ESTAT:PRC_COLC_RENTS(1.0),Average rent per month in cities by type of dwelling,A,Annual,FLAT1,1-bedroom flats,NAC,National currency,CY_CAP,Lefkosia,2019,,600,,,,,
dataflow,ESTAT:PRC_COLC_RENTS(1.0),Average rent per month in cities by type of dwelling,A,Annual,FLAT1,1-bedroom flats,NAC,National currency,CY_CAP,Lefkosia,2020,,610,,,,,
dataflow,ESTAT:PRC_COLC_RENTS(1.0),Average rent per month in cities by type of dwelling,A,Annual,FLAT1,1-bedroom flats,NAC,National currency,CY_CAP,Lefkosia,2021,,570,,,,,
dataflow,ESTAT:PRC_COLC_RENTS(1.0),Average rent per month in cities by type of dwelling,A,Annual,FLAT1,1-bedroom flats,NAC,National currency,CY_CAP,Lefkosia,2022,,620,,,,,
dataflow,ESTAT:PRC_COLC_RENTS(1.0),Average rent per month in cities by type of dwelling,A,Annual,FLAT1,1-bedroom flats,NAC,National currency,CY_CAP,Lefkosia,2023,,630,,,,,
dataflow,ESTAT:PRC_COLC_RENTS(1.0),Average rent per month in cities by type of dwelling,A,Annual,FLAT1,1-bedroom flats,NAC,National currency,CY_CAP,Lefkosia,2024,,680,,,,,
dataflow,ESTAT:PRC_COLC_RENTS(1.0),Average rent per month in cities by type of dwelling,A,Annual,FLAT1,1-bedroom flats,NAC,National currency,CY_CAP,Lefkosia,2025,,750,,,,,
dataflow,ESTAT:PRC_COLC_RENTS(1.0),Average rent per month in cities by type of dwelling,A,Annual,FLAT1,1-bedroom flats,NAC,National currency,CZ_CAP,Praha,2016,,18500,,,,,
dataflow,ESTAT:PRC_COLC_RENTS(1.0),Average rent per month in cities by type of dwelling,A,Annual,FLAT1,1-bedroom flats,NAC,National currency,CZ_CAP,Praha,2017,,21000,,,,,
dataflow,ESTAT:PRC_COLC_RENTS(1.0),Average rent per month in cities by type of dwelling,A,Annual,FLAT1,1-bedroom flats,NAC,National currency,CZ_CAP,Praha,2018,,23600,,,,,
dataflow,ESTAT:PRC_COLC_RENTS(1.0),Average rent per month in cities by type of dwelling,A,Annual,FLAT1,1-bedroom flats,NAC,National currency,CZ_CAP,Praha,2019,,23400,,,,,
dataflow,ESTAT:PRC_COLC_RENTS(1.0),Average rent per month in cities by type of dwelling,A,Annual,FLAT1,1-bedroom flats,NAC,National currency,CZ_CAP,Praha,2020,,24200,,,,,
dataflow,ESTAT:PRC_COLC_RENTS(1.0),Average rent per month in cities by type of dwelling,A,Annual,FLAT1,1-bedroom flats,NAC,National currency,CZ_CAP,Praha,2021,,19400,,,,,
dataflow,ESTAT:PRC_COLC_RENTS(1.0),Average rent per month in cities by type of dwelling,A,Annual,FLAT1,1-bedroom flats,NAC,National currency,CZ_CAP,Praha,2022,,24250,,,,,
dataflow,ESTAT:PRC_COLC_RENTS(1.0),Average rent per month in cities by type of dwelling,A,Annual,FLAT1,1-bedroom flats,NAC,National currency,CZ_CAP,Praha,2023,,27100,,,,,
dataflow,ESTAT:PRC_COLC_RENTS(1.0),Average rent per month in cities by type of dwelling,A,Annual,FLAT1,1-bedroom flats,NAC,National currency,CZ_CAP,Praha,2024,,28900,,,,,
dataflow,ESTAT:PRC_COLC_RENTS(1.0),Average rent per month in cities by type of dwelling,A,Annual,FLAT1,1-bedroom flats,NAC,National currency,CZ_CAP,Praha,2025,,30550,,,,,
dataflow,ESTAT:PRC_COLC_RENTS(1.0),Average rent per month in cities by type of dwelling,A,Annual,FLAT1,1-bedroom flats,NAC,National currency,DE_CAP,Berlin,2016,,930,,,,,
dataflow,ESTAT:PRC_COLC_RENTS(1.0),Average rent per month in cities by type of dwelling,A,Annual,FLAT1,1-bedroom flats,NAC,National currency,DE_CAP,Berlin,2017,,960,,,,,
dataflow,ESTAT:PRC_COLC_RENTS(1.0),Average rent per month in cities by type of dwelling,A,Annual,FLAT1,1-bedroom flats,NAC,National currency,DE_CAP,Berlin,2018,,990,,,,,
dataflow,ESTAT:PRC_COLC_RENTS(1.0),Average rent per month in cities by type of dwelling,A,Annual,FLAT1,1-bedroom flats,NAC,National currency,DE_CAP,Berlin,2019,,1050,,,,,
dataflow,ESTAT:PRC_COLC_RENTS(1.0),Average rent per month in cities by type of dwelling,A,Annual,FLAT1,1-bedroom flats,NAC,National currency,DE_CAP,Berlin,2020,,1050,,,,,
dataflow,ESTAT:PRC_COLC_RENTS(1.0),Average rent per month in cities by type of dwelling,A,Annual,FLAT1,1-bedroom flats,NAC,National currency,DE_CAP,Berlin,2021,,1150,,,,,
dataflow,ESTAT:PRC_COLC_RENTS(1.0),Average rent per month in cities by type of dwelling,A,Annual,FLAT1,1-bedroom flats,NAC,National currency,DE_CAP,Berlin,2022,,1200,,,,,
dataflow,ESTAT:PRC_COLC_RENTS(1.0),Average rent per month in cities by type of dwelling,A,Annual,FLAT1,1-bedroom flats,NAC,National currency,DE_CAP,Berlin,2023,,1250,,,,,
dataflow,ESTAT:PRC_COLC_RENTS(1.0),Average rent per month in cities by type of dwelling,A,Annual,FLAT1,1-bedroom flats,NAC,National currency,DE_CAP,Berlin,2024,,1450,,,,,
dataflow,ESTAT:PRC_COLC_RENTS(1.0),Average rent per month in cities by type of dwelling,A,Annual,FLAT1,1-bedroom flats,NAC,National currency,DE_CAP,Berlin,2025,,1350,,,,,
dataflow,ESTAT:PRC_COLC_RENTS(1.0),Average rent per month in cities by type of dwelling,A,Annual,FLAT1,1-bedroom flats,NAC,National currency,DE_DEL1,Karlsruhe,2016,,770,,,,,
dataflow,ESTAT:PRC_COLC_RENTS(1.0),Average rent per month in cities by type of dwelling,A,Annual,FLAT1,1-bedroom flats,NAC,National currency,DE_DEL1,Karlsruhe,2017,,790,,,,,
dataflow,ESTAT:PRC_COLC_RENTS(1.0),Average rent per month in cities by type of dwelling,A,Annual,FLAT1,1-bedroom flats,NAC,National currency,DE_DEL1,Karlsruhe,2018,,810,,,,,
dataflow,ESTAT:PRC_COLC_RENTS(1.0),Average rent per month in cities by type of dwelling,A,Annual,FLAT1,1-bedroom flats,NAC,National currency,DE_DEL1,Karlsruhe,2019,,830,,,,,
dataflow,ESTAT:PRC_COLC_RENTS(1.0),Average rent per month in cities by type of dwelling,A,Annual,FLAT1,1-bedroom flats,NAC,National currency,DE_DEL1,Karlsruhe,2020,,840,,,,,
dataflow,ESTAT:PRC_COLC_RENTS(1.0),Average rent per month in cities by type of dwelling,A,Annual,FLAT1,1-bedroom flats,NAC,National currency,DE_DEL1,Karlsruhe,2021,,850,,,,,
dataflow,ESTAT:PRC_COLC_RENTS(1.0),Average rent per month in cities by type of dwelling,A,Annual,FLAT1,1-bedroom flats,NAC,National currency,DE_DEL1,Karlsruhe,2022,,900,,,,,
dataflow,ESTAT:PRC_COLC_RENTS(1.0),Average rent per month in cities by type of dwelling,A,Annual,FLAT1,1-bedroom flats,NAC,National currency,DE_DEL1,Karlsruhe,2023,,910,,,,,
dataflow,ESTAT:PRC_COLC_RENTS(1.0),Average rent per month in cities by type of dwelling,A,Annual,FLAT1,1-bedroom flats,NAC,National currency,DE_DEL2,München,2016,,1150,,,,,
dataflow,ESTAT:PRC_COLC_RENTS(1.0),Average rent per month in cities by type of dwelling,A,Annual,FLAT1,1-bedroom flats,NAC,National currency,DE_DEL2,München,2017,,1250,,,,,
dataflow,ESTAT:PRC_COLC_RENTS(1.0),Average rent per month in cities by type of dwelling,A,Annual,FLAT1,1-bedroom flats,NAC,National currency,DE_DEL2,München,2018,,1350,,,,,
dataflow,ESTAT:PRC_COLC_RENTS(1.0),Average rent per month in cities by type of dwelling,A,Annual,FLAT1,1-bedroom flats,NAC,National currency,DE_DEL2,München,2019,,1350,,,,,
dataflow,ESTAT:PRC_COLC_RENTS(1.0),Average rent per month in cities by type of dwelling,A,Annual,FLAT1,1-bedroom flats,NAC,National currency,DE_DEL2,München,2020,,1350,,,,,
dataflow,ESTAT:PRC_COLC_RENTS(1.0),Average rent per month in cities by type of dwelling,A,Annual,FLAT1,1-bedroom flats,NAC,National currency,DE_DEL2,München,2021,,1400,,,,,
dataflow,ESTAT:PRC_COLC_RENTS(1.0),Average rent per month in cities by type of dwelling,A,Annual,FLAT1,1-bedroom flats,NAC,National currency,DE_DEL2,München,2022,,1550,,,,,
dataflow,ESTAT:PRC_COLC_RENTS(1.0),Average rent per month in cities by type of dwelling,A,Annual,FLAT1,1-bedroom flats,NAC,National currency,DE_DEL2,München,2023,,1550,,,,,
dataflow,ESTAT:PRC_COLC_RENTS(1.0),Average rent per month in cities by type of dwelling,A,Annual,FLAT1,1-bedroom flats,NAC,National currency,DE_DEL2,München,2024,,1550,,,,,
dataflow,ESTAT:PRC_COLC_RENTS(1.0),Average rent per month in cities by type of dwelling,A,Annual,FLAT1,1-bedroom flats,NAC,National currency,DE_DEL2,München,2025,,1650,,,,,
dataflow,ESTAT:PRC_COLC_RENTS(1.0),Average rent per month in cities by type of dwelling,A,Annual,FLAT1,1-bedroom flats,NAC,National currency,DE_DEL3,Bonn,2016,,750,,,,,
dataflow,ESTAT:PRC_COLC_RENTS(1.0),Average rent per month in cities by type of dwelling,A,Annual,FLAT1,1-bedroom flats,NAC,National currency,DE_DEL3,Bonn,2017,,760,,,,,
dataflow,ESTAT:PRC_COLC_RENTS(1.0),Average rent per month in cities by type of dwelling,A,Annual,FLAT1,1-bedroom flats,NAC,National currency,DE_DEL3,Bonn,2018,,780,,,,,
dataflow,ESTAT:PRC_COLC_RENTS(1.0),Average rent per month in cities by type of dwelling,A,Annual,FLAT1,1-bedroom flats,NAC,National currency,DE_DEL3,Bonn,2019,,790,,,,,
dataflow,ESTAT:PRC_COLC_RENTS(1.0),Average rent per month in cities by type of dwelling,A,Annual,FLAT1,1-bedroom flats,NAC,National currency,DE_DEL3,Bonn,2020,,800,,,,,
dataflow,ESTAT:PRC_COLC_RENTS(1.0),Average rent per month in cities by type of dwelling,A,Annual,FLAT1,1-bedroom flats,NAC,National currency,DK_CAP,København,2016,,8850,,,,,
dataflow,ESTAT:PRC_COLC_RENTS(1.0),Average rent per month in cities by type of dwelling,A,Annual,FLAT1,1-bedroom flats,NAC,National currency,DK_CAP,København,2017,,10100,,,,,
dataflow,ESTAT:PRC_COLC_RENTS(1.0),Average rent per month in cities by type of dwelling,A,Annual,FLAT1,1-bedroom flats,NAC,National currency,DK_CAP,København,2018,,10600,,,,,
dataflow,ESTAT:PRC_COLC_RENTS(1.0),Average rent per month in cities by type of dwelling,A,Annual,FLAT1,1-bedroom flats,NAC,National currency,DK_CAP,København,2019,,10400,,,,,
dataflow,ESTAT:PRC_COLC_RENTS(1.0),Average rent per month in cities by type of dwelling,A,Annual,FLAT1,1-bedroom flats,NAC,National currency,DK_CAP,København,2020,,10500,,,,,
dataflow,ESTAT:PRC_COLC_RENTS(1.0),Average rent per month in cities by type of dwelling,A,Annual,FLAT1,1-bedroom flats,NAC,National currency,DK_CAP,København,2021,,11000,,,,,
dataflow,ESTAT:PRC_COLC_RENTS(1.0),Average rent per month in cities by type of dwelling,A,Annual,FLAT1,1-bedroom flats,NAC,National currency,DK_CAP,København,2022,,10850,,,,,
dataflow,ESTAT:PRC_COLC_RENTS(1.0),Average rent per month in cities by type of dwelling,A,Annual,FLAT1,1-bedroom flats,NAC,National currency,DK_CAP,København,2023,,12200,,,,,
dataflow,ESTAT:PRC_COLC_RENTS(1.0),Average rent per month in cities by type of dwelling,A,Annual,FLAT1,1-bedroom flats,NAC,National currency,DK_CAP,København,2024,,12350,,,,,
dataflow,ESTAT:PRC_COLC_RENTS(1.0),Average rent per month in cities by type of dwelling,A,Annual,FLAT1,1-bedroom flats,NAC,National currency,DK_CAP,København,2025,,13300,,,,,
dataflow,ESTAT:PRC_COLC_RENTS(1.0),Average rent per month in cities by type of dwelling,A,Annual,FLAT1,1-bedroom flats,NAC,National currency,EE_CAP,Tallinn,2016,,540,,,,,
dataflow,ESTAT:PRC_COLC_RENTS(1.0),Average rent per month in cities by type of dwelling,A,Annual,FLAT1,1-bedroom flats,NAC,National currency,EE_CAP,Tallinn,2017,,560,,,,,
dataflow,ESTAT:PRC_COLC_RENTS(1.0),Average rent per month in cities by type of dwelling,A,Annual,FLAT1,1-bedroom flats,NAC,National currency,EE_CAP,Tallinn,2018,,600,,,,,
dataflow,ESTAT:PRC_COLC_RENTS(1.0),Average rent per month in cities by type of dwelling,A,Annual,FLAT1,1-bedroom flats,NAC,National currency,EE_CAP,Tallinn,2019,,630,,,,,
dataflow,ESTAT:PRC_COLC_RENTS(1.0),Average rent per month in cities by type of dwelling,A,Annual,FLAT1,1-bedroom flats,NAC,National currency,EE_CAP,Tallinn,2020,,560,,,,,
dataflow,ESTAT:PRC_COLC_RENTS(1.0),Average rent per month in cities by type of dwelling,A,Annual,FLAT1,1-bedroom flats,NAC,National currency,EE_CAP,Tallinn,2021,,560,,,,,
dataflow,ESTAT:PRC_COLC_RENTS(1.0),Average rent per month in cities by type of dwelling,A,Annual,FLAT1,1-bedroom flats,NAC,National currency,EE_CAP,Tallinn,2022,,730,,,,,
dataflow,ESTAT:PRC_COLC_RENTS(1.0),Average rent per month in cities by type of dwelling,A,Annual,FLAT1,1-bedroom flats,NAC,National currency,EE_CAP,Tallinn,2023,,780,,,,,
dataflow,ESTAT:PRC_COLC_RENTS(1.0),Average rent per month in cities by type of dwelling,A,Annual,FLAT1,1-bedroom flats,NAC,National currency,EE_CAP,Tallinn,2024,,710,,,,,
dataflow,ESTAT:PRC_COLC_RENTS(1.0),Average rent per month in cities by type of dwelling,A,Annual,FLAT1,1-bedroom flats,NAC,National currency,EE_CAP,Tallinn,2025,,720,,,,,
dataflow,ESTAT:PRC_COLC_RENTS(1.0),Average rent per month in cities by type of dwelling,A,Annual,FLAT1,1-bedroom flats,NAC,National currency,EL_CAP,Athina,2016,,620,,,,,
dataflow,ESTAT:PRC_COLC_RENTS(1.0),Average rent per month in cities by type of dwelling,A,Annual,FLAT1,1-bedroom flats,NAC,National currency,EL_CAP,Athina,2017,,650,,,,,
dataflow,ESTAT:PRC_COLC_RENTS(1.0),Average rent per month in cities by type of dwelling,A,Annual,FLAT1,1-bedroom flats,NAC,National currency,EL_CAP,Athina,2018,,690,,,,,
dataflow,ESTAT:PRC_COLC_RENTS(1.0),Average rent per month in cities by type of dwelling,A,Annual,FLAT1,1-bedroom flats,NAC,National currency,EL_CAP,Athina,2019,,790,,,,,
dataflow,ESTAT:PRC_COLC_RENTS(1.0),Average rent per month in cities by type of dwelling,A,Annual,FLAT1,1-bedroom flats,NAC,National currency,EL_CAP,Athina,2020,,790,,,,,
dataflow,ESTAT:PRC_COLC_RENTS(1.0),Average rent per month in cities by type of dwelling,A,Annual,FLAT1,1-bedroom flats,NAC,National currency,EL_CAP,Athina,2021,,860,,,,,
dataflow,ESTAT:PRC_COLC_RENTS(1.0),Average rent per month in cities by type of dwelling,A,Annual,FLAT1,1-bedroom flats,NAC,National currency,EL_CAP,Athina,2022,,910,,,,,
dataflow,ESTAT:PRC_COLC_RENTS(1.0),Average rent per month in cities by type of dwelling,A,Annual,FLAT1,1-bedroom flats,NAC,National currency,EL_CAP,Athina,2023,,960,,,,,
dataflow,ESTAT:PRC_COLC_RENTS(1.0),Average rent per month in cities by type of dwelling,A,Annual,FLAT1,1-bedroom flats,NAC,National currency,EL_CAP,Athina,2024,,1050,,,,,
dataflow,ESTAT:PRC_COLC_RENTS(1.0),Average rent per month in cities by type of dwelling,A,Annual,FLAT1,1-bedroom flats,NAC,National currency,EL_CAP,Athina,2025,,1150,,,,,
dataflow,ESTAT:PRC_COLC_RENTS(1.0),Average rent per month in cities by type of dwelling,A,Annual,FLAT1,1-bedroom flats,NAC,National currency,ES_CAP,Madrid,2016,,800,,,,,
dataflow,ESTAT:PRC_COLC_RENTS(1.0),Average rent per month in cities by type of dwelling,A,Annual,FLAT1,1-bedroom flats,NAC,National currency,ES_CAP,Madrid,2017,,890,,,,,
dataflow,ESTAT:PRC_COLC_RENTS(1.0),Average rent per month in cities by type of dwelling,A,Annual,FLAT1,1-bedroom flats,NAC,National currency,ES_CAP,Madrid,2018,,960,,,,,
dataflow,ESTAT:PRC_COLC_RENTS(1.0),Average rent per month in cities by type of dwelling,A,Annual,FLAT1,1-bedroom flats,NAC,National currency,ES_CAP,Madrid,2019,,1000,,,,,
dataflow,ESTAT:PRC_COLC_RENTS(1.0),Average rent per month in cities by type of dwelling,A,Annual,FLAT1,1-bedroom flats,NAC,National currency,ES_CAP,Madrid,2020,,1000,,,,,
dataflow,ESTAT:PRC_COLC_RENTS(1.0),Average rent per month in cities by type of dwelling,A,Annual,FLAT1,1-bedroom flats,NAC,National currency,ES_CAP,Madrid,2021,,810,,,,,
dataflow,ESTAT:PRC_COLC_RENTS(1.0),Average rent per month in cities by type of dwelling,A,Annual,FLAT1,1-bedroom flats,NAC,National currency,ES_CAP,Madrid,2022,,970,,,,,
dataflow,ESTAT:PRC_COLC_RENTS(1.0),Average rent per month in cities by type of dwelling,A,Annual,FLAT1,1-bedroom flats,NAC,National currency,ES_CAP,Madrid,2023,,1050,,,,,
dataflow,ESTAT:PRC_COLC_RENTS(1.0),Average rent per month in cities by type of dwelling,A,Annual,FLAT1,1-bedroom flats,NAC,National currency,ES_CAP,Madrid,2024,,1150,,,,,
dataflow,ESTAT:PRC_COLC_RENTS(1.0),Average rent per month in cities by type of dwelling,A,Annual,FLAT1,1-bedroom flats,NAC,National currency,ES_CAP,Madrid,2025,,1300,,,,,
dataflow,ESTAT:PRC_COLC_RENTS(1.0),Average rent per month in cities by type of dwelling,A,Annual,FLAT1,1-bedroom flats,NAC,National currency,FI_CAP,Helsinki,2016,,1050,,,,,
dataflow,ESTAT:PRC_COLC_RENTS(1.0),Average rent per month in cities by type of dwelling,A,Annual,FLAT1,1-bedroom flats,NAC,National currency,FI_CAP,Helsinki,2017,,1150,,,,,
dataflow,ESTAT:PRC_COLC_RENTS(1.0),Average rent per month in cities by type of dwelling,A,Annual,FLAT1,1-bedroom flats,NAC,National currency,FI_CAP,Helsinki,2018,,1150,,,,,
dataflow,ESTAT:PRC_COLC_RENTS(1.0),Average rent per month in cities by type of dwelling,A,Annual,FLAT1,1-bedroom flats,NAC,National currency,FI_CAP,Helsinki,2019,,1200,,,,,
dataflow,ESTAT:PRC_COLC_RENTS(1.0),Average rent per month in cities by type of dwelling,A,Annual,FLAT1,1-bedroom flats,NAC,National currency,FI_CAP,Helsinki,2020,,1200,,,,,
dataflow,ESTAT:PRC_COLC_RENTS(1.0),Average rent per month in cities by type of dwelling,A,Annual,FLAT1,1-bedroom flats,NAC,National currency,FI_CAP,Helsinki,2021,,1100,,,,,
dataflow,ESTAT:PRC_COLC_RENTS(1.0),Average rent per month in cities by type of dwelling,A,Annual,FLAT1,1-bedroom flats,NAC,National currency,FI_CAP,Helsinki,2022,,1100,,,,,
dataflow,ESTAT:PRC_COLC_RENTS(1.0),Average rent per month in cities by type of dwelling,A,Annual,FLAT1,1-bedroom flats,NAC,National currency,FI_CAP,Helsinki,2023,,1100,,,,,
dataflow,ESTAT:PRC_COLC_RENTS(1.0),Average rent per month in cities by type of dwelling,A,Annual,FLAT1,1-bedroom flats,NAC,National currency,FI_CAP,Helsinki,2024,,1100,,,,,
dataflow,ESTAT:PRC_COLC_RENTS(1.0),Average rent per month in cities by type of dwelling,A,Annual,FLAT1,1-bedroom flats,NAC,National currency,FI_CAP,Helsinki,2025,,1150,,,,,
dataflow,ESTAT:PRC_COLC_RENTS(1.0),Average rent per month in cities by type of dwelling,A,Annual,FLAT1,1-bedroom flats,NAC,National currency,FR_CAP,Paris,2016,,1100,,,,,
dataflow,ESTAT:PRC_COLC_RENTS(1.0),Average rent per month in cities by type of dwelling,A,Annual,FLAT1,1-bedroom flats,NAC,National currency,FR_CAP,Paris,2017,,1150,,,,,
dataflow,ESTAT:PRC_COLC_RENTS(1.0),Average rent per month in cities by type of dwelling,A,Annual,FLAT1,1-bedroom flats,NAC,National currency,FR_CAP,Paris,2018,,1200,,,,,
dataflow,ESTAT:PRC_COLC_RENTS(1.0),Average rent per month in cities by type of dwelling,A,Annual,FLAT1,1-bedroom flats,NAC,National currency,FR_CAP,Paris,2019,,1250,,,,,
dataflow,ESTAT:PRC_COLC_RENTS(1.0),Average rent per month in cities by type of dwelling,A,Annual,FLAT1,1-bedroom flats,NAC,National currency,FR_CAP,Paris,2020,,1250,,,,,
dataflow,ESTAT:PRC_COLC_RENTS(1.0),Average rent per month in cities by type of dwelling,A,Annual,FLAT1,1-bedroom flats,NAC,National currency,FR_CAP,Paris,2021,,1250,,,,,
dataflow,ESTAT:PRC_COLC_RENTS(1.0),Average rent per month in cities by type of dwelling,A,Annual,FLAT1,1-bedroom flats,NAC,National currency,FR_CAP,Paris,2022,,1250,,,,,
dataflow,ESTAT:PRC_COLC_RENTS(1.0),Average rent per month in cities by type of dwelling,A,Annual,FLAT1,1-bedroom flats,NAC,National currency,FR_CAP,Paris,2023,,1350,,,,,
dataflow,ESTAT:PRC_COLC_RENTS(1.0),Average rent per month in cities by type of dwelling,A,Annual,FLAT1,1-bedroom flats,NAC,National currency,FR_CAP,Paris,2024,,1400,,,,,
dataflow,ESTAT:PRC_COLC_RENTS(1.0),Average rent per month in cities by type of dwelling,A,Annual,FLAT1,1-bedroom flats,NAC,National currency,FR_CAP,Paris,2025,,1550,,,,,
dataflow,ESTAT:PRC_COLC_RENTS(1.0),Average rent per month in cities by type of dwelling,A,Annual,FLAT1,1-bedroom flats,NAC,National currency,HR_CAP,Zagreb,2016,,4300,,,,,
dataflow,ESTAT:PRC_COLC_RENTS(1.0),Average rent per month in cities by type of dwelling,A,Annual,FLAT1,1-bedroom flats,NAC,National currency,HR_CAP,Zagreb,2017,,4650,,,,,
dataflow,ESTAT:PRC_COLC_RENTS(1.0),Average rent per month in cities by type of dwelling,A,Annual,FLAT1,1-bedroom flats,NAC,National currency,HR_CAP,Zagreb,2018,,4600,,,,,
dataflow,ESTAT:PRC_COLC_RENTS(1.0),Average rent per month in cities by type of dwelling,A,Annual,FLAT1,1-bedroom flats,NAC,National currency,HR_CAP,Zagreb,2019,,5250,,,,,
dataflow,ESTAT:PRC_COLC_RENTS(1.0),Average rent per month in cities by type of dwelling,A,Annual,FLAT1,1-bedroom flats,NAC,National currency,HR_CAP,Zagreb,2020,,5550,,,,,
dataflow,ESTAT:PRC_COLC_RENTS(1.0),Average rent per month in cities by type of dwelling,A,Annual,FLAT1,1-bedroom flats,NAC,National currency,HR_CAP,Zagreb,2021,,5100,,,,,
dataflow,ESTAT:PRC_COLC_RENTS(1.0),Average rent per month in cities by type of dwelling,A,Annual,FLAT1,1-bedroom flats,NAC,National currency,HR_CAP,Zagreb,2022,,5800,,,,,
dataflow,ESTAT:PRC_COLC_RENTS(1.0),Average rent per month in cities by type of dwelling,A,Annual,FLAT1,1-bedroom flats,NAC,National currency,HR_CAP,Zagreb,2023,,890,,,,,
dataflow,ESTAT:PRC_COLC_RENTS(1.0),Average rent per month in cities by type of dwelling,A,Annual,FLAT1,1-bedroom flats,NAC,National currency,HR_CAP,Zagreb,2024,,900,,,,,
dataflow,ESTAT:PRC_COLC_RENTS(1.0),Average rent per month in cities by type of dwelling,A,Annual,FLAT1,1-bedroom flats,NAC,National currency,HR_CAP,Zagreb,2025,,1050,,,,,
dataflow,ESTAT:PRC_COLC_RENTS(1.0),Average rent per month in cities by type of dwelling,A,Annual,FLAT1,1-bedroom flats,NAC,National currency,HU_CAP,Budapest,2016,,187500,,,,,
dataflow,ESTAT:PRC_COLC_RENTS(1.0),Average rent per month in cities by type of dwelling,A,Annual,FLAT1,1-bedroom flats,NAC,National currency,HU_CAP,Budapest,2017,,205000,,,,,
dataflow,ESTAT:PRC_COLC_RENTS(1.0),Average rent per month in cities by type of dwelling,A,Annual,FLAT1,1-bedroom flats,NAC,National currency,HU_CAP,Budapest,2018,,203500,,,,,
dataflow,ESTAT:PRC_COLC_RENTS(1.0),Average rent per month in cities by type of dwelling,A,Annual,FLAT1,1-bedroom flats,NAC,National currency,HU_CAP,Budapest,2019,,257500,,,,,
dataflow,ESTAT:PRC_COLC_RENTS(1.0),Average rent per month in cities by type of dwelling,A,Annual,FLAT1,1-bedroom flats,NAC,National currency,HU_CAP,Budapest,2020,,269000,,,,,
dataflow,ESTAT:PRC_COLC_RENTS(1.0),Average rent per month in cities by type of dwelling,A,Annual,FLAT1,1-bedroom flats,NAC,National currency,HU_CAP,Budapest,2021,,212500,,,,,
dataflow,ESTAT:PRC_COLC_RENTS(1.0),Average rent per month in cities by type of dwelling,A,Annual,FLAT1,1-bedroom flats,NAC,National currency,HU_CAP,Budapest,2022,,259200,,,,,
dataflow,ESTAT:PRC_COLC_RENTS(1.0),Average rent per month in cities by type of dwelling,A,Annual,FLAT1,1-bedroom flats,NAC,National currency,HU_CAP,Budapest,2023,,329300,,,,,
dataflow,ESTAT:PRC_COLC_RENTS(1.0),Average rent per month in cities by type of dwelling,A,Annual,FLAT1,1-bedroom flats,NAC,National currency,HU_CAP,Budapest,2024,,313150,,,,,
dataflow,ESTAT:PRC_COLC_RENTS(1.0),Average rent per month in cities by type of dwelling,A,Annual,FLAT1,1-bedroom flats,NAC,National currency,HU_CAP,Budapest,2025,,361450,,,,,
dataflow,ESTAT:PRC_COLC_RENTS(1.0),Average rent per month in cities by type of dwelling,A,Annual,FLAT1,1-bedroom flats,NAC,National currency,IE_CAP,Dublin,2016,,1400,,,,,
dataflow,ESTAT:PRC_COLC_RENTS(1.0),Average rent per month in cities by type of dwelling,A,Annual,FLAT1,1-bedroom flats,NAC,National currency,IE_CAP,Dublin,2017,,1550,,,,,
dataflow,ESTAT:PRC_COLC_RENTS(1.0),Average rent per month in cities by type of dwelling,A,Annual,FLAT1,1-bedroom flats,NAC,National currency,IE_CAP,Dublin,2018,,1650,,,,,
dataflow,ESTAT:PRC_COLC_RENTS(1.0),Average rent per month in cities by type of dwelling,A,Annual,FLAT1,1-bedroom flats,NAC,National currency,IE_CAP,Dublin,2019,,1750,,,,,
dataflow,ESTAT:PRC_COLC_RENTS(1.0),Average rent per month in cities by type of dwelling,A,Annual,FLAT1,1-bedroom flats,NAC,National currency,IE_CAP,Dublin,2020,,1750,,,,,
dataflow,ESTAT:PRC_COLC_RENTS(1.0),Average rent per month in cities by type of dwelling,A,Annual,FLAT1,1-bedroom flats,NAC,National currency,IE_CAP,Dublin,2021,,1600,,,,,
dataflow,ESTAT:PRC_COLC_RENTS(1.0),Average rent per month in cities by type of dwelling,A,Annual,FLAT1,1-bedroom flats,NAC,National currency,IE_CAP,Dublin,2022,,1800,,,,,
dataflow,ESTAT:PRC_COLC_RENTS(1.0),Average rent per month in cities by type of dwelling,A,Annual,FLAT1,1-bedroom flats,NAC,National currency,IE_CAP,Dublin,2023,,2050,,,,,
dataflow,ESTAT:PRC_COLC_RENTS(1.0),Average rent per month in cities by type of dwelling,A,Annual,FLAT1,1-bedroom flats,NAC,National currency,IE_CAP,Dublin,2024,,2100,,,,,
dataflow,ESTAT:PRC_COLC_RENTS(1.0),Average rent per month in cities by type of dwelling,A,Annual,FLAT1,1-bedroom flats,NAC,National currency,IE_CAP,Dublin,2025,,2000,,,,,
dataflow,ESTAT:PRC_COLC_RENTS(1.0),Average rent per month in cities by type of dwelling,A,Annual,FLAT1,1-bedroom flats,NAC,National currency,IS_CAP,Reykjavik,2016,,161500,,,,,
dataflow,ESTAT:PRC_COLC_RENTS(1.0),Average rent per month in cities by type of dwelling,A,Annual,FLAT1,1-bedroom flats,NAC,National currency,IS_CAP,Reykjavik,2017,,158500,,,,,
dataflow,ESTAT:PRC_COLC_RENTS(1.0),Average rent per month in cities by type of dwelling,A,Annual,FLAT1,1-bedroom flats,NAC,National currency,IS_CAP,Reykjavik,2018,,180500,,,,,
dataflow,ESTAT:PRC_COLC_RENTS(1.0),Average rent per month in cities by type of dwelling,A,Annual,FLAT1,1-bedroom flats,NAC,National currency,IS_CAP,Reykjavik,2019,,171000,,,,,
dataflow,ESTAT:PRC_COLC_RENTS(1.0),Average rent per month in cities by type of dwelling,A,Annual,FLAT1,1-bedroom flats,NAC,National currency,IS_CAP,Reykjavik,2020,,177000,,,,,
dataflow,ESTAT:PRC_COLC_RENTS(1.0),Average rent per month in cities by type of dwelling,A,Annual,FLAT1,1-bedroom flats,NAC,National currency,IS_CAP,Reykjavik,2021,,191500,,,,,
dataflow,ESTAT:PRC_COLC_RENTS(1.0),Average rent per month in cities by type of dwelling,A,Annual,FLAT1,1-bedroom flats,NAC,National currency,IS_CAP,Reykjavik,2022,,211400,,,,,
dataflow,ESTAT:PRC_COLC_RENTS(1.0),Average rent per month in cities by type of dwelling,A,Annual,FLAT1,1-bedroom flats,NAC,National currency,IS_CAP,Reykjavik,2023,,232400,,,,,
dataflow,ESTAT:PRC_COLC_RENTS(1.0),Average rent per month in cities by type of dwelling,A,Annual,FLAT1,1-bedroom flats,NAC,National currency,IS_CAP,Reykjavik,2024,,261600,,,,,
dataflow,ESTAT:PRC_COLC_RENTS(1.0),Average rent per month in cities by type of dwelling,A,Annual,FLAT1,1-bedroom flats,NAC,National currency,IS_CAP,Reykjavik,2025,,269500,,,,,
dataflow,ESTAT:PRC_COLC_RENTS(1.0),Average rent per month in cities by type of dwelling,A,Annual,FLAT1,1-bedroom flats,NAC,National currency,IT_CAP,Roma,2016,,950,,,,,
dataflow,ESTAT:PRC_COLC_RENTS(1.0),Average rent per month in cities by type of dwelling,A,Annual,FLAT1,1-bedroom flats,NAC,National currency,IT_CAP,Roma,2017,,930,,,,,
dataflow,ESTAT:PRC_COLC_RENTS(1.0),Average rent per month in cities by type of dwelling,A,Annual,FLAT1,1-bedroom flats,NAC,National currency,IT_CAP,Roma,2018,,910,,,,,
dataflow,ESTAT:PRC_COLC_RENTS(1.0),Average rent per month in cities by type of dwelling,A,Annual,FLAT1,1-bedroom flats,NAC,National currency,IT_CAP,Roma,2019,,950,,,,,
dataflow,ESTAT:PRC_COLC_RENTS(1.0),Average rent per month in cities by type of dwelling,A,Annual,FLAT1,1-bedroom flats,NAC,National currency,IT_CAP,Roma,2020,,960,,,,,
dataflow,ESTAT:PRC_COLC_RENTS(1.0),Average rent per month in cities by type of dwelling,A,Annual,FLAT1,1-bedroom flats,NAC,National currency,IT_CAP,Roma,2021,,890,,,,,
dataflow,ESTAT:PRC_COLC_RENTS(1.0),Average rent per month in cities by type of dwelling,A,Annual,FLAT1,1-bedroom flats,NAC,National currency,IT_CAP,Roma,2022,,920,,,,,
dataflow,ESTAT:PRC_COLC_RENTS(1.0),Average rent per month in cities by type of dwelling,A,Annual,FLAT1,1-bedroom flats,NAC,National currency,IT_CAP,Roma,2023,,910,,,,,
dataflow,ESTAT:PRC_COLC_RENTS(1.0),Average rent per month in cities by type of dwelling,A,Annual,FLAT1,1-bedroom flats,NAC,National currency,IT_CAP,Roma,2024,,1050,,,,,
dataflow,ESTAT:PRC_COLC_RENTS(1.0),Average rent per month in cities by type of dwelling,A,Annual,FLAT1,1-bedroom flats,NAC,National currency,IT_CAP,Roma,2025,,1300,,,,,
dataflow,ESTAT:PRC_COLC_RENTS(1.0),Average rent per month in cities by type of dwelling,A,Annual,FLAT1,1-bedroom flats,NAC,National currency,IT_DEL,Varese,2016,,550,,,,,
dataflow,ESTAT:PRC_COLC_RENTS(1.0),Average rent per month in cities by type of dwelling,A,Annual,FLAT1,1-bedroom flats,NAC,National currency,IT_DEL,Varese,2017,,590,,,,,
dataflow,ESTAT:PRC_COLC_RENTS(1.0),Average rent per month in cities by type of dwelling,A,Annual,FLAT1,1-bedroom flats,NAC,National currency,IT_DEL,Varese,2018,,580,,,,,
dataflow,ESTAT:PRC_COLC_RENTS(1.0),Average rent per month in cities by type of dwelling,A,Annual,FLAT1,1-bedroom flats,NAC,National currency,IT_DEL,Varese,2019,,570,,,,,
dataflow,ESTAT:PRC_COLC_RENTS(1.0),Average rent per month in cities by type of dwelling,A,Annual,FLAT1,1-bedroom flats,NAC,National currency,IT_DEL,Varese,2020,,580,,,,,
dataflow,ESTAT:PRC_COLC_RENTS(1.0),Average rent per month in cities by type of dwelling,A,Annual,FLAT1,1-bedroom flats,NAC,National currency,IT_DEL,Varese,2021,,580,,,,,
dataflow,ESTAT:PRC_COLC_RENTS(1.0),Average rent per month in cities by type of dwelling,A,Annual,FLAT1,1-bedroom flats,NAC,National currency,IT_DEL,Varese,2022,,640,,,,,
dataflow,ESTAT:PRC_COLC_RENTS(1.0),Average rent per month in cities by type of dwelling,A,Annual,FLAT1,1-bedroom flats,NAC,National currency,IT_DEL,Varese,2023,,670,,,,,
dataflow,ESTAT:PRC_COLC_RENTS(1.0),Average rent per month in cities by type of dwelling,A,Annual,FLAT1,1-bedroom flats,NAC,National currency,IT_DEL,Varese,2024,,750,,,,,
dataflow,ESTAT:PRC_COLC_RENTS(1.0),Average rent per month in cities by type of dwelling,A,Annual,FLAT1,1-bedroom flats,NAC,National currency,IT_DEL,Varese,2025,,770,,,,,
dataflow,ESTAT:PRC_COLC_RENTS(1.0),Average rent per month in cities by type of dwelling,A,Annual,FLAT1,1-bedroom flats,NAC,National currency,LT_CAP,Vilnius,2016,,600,,,,,
dataflow,ESTAT:PRC_COLC_RENTS(1.0),Average rent per month in cities by type of dwelling,A,Annual,FLAT1,1-bedroom flats,NAC,National currency,LT_CAP,Vilnius,2017,,570,,,,,
dataflow,ESTAT:PRC_COLC_RENTS(1.0),Average rent per month in cities by type of dwelling,A,Annual,FLAT1,1-bedroom flats,NAC,National currency,LT_CAP,Vilnius,2018,,600,,,,,
dataflow,ESTAT:PRC_COLC_RENTS(1.0),Average rent per month in cities by type of dwelling,A,Annual,FLAT1,1-bedroom flats,NAC,National currency,LT_CAP,Vilnius,2019,,600,,,,,
dataflow,ESTAT:PRC_COLC_RENTS(1.0),Average rent per month in cities by type of dwelling,A,Annual,FLAT1,1-bedroom flats,NAC,National currency,LT_CAP,Vilnius,2020,,610,,,,,
dataflow,ESTAT:PRC_COLC_RENTS(1.0),Average rent per month in cities by type of dwelling,A,Annual,FLAT1,1-bedroom flats,NAC,National currency,LT_CAP,Vilnius,2021,,620,,,,,
dataflow,ESTAT:PRC_COLC_RENTS(1.0),Average rent per month in cities by type of dwelling,A,Annual,FLAT1,1-bedroom flats,NAC,National currency,LT_CAP,Vilnius,2022,,830,,,,,
dataflow,ESTAT:PRC_COLC_RENTS(1.0),Average rent per month in cities by type of dwelling,A,Annual,FLAT1,1-bedroom flats,NAC,National currency,LT_CAP,Vilnius,2023,,790,,,,,
dataflow,ESTAT:PRC_COLC_RENTS(1.0),Average rent per month in cities by type of dwelling,A,Annual,FLAT1,1-bedroom flats,NAC,National currency,LT_CAP,Vilnius,2024,,810,,,,,
dataflow,ESTAT:PRC_COLC_RENTS(1.0),Average rent per month in cities by type of dwelling,A,Annual,FLAT1,1-bedroom flats,NAC,National currency,LT_CAP,Vilnius,2025,,830,,,,,
dataflow,ESTAT:PRC_COLC_RENTS(1.0),Average rent per month in cities by type of dwelling,A,Annual,FLAT1,1-bedroom flats,NAC,National currency,LU_CAP,Luxembourg,2016,,1500,,,,,
dataflow,ESTAT:PRC_COLC_RENTS(1.0),Average rent per month in cities by type of dwelling,A,Annual,FLAT1,1-bedroom flats,NAC,National currency,LU_CAP,Luxembourg,2017,,1400,,,,,
dataflow,ESTAT:PRC_COLC_RENTS(1.0),Average rent per month in cities by type of dwelling,A,Annual,FLAT1,1-bedroom flats,NAC,National currency,LU_CAP,Luxembourg,2018,,1500,,,,,
dataflow,ESTAT:PRC_COLC_RENTS(1.0),Average rent per month in cities by type of dwelling,A,Annual,FLAT1,1-bedroom flats,NAC,National currency,LU_CAP,Luxembourg,2019,,1650,,,,,
dataflow,ESTAT:PRC_COLC_RENTS(1.0),Average rent per month in cities by type of dwelling,A,Annual,FLAT1,1-bedroom flats,NAC,National currency,LU_CAP,Luxembourg,2020,,1650,,,,,
dataflow,ESTAT:PRC_COLC_RENTS(1.0),Average rent per month in cities by type of dwelling,A,Annual,FLAT1,1-bedroom flats,NAC,National currency,LU_CAP,Luxembourg,2021,,1750,,,,,
dataflow,ESTAT:PRC_COLC_RENTS(1.0),Average rent per month in cities by type of dwelling,A,Annual,FLAT1,1-bedroom flats,NAC,National currency,LU_CAP,Luxembourg,2022,,1800,,,,,
dataflow,ESTAT:PRC_COLC_RENTS(1.0),Average rent per month in cities by type of dwelling,A,Annual,FLAT1,1-bedroom flats,NAC,National currency,LU_CAP,Luxembourg,2023,,1850,,,,,
dataflow,ESTAT:PRC_COLC_RENTS(1.0),Average rent per month in cities by type of dwelling,A,Annual,FLAT1,1-bedroom flats,NAC,National currency,LU_CAP,Luxembourg,2024,,1950,,,,,
dataflow,ESTAT:PRC_COLC_RENTS(1.0),Average rent per month in cities by type of dwelling,A,Annual,FLAT1,1-bedroom flats,NAC,National currency,LU_CAP,Luxembourg,2025,,1900,,,,,
dataflow,ESTAT:PRC_COLC_RENTS(1.0),Average rent per month in cities by type of dwelling,A,Annual,FLAT1,1-bedroom flats,NAC,National currency,LV_CAP,Riga,2016,,600,,,,,
dataflow,ESTAT:PRC_COLC_RENTS(1.0),Average rent per month in cities by type of dwelling,A,Annual,FLAT1,1-bedroom flats,NAC,National currency,LV_CAP,Riga,2017,,590,,,,,
dataflow,ESTAT:PRC_COLC_RENTS(1.0),Average rent per month in cities by type of dwelling,A,Annual,FLAT1,1-bedroom flats,NAC,National currency,LV_CAP,Riga,2018,,610,,,,,
dataflow,ESTAT:PRC_COLC_RENTS(1.0),Average rent per month in cities by type of dwelling,A,Annual,FLAT1,1-bedroom flats,NAC,National currency,LV_CAP,Riga,2019,,640,,,,,
dataflow,ESTAT:PRC_COLC_RENTS(1.0),Average rent per month in cities by type of dwelling,A,Annual,FLAT1,1-bedroom flats,NAC,National currency,LV_CAP,Riga,2020,,610,,,,,
dataflow,ESTAT:PRC_COLC_RENTS(1.0),Average rent per month in cities by type of dwelling,A,Annual,FLAT1,1-bedroom flats,NAC,National currency,LV_CAP,Riga,2021,,600,,,,,
dataflow,ESTAT:PRC_COLC_RENTS(1.0),Average rent per month in cities by type of dwelling,A,Annual,FLAT1,1-bedroom flats,NAC,National currency,LV_CAP,Riga,2022,,690,,,,,
dataflow,ESTAT:PRC_COLC_RENTS(1.0),Average rent per month in cities by type of dwelling,A,Annual,FLAT1,1-bedroom flats,NAC,National currency,LV_CAP,Riga,2023,,740,,,,,
dataflow,ESTAT:PRC_COLC_RENTS(1.0),Average rent per month in cities by type of dwelling,A,Annual,FLAT1,1-bedroom flats,NAC,National currency,LV_CAP,Riga,2024,,780,,,,,
dataflow,ESTAT:PRC_COLC_RENTS(1.0),Average rent per month in cities by type of dwelling,A,Annual,FLAT1,1-bedroom flats,NAC,National currency,LV_CAP,Riga,2025,,870,,,,,
dataflow,ESTAT:PRC_COLC_RENTS(1.0),Average rent per month in cities by type of dwelling,A,Annual,FLAT1,1-bedroom flats,NAC,National currency,ME_CAP,Podgorica,2016,,390,,,,,
dataflow,ESTAT:PRC_COLC_RENTS(1.0),Average rent per month in cities by type of dwelling,A,Annual,FLAT1,1-bedroom flats,NAC,National currency,ME_CAP,Podgorica,2017,,370,,,,,
dataflow,ESTAT:PRC_COLC_RENTS(1.0),Average rent per month in cities by type of dwelling,A,Annual,FLAT1,1-bedroom flats,NAC,National currency,ME_CAP,Podgorica,2018,,370,,,,,
dataflow,ESTAT:PRC_COLC_RENTS(1.0),Average rent per month in cities by type of dwelling,A,Annual,FLAT1,1-bedroom flats,NAC,National currency,ME_CAP,Podgorica,2019,,360,,,,,
dataflow,ESTAT:PRC_COLC_RENTS(1.0),Average rent per month in cities by type of dwelling,A,Annual,FLAT1,1-bedroom flats,NAC,National currency,ME_CAP,Podgorica,2020,,360,,,,,
dataflow,ESTAT:PRC_COLC_RENTS(1.0),Average rent per month in cities by type of dwelling,A,Annual,FLAT1,1-bedroom flats,NAC,National currency,ME_CAP,Podgorica,2021,,320,,,,,
dataflow,ESTAT:PRC_COLC_RENTS(1.0),Average rent per month in cities by type of dwelling,A,Annual,FLAT1,1-bedroom flats,NAC,National currency,ME_CAP,Podgorica,2022,,370,,,,,
dataflow,ESTAT:PRC_COLC_RENTS(1.0),Average rent per month in cities by type of dwelling,A,Annual,FLAT1,1-bedroom flats,NAC,National currency,ME_CAP,Podgorica,2023,,460,,,,,
dataflow,ESTAT:PRC_COLC_RENTS(1.0),Average rent per month in cities by type of dwelling,A,Annual,FLAT1,1-bedroom flats,NAC,National currency,ME_CAP,Podgorica,2024,,520,,,,,
dataflow,ESTAT:PRC_COLC_RENTS(1.0),Average rent per month in cities by type of dwelling,A,Annual,FLAT1,1-bedroom flats,NAC,National currency,ME_CAP,Podgorica,2025,,560,,,,,
dataflow,ESTAT:PRC_COLC_RENTS(1.0),Average rent per month in cities by type of dwelling,A,Annual,FLAT1,1-bedroom flats,NAC,National currency,MK_CAP,Skopje,2016,,13600,,,,,
dataflow,ESTAT:PRC_COLC_RENTS(1.0),Average rent per month in cities by type of dwelling,A,Annual,FLAT1,1-bedroom flats,NAC,National currency,MK_CAP,Skopje,2017,,14200,,,,,
dataflow,ESTAT:PRC_COLC_RENTS(1.0),Average rent per month in cities by type of dwelling,A,Annual,FLAT1,1-bedroom flats,NAC,National currency,MK_CAP,Skopje,2018,,14100,,,,,
dataflow,ESTAT:PRC_COLC_RENTS(1.0),Average rent per month in cities by type of dwelling,A,Annual,FLAT1,1-bedroom flats,NAC,National currency,MK_CAP,Skopje,2019,,14800,,,,,
dataflow,ESTAT:PRC_COLC_RENTS(1.0),Average rent per month in cities by type of dwelling,A,Annual,FLAT1,1-bedroom flats,NAC,National currency,MK_CAP,Skopje,2020,,14800,,,,,
dataflow,ESTAT:PRC_COLC_RENTS(1.0),Average rent per month in cities by type of dwelling,A,Annual,FLAT1,1-bedroom flats,NAC,National currency,MK_CAP,Skopje,2021,,14800,,,,,
dataflow,ESTAT:PRC_COLC_RENTS(1.0),Average rent per month in cities by type of dwelling,A,Annual,FLAT1,1-bedroom flats,NAC,National currency,MK_CAP,Skopje,2022,,15450,,,,,
dataflow,ESTAT:PRC_COLC_RENTS(1.0),Average rent per month in cities by type of dwelling,A,Annual,FLAT1,1-bedroom flats,NAC,National currency,MK_CAP,Skopje,2023,,15400,,,,,
dataflow,ESTAT:PRC_COLC_RENTS(1.0),Average rent per month in cities by type of dwelling,A,Annual,FLAT1,1-bedroom flats,NAC,National currency,MK_CAP,Skopje,2024,,17850,,,,,
dataflow,ESTAT:PRC_COLC_RENTS(1.0),Average rent per month in cities by type of dwelling,A,Annual,FLAT1,1-bedroom flats,NAC,National currency,MK_CAP,Skopje,2025,,20300,,,,,
dataflow,ESTAT:PRC_COLC_RENTS(1.0),Average rent per month in cities by type of dwelling,A,Annual,FLAT1,1-bedroom flats,NAC,National currency,MT_CAP,Valletta,2016,,680,,,,,
dataflow,ESTAT:PRC_COLC_RENTS(1.0),Average rent per month in cities by type of dwelling,A,Annual,FLAT1,1-bedroom flats,NAC,National currency,MT_CAP,Valletta,2017,,760,,,,,
dataflow,ESTAT:PRC_COLC_RENTS(1.0),Average rent per month in cities by type of dwelling,A,Annual,FLAT1,1-bedroom flats,NAC,National currency,MT_CAP,Valletta,2018,,820,,,,,
dataflow,ESTAT:PRC_COLC_RENTS(1.0),Average rent per month in cities by type of dwelling,A,Annual,FLAT1,1-bedroom flats,NAC,National currency,MT_CAP,Valletta,2019,,850,,,,,
dataflow,ESTAT:PRC_COLC_RENTS(1.0),Average rent per month in cities by type of dwelling,A,Annual,FLAT1,1-bedroom flats,NAC,National currency,MT_CAP,Valletta,2020,,890,,,,,
dataflow,ESTAT:PRC_COLC_RENTS(1.0),Average rent per month in cities by type of dwelling,A,Annual,FLAT1,1-bedroom flats,NAC,National currency,MT_CAP,Valletta,2021,,710,,,,,
dataflow,ESTAT:PRC_COLC_RENTS(1.0),Average rent per month in cities by type of dwelling,A,Annual,FLAT1,1-bedroom flats,NAC,National currency,MT_CAP,Valletta,2022,,800,,,,,
dataflow,ESTAT:PRC_COLC_RENTS(1.0),Average rent per month in cities by type of dwelling,A,Annual,FLAT1,1-bedroom flats,NAC,National currency,MT_CAP,Valletta,2023,,900,,,,,
dataflow,ESTAT:PRC_COLC_RENTS(1.0),Average rent per month in cities by type of dwelling,A,Annual,FLAT1,1-bedroom flats,NAC,National currency,MT_CAP,Valletta,2024,,980,,,,,
dataflow,ESTAT:PRC_COLC_RENTS(1.0),Average rent per month in cities by type of dwelling,A,Annual,FLAT1,1-bedroom flats,NAC,National currency,MT_CAP,Valletta,2025,,1050,,,,,
dataflow,ESTAT:PRC_COLC_RENTS(1.0),Average rent per month in cities by type of dwelling,A,Annual,FLAT1,1-bedroom flats,NAC,National currency,NL_DEL,Den Haag,2016,,1020,,,,,
dataflow,ESTAT:PRC_COLC_RENTS(1.0),Average rent per month in cities by type of dwelling,A,Annual,FLAT1,1-bedroom flats,NAC,National currency,NL_DEL,Den Haag,2017,,1030,,,,,
dataflow,ESTAT:PRC_COLC_RENTS(1.0),Average rent per month in cities by type of dwelling,A,Annual,FLAT1,1-bedroom flats,NAC,National currency,NL_DEL,Den Haag,2018,,1050,,,,,
dataflow,ESTAT:PRC_COLC_RENTS(1.0),Average rent per month in cities by type of dwelling,A,Annual,FLAT1,1-bedroom flats,NAC,National currency,NL_DEL,Den Haag,2019,,1100,,,,,
dataflow,ESTAT:PRC_COLC_RENTS(1.0),Average rent per month in cities by type of dwelling,A,Annual,FLAT1,1-bedroom flats,NAC,National currency,NL_DEL,Den Haag,2020,,1100,,,,,
dataflow,ESTAT:PRC_COLC_RENTS(1.0),Average rent per month in cities by type of dwelling,A,Annual,FLAT1,1-bedroom flats,NAC,National currency,NL_DEL,Den Haag,2021,,1050,,,,,
dataflow,ESTAT:PRC_COLC_RENTS(1.0),Average rent per month in cities by type of dwelling,A,Annual,FLAT1,1-bedroom flats,NAC,National currency,NL_DEL,Den Haag,2022,,1250,,,,,
dataflow,ESTAT:PRC_COLC_RENTS(1.0),Average rent per month in cities by type of dwelling,A,Annual,FLAT1,1-bedroom flats,NAC,National currency,NL_DEL,Den Haag,2023,,1200,,,,,
dataflow,ESTAT:PRC_COLC_RENTS(1.0),Average rent per month in cities by type of dwelling,A,Annual,FLAT1,1-bedroom flats,NAC,National currency,NL_DEL,Den Haag,2024,,1400,,,,,
dataflow,ESTAT:PRC_COLC_RENTS(1.0),Average rent per month in cities by type of dwelling,A,Annual,FLAT1,1-bedroom flats,NAC,National currency,NL_DEL,Den Haag,2025,,1800,,,,,
dataflow,ESTAT:PRC_COLC_RENTS(1.0),Average rent per month in cities by type of dwelling,A,Annual,FLAT1,1-bedroom flats,NAC,National currency,NO_CAP,Oslo,2016,,13500,,,,,
dataflow,ESTAT:PRC_COLC_RENTS(1.0),Average rent per month in cities by type of dwelling,A,Annual,FLAT1,1-bedroom flats,NAC,National currency,NO_CAP,Oslo,2017,,14800,,,,,
dataflow,ESTAT:PRC_COLC_RENTS(1.0),Average rent per month in cities by type of dwelling,A,Annual,FLAT1,1-bedroom flats,NAC,National currency,NO_CAP,Oslo,2018,,14200,,,,,
dataflow,ESTAT:PRC_COLC_RENTS(1.0),Average rent per month in cities by type of dwelling,A,Annual,FLAT1,1-bedroom flats,NAC,National currency,NO_CAP,Oslo,2019,,15000,,,,,
dataflow,ESTAT:PRC_COLC_RENTS(1.0),Average rent per month in cities by type of dwelling,A,Annual,FLAT1,1-bedroom flats,NAC,National currency,NO_CAP,Oslo,2020,,15200,,,,,
dataflow,ESTAT:PRC_COLC_RENTS(1.0),Average rent per month in cities by type of dwelling,A,Annual,FLAT1,1-bedroom flats,NAC,National currency,NO_CAP,Oslo,2021,,15900,,,,,
dataflow,ESTAT:PRC_COLC_RENTS(1.0),Average rent per month in cities by type of dwelling,A,Annual,FLAT1,1-bedroom flats,NAC,National currency,NO_CAP,Oslo,2022,,16650,,,,,
dataflow,ESTAT:PRC_COLC_RENTS(1.0),Average rent per month in cities by type of dwelling,A,Annual,FLAT1,1-bedroom flats,NAC,National currency,NO_CAP,Oslo,2023,,16900,,,,,
dataflow,ESTAT:PRC_COLC_RENTS(1.0),Average rent per month in cities by type of dwelling,A,Annual,FLAT1,1-bedroom flats,NAC,National currency,NO_CAP,Oslo,2024,,19650,,,,,
dataflow,ESTAT:PRC_COLC_RENTS(1.0),Average rent per month in cities by type of dwelling,A,Annual,FLAT1,1-bedroom flats,NAC,National currency,NO_CAP,Oslo,2025,,23500,,,,,
dataflow,ESTAT:PRC_COLC_RENTS(1.0),Average rent per month in cities by type of dwelling,A,Annual,FLAT1,1-bedroom flats,NAC,National currency,PL_CAP,Warszawa,2016,,2450,,,,,
dataflow,ESTAT:PRC_COLC_RENTS(1.0),Average rent per month in cities by type of dwelling,A,Annual,FLAT1,1-bedroom flats,NAC,National currency,PL_CAP,Warszawa,2017,,2500,,,,,
dataflow,ESTAT:PRC_COLC_RENTS(1.0),Average rent per month in cities by type of dwelling,A,Annual,FLAT1,1-bedroom flats,NAC,National currency,PL_CAP,Warszawa,2018,,2400,,,,,
dataflow,ESTAT:PRC_COLC_RENTS(1.0),Average rent per month in cities by type of dwelling,A,Annual,FLAT1,1-bedroom flats,NAC,National currency,PL_CAP,Warszawa,2019,,2400,,,,,
dataflow,ESTAT:PRC_COLC_RENTS(1.0),Average rent per month in cities by type of dwelling,A,Annual,FLAT1,1-bedroom flats,NAC,National currency,PL_CAP,Warszawa,2020,,2550,,,,,
dataflow,ESTAT:PRC_COLC_RENTS(1.0),Average rent per month in cities by type of dwelling,A,Annual,FLAT1,1-bedroom flats,NAC,National currency,PL_CAP,Warszawa,2021,,2100,,,,,
dataflow,ESTAT:PRC_COLC_RENTS(1.0),Average rent per month in cities by type of dwelling,A,Annual,FLAT1,1-bedroom flats,NAC,National currency,PL_CAP,Warszawa,2022,,2850,,,,,
dataflow,ESTAT:PRC_COLC_RENTS(1.0),Average rent per month in cities by type of dwelling,A,Annual,FLAT1,1-bedroom flats,NAC,National currency,PL_CAP,Warszawa,2023,,3200,,,,,
dataflow,ESTAT:PRC_COLC_RENTS(1.0),Average rent per month in cities by type of dwelling,A,Annual,FLAT1,1-bedroom flats,NAC,National currency,PL_CAP,Warszawa,2024,,3450,,,,,
dataflow,ESTAT:PRC_COLC_RENTS(1.0),Average rent per month in cities by type of dwelling,A,Annual,FLAT1,1-bedroom flats,NAC,National currency,PL_CAP,Warszawa,2025,,3550,,,,,
dataflow,ESTAT:PRC_COLC_RENTS(1.0),Average rent per month in cities by type of dwelling,A,Annual,FLAT1,1-bedroom flats,NAC,National currency,PT_CAP,Lisboa,2016,,770,,,,,
dataflow,ESTAT:PRC_COLC_RENTS(1.0),Average rent per month in cities by type of dwelling,A,Annual,FLAT1,1-bedroom flats,NAC,National currency,PT_CAP,Lisboa,2017,,890,,,,,
dataflow,ESTAT:PRC_COLC_RENTS(1.0),Average rent per month in cities by type of dwelling,A,Annual,FLAT1,1-bedroom flats,NAC,National currency,PT_CAP,Lisboa,2018,,1050,,,,,
dataflow,ESTAT:PRC_COLC_RENTS(1.0),Average rent per month in cities by type of dwelling,A,Annual,FLAT1,1-bedroom flats,NAC,National currency,PT_CAP,Lisboa,2019,,1050,,,,,
dataflow,ESTAT:PRC_COLC_RENTS(1.0),Average rent per month in cities by type of dwelling,A,Annual,FLAT1,1-bedroom flats,NAC,National currency,PT_CAP,Lisboa,2020,,1100,,,,,
dataflow,ESTAT:PRC_COLC_RENTS(1.0),Average rent per month in cities by type of dwelling,A,Annual,FLAT1,1-bedroom flats,NAC,National currency,PT_CAP,Lisboa,2021,,1050,,,,,
dataflow,ESTAT:PRC_COLC_RENTS(1.0),Average rent per month in cities by type of dwelling,A,Annual,FLAT1,1-bedroom flats,NAC,National currency,PT_CAP,Lisboa,2022,,1150,,,,,
dataflow,ESTAT:PRC_COLC_RENTS(1.0),Average rent per month in cities by type of dwelling,A,Annual,FLAT1,1-bedroom flats,NAC,National currency,PT_CAP,Lisboa,2023,,1350,,,,,
dataflow,ESTAT:PRC_COLC_RENTS(1.0),Average rent per month in cities by type of dwelling,A,Annual,FLAT1,1-bedroom flats,NAC,National currency,PT_CAP,Lisboa,2024,,1250,,,,,
dataflow,ESTAT:PRC_COLC_RENTS(1.0),Average rent per month in cities by type of dwelling,A,Annual,FLAT1,1-bedroom flats,NAC,National currency,PT_CAP,Lisboa,2025,,1400,,,,,
dataflow,ESTAT:PRC_COLC_RENTS(1.0),Average rent per month in cities by type of dwelling,A,Annual,FLAT1,1-bedroom flats,NAC,National currency,RO_CAP,Bucuresti,2016,,2100,,,,,
dataflow,ESTAT:PRC_COLC_RENTS(1.0),Average rent per month in cities by type of dwelling,A,Annual,FLAT1,1-bedroom flats,NAC,National currency,RO_CAP,Bucuresti,2017,,2350,,,,,
dataflow,ESTAT:PRC_COLC_RENTS(1.0),Average rent per month in cities by type of dwelling,A,Annual,FLAT1,1-bedroom flats,NAC,National currency,RO_CAP,Bucuresti,2018,,2450,,,,,
dataflow,ESTAT:PRC_COLC_RENTS(1.0),Average rent per month in cities by type of dwelling,A,Annual,FLAT1,1-bedroom flats,NAC,National currency,RO_CAP,Bucuresti,2019,,2500,,,,,
dataflow,ESTAT:PRC_COLC_RENTS(1.0),Average rent per month in cities by type of dwelling,A,Annual,FLAT1,1-bedroom flats,NAC,National currency,RO_CAP,Bucuresti,2020,,2600,,,,,
dataflow,ESTAT:PRC_COLC_RENTS(1.0),Average rent per month in cities by type of dwelling,A,Annual,FLAT1,1-bedroom flats,NAC,National currency,RO_CAP,Bucuresti,2021,,2500,,,,,
dataflow,ESTAT:PRC_COLC_RENTS(1.0),Average rent per month in cities by type of dwelling,A,Annual,FLAT1,1-bedroom flats,NAC,National currency,RO_CAP,Bucuresti,2022,,2550,,,,,
dataflow,ESTAT:PRC_COLC_RENTS(1.0),Average rent per month in cities by type of dwelling,A,Annual,FLAT1,1-bedroom flats,NAC,National currency,RO_CAP,Bucuresti,2023,,2900,,,,,
dataflow,ESTAT:PRC_COLC_RENTS(1.0),Average rent per month in cities by type of dwelling,A,Annual,FLAT1,1-bedroom flats,NAC,National currency,RO_CAP,Bucuresti,2024,,3050,,,,,
dataflow,ESTAT:PRC_COLC_RENTS(1.0),Average rent per month in cities by type of dwelling,A,Annual,FLAT1,1-bedroom flats,NAC,National currency,RO_CAP,Bucuresti,2025,,3400,,,,,
dataflow,ESTAT:PRC_COLC_RENTS(1.0),Average rent per month in cities by type of dwelling,A,Annual,FLAT1,1-bedroom flats,NAC,National currency,RS_CAP,Beograd (Belgrade),2016,,71900,,,,,
dataflow,ESTAT:PRC_COLC_RENTS(1.0),Average rent per month in cities by type of dwelling,A,Annual,FLAT1,1-bedroom flats,NAC,National currency,RS_CAP,Beograd (Belgrade),2017,,77600,,,,,
dataflow,ESTAT:PRC_COLC_RENTS(1.0),Average rent per month in cities by type of dwelling,A,Annual,FLAT1,1-bedroom flats,NAC,National currency,RS_CAP,Beograd (Belgrade),2018,,75600,,,,,
dataflow,ESTAT:PRC_COLC_RENTS(1.0),Average rent per month in cities by type of dwelling,A,Annual,FLAT1,1-bedroom flats,NAC,National currency,RS_CAP,Beograd (Belgrade),2019,,81400,,,,,
dataflow,ESTAT:PRC_COLC_RENTS(1.0),Average rent per month in cities by type of dwelling,A,Annual,FLAT1,1-bedroom flats,NAC,National currency,RS_CAP,Beograd (Belgrade),2020,,82300,,,,,
dataflow,ESTAT:PRC_COLC_RENTS(1.0),Average rent per month in cities by type of dwelling,A,Annual,FLAT1,1-bedroom flats,NAC,National currency,RS_CAP,Beograd (Belgrade),2021,,79950,,,,,
dataflow,ESTAT:PRC_COLC_RENTS(1.0),Average rent per month in cities by type of dwelling,A,Annual,FLAT1,1-bedroom flats,NAC,National currency,RS_CAP,Beograd (Belgrade),2022,,91600,,,,,
dataflow,ESTAT:PRC_COLC_RENTS(1.0),Average rent per month in cities by type of dwelling,A,Annual,FLAT1,1-bedroom flats,NAC,National currency,RS_CAP,Beograd (Belgrade),2023,,114950,,,,,
dataflow,ESTAT:PRC_COLC_RENTS(1.0),Average rent per month in cities by type of dwelling,A,Annual,FLAT1,1-bedroom flats,NAC,National currency,RS_CAP,Beograd (Belgrade),2024,,103050,,,,,
dataflow,ESTAT:PRC_COLC_RENTS(1.0),Average rent per month in cities by type of dwelling,A,Annual,FLAT1,1-bedroom flats,NAC,National currency,RS_CAP,Beograd (Belgrade),2025,,94950,,,,,
dataflow,ESTAT:PRC_COLC_RENTS(1.0),Average rent per month in cities by type of dwelling,A,Annual,FLAT1,1-bedroom flats,NAC,National currency,SE_CAP,Stockholm,2016,,15400,,,,,
dataflow,ESTAT:PRC_COLC_RENTS(1.0),Average rent per month in cities by type of dwelling,A,Annual,FLAT1,1-bedroom flats,NAC,National currency,SE_CAP,Stockholm,2017,,15100,,,,,
dataflow,ESTAT:PRC_COLC_RENTS(1.0),Average rent per month in cities by type of dwelling,A,Annual,FLAT1,1-bedroom flats,NAC,National currency,SE_CAP,Stockholm,2018,,15500,,,,,
dataflow,ESTAT:PRC_COLC_RENTS(1.0),Average rent per month in cities by type of dwelling,A,Annual,FLAT1,1-bedroom flats,NAC,National currency,SE_CAP,Stockholm,2019,,16000,,,,,
dataflow,ESTAT:PRC_COLC_RENTS(1.0),Average rent per month in cities by type of dwelling,A,Annual,FLAT1,1-bedroom flats,NAC,National currency,SE_CAP,Stockholm,2020,,16300,,,,,
dataflow,ESTAT:PRC_COLC_RENTS(1.0),Average rent per month in cities by type of dwelling,A,Annual,FLAT1,1-bedroom flats,NAC,National currency,SE_CAP,Stockholm,2021,,16700,,,,,
dataflow,ESTAT:PRC_COLC_RENTS(1.0),Average rent per month in cities by type of dwelling,A,Annual,FLAT1,1-bedroom flats,NAC,National currency,SE_CAP,Stockholm,2022,,17500,,,,,
dataflow,ESTAT:PRC_COLC_RENTS(1.0),Average rent per month in cities by type of dwelling,A,Annual,FLAT1,1-bedroom flats,NAC,National currency,SE_CAP,Stockholm,2023,,19900,,,,,
dataflow,ESTAT:PRC_COLC_RENTS(1.0),Average rent per month in cities by type of dwelling,A,Annual,FLAT1,1-bedroom flats,NAC,National currency,SE_CAP,Stockholm,2024,,20350,,,,,
dataflow,ESTAT:PRC_COLC_RENTS(1.0),Average rent per month in cities by type of dwelling,A,Annual,FLAT1,1-bedroom flats,NAC,National currency,SE_CAP,Stockholm,2025,,23350,,,,,
dataflow,ESTAT:PRC_COLC_RENTS(1.0),Average rent per month in cities by type of dwelling,A,Annual,FLAT1,1-bedroom flats,NAC,National currency,SI_CAP,Ljubljana,2016,,530,,,,,
dataflow,ESTAT:PRC_COLC_RENTS(1.0),Average rent per month in cities by type of dwelling,A,Annual,FLAT1,1-bedroom flats,NAC,National currency,SI_CAP,Ljubljana,2017,,550,,,,,
dataflow,ESTAT:PRC_COLC_RENTS(1.0),Average rent per month in cities by type of dwelling,A,Annual,FLAT1,1-bedroom flats,NAC,National currency,SI_CAP,Ljubljana,2018,,610,,,,,
dataflow,ESTAT:PRC_COLC_RENTS(1.0),Average rent per month in cities by type of dwelling,A,Annual,FLAT1,1-bedroom flats,NAC,National currency,SI_CAP,Ljubljana,2019,,680,,,,,
dataflow,ESTAT:PRC_COLC_RENTS(1.0),Average rent per month in cities by type of dwelling,A,Annual,FLAT1,1-bedroom flats,NAC,National currency,SI_CAP,Ljubljana,2020,,660,,,,,
dataflow,ESTAT:PRC_COLC_RENTS(1.0),Average rent per month in cities by type of dwelling,A,Annual,FLAT1,1-bedroom flats,NAC,National currency,SI_CAP,Ljubljana,2021,,640,,,,,
dataflow,ESTAT:PRC_COLC_RENTS(1.0),Average rent per month in cities by type of dwelling,A,Annual,FLAT1,1-bedroom flats,NAC,National currency,SI_CAP,Ljubljana,2022,,700,,,,,
dataflow,ESTAT:PRC_COLC_RENTS(1.0),Average rent per month in cities by type of dwelling,A,Annual,FLAT1,1-bedroom flats,NAC,National currency,SI_CAP,Ljubljana,2023,,820,,,,,
dataflow,ESTAT:PRC_COLC_RENTS(1.0),Average rent per month in cities by type of dwelling,A,Annual,FLAT1,1-bedroom flats,NAC,National currency,SI_CAP,Ljubljana,2024,,870,,,,,
dataflow,ESTAT:PRC_COLC_RENTS(1.0),Average rent per month in cities by type of dwelling,A,Annual,FLAT1,1-bedroom flats,NAC,National currency,SI_CAP,Ljubljana,2025,,950,,,,,
dataflow,ESTAT:PRC_COLC_RENTS(1.0),Average rent per month in cities by type of dwelling,A,Annual,FLAT1,1-bedroom flats,NAC,National currency,SK_CAP,Bratislava,2016,,620,,,,,
dataflow,ESTAT:PRC_COLC_RENTS(1.0),Average rent per month in cities by type of dwelling,A,Annual,FLAT1,1-bedroom flats,NAC,National currency,SK_CAP,Bratislava,2017,,610,,,,,
dataflow,ESTAT:PRC_COLC_RENTS(1.0),Average rent per month in cities by type of dwelling,A,Annual,FLAT1,1-bedroom flats,NAC,National currency,SK_CAP,Bratislava,2018,,630,,,,,
dataflow,ESTAT:PRC_COLC_RENTS(1.0),Average rent per month in cities by type of dwelling,A,Annual,FLAT1,1-bedroom flats,NAC,National currency,SK_CAP,Bratislava,2019,,680,,,,,
dataflow,ESTAT:PRC_COLC_RENTS(1.0),Average rent per month in cities by type of dwelling,A,Annual,FLAT1,1-bedroom flats,NAC,National currency,SK_CAP,Bratislava,2020,,690,,,,,
dataflow,ESTAT:PRC_COLC_RENTS(1.0),Average rent per month in cities by type of dwelling,A,Annual,FLAT1,1-bedroom flats,NAC,National currency,SK_CAP,Bratislava,2021,,640,,,,,
dataflow,ESTAT:PRC_COLC_RENTS(1.0),Average rent per month in cities by type of dwelling,A,Annual,FLAT1,1-bedroom flats,NAC,National currency,SK_CAP,Bratislava,2022,,760,,,,,
dataflow,ESTAT:PRC_COLC_RENTS(1.0),Average rent per month in cities by type of dwelling,A,Annual,FLAT1,1-bedroom flats,NAC,National currency,SK_CAP,Bratislava,2023,,790,,,,,
dataflow,ESTAT:PRC_COLC_RENTS(1.0),Average rent per month in cities by type of dwelling,A,Annual,FLAT1,1-bedroom flats,NAC,National currency,SK_CAP,Bratislava,2024,,950,,,,,
dataflow,ESTAT:PRC_COLC_RENTS(1.0),Average rent per month in cities by type of dwelling,A,Annual,FLAT1,1-bedroom flats,NAC,National currency,SK_CAP,Bratislava,2025,,910,,,,,
dataflow,ESTAT:PRC_COLC_RENTS(1.0),Average rent per month in cities by type of dwelling,A,Annual,FLAT1,1-bedroom flats,NAC,National currency,TR_CAP,Ankara,2016,,1300,,,,,
dataflow,ESTAT:PRC_COLC_RENTS(1.0),Average rent per month in cities by type of dwelling,A,Annual,FLAT1,1-bedroom flats,NAC,National currency,TR_CAP,Ankara,2017,,1450,,,,,
dataflow,ESTAT:PRC_COLC_RENTS(1.0),Average rent per month in cities by type of dwelling,A,Annual,FLAT1,1-bedroom flats,NAC,National currency,TR_CAP,Ankara,2018,,1400,,,,,
dataflow,ESTAT:PRC_COLC_RENTS(1.0),Average rent per month in cities by type of dwelling,A,Annual,FLAT1,1-bedroom flats,NAC,National currency,TR_CAP,Ankara,2019,,1500,,,,,
dataflow,ESTAT:PRC_COLC_RENTS(1.0),Average rent per month in cities by type of dwelling,A,Annual,FLAT1,1-bedroom flats,NAC,National currency,TR_CAP,Ankara,2020,,1600,,,,,
dataflow,ESTAT:PRC_COLC_RENTS(1.0),Average rent per month in cities by type of dwelling,A,Annual,FLAT1,1-bedroom flats,NAC,National currency,TR_CAP,Ankara,2021,,2250,,,,,
dataflow,ESTAT:PRC_COLC_RENTS(1.0),Average rent per month in cities by type of dwelling,A,Annual,FLAT1,1-bedroom flats,NAC,National currency,TR_CAP,Ankara,2022,,3600,,,,,
dataflow,ESTAT:PRC_COLC_RENTS(1.0),Average rent per month in cities by type of dwelling,A,Annual,FLAT1,1-bedroom flats,NAC,National currency,TR_CAP,Ankara,2023,,11700,,,,,
dataflow,ESTAT:PRC_COLC_RENTS(1.0),Average rent per month in cities by type of dwelling,A,Annual,FLAT1,1-bedroom flats,NAC,National currency,TR_CAP,Ankara,2024,,20400,,,,,
dataflow,ESTAT:PRC_COLC_RENTS(1.0),Average rent per month in cities by type of dwelling,A,Annual,FLAT1,1-bedroom flats,NAC,National currency,TR_CAP,Ankara,2025,,28500,,,,,
dataflow,ESTAT:PRC_COLC_RENTS(1.0),Average rent per month in cities by type of dwelling,A,Annual,FLAT1,1-bedroom flats,NAC,National currency,UK_CAP,London,2016,,1700,,,,,
dataflow,ESTAT:PRC_COLC_RENTS(1.0),Average rent per month in cities by type of dwelling,A,Annual,FLAT1,1-bedroom flats,NAC,National currency,UK_CAP,London,2017,,1550,,,,,
dataflow,ESTAT:PRC_COLC_RENTS(1.0),Average rent per month in cities by type of dwelling,A,Annual,FLAT1,1-bedroom flats,NAC,National currency,UK_CAP,London,2018,,1550,,,,,
dataflow,ESTAT:PRC_COLC_RENTS(1.0),Average rent per month in cities by type of dwelling,A,Annual,FLAT1,1-bedroom flats,NAC,National currency,UK_CAP,London,2019,,1600,,,,,
dataflow,ESTAT:PRC_COLC_RENTS(1.0),Average rent per month in cities by type of dwelling,A,Annual,FLAT1,1-bedroom flats,NAC,National currency,UK_CAP,London,2020,,1650,,,,,
dataflow,ESTAT:PRC_COLC_RENTS(1.0),Average rent per month in cities by type of dwelling,A,Annual,FLAT1,1-bedroom flats,NAC,National currency,UK_CAP,London,2021,,1500,,,,,
dataflow,ESTAT:PRC_COLC_RENTS(1.0),Average rent per month in cities by type of dwelling,A,Annual,FLAT1,1-bedroom flats,NAC,National currency,UK_CAP,London,2022,,1750,,,,,
dataflow,ESTAT:PRC_COLC_RENTS(1.0),Average rent per month in cities by type of dwelling,A,Annual,FLAT1,1-bedroom flats,NAC,National currency,UK_CAP,London,2023,,1900,,,,,
dataflow,ESTAT:PRC_COLC_RENTS(1.0),Average rent per month in cities by type of dwelling,A,Annual,FLAT1,1-bedroom flats,NAC,National currency,UK_CAP,London,2024,,2000,,,,,
dataflow,ESTAT:PRC_COLC_RENTS(1.0),Average rent per month in cities by type of dwelling,A,Annual,FLAT1,1-bedroom flats,NAC,National currency,UK_CAP,London,2025,,2000,,,,,
dataflow,ESTAT:PRC_COLC_RENTS(1.0),Average rent per month in cities by type of dwelling,A,Annual,FLAT1,1-bedroom flats,NAC,National currency,UK_DEL,Culham,2016,,880,,,,,
dataflow,ESTAT:PRC_COLC_RENTS(1.0),Average rent per month in cities by type of dwelling,A,Annual,FLAT1,1-bedroom flats,NAC,National currency,UK_DEL,Culham,2017,,890,,,,,
dataflow,ESTAT:PRC_COLC_RENTS(1.0),Average rent per month in cities by type of dwelling,A,Annual,FLAT1,1-bedroom flats,NAC,National currency,UK_DEL,Culham,2018,,880,,,,,
dataflow,ESTAT:PRC_COLC_RENTS(1.0),Average rent per month in cities by type of dwelling,A,Annual,FLAT1,1-bedroom flats,NAC,National currency,UK_DEL,Culham,2019,,900,,,,,
dataflow,ESTAT:PRC_COLC_RENTS(1.0),Average rent per month in cities by type of dwelling,A,Annual,FLAT1,1-bedroom flats,NAC,National currency,UK_DEL,Culham,2020,,920,,,,,
dataflow,ESTAT:PRC_COLC_RENTS(1.0),Average rent per month in cities by type of dwelling,A,Annual,FLAT1,1-bedroom flats,NAC,National currency,UK_DEL,Culham,2021,,1000,,,,,
dataflow,ESTAT:PRC_COLC_RENTS(1.0),Average rent per month in cities by type of dwelling,A,Annual,FLAT1,1-bedroom flats,NAC,National currency,XK_CAP,Prishtinë,2021,,300,,,,,
dataflow,ESTAT:PRC_COLC_RENTS(1.0),Average rent per month in cities by type of dwelling,A,Annual,FLAT1,1-bedroom flats,NAC,National currency,XK_CAP,Prishtinë,2022,,320,,,,,
dataflow,ESTAT:PRC_COLC_RENTS(1.0),Average rent per month in cities by type of dwelling,A,Annual,FLAT1,1-bedroom flats,NAC,National currency,XK_CAP,Prishtinë,2023,,310,,,,,
dataflow,ESTAT:PRC_COLC_RENTS(1.0),Average rent per month in cities by type of dwelling,A,Annual,FLAT1,1-bedroom flats,NAC,National currency,XK_CAP,Prishtinë,2024,,360,,,,,
dataflow,ESTAT:PRC_COLC_RENTS(1.0),Average rent per month in cities by type of dwelling,A,Annual,FLAT1,1-bedroom flats,NAC,National currency,XK_CAP,Prishtinë,2025,,370,,,,,
dataflow,ESTAT:PRC_COLC_RENTS(1.0),Average rent per month in cities by type of dwelling,A,Annual,FLAT2,2-bedroom flats,EUR,Euro,AL_CAP,Tiranë (Tirana),2016,,510,,,,,
dataflow,ESTAT:PRC_COLC_RENTS(1.0),Average rent per month in cities by type of dwelling,A,Annual,FLAT2,2-bedroom flats,EUR,Euro,AL_CAP,Tiranë (Tirana),2017,,520,,,,,
dataflow,ESTAT:PRC_COLC_RENTS(1.0),Average rent per month in cities by type of dwelling,A,Annual,FLAT2,2-bedroom flats,EUR,Euro,AL_CAP,Tiranë (Tirana),2018,,540,,,,,
dataflow,ESTAT:PRC_COLC_RENTS(1.0),Average rent per month in cities by type of dwelling,A,Annual,FLAT2,2-bedroom flats,EUR,Euro,AL_CAP,Tiranë (Tirana),2019,,580,,,,,
dataflow,ESTAT:PRC_COLC_RENTS(1.0),Average rent per month in cities by type of dwelling,A,Annual,FLAT2,2-bedroom flats,EUR,Euro,AL_CAP,Tiranë (Tirana),2020,,590,,,,,
dataflow,ESTAT:PRC_COLC_RENTS(1.0),Average rent per month in cities by type of dwelling,A,Annual,FLAT2,2-bedroom flats,EUR,Euro,AL_CAP,Tiranë (Tirana),2021,,590,,,,,
dataflow,ESTAT:PRC_COLC_RENTS(1.0),Average rent per month in cities by type of dwelling,A,Annual,FLAT2,2-bedroom flats,EUR,Euro,AL_CAP,Tiranë (Tirana),2022,,660,,,,,
dataflow,ESTAT:PRC_COLC_RENTS(1.0),Average rent per month in cities by type of dwelling,A,Annual,FLAT2,2-bedroom flats,EUR,Euro,AL_CAP,Tiranë (Tirana),2023,,750,,,,,
dataflow,ESTAT:PRC_COLC_RENTS(1.0),Average rent per month in cities by type of dwelling,A,Annual,FLAT2,2-bedroom flats,EUR,Euro,AL_CAP,Tiranë (Tirana),2024,,760,,,,,
dataflow,ESTAT:PRC_COLC_RENTS(1.0),Average rent per month in cities by type of dwelling,A,Annual,FLAT2,2-bedroom flats,EUR,Euro,AL_CAP,Tiranë (Tirana),2025,,920,,,,,
dataflow,ESTAT:PRC_COLC_RENTS(1.0),Average rent per month in cities by type of dwelling,A,Annual,FLAT2,2-bedroom flats,EUR,Euro,AT_CAP,Wien,2016,,1150,,,,,
dataflow,ESTAT:PRC_COLC_RENTS(1.0),Average rent per month in cities by type of dwelling,A,Annual,FLAT2,2-bedroom flats,EUR,Euro,AT_CAP,Wien,2017,,1300,,,,,
dataflow,ESTAT:PRC_COLC_RENTS(1.0),Average rent per month in cities by type of dwelling,A,Annual,FLAT2,2-bedroom flats,EUR,Euro,AT_CAP,Wien,2018,,1250,,,,,
dataflow,ESTAT:PRC_COLC_RENTS(1.0),Average rent per month in cities by type of dwelling,A,Annual,FLAT2,2-bedroom flats,EUR,Euro,AT_CAP,Wien,2019,,1200,,,,,
dataflow,ESTAT:PRC_COLC_RENTS(1.0),Average rent per month in cities by type of dwelling,A,Annual,FLAT2,2-bedroom flats,EUR,Euro,AT_CAP,Wien,2020,,1250,,,,,
dataflow,ESTAT:PRC_COLC_RENTS(1.0),Average rent per month in cities by type of dwelling,A,Annual,FLAT2,2-bedroom flats,EUR,Euro,AT_CAP,Wien,2021,,1350,,,,,
dataflow,ESTAT:PRC_COLC_RENTS(1.0),Average rent per month in cities by type of dwelling,A,Annual,FLAT2,2-bedroom flats,EUR,Euro,AT_CAP,Wien,2022,,1400,,,,,
dataflow,ESTAT:PRC_COLC_RENTS(1.0),Average rent per month in cities by type of dwelling,A,Annual,FLAT2,2-bedroom flats,EUR,Euro,AT_CAP,Wien,2023,,1550,,,,,
dataflow,ESTAT:PRC_COLC_RENTS(1.0),Average rent per month in cities by type of dwelling,A,Annual,FLAT2,2-bedroom flats,EUR,Euro,AT_CAP,Wien,2024,,1550,,,,,
dataflow,ESTAT:PRC_COLC_RENTS(1.0),Average rent per month in cities by type of dwelling,A,Annual,FLAT2,2-bedroom flats,EUR,Euro,AT_CAP,Wien,2025,,1600,,,,,
dataflow,ESTAT:PRC_COLC_RENTS(1.0),Average rent per month in cities by type of dwelling,A,Annual,FLAT2,2-bedroom flats,EUR,Euro,BA_CAP,Sarajevo,2016,,590,,,,,
dataflow,ESTAT:PRC_COLC_RENTS(1.0),Average rent per month in cities by type of dwelling,A,Annual,FLAT2,2-bedroom flats,EUR,Euro,BA_CAP,Sarajevo,2017,,540,,,,,
dataflow,ESTAT:PRC_COLC_RENTS(1.0),Average rent per month in cities by type of dwelling,A,Annual,FLAT2,2-bedroom flats,EUR,Euro,BA_CAP,Sarajevo,2018,,540,,,,,
dataflow,ESTAT:PRC_COLC_RENTS(1.0),Average rent per month in cities by type of dwelling,A,Annual,FLAT2,2-bedroom flats,EUR,Euro,BA_CAP,Sarajevo,2019,,590,,,,,
dataflow,ESTAT:PRC_COLC_RENTS(1.0),Average rent per month in cities by type of dwelling,A,Annual,FLAT2,2-bedroom flats,EUR,Euro,BA_CAP,Sarajevo,2020,,590,,,,,
dataflow,ESTAT:PRC_COLC_RENTS(1.0),Average rent per month in cities by type of dwelling,A,Annual,FLAT2,2-bedroom flats,EUR,Euro,BA_CAP,Sarajevo,2021,,560,,,,,
dataflow,ESTAT:PRC_COLC_RENTS(1.0),Average rent per month in cities by type of dwelling,A,Annual,FLAT2,2-bedroom flats,EUR,Euro,BA_CAP,Sarajevo,2022,,770,,,,,
dataflow,ESTAT:PRC_COLC_RENTS(1.0),Average rent per month in cities by type of dwelling,A,Annual,FLAT2,2-bedroom flats,EUR,Euro,BA_CAP,Sarajevo,2023,,870,,,,,
dataflow,ESTAT:PRC_COLC_RENTS(1.0),Average rent per month in cities by type of dwelling,A,Annual,FLAT2,2-bedroom flats,EUR,Euro,BA_CAP,Sarajevo,2024,,1050,,,,,
dataflow,ESTAT:PRC_COLC_RENTS(1.0),Average rent per month in cities by type of dwelling,A,Annual,FLAT2,2-bedroom flats,EUR,Euro,BA_CAP,Sarajevo,2025,,1150,,,,,
dataflow,ESTAT:PRC_COLC_RENTS(1.0),Average rent per month in cities by type of dwelling,A,Annual,FLAT2,2-bedroom flats,EUR,Euro,BE_CAP,Bruxelles/Brussel,2016,,1000,,,,,
dataflow,ESTAT:PRC_COLC_RENTS(1.0),Average rent per month in cities by type of dwelling,A,Annual,FLAT2,2-bedroom flats,EUR,Euro,BE_CAP,Bruxelles/Brussel,2017,,1020,,,,,
dataflow,ESTAT:PRC_COLC_RENTS(1.0),Average rent per month in cities by type of dwelling,A,Annual,FLAT2,2-bedroom flats,EUR,Euro,BE_CAP,Bruxelles/Brussel,2018,,1050,,,,,
dataflow,ESTAT:PRC_COLC_RENTS(1.0),Average rent per month in cities by type of dwelling,A,Annual,FLAT2,2-bedroom flats,EUR,Euro,BE_CAP,Bruxelles/Brussel,2019,,1060,,,,,
dataflow,ESTAT:PRC_COLC_RENTS(1.0),Average rent per month in cities by type of dwelling,A,Annual,FLAT2,2-bedroom flats,EUR,Euro,BE_CAP,Bruxelles/Brussel,2020,,1090,,,,,
dataflow,ESTAT:PRC_COLC_RENTS(1.0),Average rent per month in cities by type of dwelling,A,Annual,FLAT2,2-bedroom flats,EUR,Euro,BE_CAP,Bruxelles/Brussel,2021,,1100,,,,,
dataflow,ESTAT:PRC_COLC_RENTS(1.0),Average rent per month in cities by type of dwelling,A,Annual,FLAT2,2-bedroom flats,EUR,Euro,BE_CAP,Bruxelles/Brussel,2022,,1200,,,,,
dataflow,ESTAT:PRC_COLC_RENTS(1.0),Average rent per month in cities by type of dwelling,A,Annual,FLAT2,2-bedroom flats,EUR,Euro,BE_CAP,Bruxelles/Brussel,2023,,1300,,,,,
dataflow,ESTAT:PRC_COLC_RENTS(1.0),Average rent per month in cities by type of dwelling,A,Annual,FLAT2,2-bedroom flats,EUR,Euro,BE_CAP,Bruxelles/Brussel,2024,,1400,,,,,
dataflow,ESTAT:PRC_COLC_RENTS(1.0),Average rent per month in cities by type of dwelling,A,Annual,FLAT2,2-bedroom flats,EUR,Euro,BE_CAP,Bruxelles/Brussel,2025,,1450,,,,,
dataflow,ESTAT:PRC_COLC_RENTS(1.0),Average rent per month in cities by type of dwelling,A,Annual,FLAT2,2-bedroom flats,EUR,Euro,BG_CAP,Sofia,2016,,560,,,,,
dataflow,ESTAT:PRC_COLC_RENTS(1.0),Average rent per month in cities by type of dwelling,A,Annual,FLAT2,2-bedroom flats,EUR,Euro,BG_CAP,Sofia,2017,,560,,,,,
dataflow,ESTAT:PRC_COLC_RENTS(1.0),Average rent per month in cities by type of dwelling,A,Annual,FLAT2,2-bedroom flats,EUR,Euro,BG_CAP,Sofia,2018,,570,,,,,
dataflow,ESTAT:PRC_COLC_RENTS(1.0),Average rent per month in cities by type of dwelling,A,Annual,FLAT2,2-bedroom flats,EUR,Euro,BG_CAP,Sofia,2019,,590,,,,,
dataflow,ESTAT:PRC_COLC_RENTS(1.0),Average rent per month in cities by type of dwelling,A,Annual,FLAT2,2-bedroom flats,EUR,Euro,BG_CAP,Sofia,2020,,600,,,,,
dataflow,ESTAT:PRC_COLC_RENTS(1.0),Average rent per month in cities by type of dwelling,A,Annual,FLAT2,2-bedroom flats,EUR,Euro,BG_CAP,Sofia,2021,,550,,,,,
dataflow,ESTAT:PRC_COLC_RENTS(1.0),Average rent per month in cities by type of dwelling,A,Annual,FLAT2,2-bedroom flats,EUR,Euro,BG_CAP,Sofia,2022,,600,,,,,
dataflow,ESTAT:PRC_COLC_RENTS(1.0),Average rent per month in cities by type of dwelling,A,Annual,FLAT2,2-bedroom flats,EUR,Euro,BG_CAP,Sofia,2023,,700,,,,,
dataflow,ESTAT:PRC_COLC_RENTS(1.0),Average rent per month in cities by type of dwelling,A,Annual,FLAT2,2-bedroom flats,EUR,Euro,BG_CAP,Sofia,2024,,780,,,,,
dataflow,ESTAT:PRC_COLC_RENTS(1.0),Average rent per month in cities by type of dwelling,A,Annual,FLAT2,2-bedroom flats,EUR,Euro,BG_CAP,Sofia,2025,,900,,,,,
dataflow,ESTAT:PRC_COLC_RENTS(1.0),Average rent per month in cities by type of dwelling,A,Annual,FLAT2,2-bedroom flats,EUR,Euro,CH_CAP,Bern (Berne),2016,,1850,,,,,
dataflow,ESTAT:PRC_COLC_RENTS(1.0),Average rent per month in cities by type of dwelling,A,Annual,FLAT2,2-bedroom flats,EUR,Euro,CH_CAP,Bern (Berne),2017,,1700,,,,,
dataflow,ESTAT:PRC_COLC_RENTS(1.0),Average rent per month in cities by type of dwelling,A,Annual,FLAT2,2-bedroom flats,EUR,Euro,CH_CAP,Bern (Berne),2018,,1550,,,,,
dataflow,ESTAT:PRC_COLC_RENTS(1.0),Average rent per month in cities by type of dwelling,A,Annual,FLAT2,2-bedroom flats,EUR,Euro,CH_CAP,Bern (Berne),2019,,1650,,,,,
dataflow,ESTAT:PRC_COLC_RENTS(1.0),Average rent per month in cities by type of dwelling,A,Annual,FLAT2,2-bedroom flats,EUR,Euro,CH_CAP,Bern (Berne),2020,,1800,,,,,
dataflow,ESTAT:PRC_COLC_RENTS(1.0),Average rent per month in cities by type of dwelling,A,Annual,FLAT2,2-bedroom flats,EUR,Euro,CH_CAP,Bern (Berne),2021,,1800,,,,,
dataflow,ESTAT:PRC_COLC_RENTS(1.0),Average rent per month in cities by type of dwelling,A,Annual,FLAT2,2-bedroom flats,EUR,Euro,CH_CAP,Bern (Berne),2022,,1950,,,,,
dataflow,ESTAT:PRC_COLC_RENTS(1.0),Average rent per month in cities by type of dwelling,A,Annual,FLAT2,2-bedroom flats,EUR,Euro,CH_CAP,Bern (Berne),2023,,2000,,,,,
dataflow,ESTAT:PRC_COLC_RENTS(1.0),Average rent per month in cities by type of dwelling,A,Annual,FLAT2,2-bedroom flats,EUR,Euro,CH_CAP,Bern (Berne),2024,,2050,,,,,
dataflow,ESTAT:PRC_COLC_RENTS(1.0),Average rent per month in cities by type of dwelling,A,Annual,FLAT2,2-bedroom flats,EUR,Euro,CH_CAP,Bern (Berne),2025,,2150,,,,,
dataflow,ESTAT:PRC_COLC_RENTS(1.0),Average rent per month in cities by type of dwelling,A,Annual,FLAT2,2-bedroom flats,EUR,Euro,CH_DEL,Genève,2016,,2650,,,,,
dataflow,ESTAT:PRC_COLC_RENTS(1.0),Average rent per month in cities by type of dwelling,A,Annual,FLAT2,2-bedroom flats,EUR,Euro,CH_DEL,Genève,2017,,2550,,,,,
dataflow,ESTAT:PRC_COLC_RENTS(1.0),Average rent per month in cities by type of dwelling,A,Annual,FLAT2,2-bedroom flats,EUR,Euro,CH_DEL,Genève,2018,,2300,,,,,
dataflow,ESTAT:PRC_COLC_RENTS(1.0),Average rent per month in cities by type of dwelling,A,Annual,FLAT2,2-bedroom flats,EUR,Euro,CH_DEL,Genève,2019,,2450,,,,,
dataflow,ESTAT:PRC_COLC_RENTS(1.0),Average rent per month in cities by type of dwelling,A,Annual,FLAT2,2-bedroom flats,EUR,Euro,CH_DEL,Genève,2020,,2550,,,,,
dataflow,ESTAT:PRC_COLC_RENTS(1.0),Average rent per month in cities by type of dwelling,A,Annual,FLAT2,2-bedroom flats,EUR,Euro,CH_DEL,Genève,2021,,2600,,,,,
dataflow,ESTAT:PRC_COLC_RENTS(1.0),Average rent per month in cities by type of dwelling,A,Annual,FLAT2,2-bedroom flats,EUR,Euro,CH_DEL,Genève,2022,,3000,,,,,
dataflow,ESTAT:PRC_COLC_RENTS(1.0),Average rent per month in cities by type of dwelling,A,Annual,FLAT2,2-bedroom flats,EUR,Euro,CH_DEL,Genève,2023,,3050,,,,,
dataflow,ESTAT:PRC_COLC_RENTS(1.0),Average rent per month in cities by type of dwelling,A,Annual,FLAT2,2-bedroom flats,EUR,Euro,CH_DEL,Genève,2024,,3200,,,,,
dataflow,ESTAT:PRC_COLC_RENTS(1.0),Average rent per month in cities by type of dwelling,A,Annual,FLAT2,2-bedroom flats,EUR,Euro,CH_DEL,Genève,2025,,3350,,,,,
dataflow,ESTAT:PRC_COLC_RENTS(1.0),Average rent per month in cities by type of dwelling,A,Annual,FLAT2,2-bedroom flats,EUR,Euro,CY_CAP,Lefkosia,2016,,530,,,,,
dataflow,ESTAT:PRC_COLC_RENTS(1.0),Average rent per month in cities by type of dwelling,A,Annual,FLAT2,2-bedroom flats,EUR,Euro,CY_CAP,Lefkosia,2017,,560,,,,,
dataflow,ESTAT:PRC_COLC_RENTS(1.0),Average rent per month in cities by type of dwelling,A,Annual,FLAT2,2-bedroom flats,EUR,Euro,CY_CAP,Lefkosia,2018,,710,,,,,
dataflow,ESTAT:PRC_COLC_RENTS(1.0),Average rent per month in cities by type of dwelling,A,Annual,FLAT2,2-bedroom flats,EUR,Euro,CY_CAP,Lefkosia,2019,,720,,,,,
dataflow,ESTAT:PRC_COLC_RENTS(1.0),Average rent per month in cities by type of dwelling,A,Annual,FLAT2,2-bedroom flats,EUR,Euro,CY_CAP,Lefkosia,2020,,740,,,,,
dataflow,ESTAT:PRC_COLC_RENTS(1.0),Average rent per month in cities by type of dwelling,A,Annual,FLAT2,2-bedroom flats,EUR,Euro,CY_CAP,Lefkosia,2021,,700,,,,,
dataflow,ESTAT:PRC_COLC_RENTS(1.0),Average rent per month in cities by type of dwelling,A,Annual,FLAT2,2-bedroom flats,EUR,Euro,CY_CAP,Lefkosia,2022,,780,,,,,
dataflow,ESTAT:PRC_COLC_RENTS(1.0),Average rent per month in cities by type of dwelling,A,Annual,FLAT2,2-bedroom flats,EUR,Euro,CY_CAP,Lefkosia,2023,,860,,,,,
dataflow,ESTAT:PRC_COLC_RENTS(1.0),Average rent per month in cities by type of dwelling,A,Annual,FLAT2,2-bedroom flats,EUR,Euro,CY_CAP,Lefkosia,2024,,920,,,,,
dataflow,ESTAT:PRC_COLC_RENTS(1.0),Average rent per month in cities by type of dwelling,A,Annual,FLAT2,2-bedroom flats,EUR,Euro,CY_CAP,Lefkosia,2025,,910,,,,,
dataflow,ESTAT:PRC_COLC_RENTS(1.0),Average rent per month in cities by type of dwelling,A,Annual,FLAT2,2-bedroom flats,EUR,Euro,CZ_CAP,Praha,2016,,920,,,,,
dataflow,ESTAT:PRC_COLC_RENTS(1.0),Average rent per month in cities by type of dwelling,A,Annual,FLAT2,2-bedroom flats,EUR,Euro,CZ_CAP,Praha,2017,,1100,,,,,
dataflow,ESTAT:PRC_COLC_RENTS(1.0),Average rent per month in cities by type of dwelling,A,Annual,FLAT2,2-bedroom flats,EUR,Euro,CZ_CAP,Praha,2018,,1250,,,,,
dataflow,ESTAT:PRC_COLC_RENTS(1.0),Average rent per month in cities by type of dwelling,A,Annual,FLAT2,2-bedroom flats,EUR,Euro,CZ_CAP,Praha,2019,,1300,,,,,
dataflow,ESTAT:PRC_COLC_RENTS(1.0),Average rent per month in cities by type of dwelling,A,Annual,FLAT2,2-bedroom flats,EUR,Euro,CZ_CAP,Praha,2020,,1250,,,,,
dataflow,ESTAT:PRC_COLC_RENTS(1.0),Average rent per month in cities by type of dwelling,A,Annual,FLAT2,2-bedroom flats,EUR,Euro,CZ_CAP,Praha,2021,,1100,,,,,
dataflow,ESTAT:PRC_COLC_RENTS(1.0),Average rent per month in cities by type of dwelling,A,Annual,FLAT2,2-bedroom flats,EUR,Euro,CZ_CAP,Praha,2022,,1350,,,,,
dataflow,ESTAT:PRC_COLC_RENTS(1.0),Average rent per month in cities by type of dwelling,A,Annual,FLAT2,2-bedroom flats,EUR,Euro,CZ_CAP,Praha,2023,,1550,,,,,
dataflow,ESTAT:PRC_COLC_RENTS(1.0),Average rent per month in cities by type of dwelling,A,Annual,FLAT2,2-bedroom flats,EUR,Euro,CZ_CAP,Praha,2024,,1550,,,,,
dataflow,ESTAT:PRC_COLC_RENTS(1.0),Average rent per month in cities by type of dwelling,A,Annual,FLAT2,2-bedroom flats,EUR,Euro,CZ_CAP,Praha,2025,,1650,,,,,
dataflow,ESTAT:PRC_COLC_RENTS(1.0),Average rent per month in cities by type of dwelling,A,Annual,FLAT2,2-bedroom flats,EUR,Euro,DE_CAP,Berlin,2016,,1150,,,,,
dataflow,ESTAT:PRC_COLC_RENTS(1.0),Average rent per month in cities by type of dwelling,A,Annual,FLAT2,2-bedroom flats,EUR,Euro,DE_CAP,Berlin,2017,,1200,,,,,
dataflow,ESTAT:PRC_COLC_RENTS(1.0),Average rent per month in cities by type of dwelling,A,Annual,FLAT2,2-bedroom flats,EUR,Euro,DE_CAP,Berlin,2018,,1250,,,,,
dataflow,ESTAT:PRC_COLC_RENTS(1.0),Average rent per month in cities by type of dwelling,A,Annual,FLAT2,2-bedroom flats,EUR,Euro,DE_CAP,Berlin,2019,,1350,,,,,
dataflow,ESTAT:PRC_COLC_RENTS(1.0),Average rent per month in cities by type of dwelling,A,Annual,FLAT2,2-bedroom flats,EUR,Euro,DE_CAP,Berlin,2020,,1400,,,,,
dataflow,ESTAT:PRC_COLC_RENTS(1.0),Average rent per month in cities by type of dwelling,A,Annual,FLAT2,2-bedroom flats,EUR,Euro,DE_CAP,Berlin,2021,,1400,,,,,
dataflow,ESTAT:PRC_COLC_RENTS(1.0),Average rent per month in cities by type of dwelling,A,Annual,FLAT2,2-bedroom flats,EUR,Euro,DE_CAP,Berlin,2022,,1650,,,,,
dataflow,ESTAT:PRC_COLC_RENTS(1.0),Average rent per month in cities by type of dwelling,A,Annual,FLAT2,2-bedroom flats,EUR,Euro,DE_CAP,Berlin,2023,,1600,,,,,
dataflow,ESTAT:PRC_COLC_RENTS(1.0),Average rent per month in cities by type of dwelling,A,Annual,FLAT2,2-bedroom flats,EUR,Euro,DE_CAP,Berlin,2024,,1900,,,,,
dataflow,ESTAT:PRC_COLC_RENTS(1.0),Average rent per month in cities by type of dwelling,A,Annual,FLAT2,2-bedroom flats,EUR,Euro,DE_CAP,Berlin,2025,,1750,,,,,
dataflow,ESTAT:PRC_COLC_RENTS(1.0),Average rent per month in cities by type of dwelling,A,Annual,FLAT2,2-bedroom flats,EUR,Euro,DE_DEL1,Karlsruhe,2016,,940,,,,,
dataflow,ESTAT:PRC_COLC_RENTS(1.0),Average rent per month in cities by type of dwelling,A,Annual,FLAT2,2-bedroom flats,EUR,Euro,DE_DEL1,Karlsruhe,2017,,970,,,,,
dataflow,ESTAT:PRC_COLC_RENTS(1.0),Average rent per month in cities by type of dwelling,A,Annual,FLAT2,2-bedroom flats,EUR,Euro,DE_DEL1,Karlsruhe,2018,,1000,,,,,
dataflow,ESTAT:PRC_COLC_RENTS(1.0),Average rent per month in cities by type of dwelling,A,Annual,FLAT2,2-bedroom flats,EUR,Euro,DE_DEL1,Karlsruhe,2019,,1050,,,,,
dataflow,ESTAT:PRC_COLC_RENTS(1.0),Average rent per month in cities by type of dwelling,A,Annual,FLAT2,2-bedroom flats,EUR,Euro,DE_DEL1,Karlsruhe,2020,,1100,,,,,
dataflow,ESTAT:PRC_COLC_RENTS(1.0),Average rent per month in cities by type of dwelling,A,Annual,FLAT2,2-bedroom flats,EUR,Euro,DE_DEL1,Karlsruhe,2021,,1000,,,,,
dataflow,ESTAT:PRC_COLC_RENTS(1.0),Average rent per month in cities by type of dwelling,A,Annual,FLAT2,2-bedroom flats,EUR,Euro,DE_DEL1,Karlsruhe,2022,,1050,,,,,
dataflow,ESTAT:PRC_COLC_RENTS(1.0),Average rent per month in cities by type of dwelling,A,Annual,FLAT2,2-bedroom flats,EUR,Euro,DE_DEL1,Karlsruhe,2023,,1100,,,,,
dataflow,ESTAT:PRC_COLC_RENTS(1.0),Average rent per month in cities by type of dwelling,A,Annual,FLAT2,2-bedroom flats,EUR,Euro,DE_DEL2,München,2016,,1500,,,,,
dataflow,ESTAT:PRC_COLC_RENTS(1.0),Average rent per month in cities by type of dwelling,A,Annual,FLAT2,2-bedroom flats,EUR,Euro,DE_DEL2,München,2017,,1550,,,,,
dataflow,ESTAT:PRC_COLC_RENTS(1.0),Average rent per month in cities by type of dwelling,A,Annual,FLAT2,2-bedroom flats,EUR,Euro,DE_DEL2,München,2018,,1650,,,,,
dataflow,ESTAT:PRC_COLC_RENTS(1.0),Average rent per month in cities by type of dwelling,A,Annual,FLAT2,2-bedroom flats,EUR,Euro,DE_DEL2,München,2019,,1700,,,,,
dataflow,ESTAT:PRC_COLC_RENTS(1.0),Average rent per month in cities by type of dwelling,A,Annual,FLAT2,2-bedroom flats,EUR,Euro,DE_DEL2,München,2020,,1750,,,,,
dataflow,ESTAT:PRC_COLC_RENTS(1.0),Average rent per month in cities by type of dwelling,A,Annual,FLAT2,2-bedroom flats,EUR,Euro,DE_DEL2,München,2021,,1800,,,,,
dataflow,ESTAT:PRC_COLC_RENTS(1.0),Average rent per month in cities by type of dwelling,A,Annual,FLAT2,2-bedroom flats,EUR,Euro,DE_DEL2,München,2022,,1850,,,,,
dataflow,ESTAT:PRC_COLC_RENTS(1.0),Average rent per month in cities by type of dwelling,A,Annual,FLAT2,2-bedroom flats,EUR,Euro,DE_DEL2,München,2023,,1800,,,,,
dataflow,ESTAT:PRC_COLC_RENTS(1.0),Average rent per month in cities by type of dwelling,A,Annual,FLAT2,2-bedroom flats,EUR,Euro,DE_DEL2,München,2024,,2000,,,,,
dataflow,ESTAT:PRC_COLC_RENTS(1.0),Average rent per month in cities by type of dwelling,A,Annual,FLAT2,2-bedroom flats,EUR,Euro,DE_DEL2,München,2025,,2050,,,,,
dataflow,ESTAT:PRC_COLC_RENTS(1.0),Average rent per month in cities by type of dwelling,A,Annual,FLAT2,2-bedroom flats,EUR,Euro,DE_DEL3,Bonn,2016,,920,,,,,
dataflow,ESTAT:PRC_COLC_RENTS(1.0),Average rent per month in cities by type of dwelling,A,Annual,FLAT2,2-bedroom flats,EUR,Euro,DE_DEL3,Bonn,2017,,940,,,,,
dataflow,ESTAT:PRC_COLC_RENTS(1.0),Average rent per month in cities by type of dwelling,A,Annual,FLAT2,2-bedroom flats,EUR,Euro,DE_DEL3,Bonn,2018,,970,,,,,
dataflow,ESTAT:PRC_COLC_RENTS(1.0),Average rent per month in cities by type of dwelling,A,Annual,FLAT2,2-bedroom flats,EUR,Euro,DE_DEL3,Bonn,2019,,980,,,,,
dataflow,ESTAT:PRC_COLC_RENTS(1.0),Average rent per month in cities by type of dwelling,A,Annual,FLAT2,2-bedroom flats,EUR,Euro,DE_DEL3,Bonn,2020,,1000,,,,,
dataflow,ESTAT:PRC_COLC_RENTS(1.0),Average rent per month in cities by type of dwelling,A,Annual,FLAT2,2-bedroom flats,EUR,Euro,DK_CAP,København,2016,,1650,,,,,
dataflow,ESTAT:PRC_COLC_RENTS(1.0),Average rent per month in cities by type of dwelling,A,Annual,FLAT2,2-bedroom flats,EUR,Euro,DK_CAP,København,2017,,1800,,,,,
dataflow,ESTAT:PRC_COLC_RENTS(1.0),Average rent per month in cities by type of dwelling,A,Annual,FLAT2,2-bedroom flats,EUR,Euro,DK_CAP,København,2018,,1750,,,,,
dataflow,ESTAT:PRC_COLC_RENTS(1.0),Average rent per month in cities by type of dwelling,A,Annual,FLAT2,2-bedroom flats,EUR,Euro,DK_CAP,København,2019,,1900,,,,,
dataflow,ESTAT:PRC_COLC_RENTS(1.0),Average rent per month in cities by type of dwelling,A,Annual,FLAT2,2-bedroom flats,EUR,Euro,DK_CAP,København,2020,,1900,,,,,
dataflow,ESTAT:PRC_COLC_RENTS(1.0),Average rent per month in cities by type of dwelling,A,Annual,FLAT2,2-bedroom flats,EUR,Euro,DK_CAP,København,2021,,1850,,,,,
dataflow,ESTAT:PRC_COLC_RENTS(1.0),Average rent per month in cities by type of dwelling,A,Annual,FLAT2,2-bedroom flats,EUR,Euro,DK_CAP,København,2022,,1950,,,,,
dataflow,ESTAT:PRC_COLC_RENTS(1.0),Average rent per month in cities by type of dwelling,A,Annual,FLAT2,2-bedroom flats,EUR,Euro,DK_CAP,København,2023,,1950,,,,,
dataflow,ESTAT:PRC_COLC_RENTS(1.0),Average rent per month in cities by type of dwelling,A,Annual,FLAT2,2-bedroom flats,EUR,Euro,DK_CAP,København,2024,,2150,,,,,
dataflow,ESTAT:PRC_COLC_RENTS(1.0),Average rent per month in cities by type of dwelling,A,Annual,FLAT2,2-bedroom flats,EUR,Euro,DK_CAP,København,2025,,2350,,,,,
dataflow,ESTAT:PRC_COLC_RENTS(1.0),Average rent per month in cities by type of dwelling,A,Annual,FLAT2,2-bedroom flats,EUR,Euro,EE_CAP,Tallinn,2016,,760,,,,,
dataflow,ESTAT:PRC_COLC_RENTS(1.0),Average rent per month in cities by type of dwelling,A,Annual,FLAT2,2-bedroom flats,EUR,Euro,EE_CAP,Tallinn,2017,,800,,,,,
dataflow,ESTAT:PRC_COLC_RENTS(1.0),Average rent per month in cities by type of dwelling,A,Annual,FLAT2,2-bedroom flats,EUR,Euro,EE_CAP,Tallinn,2018,,850,,,,,
dataflow,ESTAT:PRC_COLC_RENTS(1.0),Average rent per month in cities by type of dwelling,A,Annual,FLAT2,2-bedroom flats,EUR,Euro,EE_CAP,Tallinn,2019,,900,,,,,
dataflow,ESTAT:PRC_COLC_RENTS(1.0),Average rent per month in cities by type of dwelling,A,Annual,FLAT2,2-bedroom flats,EUR,Euro,EE_CAP,Tallinn,2020,,800,,,,,
dataflow,ESTAT:PRC_COLC_RENTS(1.0),Average rent per month in cities by type of dwelling,A,Annual,FLAT2,2-bedroom flats,EUR,Euro,EE_CAP,Tallinn,2021,,810,,,,,
dataflow,ESTAT:PRC_COLC_RENTS(1.0),Average rent per month in cities by type of dwelling,A,Annual,FLAT2,2-bedroom flats,EUR,Euro,EE_CAP,Tallinn,2022,,1050,,,,,
dataflow,ESTAT:PRC_COLC_RENTS(1.0),Average rent per month in cities by type of dwelling,A,Annual,FLAT2,2-bedroom flats,EUR,Euro,EE_CAP,Tallinn,2023,,1100,,,,,
dataflow,ESTAT:PRC_COLC_RENTS(1.0),Average rent per month in cities by type of dwelling,A,Annual,FLAT2,2-bedroom flats,EUR,Euro,EE_CAP,Tallinn,2024,,1050,,,,,
dataflow,ESTAT:PRC_COLC_RENTS(1.0),Average rent per month in cities by type of dwelling,A,Annual,FLAT2,2-bedroom flats,EUR,Euro,EE_CAP,Tallinn,2025,,1150,,,,,
dataflow,ESTAT:PRC_COLC_RENTS(1.0),Average rent per month in cities by type of dwelling,A,Annual,FLAT2,2-bedroom flats,EUR,Euro,EL_CAP,Athina,2016,,790,,,,,
dataflow,ESTAT:PRC_COLC_RENTS(1.0),Average rent per month in cities by type of dwelling,A,Annual,FLAT2,2-bedroom flats,EUR,Euro,EL_CAP,Athina,2017,,880,,,,,
dataflow,ESTAT:PRC_COLC_RENTS(1.0),Average rent per month in cities by type of dwelling,A,Annual,FLAT2,2-bedroom flats,EUR,Euro,EL_CAP,Athina,2018,,910,,,,,
dataflow,ESTAT:PRC_COLC_RENTS(1.0),Average rent per month in cities by type of dwelling,A,Annual,FLAT2,2-bedroom flats,EUR,Euro,EL_CAP,Athina,2019,,1000,,,,,
dataflow,ESTAT:PRC_COLC_RENTS(1.0),Average rent per month in cities by type of dwelling,A,Annual,FLAT2,2-bedroom flats,EUR,Euro,EL_CAP,Athina,2020,,1000,,,,,
dataflow,ESTAT:PRC_COLC_RENTS(1.0),Average rent per month in cities by type of dwelling,A,Annual,FLAT2,2-bedroom flats,EUR,Euro,EL_CAP,Athina,2021,,1100,,,,,
dataflow,ESTAT:PRC_COLC_RENTS(1.0),Average rent per month in cities by type of dwelling,A,Annual,FLAT2,2-bedroom flats,EUR,Euro,EL_CAP,Athina,2022,,1150,,,,,
dataflow,ESTAT:PRC_COLC_RENTS(1.0),Average rent per month in cities by type of dwelling,A,Annual,FLAT2,2-bedroom flats,EUR,Euro,EL_CAP,Athina,2023,,1300,,,,,
dataflow,ESTAT:PRC_COLC_RENTS(1.0),Average rent per month in cities by type of dwelling,A,Annual,FLAT2,2-bedroom flats,EUR,Euro,EL_CAP,Athina,2024,,1400,,,,,
dataflow,ESTAT:PRC_COLC_RENTS(1.0),Average rent per month in cities by type of dwelling,A,Annual,FLAT2,2-bedroom flats,EUR,Euro,EL_CAP,Athina,2025,,1500,,,,,
dataflow,ESTAT:PRC_COLC_RENTS(1.0),Average rent per month in cities by type of dwelling,A,Annual,FLAT2,2-bedroom flats,EUR,Euro,ES_CAP,Madrid,2016,,1000,,,,,
dataflow,ESTAT:PRC_COLC_RENTS(1.0),Average rent per month in cities by type of dwelling,A,Annual,FLAT2,2-bedroom flats,EUR,Euro,ES_CAP,Madrid,2017,,1130,,,,,
dataflow,ESTAT:PRC_COLC_RENTS(1.0),Average rent per month in cities by type of dwelling,A,Annual,FLAT2,2-bedroom flats,EUR,Euro,ES_CAP,Madrid,2018,,1300,,,,,
dataflow,ESTAT:PRC_COLC_RENTS(1.0),Average rent per month in cities by type of dwelling,A,Annual,FLAT2,2-bedroom flats,EUR,Euro,ES_CAP,Madrid,2019,,1350,,,,,
dataflow,ESTAT:PRC_COLC_RENTS(1.0),Average rent per month in cities by type of dwelling,A,Annual,FLAT2,2-bedroom flats,EUR,Euro,ES_CAP,Madrid,2020,,1350,,,,,
dataflow,ESTAT:PRC_COLC_RENTS(1.0),Average rent per month in cities by type of dwelling,A,Annual,FLAT2,2-bedroom flats,EUR,Euro,ES_CAP,Madrid,2021,,1100,,,,,
dataflow,ESTAT:PRC_COLC_RENTS(1.0),Average rent per month in cities by type of dwelling,A,Annual,FLAT2,2-bedroom flats,EUR,Euro,ES_CAP,Madrid,2022,,1350,,,,,
dataflow,ESTAT:PRC_COLC_RENTS(1.0),Average rent per month in cities by type of dwelling,A,Annual,FLAT2,2-bedroom flats,EUR,Euro,ES_CAP,Madrid,2023,,1400,,,,,
dataflow,ESTAT:PRC_COLC_RENTS(1.0),Average rent per month in cities by type of dwelling,A,Annual,FLAT2,2-bedroom flats,EUR,Euro,ES_CAP,Madrid,2024,,1550,,,,,
dataflow,ESTAT:PRC_COLC_RENTS(1.0),Average rent per month in cities by type of dwelling,A,Annual,FLAT2,2-bedroom flats,EUR,Euro,ES_CAP,Madrid,2025,,1700,,,,,
dataflow,ESTAT:PRC_COLC_RENTS(1.0),Average rent per month in cities by type of dwelling,A,Annual,FLAT2,2-bedroom flats,EUR,Euro,FI_CAP,Helsinki,2016,,1400,,,,,
dataflow,ESTAT:PRC_COLC_RENTS(1.0),Average rent per month in cities by type of dwelling,A,Annual,FLAT2,2-bedroom flats,EUR,Euro,FI_CAP,Helsinki,2017,,1450,,,,,
dataflow,ESTAT:PRC_COLC_RENTS(1.0),Average rent per month in cities by type of dwelling,A,Annual,FLAT2,2-bedroom flats,EUR,Euro,FI_CAP,Helsinki,2018,,1450,,,,,
dataflow,ESTAT:PRC_COLC_RENTS(1.0),Average rent per month in cities by type of dwelling,A,Annual,FLAT2,2-bedroom flats,EUR,Euro,FI_CAP,Helsinki,2019,,1500,,,,,
dataflow,ESTAT:PRC_COLC_RENTS(1.0),Average rent per month in cities by type of dwelling,A,Annual,FLAT2,2-bedroom flats,EUR,Euro,FI_CAP,Helsinki,2020,,1550,,,,,
dataflow,ESTAT:PRC_COLC_RENTS(1.0),Average rent per month in cities by type of dwelling,A,Annual,FLAT2,2-bedroom flats,EUR,Euro,FI_CAP,Helsinki,2021,,1500,,,,,
dataflow,ESTAT:PRC_COLC_RENTS(1.0),Average rent per month in cities by type of dwelling,A,Annual,FLAT2,2-bedroom flats,EUR,Euro,FI_CAP,Helsinki,2022,,1450,,,,,
dataflow,ESTAT:PRC_COLC_RENTS(1.0),Average rent per month in cities by type of dwelling,A,Annual,FLAT2,2-bedroom flats,EUR,Euro,FI_CAP,Helsinki,2023,,1500,,,,,
dataflow,ESTAT:PRC_COLC_RENTS(1.0),Average rent per month in cities by type of dwelling,A,Annual,FLAT2,2-bedroom flats,EUR,Euro,FI_CAP,Helsinki,2024,,1550,,,,,
dataflow,ESTAT:PRC_COLC_RENTS(1.0),Average rent per month in cities by type of dwelling,A,Annual,FLAT2,2-bedroom flats,EUR,Euro,FI_CAP,Helsinki,2025,,1550,,,,,
dataflow,ESTAT:PRC_COLC_RENTS(1.0),Average rent per month in cities by type of dwelling,A,Annual,FLAT2,2-bedroom flats,EUR,Euro,FR_CAP,Paris,2016,,1850,,,,,
dataflow,ESTAT:PRC_COLC_RENTS(1.0),Average rent per month in cities by type of dwelling,A,Annual,FLAT2,2-bedroom flats,EUR,Euro,FR_CAP,Paris,2017,,1900,,,,,
dataflow,ESTAT:PRC_COLC_RENTS(1.0),Average rent per month in cities by type of dwelling,A,Annual,FLAT2,2-bedroom flats,EUR,Euro,FR_CAP,Paris,2018,,2000,,,,,
dataflow,ESTAT:PRC_COLC_RENTS(1.0),Average rent per month in cities by type of dwelling,A,Annual,FLAT2,2-bedroom flats,EUR,Euro,FR_CAP,Paris,2019,,2200,,,,,
dataflow,ESTAT:PRC_COLC_RENTS(1.0),Average rent per month in cities by type of dwelling,A,Annual,FLAT2,2-bedroom flats,EUR,Euro,FR_CAP,Paris,2020,,2200,,,,,
dataflow,ESTAT:PRC_COLC_RENTS(1.0),Average rent per month in cities by type of dwelling,A,Annual,FLAT2,2-bedroom flats,EUR,Euro,FR_CAP,Paris,2021,,2150,,,,,
dataflow,ESTAT:PRC_COLC_RENTS(1.0),Average rent per month in cities by type of dwelling,A,Annual,FLAT2,2-bedroom flats,EUR,Euro,FR_CAP,Paris,2022,,2150,,,,,
dataflow,ESTAT:PRC_COLC_RENTS(1.0),Average rent per month in cities by type of dwelling,A,Annual,FLAT2,2-bedroom flats,EUR,Euro,FR_CAP,Paris,2023,,2200,,,,,
dataflow,ESTAT:PRC_COLC_RENTS(1.0),Average rent per month in cities by type of dwelling,A,Annual,FLAT2,2-bedroom flats,EUR,Euro,FR_CAP,Paris,2024,,2350,,,,,
dataflow,ESTAT:PRC_COLC_RENTS(1.0),Average rent per month in cities by type of dwelling,A,Annual,FLAT2,2-bedroom flats,EUR,Euro,FR_CAP,Paris,2025,,2500,,,,,
dataflow,ESTAT:PRC_COLC_RENTS(1.0),Average rent per month in cities by type of dwelling,A,Annual,FLAT2,2-bedroom flats,EUR,Euro,HR_CAP,Zagreb,2016,,800,,,,,
dataflow,ESTAT:PRC_COLC_RENTS(1.0),Average rent per month in cities by type of dwelling,A,Annual,FLAT2,2-bedroom flats,EUR,Euro,HR_CAP,Zagreb,2017,,890,,,,,
dataflow,ESTAT:PRC_COLC_RENTS(1.0),Average rent per month in cities by type of dwelling,A,Annual,FLAT2,2-bedroom flats,EUR,Euro,HR_CAP,Zagreb,2018,,950,,,,,
dataflow,ESTAT:PRC_COLC_RENTS(1.0),Average rent per month in cities by type of dwelling,A,Annual,FLAT2,2-bedroom flats,EUR,Euro,HR_CAP,Zagreb,2019,,950,,,,,
dataflow,ESTAT:PRC_COLC_RENTS(1.0),Average rent per month in cities by type of dwelling,A,Annual,FLAT2,2-bedroom flats,EUR,Euro,HR_CAP,Zagreb,2020,,970,,,,,
dataflow,ESTAT:PRC_COLC_RENTS(1.0),Average rent per month in cities by type of dwelling,A,Annual,FLAT2,2-bedroom flats,EUR,Euro,HR_CAP,Zagreb,2021,,1050,,,,,
dataflow,ESTAT:PRC_COLC_RENTS(1.0),Average rent per month in cities by type of dwelling,A,Annual,FLAT2,2-bedroom flats,EUR,Euro,HR_CAP,Zagreb,2022,,1050,,,,,
dataflow,ESTAT:PRC_COLC_RENTS(1.0),Average rent per month in cities by type of dwelling,A,Annual,FLAT2,2-bedroom flats,EUR,Euro,HR_CAP,Zagreb,2023,,1250,,,,,
dataflow,ESTAT:PRC_COLC_RENTS(1.0),Average rent per month in cities by type of dwelling,A,Annual,FLAT2,2-bedroom flats,EUR,Euro,HR_CAP,Zagreb,2024,,1200,,,,,
dataflow,ESTAT:PRC_COLC_RENTS(1.0),Average rent per month in cities by type of dwelling,A,Annual,FLAT2,2-bedroom flats,EUR,Euro,HR_CAP,Zagreb,2025,,1550,,,,,
dataflow,ESTAT:PRC_COLC_RENTS(1.0),Average rent per month in cities by type of dwelling,A,Annual,FLAT2,2-bedroom flats,EUR,Euro,HU_CAP,Budapest,2016,,930,,,,,
dataflow,ESTAT:PRC_COLC_RENTS(1.0),Average rent per month in cities by type of dwelling,A,Annual,FLAT2,2-bedroom flats,EUR,Euro,HU_CAP,Budapest,2017,,970,,,,,
dataflow,ESTAT:PRC_COLC_RENTS(1.0),Average rent per month in cities by type of dwelling,A,Annual,FLAT2,2-bedroom flats,EUR,Euro,HU_CAP,Budapest,2018,,950,,,,,
dataflow,ESTAT:PRC_COLC_RENTS(1.0),Average rent per month in cities by type of dwelling,A,Annual,FLAT2,2-bedroom flats,EUR,Euro,HU_CAP,Budapest,2019,,1050,,,,,
dataflow,ESTAT:PRC_COLC_RENTS(1.0),Average rent per month in cities by type of dwelling,A,Annual,FLAT2,2-bedroom flats,EUR,Euro,HU_CAP,Budapest,2020,,1000,,,,,
dataflow,ESTAT:PRC_COLC_RENTS(1.0),Average rent per month in cities by type of dwelling,A,Annual,FLAT2,2-bedroom flats,EUR,Euro,HU_CAP,Budapest,2021,,850,,,,,
dataflow,ESTAT:PRC_COLC_RENTS(1.0),Average rent per month in cities by type of dwelling,A,Annual,FLAT2,2-bedroom flats,EUR,Euro,HU_CAP,Budapest,2022,,980,,,,,
dataflow,ESTAT:PRC_COLC_RENTS(1.0),Average rent per month in cities by type of dwelling,A,Annual,FLAT2,2-bedroom flats,EUR,Euro,HU_CAP,Budapest,2023,,1300,,,,,
dataflow,ESTAT:PRC_COLC_RENTS(1.0),Average rent per month in cities by type of dwelling,A,Annual,FLAT2,2-bedroom flats,EUR,Euro,HU_CAP,Budapest,2024,,1250,,,,,
dataflow,ESTAT:PRC_COLC_RENTS(1.0),Average rent per month in cities by type of dwelling,A,Annual,FLAT2,2-bedroom flats,EUR,Euro,HU_CAP,Budapest,2025,,1300,,,,,
dataflow,ESTAT:PRC_COLC_RENTS(1.0),Average rent per month in cities by type of dwelling,A,Annual,FLAT2,2-bedroom flats,EUR,Euro,IE_CAP,Dublin,2016,,1700,,,,,
dataflow,ESTAT:PRC_COLC_RENTS(1.0),Average rent per month in cities by type of dwelling,A,Annual,FLAT2,2-bedroom flats,EUR,Euro,IE_CAP,Dublin,2017,,1900,,,,,
dataflow,ESTAT:PRC_COLC_RENTS(1.0),Average rent per month in cities by type of dwelling,A,Annual,FLAT2,2-bedroom flats,EUR,Euro,IE_CAP,Dublin,2018,,2050,,,,,
dataflow,ESTAT:PRC_COLC_RENTS(1.0),Average rent per month in cities by type of dwelling,A,Annual,FLAT2,2-bedroom flats,EUR,Euro,IE_CAP,Dublin,2019,,2150,,,,,
dataflow,ESTAT:PRC_COLC_RENTS(1.0),Average rent per month in cities by type of dwelling,A,Annual,FLAT2,2-bedroom flats,EUR,Euro,IE_CAP,Dublin,2020,,2150,,,,,
dataflow,ESTAT:PRC_COLC_RENTS(1.0),Average rent per month in cities by type of dwelling,A,Annual,FLAT2,2-bedroom flats,EUR,Euro,IE_CAP,Dublin,2021,,1950,,,,,
dataflow,ESTAT:PRC_COLC_RENTS(1.0),Average rent per month in cities by type of dwelling,A,Annual,FLAT2,2-bedroom flats,EUR,Euro,IE_CAP,Dublin,2022,,2350,,,,,
dataflow,ESTAT:PRC_COLC_RENTS(1.0),Average rent per month in cities by type of dwelling,A,Annual,FLAT2,2-bedroom flats,EUR,Euro,IE_CAP,Dublin,2023,,2550,,,,,
dataflow,ESTAT:PRC_COLC_RENTS(1.0),Average rent per month in cities by type of dwelling,A,Annual,FLAT2,2-bedroom flats,EUR,Euro,IE_CAP,Dublin,2024,,2600,,,,,
dataflow,ESTAT:PRC_COLC_RENTS(1.0),Average rent per month in cities by type of dwelling,A,Annual,FLAT2,2-bedroom flats,EUR,Euro,IE_CAP,Dublin,2025,,2650,,,,,
dataflow,ESTAT:PRC_COLC_RENTS(1.0),Average rent per month in cities by type of dwelling,A,Annual,FLAT2,2-bedroom flats,EUR,Euro,IS_CAP,Reykjavik,2016,,1400,,,,,
dataflow,ESTAT:PRC_COLC_RENTS(1.0),Average rent per month in cities by type of dwelling,A,Annual,FLAT2,2-bedroom flats,EUR,Euro,IS_CAP,Reykjavik,2017,,1700,,,,,
dataflow,ESTAT:PRC_COLC_RENTS(1.0),Average rent per month in cities by type of dwelling,A,Annual,FLAT2,2-bedroom flats,EUR,Euro,IS_CAP,Reykjavik,2018,,1750,,,,,
dataflow,ESTAT:PRC_COLC_RENTS(1.0),Average rent per month in cities by type of dwelling,A,Annual,FLAT2,2-bedroom flats,EUR,Euro,IS_CAP,Reykjavik,2019,,1600,,,,,
dataflow,ESTAT:PRC_COLC_RENTS(1.0),Average rent per month in cities by type of dwelling,A,Annual,FLAT2,2-bedroom flats,EUR,Euro,IS_CAP,Reykjavik,2020,,1500,,,,,
dataflow,ESTAT:PRC_COLC_RENTS(1.0),Average rent per month in cities by type of dwelling,A,Annual,FLAT2,2-bedroom flats,EUR,Euro,IS_CAP,Reykjavik,2021,,1550,,,,,
dataflow,ESTAT:PRC_COLC_RENTS(1.0),Average rent per month in cities by type of dwelling,A,Annual,FLAT2,2-bedroom flats,EUR,Euro,IS_CAP,Reykjavik,2022,,1800,,,,,
dataflow,ESTAT:PRC_COLC_RENTS(1.0),Average rent per month in cities by type of dwelling,A,Annual,FLAT2,2-bedroom flats,EUR,Euro,IS_CAP,Reykjavik,2023,,1850,,,,,
dataflow,ESTAT:PRC_COLC_RENTS(1.0),Average rent per month in cities by type of dwelling,A,Annual,FLAT2,2-bedroom flats,EUR,Euro,IS_CAP,Reykjavik,2024,,2150,,,,,
dataflow,ESTAT:PRC_COLC_RENTS(1.0),Average rent per month in cities by type of dwelling,A,Annual,FLAT2,2-bedroom flats,EUR,Euro,IS_CAP,Reykjavik,2025,,2350,,,,,
dataflow,ESTAT:PRC_COLC_RENTS(1.0),Average rent per month in cities by type of dwelling,A,Annual,FLAT2,2-bedroom flats,EUR,Euro,IT_CAP,Roma,2016,,1200,,,,,
dataflow,ESTAT:PRC_COLC_RENTS(1.0),Average rent per month in cities by type of dwelling,A,Annual,FLAT2,2-bedroom flats,EUR,Euro,IT_CAP,Roma,2017,,1200,,,,,
dataflow,ESTAT:PRC_COLC_RENTS(1.0),Average rent per month in cities by type of dwelling,A,Annual,FLAT2,2-bedroom flats,EUR,Euro,IT_CAP,Roma,2018,,1200,,,,,
dataflow,ESTAT:PRC_COLC_RENTS(1.0),Average rent per month in cities by type of dwelling,A,Annual,FLAT2,2-bedroom flats,EUR,Euro,IT_CAP,Roma,2019,,1250,,,,,
dataflow,ESTAT:PRC_COLC_RENTS(1.0),Average rent per month in cities by type of dwelling,A,Annual,FLAT2,2-bedroom flats,EUR,Euro,IT_CAP,Roma,2020,,1250,,,,,
dataflow,ESTAT:PRC_COLC_RENTS(1.0),Average rent per month in cities by type of dwelling,A,Annual,FLAT2,2-bedroom flats,EUR,Euro,IT_CAP,Roma,2021,,1200,,,,,
dataflow,ESTAT:PRC_COLC_RENTS(1.0),Average rent per month in cities by type of dwelling,A,Annual,FLAT2,2-bedroom flats,EUR,Euro,IT_CAP,Roma,2022,,1200,,,,,
dataflow,ESTAT:PRC_COLC_RENTS(1.0),Average rent per month in cities by type of dwelling,A,Annual,FLAT2,2-bedroom flats,EUR,Euro,IT_CAP,Roma,2023,,1200,,,,,
dataflow,ESTAT:PRC_COLC_RENTS(1.0),Average rent per month in cities by type of dwelling,A,Annual,FLAT2,2-bedroom flats,EUR,Euro,IT_CAP,Roma,2024,,1300,,,,,
dataflow,ESTAT:PRC_COLC_RENTS(1.0),Average rent per month in cities by type of dwelling,A,Annual,FLAT2,2-bedroom flats,EUR,Euro,IT_CAP,Roma,2025,,1650,,,,,
dataflow,ESTAT:PRC_COLC_RENTS(1.0),Average rent per month in cities by type of dwelling,A,Annual,FLAT2,2-bedroom flats,EUR,Euro,IT_DEL,Varese,2016,,690,,,,,
dataflow,ESTAT:PRC_COLC_RENTS(1.0),Average rent per month in cities by type of dwelling,A,Annual,FLAT2,2-bedroom flats,EUR,Euro,IT_DEL,Varese,2017,,730,,,,,
dataflow,ESTAT:PRC_COLC_RENTS(1.0),Average rent per month in cities by type of dwelling,A,Annual,FLAT2,2-bedroom flats,EUR,Euro,IT_DEL,Varese,2018,,740,,,,,
dataflow,ESTAT:PRC_COLC_RENTS(1.0),Average rent per month in cities by type of dwelling,A,Annual,FLAT2,2-bedroom flats,EUR,Euro,IT_DEL,Varese,2019,,750,,,,,
dataflow,ESTAT:PRC_COLC_RENTS(1.0),Average rent per month in cities by type of dwelling,A,Annual,FLAT2,2-bedroom flats,EUR,Euro,IT_DEL,Varese,2020,,750,,,,,
dataflow,ESTAT:PRC_COLC_RENTS(1.0),Average rent per month in cities by type of dwelling,A,Annual,FLAT2,2-bedroom flats,EUR,Euro,IT_DEL,Varese,2021,,740,,,,,
dataflow,ESTAT:PRC_COLC_RENTS(1.0),Average rent per month in cities by type of dwelling,A,Annual,FLAT2,2-bedroom flats,EUR,Euro,IT_DEL,Varese,2022,,810,,,,,
dataflow,ESTAT:PRC_COLC_RENTS(1.0),Average rent per month in cities by type of dwelling,A,Annual,FLAT2,2-bedroom flats,EUR,Euro,IT_DEL,Varese,2023,,820,,,,,
dataflow,ESTAT:PRC_COLC_RENTS(1.0),Average rent per month in cities by type of dwelling,A,Annual,FLAT2,2-bedroom flats,EUR,Euro,IT_DEL,Varese,2024,,910,,,,,
dataflow,ESTAT:PRC_COLC_RENTS(1.0),Average rent per month in cities by type of dwelling,A,Annual,FLAT2,2-bedroom flats,EUR,Euro,IT_DEL,Varese,2025,,980,,,,,
dataflow,ESTAT:PRC_COLC_RENTS(1.0),Average rent per month in cities by type of dwelling,A,Annual,FLAT2,2-bedroom flats,EUR,Euro,LT_CAP,Vilnius,2016,,730,,,,,
dataflow,ESTAT:PRC_COLC_RENTS(1.0),Average rent per month in cities by type of dwelling,A,Annual,FLAT2,2-bedroom flats,EUR,Euro,LT_CAP,Vilnius,2017,,730,,,,,
dataflow,ESTAT:PRC_COLC_RENTS(1.0),Average rent per month in cities by type of dwelling,A,Annual,FLAT2,2-bedroom flats,EUR,Euro,LT_CAP,Vilnius,2018,,820,,,,,
dataflow,ESTAT:PRC_COLC_RENTS(1.0),Average rent per month in cities by type of dwelling,A,Annual,FLAT2,2-bedroom flats,EUR,Euro,LT_CAP,Vilnius,2019,,820,,,,,
dataflow,ESTAT:PRC_COLC_RENTS(1.0),Average rent per month in cities by type of dwelling,A,Annual,FLAT2,2-bedroom flats,EUR,Euro,LT_CAP,Vilnius,2020,,830,,,,,
dataflow,ESTAT:PRC_COLC_RENTS(1.0),Average rent per month in cities by type of dwelling,A,Annual,FLAT2,2-bedroom flats,EUR,Euro,LT_CAP,Vilnius,2021,,870,,,,,
dataflow,ESTAT:PRC_COLC_RENTS(1.0),Average rent per month in cities by type of dwelling,A,Annual,FLAT2,2-bedroom flats,EUR,Euro,LT_CAP,Vilnius,2022,,1250,,,,,
dataflow,ESTAT:PRC_COLC_RENTS(1.0),Average rent per month in cities by type of dwelling,A,Annual,FLAT2,2-bedroom flats,EUR,Euro,LT_CAP,Vilnius,2023,,1050,,,,,
dataflow,ESTAT:PRC_COLC_RENTS(1.0),Average rent per month in cities by type of dwelling,A,Annual,FLAT2,2-bedroom flats,EUR,Euro,LT_CAP,Vilnius,2024,,1150,,,,,
dataflow,ESTAT:PRC_COLC_RENTS(1.0),Average rent per month in cities by type of dwelling,A,Annual,FLAT2,2-bedroom flats,EUR,Euro,LT_CAP,Vilnius,2025,,1200,,,,,
dataflow,ESTAT:PRC_COLC_RENTS(1.0),Average rent per month in cities by type of dwelling,A,Annual,FLAT2,2-bedroom flats,EUR,Euro,LU_CAP,Luxembourg,2016,,2050,,,,,
dataflow,ESTAT:PRC_COLC_RENTS(1.0),Average rent per month in cities by type of dwelling,A,Annual,FLAT2,2-bedroom flats,EUR,Euro,LU_CAP,Luxembourg,2017,,1800,,,,,
dataflow,ESTAT:PRC_COLC_RENTS(1.0),Average rent per month in cities by type of dwelling,A,Annual,FLAT2,2-bedroom flats,EUR,Euro,LU_CAP,Luxembourg,2018,,1950,,,,,
dataflow,ESTAT:PRC_COLC_RENTS(1.0),Average rent per month in cities by type of dwelling,A,Annual,FLAT2,2-bedroom flats,EUR,Euro,LU_CAP,Luxembourg,2019,,2100,,,,,
dataflow,ESTAT:PRC_COLC_RENTS(1.0),Average rent per month in cities by type of dwelling,A,Annual,FLAT2,2-bedroom flats,EUR,Euro,LU_CAP,Luxembourg,2020,,2100,,,,,
dataflow,ESTAT:PRC_COLC_RENTS(1.0),Average rent per month in cities by type of dwelling,A,Annual,FLAT2,2-bedroom flats,EUR,Euro,LU_CAP,Luxembourg,2021,,2150,,,,,
dataflow,ESTAT:PRC_COLC_RENTS(1.0),Average rent per month in cities by type of dwelling,A,Annual,FLAT2,2-bedroom flats,EUR,Euro,LU_CAP,Luxembourg,2022,,2350,,,,,
dataflow,ESTAT:PRC_COLC_RENTS(1.0),Average rent per month in cities by type of dwelling,A,Annual,FLAT2,2-bedroom flats,EUR,Euro,LU_CAP,Luxembourg,2023,,2400,,,,,
dataflow,ESTAT:PRC_COLC_RENTS(1.0),Average rent per month in cities by type of dwelling,A,Annual,FLAT2,2-bedroom flats,EUR,Euro,LU_CAP,Luxembourg,2024,,2450,,,,,
dataflow,ESTAT:PRC_COLC_RENTS(1.0),Average rent per month in cities by type of dwelling,A,Annual,FLAT2,2-bedroom flats,EUR,Euro,LU_CAP,Luxembourg,2025,,2350,,,,,
dataflow,ESTAT:PRC_COLC_RENTS(1.0),Average rent per month in cities by type of dwelling,A,Annual,FLAT2,2-bedroom flats,EUR,Euro,LV_CAP,Riga,2016,,850,,,,,
dataflow,ESTAT:PRC_COLC_RENTS(1.0),Average rent per month in cities by type of dwelling,A,Annual,FLAT2,2-bedroom flats,EUR,Euro,LV_CAP,Riga,2017,,830,,,,,
dataflow,ESTAT:PRC_COLC_RENTS(1.0),Average rent per month in cities by type of dwelling,A,Annual,FLAT2,2-bedroom flats,EUR,Euro,LV_CAP,Riga,2018,,860,,,,,
dataflow,ESTAT:PRC_COLC_RENTS(1.0),Average rent per month in cities by type of dwelling,A,Annual,FLAT2,2-bedroom flats,EUR,Euro,LV_CAP,Riga,2019,,890,,,,,
dataflow,ESTAT:PRC_COLC_RENTS(1.0),Average rent per month in cities by type of dwelling,A,Annual,FLAT2,2-bedroom flats,EUR,Euro,LV_CAP,Riga,2020,,840,,,,,
dataflow,ESTAT:PRC_COLC_RENTS(1.0),Average rent per month in cities by type of dwelling,A,Annual,FLAT2,2-bedroom flats,EUR,Euro,LV_CAP,Riga,2021,,930,,,,,
dataflow,ESTAT:PRC_COLC_RENTS(1.0),Average rent per month in cities by type of dwelling,A,Annual,FLAT2,2-bedroom flats,EUR,Euro,LV_CAP,Riga,2022,,1050,,,,,
dataflow,ESTAT:PRC_COLC_RENTS(1.0),Average rent per month in cities by type of dwelling,A,Annual,FLAT2,2-bedroom flats,EUR,Euro,LV_CAP,Riga,2023,,1050,,,,,
dataflow,ESTAT:PRC_COLC_RENTS(1.0),Average rent per month in cities by type of dwelling,A,Annual,FLAT2,2-bedroom flats,EUR,Euro,LV_CAP,Riga,2024,,1050,,,,,
dataflow,ESTAT:PRC_COLC_RENTS(1.0),Average rent per month in cities by type of dwelling,A,Annual,FLAT2,2-bedroom flats,EUR,Euro,LV_CAP,Riga,2025,,1150,,,,,
dataflow,ESTAT:PRC_COLC_RENTS(1.0),Average rent per month in cities by type of dwelling,A,Annual,FLAT2,2-bedroom flats,EUR,Euro,ME_CAP,Podgorica,2016,,640,,,,,
dataflow,ESTAT:PRC_COLC_RENTS(1.0),Average rent per month in cities by type of dwelling,A,Annual,FLAT2,2-bedroom flats,EUR,Euro,ME_CAP,Podgorica,2017,,630,,,,,
dataflow,ESTAT:PRC_COLC_RENTS(1.0),Average rent per month in cities by type of dwelling,A,Annual,FLAT2,2-bedroom flats,EUR,Euro,ME_CAP,Podgorica,2018,,620,,,,,
dataflow,ESTAT:PRC_COLC_RENTS(1.0),Average rent per month in cities by type of dwelling,A,Annual,FLAT2,2-bedroom flats,EUR,Euro,ME_CAP,Podgorica,2019,,600,,,,,
dataflow,ESTAT:PRC_COLC_RENTS(1.0),Average rent per month in cities by type of dwelling,A,Annual,FLAT2,2-bedroom flats,EUR,Euro,ME_CAP,Podgorica,2020,,600,,,,,
dataflow,ESTAT:PRC_COLC_RENTS(1.0),Average rent per month in cities by type of dwelling,A,Annual,FLAT2,2-bedroom flats,EUR,Euro,ME_CAP,Podgorica,2021,,530,,,,,
dataflow,ESTAT:PRC_COLC_RENTS(1.0),Average rent per month in cities by type of dwelling,A,Annual,FLAT2,2-bedroom flats,EUR,Euro,ME_CAP,Podgorica,2022,,630,,,,,
dataflow,ESTAT:PRC_COLC_RENTS(1.0),Average rent per month in cities by type of dwelling,A,Annual,FLAT2,2-bedroom flats,EUR,Euro,ME_CAP,Podgorica,2023,,730,,,,,
dataflow,ESTAT:PRC_COLC_RENTS(1.0),Average rent per month in cities by type of dwelling,A,Annual,FLAT2,2-bedroom flats,EUR,Euro,ME_CAP,Podgorica,2024,,820,,,,,
dataflow,ESTAT:PRC_COLC_RENTS(1.0),Average rent per month in cities by type of dwelling,A,Annual,FLAT2,2-bedroom flats,EUR,Euro,ME_CAP,Podgorica,2025,,840,,,,,
dataflow,ESTAT:PRC_COLC_RENTS(1.0),Average rent per month in cities by type of dwelling,A,Annual,FLAT2,2-bedroom flats,EUR,Euro,MK_CAP,Skopje,2016,,310,,,,,
dataflow,ESTAT:PRC_COLC_RENTS(1.0),Average rent per month in cities by type of dwelling,A,Annual,FLAT2,2-bedroom flats,EUR,Euro,MK_CAP,Skopje,2017,,330,,,,,
dataflow,ESTAT:PRC_COLC_RENTS(1.0),Average rent per month in cities by type of dwelling,A,Annual,FLAT2,2-bedroom flats,EUR,Euro,MK_CAP,Skopje,2018,,310,,,,,
dataflow,ESTAT:PRC_COLC_RENTS(1.0),Average rent per month in cities by type of dwelling,A,Annual,FLAT2,2-bedroom flats,EUR,Euro,MK_CAP,Skopje,2019,,360,,,,,
dataflow,ESTAT:PRC_COLC_RENTS(1.0),Average rent per month in cities by type of dwelling,A,Annual,FLAT2,2-bedroom flats,EUR,Euro,MK_CAP,Skopje,2020,,360,,,,,
dataflow,ESTAT:PRC_COLC_RENTS(1.0),Average rent per month in cities by type of dwelling,A,Annual,FLAT2,2-bedroom flats,EUR,Euro,MK_CAP,Skopje,2021,,340,,,,,
dataflow,ESTAT:PRC_COLC_RENTS(1.0),Average rent per month in cities by type of dwelling,A,Annual,FLAT2,2-bedroom flats,EUR,Euro,MK_CAP,Skopje,2022,,340,,,,,
dataflow,ESTAT:PRC_COLC_RENTS(1.0),Average rent per month in cities by type of dwelling,A,Annual,FLAT2,2-bedroom flats,EUR,Euro,MK_CAP,Skopje,2023,,380,,,,,
dataflow,ESTAT:PRC_COLC_RENTS(1.0),Average rent per month in cities by type of dwelling,A,Annual,FLAT2,2-bedroom flats,EUR,Euro,MK_CAP,Skopje,2024,,410,,,,,
dataflow,ESTAT:PRC_COLC_RENTS(1.0),Average rent per month in cities by type of dwelling,A,Annual,FLAT2,2-bedroom flats,EUR,Euro,MK_CAP,Skopje,2025,,470,,,,,
dataflow,ESTAT:PRC_COLC_RENTS(1.0),Average rent per month in cities by type of dwelling,A,Annual,FLAT2,2-bedroom flats,EUR,Euro,MT_CAP,Valletta,2016,,950,,,,,
dataflow,ESTAT:PRC_COLC_RENTS(1.0),Average rent per month in cities by type of dwelling,A,Annual,FLAT2,2-bedroom flats,EUR,Euro,MT_CAP,Valletta,2017,,990,,,,,
dataflow,ESTAT:PRC_COLC_RENTS(1.0),Average rent per month in cities by type of dwelling,A,Annual,FLAT2,2-bedroom flats,EUR,Euro,MT_CAP,Valletta,2018,,1100,,,,,
dataflow,ESTAT:PRC_COLC_RENTS(1.0),Average rent per month in cities by type of dwelling,A,Annual,FLAT2,2-bedroom flats,EUR,Euro,MT_CAP,Valletta,2019,,1100,,,,,
dataflow,ESTAT:PRC_COLC_RENTS(1.0),Average rent per month in cities by type of dwelling,A,Annual,FLAT2,2-bedroom flats,EUR,Euro,MT_CAP,Valletta,2020,,1200,,,,,
dataflow,ESTAT:PRC_COLC_RENTS(1.0),Average rent per month in cities by type of dwelling,A,Annual,FLAT2,2-bedroom flats,EUR,Euro,MT_CAP,Valletta,2021,,970,,,,,
dataflow,ESTAT:PRC_COLC_RENTS(1.0),Average rent per month in cities by type of dwelling,A,Annual,FLAT2,2-bedroom flats,EUR,Euro,MT_CAP,Valletta,2022,,1100,,,,,
dataflow,ESTAT:PRC_COLC_RENTS(1.0),Average rent per month in cities by type of dwelling,A,Annual,FLAT2,2-bedroom flats,EUR,Euro,MT_CAP,Valletta,2023,,1250,,,,,
dataflow,ESTAT:PRC_COLC_RENTS(1.0),Average rent per month in cities by type of dwelling,A,Annual,FLAT2,2-bedroom flats,EUR,Euro,MT_CAP,Valletta,2024,,1300,,,,,
dataflow,ESTAT:PRC_COLC_RENTS(1.0),Average rent per month in cities by type of dwelling,A,Annual,FLAT2,2-bedroom flats,EUR,Euro,MT_CAP,Valletta,2025,,1400,,,,,
dataflow,ESTAT:PRC_COLC_RENTS(1.0),Average rent per month in cities by type of dwelling,A,Annual,FLAT2,2-bedroom flats,EUR,Euro,NL_DEL,Den Haag,2016,,1450,,,,,
dataflow,ESTAT:PRC_COLC_RENTS(1.0),Average rent per month in cities by type of dwelling,A,Annual,FLAT2,2-bedroom flats,EUR,Euro,NL_DEL,Den Haag,2017,,1400,,,,,
dataflow,ESTAT:PRC_COLC_RENTS(1.0),Average rent per month in cities by type of dwelling,A,Annual,FLAT2,2-bedroom flats,EUR,Euro,NL_DEL,Den Haag,2018,,1400,,,,,
dataflow,ESTAT:PRC_COLC_RENTS(1.0),Average rent per month in cities by type of dwelling,A,Annual,FLAT2,2-bedroom flats,EUR,Euro,NL_DEL,Den Haag,2019,,1450,,,,,
dataflow,ESTAT:PRC_COLC_RENTS(1.0),Average rent per month in cities by type of dwelling,A,Annual,FLAT2,2-bedroom flats,EUR,Euro,NL_DEL,Den Haag,2020,,1500,,,,,
dataflow,ESTAT:PRC_COLC_RENTS(1.0),Average rent per month in cities by type of dwelling,A,Annual,FLAT2,2-bedroom flats,EUR,Euro,NL_DEL,Den Haag,2021,,1450,,,,,
dataflow,ESTAT:PRC_COLC_RENTS(1.0),Average rent per month in cities by type of dwelling,A,Annual,FLAT2,2-bedroom flats,EUR,Euro,NL_DEL,Den Haag,2022,,1500,,,,,
dataflow,ESTAT:PRC_COLC_RENTS(1.0),Average rent per month in cities by type of dwelling,A,Annual,FLAT2,2-bedroom flats,EUR,Euro,NL_DEL,Den Haag,2023,,1650,,,,,
dataflow,ESTAT:PRC_COLC_RENTS(1.0),Average rent per month in cities by type of dwelling,A,Annual,FLAT2,2-bedroom flats,EUR,Euro,NL_DEL,Den Haag,2024,,1750,,,,,
dataflow,ESTAT:PRC_COLC_RENTS(1.0),Average rent per month in cities by type of dwelling,A,Annual,FLAT2,2-bedroom flats,EUR,Euro,NL_DEL,Den Haag,2025,,2150,,,,,
dataflow,ESTAT:PRC_COLC_RENTS(1.0),Average rent per month in cities by type of dwelling,A,Annual,FLAT2,2-bedroom flats,EUR,Euro,NO_CAP,Oslo,2016,,1800,,,,,
dataflow,ESTAT:PRC_COLC_RENTS(1.0),Average rent per month in cities by type of dwelling,A,Annual,FLAT2,2-bedroom flats,EUR,Euro,NO_CAP,Oslo,2017,,1900,,,,,
dataflow,ESTAT:PRC_COLC_RENTS(1.0),Average rent per month in cities by type of dwelling,A,Annual,FLAT2,2-bedroom flats,EUR,Euro,NO_CAP,Oslo,2018,,1950,,,,,
dataflow,ESTAT:PRC_COLC_RENTS(1.0),Average rent per month in cities by type of dwelling,A,Annual,FLAT2,2-bedroom flats,EUR,Euro,NO_CAP,Oslo,2019,,2000,,,,,
dataflow,ESTAT:PRC_COLC_RENTS(1.0),Average rent per month in cities by type of dwelling,A,Annual,FLAT2,2-bedroom flats,EUR,Euro,NO_CAP,Oslo,2020,,1800,,,,,
dataflow,ESTAT:PRC_COLC_RENTS(1.0),Average rent per month in cities by type of dwelling,A,Annual,FLAT2,2-bedroom flats,EUR,Euro,NO_CAP,Oslo,2021,,1900,,,,,
dataflow,ESTAT:PRC_COLC_RENTS(1.0),Average rent per month in cities by type of dwelling,A,Annual,FLAT2,2-bedroom flats,EUR,Euro,NO_CAP,Oslo,2022,,2100,,,,,
dataflow,ESTAT:PRC_COLC_RENTS(1.0),Average rent per month in cities by type of dwelling,A,Annual,FLAT2,2-bedroom flats,EUR,Euro,NO_CAP,Oslo,2023,,2050,,,,,
dataflow,ESTAT:PRC_COLC_RENTS(1.0),Average rent per month in cities by type of dwelling,A,Annual,FLAT2,2-bedroom flats,EUR,Euro,NO_CAP,Oslo,2024,,2150,,,,,
dataflow,ESTAT:PRC_COLC_RENTS(1.0),Average rent per month in cities by type of dwelling,A,Annual,FLAT2,2-bedroom flats,EUR,Euro,NO_CAP,Oslo,2025,,2550,,,,,
dataflow,ESTAT:PRC_COLC_RENTS(1.0),Average rent per month in cities by type of dwelling,A,Annual,FLAT2,2-bedroom flats,EUR,Euro,PL_CAP,Warszawa,2016,,950,,,,,
dataflow,ESTAT:PRC_COLC_RENTS(1.0),Average rent per month in cities by type of dwelling,A,Annual,FLAT2,2-bedroom flats,EUR,Euro,PL_CAP,Warszawa,2017,,1000,,,,,
dataflow,ESTAT:PRC_COLC_RENTS(1.0),Average rent per month in cities by type of dwelling,A,Annual,FLAT2,2-bedroom flats,EUR,Euro,PL_CAP,Warszawa,2018,,917,,,,,
dataflow,ESTAT:PRC_COLC_RENTS(1.0),Average rent per month in cities by type of dwelling,A,Annual,FLAT2,2-bedroom flats,EUR,Euro,PL_CAP,Warszawa,2019,,840,,,,,
dataflow,ESTAT:PRC_COLC_RENTS(1.0),Average rent per month in cities by type of dwelling,A,Annual,FLAT2,2-bedroom flats,EUR,Euro,PL_CAP,Warszawa,2020,,840,,,,,
dataflow,ESTAT:PRC_COLC_RENTS(1.0),Average rent per month in cities by type of dwelling,A,Annual,FLAT2,2-bedroom flats,EUR,Euro,PL_CAP,Warszawa,2021,,790,,,,,
dataflow,ESTAT:PRC_COLC_RENTS(1.0),Average rent per month in cities by type of dwelling,A,Annual,FLAT2,2-bedroom flats,EUR,Euro,PL_CAP,Warszawa,2022,,880,,,,,
dataflow,ESTAT:PRC_COLC_RENTS(1.0),Average rent per month in cities by type of dwelling,A,Annual,FLAT2,2-bedroom flats,EUR,Euro,PL_CAP,Warszawa,2023,,1050,,,,,
dataflow,ESTAT:PRC_COLC_RENTS(1.0),Average rent per month in cities by type of dwelling,A,Annual,FLAT2,2-bedroom flats,EUR,Euro,PL_CAP,Warszawa,2024,,1200,,,,,
dataflow,ESTAT:PRC_COLC_RENTS(1.0),Average rent per month in cities by type of dwelling,A,Annual,FLAT2,2-bedroom flats,EUR,Euro,PL_CAP,Warszawa,2025,,1300,,,,,
dataflow,ESTAT:PRC_COLC_RENTS(1.0),Average rent per month in cities by type of dwelling,A,Annual,FLAT2,2-bedroom flats,EUR,Euro,PT_CAP,Lisboa,2016,,1000,,,,,
dataflow,ESTAT:PRC_COLC_RENTS(1.0),Average rent per month in cities by type of dwelling,A,Annual,FLAT2,2-bedroom flats,EUR,Euro,PT_CAP,Lisboa,2017,,1150,,,,,
dataflow,ESTAT:PRC_COLC_RENTS(1.0),Average rent per month in cities by type of dwelling,A,Annual,FLAT2,2-bedroom flats,EUR,Euro,PT_CAP,Lisboa,2018,,1500,,,,,
dataflow,ESTAT:PRC_COLC_RENTS(1.0),Average rent per month in cities by type of dwelling,A,Annual,FLAT2,2-bedroom flats,EUR,Euro,PT_CAP,Lisboa,2019,,1500,,,,,
dataflow,ESTAT:PRC_COLC_RENTS(1.0),Average rent per month in cities by type of dwelling,A,Annual,FLAT2,2-bedroom flats,EUR,Euro,PT_CAP,Lisboa,2020,,1500,,,,,
dataflow,ESTAT:PRC_COLC_RENTS(1.0),Average rent per month in cities by type of dwelling,A,Annual,FLAT2,2-bedroom flats,EUR,Euro,PT_CAP,Lisboa,2021,,1400,,,,,
dataflow,ESTAT:PRC_COLC_RENTS(1.0),Average rent per month in cities by type of dwelling,A,Annual,FLAT2,2-bedroom flats,EUR,Euro,PT_CAP,Lisboa,2022,,1750,,,,,
dataflow,ESTAT:PRC_COLC_RENTS(1.0),Average rent per month in cities by type of dwelling,A,Annual,FLAT2,2-bedroom flats,EUR,Euro,PT_CAP,Lisboa,2023,,1850,,,,,
dataflow,ESTAT:PRC_COLC_RENTS(1.0),Average rent per month in cities by type of dwelling,A,Annual,FLAT2,2-bedroom flats,EUR,Euro,PT_CAP,Lisboa,2024,,1650,,,,,
dataflow,ESTAT:PRC_COLC_RENTS(1.0),Average rent per month in cities by type of dwelling,A,Annual,FLAT2,2-bedroom flats,EUR,Euro,PT_CAP,Lisboa,2025,,1750,,,,,
dataflow,ESTAT:PRC_COLC_RENTS(1.0),Average rent per month in cities by type of dwelling,A,Annual,FLAT2,2-bedroom flats,EUR,Euro,RO_CAP,Bucuresti,2016,,720,,,,,
dataflow,ESTAT:PRC_COLC_RENTS(1.0),Average rent per month in cities by type of dwelling,A,Annual,FLAT2,2-bedroom flats,EUR,Euro,RO_CAP,Bucuresti,2017,,780,,,,,
dataflow,ESTAT:PRC_COLC_RENTS(1.0),Average rent per month in cities by type of dwelling,A,Annual,FLAT2,2-bedroom flats,EUR,Euro,RO_CAP,Bucuresti,2018,,860,,,,,
dataflow,ESTAT:PRC_COLC_RENTS(1.0),Average rent per month in cities by type of dwelling,A,Annual,FLAT2,2-bedroom flats,EUR,Euro,RO_CAP,Bucuresti,2019,,840,,,,,
dataflow,ESTAT:PRC_COLC_RENTS(1.0),Average rent per month in cities by type of dwelling,A,Annual,FLAT2,2-bedroom flats,EUR,Euro,RO_CAP,Bucuresti,2020,,860,,,,,
dataflow,ESTAT:PRC_COLC_RENTS(1.0),Average rent per month in cities by type of dwelling,A,Annual,FLAT2,2-bedroom flats,EUR,Euro,RO_CAP,Bucuresti,2021,,730,,,,,
dataflow,ESTAT:PRC_COLC_RENTS(1.0),Average rent per month in cities by type of dwelling,A,Annual,FLAT2,2-bedroom flats,EUR,Euro,RO_CAP,Bucuresti,2022,,820,,,,,
dataflow,ESTAT:PRC_COLC_RENTS(1.0),Average rent per month in cities by type of dwelling,A,Annual,FLAT2,2-bedroom flats,EUR,Euro,RO_CAP,Bucuresti,2023,,900,,,,,
dataflow,ESTAT:PRC_COLC_RENTS(1.0),Average rent per month in cities by type of dwelling,A,Annual,FLAT2,2-bedroom flats,EUR,Euro,RO_CAP,Bucuresti,2024,,880,,,,,
dataflow,ESTAT:PRC_COLC_RENTS(1.0),Average rent per month in cities by type of dwelling,A,Annual,FLAT2,2-bedroom flats,EUR,Euro,RO_CAP,Bucuresti,2025,,930,,,,,
dataflow,ESTAT:PRC_COLC_RENTS(1.0),Average rent per month in cities by type of dwelling,A,Annual,FLAT2,2-bedroom flats,EUR,Euro,RS_CAP,Beograd (Belgrade),2016,,870,,,,,
dataflow,ESTAT:PRC_COLC_RENTS(1.0),Average rent per month in cities by type of dwelling,A,Annual,FLAT2,2-bedroom flats,EUR,Euro,RS_CAP,Beograd (Belgrade),2017,,870,,,,,
dataflow,ESTAT:PRC_COLC_RENTS(1.0),Average rent per month in cities by type of dwelling,A,Annual,FLAT2,2-bedroom flats,EUR,Euro,RS_CAP,Beograd (Belgrade),2018,,960,,,,,
dataflow,ESTAT:PRC_COLC_RENTS(1.0),Average rent per month in cities by type of dwelling,A,Annual,FLAT2,2-bedroom flats,EUR,Euro,RS_CAP,Beograd (Belgrade),2019,,990,,,,,
dataflow,ESTAT:PRC_COLC_RENTS(1.0),Average rent per month in cities by type of dwelling,A,Annual,FLAT2,2-bedroom flats,EUR,Euro,RS_CAP,Beograd (Belgrade),2020,,1000,,,,,
dataflow,ESTAT:PRC_COLC_RENTS(1.0),Average rent per month in cities by type of dwelling,A,Annual,FLAT2,2-bedroom flats,EUR,Euro,RS_CAP,Beograd (Belgrade),2021,,950,,,,,
dataflow,ESTAT:PRC_COLC_RENTS(1.0),Average rent per month in cities by type of dwelling,A,Annual,FLAT2,2-bedroom flats,EUR,Euro,RS_CAP,Beograd (Belgrade),2022,,1250,,,,,
dataflow,ESTAT:PRC_COLC_RENTS(1.0),Average rent per month in cities by type of dwelling,A,Annual,FLAT2,2-bedroom flats,EUR,Euro,RS_CAP,Beograd (Belgrade),2023,,1450,,,,,
dataflow,ESTAT:PRC_COLC_RENTS(1.0),Average rent per month in cities by type of dwelling,A,Annual,FLAT2,2-bedroom flats,EUR,Euro,RS_CAP,Beograd (Belgrade),2024,,1300,,,,,
dataflow,ESTAT:PRC_COLC_RENTS(1.0),Average rent per month in cities by type of dwelling,A,Annual,FLAT2,2-bedroom flats,EUR,Euro,RS_CAP,Beograd (Belgrade),2025,,1100,,,,,
dataflow,ESTAT:PRC_COLC_RENTS(1.0),Average rent per month in cities by type of dwelling,A,Annual,FLAT2,2-bedroom flats,EUR,Euro,SE_CAP,Stockholm,2016,,2400,,,,,
dataflow,ESTAT:PRC_COLC_RENTS(1.0),Average rent per month in cities by type of dwelling,A,Annual,FLAT2,2-bedroom flats,EUR,Euro,SE_CAP,Stockholm,2017,,2300,,,,,
dataflow,ESTAT:PRC_COLC_RENTS(1.0),Average rent per month in cities by type of dwelling,A,Annual,FLAT2,2-bedroom flats,EUR,Euro,SE_CAP,Stockholm,2018,,2350,,,,,
dataflow,ESTAT:PRC_COLC_RENTS(1.0),Average rent per month in cities by type of dwelling,A,Annual,FLAT2,2-bedroom flats,EUR,Euro,SE_CAP,Stockholm,2019,,2000,,,,,
dataflow,ESTAT:PRC_COLC_RENTS(1.0),Average rent per month in cities by type of dwelling,A,Annual,FLAT2,2-bedroom flats,EUR,Euro,SE_CAP,Stockholm,2020,,2050,,,,,
dataflow,ESTAT:PRC_COLC_RENTS(1.0),Average rent per month in cities by type of dwelling,A,Annual,FLAT2,2-bedroom flats,EUR,Euro,SE_CAP,Stockholm,2021,,2200,,,,,
dataflow,ESTAT:PRC_COLC_RENTS(1.0),Average rent per month in cities by type of dwelling,A,Annual,FLAT2,2-bedroom flats,EUR,Euro,SE_CAP,Stockholm,2022,,2350,,,,,
dataflow,ESTAT:PRC_COLC_RENTS(1.0),Average rent per month in cities by type of dwelling,A,Annual,FLAT2,2-bedroom flats,EUR,Euro,SE_CAP,Stockholm,2023,,2150,,,,,
dataflow,ESTAT:PRC_COLC_RENTS(1.0),Average rent per month in cities by type of dwelling,A,Annual,FLAT2,2-bedroom flats,EUR,Euro,SE_CAP,Stockholm,2024,,2300,,,,,
dataflow,ESTAT:PRC_COLC_RENTS(1.0),Average rent per month in cities by type of dwelling,A,Annual,FLAT2,2-bedroom flats,EUR,Euro,SE_CAP,Stockholm,2025,,2650,,,,,
dataflow,ESTAT:PRC_COLC_RENTS(1.0),Average rent per month in cities by type of dwelling,A,Annual,FLAT2,2-bedroom flats,EUR,Euro,SI_CAP,Ljubljana,2016,,900,,,,,
dataflow,ESTAT:PRC_COLC_RENTS(1.0),Average rent per month in cities by type of dwelling,A,Annual,FLAT2,2-bedroom flats,EUR,Euro,SI_CAP,Ljubljana,2017,,850,,,,,
dataflow,ESTAT:PRC_COLC_RENTS(1.0),Average rent per month in cities by type of dwelling,A,Annual,FLAT2,2-bedroom flats,EUR,Euro,SI_CAP,Ljubljana,2018,,920,,,,,
dataflow,ESTAT:PRC_COLC_RENTS(1.0),Average rent per month in cities by type of dwelling,A,Annual,FLAT2,2-bedroom flats,EUR,Euro,SI_CAP,Ljubljana,2019,,1000,,,,,
dataflow,ESTAT:PRC_COLC_RENTS(1.0),Average rent per month in cities by type of dwelling,A,Annual,FLAT2,2-bedroom flats,EUR,Euro,SI_CAP,Ljubljana,2020,,980,,,,,
dataflow,ESTAT:PRC_COLC_RENTS(1.0),Average rent per month in cities by type of dwelling,A,Annual,FLAT2,2-bedroom flats,EUR,Euro,SI_CAP,Ljubljana,2021,,970,,,,,
dataflow,ESTAT:PRC_COLC_RENTS(1.0),Average rent per month in cities by type of dwelling,A,Annual,FLAT2,2-bedroom flats,EUR,Euro,SI_CAP,Ljubljana,2022,,1050,,,,,
dataflow,ESTAT:PRC_COLC_RENTS(1.0),Average rent per month in cities by type of dwelling,A,Annual,FLAT2,2-bedroom flats,EUR,Euro,SI_CAP,Ljubljana,2023,,1200,,,,,
dataflow,ESTAT:PRC_COLC_RENTS(1.0),Average rent per month in cities by type of dwelling,A,Annual,FLAT2,2-bedroom flats,EUR,Euro,SI_CAP,Ljubljana,2024,,1350,,,,,
dataflow,ESTAT:PRC_COLC_RENTS(1.0),Average rent per month in cities by type of dwelling,A,Annual,FLAT2,2-bedroom flats,EUR,Euro,SI_CAP,Ljubljana,2025,,1350,,,,,
dataflow,ESTAT:PRC_COLC_RENTS(1.0),Average rent per month in cities by type of dwelling,A,Annual,FLAT2,2-bedroom flats,EUR,Euro,SK_CAP,Bratislava,2016,,840,,,,,
dataflow,ESTAT:PRC_COLC_RENTS(1.0),Average rent per month in cities by type of dwelling,A,Annual,FLAT2,2-bedroom flats,EUR,Euro,SK_CAP,Bratislava,2017,,840,,,,,
dataflow,ESTAT:PRC_COLC_RENTS(1.0),Average rent per month in cities by type of dwelling,A,Annual,FLAT2,2-bedroom flats,EUR,Euro,SK_CAP,Bratislava,2018,,860,,,,,
dataflow,ESTAT:PRC_COLC_RENTS(1.0),Average rent per month in cities by type of dwelling,A,Annual,FLAT2,2-bedroom flats,EUR,Euro,SK_CAP,Bratislava,2019,,930,,,,,
dataflow,ESTAT:PRC_COLC_RENTS(1.0),Average rent per month in cities by type of dwelling,A,Annual,FLAT2,2-bedroom flats,EUR,Euro,SK_CAP,Bratislava,2020,,950,,,,,
dataflow,ESTAT:PRC_COLC_RENTS(1.0),Average rent per month in cities by type of dwelling,A,Annual,FLAT2,2-bedroom flats,EUR,Euro,SK_CAP,Bratislava,2021,,920,,,,,
dataflow,ESTAT:PRC_COLC_RENTS(1.0),Average rent per month in cities by type of dwelling,A,Annual,FLAT2,2-bedroom flats,EUR,Euro,SK_CAP,Bratislava,2022,,990,,,,,
dataflow,ESTAT:PRC_COLC_RENTS(1.0),Average rent per month in cities by type of dwelling,A,Annual,FLAT2,2-bedroom flats,EUR,Euro,SK_CAP,Bratislava,2023,,1100,,,,,
dataflow,ESTAT:PRC_COLC_RENTS(1.0),Average rent per month in cities by type of dwelling,A,Annual,FLAT2,2-bedroom flats,EUR,Euro,SK_CAP,Bratislava,2024,,1300,,,,,
dataflow,ESTAT:PRC_COLC_RENTS(1.0),Average rent per month in cities by type of dwelling,A,Annual,FLAT2,2-bedroom flats,EUR,Euro,SK_CAP,Bratislava,2025,,1400,,,,,
dataflow,ESTAT:PRC_COLC_RENTS(1.0),Average rent per month in cities by type of dwelling,A,Annual,FLAT2,2-bedroom flats,EUR,Euro,TR_CAP,Ankara,2016,,440,,,,,
dataflow,ESTAT:PRC_COLC_RENTS(1.0),Average rent per month in cities by type of dwelling,A,Annual,FLAT2,2-bedroom flats,EUR,Euro,TR_CAP,Ankara,2017,,390,,,,,
dataflow,ESTAT:PRC_COLC_RENTS(1.0),Average rent per month in cities by type of dwelling,A,Annual,FLAT2,2-bedroom flats,EUR,Euro,TR_CAP,Ankara,2018,,330,,,,,
dataflow,ESTAT:PRC_COLC_RENTS(1.0),Average rent per month in cities by type of dwelling,A,Annual,FLAT2,2-bedroom flats,EUR,Euro,TR_CAP,Ankara,2019,,290,,,,,
dataflow,ESTAT:PRC_COLC_RENTS(1.0),Average rent per month in cities by type of dwelling,A,Annual,FLAT2,2-bedroom flats,EUR,Euro,TR_CAP,Ankara,2020,,270,,,,,
dataflow,ESTAT:PRC_COLC_RENTS(1.0),Average rent per month in cities by type of dwelling,A,Annual,FLAT2,2-bedroom flats,EUR,Euro,TR_CAP,Ankara,2021,,280,,,,,
dataflow,ESTAT:PRC_COLC_RENTS(1.0),Average rent per month in cities by type of dwelling,A,Annual,FLAT2,2-bedroom flats,EUR,Euro,TR_CAP,Ankara,2022,,260,,,,,
dataflow,ESTAT:PRC_COLC_RENTS(1.0),Average rent per month in cities by type of dwelling,A,Annual,FLAT2,2-bedroom flats,EUR,Euro,TR_CAP,Ankara,2023,,530,,,,,
dataflow,ESTAT:PRC_COLC_RENTS(1.0),Average rent per month in cities by type of dwelling,A,Annual,FLAT2,2-bedroom flats,EUR,Euro,TR_CAP,Ankara,2024,,730,,,,,
dataflow,ESTAT:PRC_COLC_RENTS(1.0),Average rent per month in cities by type of dwelling,A,Annual,FLAT2,2-bedroom flats,EUR,Euro,TR_CAP,Ankara,2025,,770,,,,,
dataflow,ESTAT:PRC_COLC_RENTS(1.0),Average rent per month in cities by type of dwelling,A,Annual,FLAT2,2-bedroom flats,EUR,Euro,UK_CAP,London,2016,,2600,,,,,
dataflow,ESTAT:PRC_COLC_RENTS(1.0),Average rent per month in cities by type of dwelling,A,Annual,FLAT2,2-bedroom flats,EUR,Euro,UK_CAP,London,2017,,2250,,,,,
dataflow,ESTAT:PRC_COLC_RENTS(1.0),Average rent per month in cities by type of dwelling,A,Annual,FLAT2,2-bedroom flats,EUR,Euro,UK_CAP,London,2018,,2250,,,,,
dataflow,ESTAT:PRC_COLC_RENTS(1.0),Average rent per month in cities by type of dwelling,A,Annual,FLAT2,2-bedroom flats,EUR,Euro,UK_CAP,London,2019,,2350,,,,,
dataflow,ESTAT:PRC_COLC_RENTS(1.0),Average rent per month in cities by type of dwelling,A,Annual,FLAT2,2-bedroom flats,EUR,Euro,UK_CAP,London,2020,,2300,,,,,
dataflow,ESTAT:PRC_COLC_RENTS(1.0),Average rent per month in cities by type of dwelling,A,Annual,FLAT2,2-bedroom flats,EUR,Euro,UK_CAP,London,2021,,2250,,,,,
dataflow,ESTAT:PRC_COLC_RENTS(1.0),Average rent per month in cities by type of dwelling,A,Annual,FLAT2,2-bedroom flats,EUR,Euro,UK_CAP,London,2022,,2700,,,,,
dataflow,ESTAT:PRC_COLC_RENTS(1.0),Average rent per month in cities by type of dwelling,A,Annual,FLAT2,2-bedroom flats,EUR,Euro,UK_CAP,London,2023,,2950,,,,,
dataflow,ESTAT:PRC_COLC_RENTS(1.0),Average rent per month in cities by type of dwelling,A,Annual,FLAT2,2-bedroom flats,EUR,Euro,UK_CAP,London,2024,,3150,,,,,
dataflow,ESTAT:PRC_COLC_RENTS(1.0),Average rent per month in cities by type of dwelling,A,Annual,FLAT2,2-bedroom flats,EUR,Euro,UK_CAP,London,2025,,3050,,,,,
dataflow,ESTAT:PRC_COLC_RENTS(1.0),Average rent per month in cities by type of dwelling,A,Annual,FLAT2,2-bedroom flats,EUR,Euro,UK_DEL,Culham,2016,,1250,,,,,
dataflow,ESTAT:PRC_COLC_RENTS(1.0),Average rent per month in cities by type of dwelling,A,Annual,FLAT2,2-bedroom flats,EUR,Euro,UK_DEL,Culham,2017,,1250,,,,,
dataflow,ESTAT:PRC_COLC_RENTS(1.0),Average rent per month in cities by type of dwelling,A,Annual,FLAT2,2-bedroom flats,EUR,Euro,UK_DEL,Culham,2018,,1200,,,,,
dataflow,ESTAT:PRC_COLC_RENTS(1.0),Average rent per month in cities by type of dwelling,A,Annual,FLAT2,2-bedroom flats,EUR,Euro,UK_DEL,Culham,2019,,1250,,,,,
dataflow,ESTAT:PRC_COLC_RENTS(1.0),Average rent per month in cities by type of dwelling,A,Annual,FLAT2,2-bedroom flats,EUR,Euro,UK_DEL,Culham,2020,,1250,,,,,
dataflow,ESTAT:PRC_COLC_RENTS(1.0),Average rent per month in cities by type of dwelling,A,Annual,FLAT2,2-bedroom flats,EUR,Euro,UK_DEL,Culham,2021,,1450,,,,,
dataflow,ESTAT:PRC_COLC_RENTS(1.0),Average rent per month in cities by type of dwelling,A,Annual,FLAT2,2-bedroom flats,EUR,Euro,XK_CAP,Prishtinë,2021,,500,,,,,
dataflow,ESTAT:PRC_COLC_RENTS(1.0),Average rent per month in cities by type of dwelling,A,Annual,FLAT2,2-bedroom flats,EUR,Euro,XK_CAP,Prishtinë,2022,,440,,,,,
dataflow,ESTAT:PRC_COLC_RENTS(1.0),Average rent per month in cities by type of dwelling,A,Annual,FLAT2,2-bedroom flats,EUR,Euro,XK_CAP,Prishtinë,2023,,420,,,,,
dataflow,ESTAT:PRC_COLC_RENTS(1.0),Average rent per month in cities by type of dwelling,A,Annual,FLAT2,2-bedroom flats,EUR,Euro,XK_CAP,Prishtinë,2024,,490,,,,,
dataflow,ESTAT:PRC_COLC_RENTS(1.0),Average rent per month in cities by type of dwelling,A,Annual,FLAT2,2-bedroom flats,EUR,Euro,XK_CAP,Prishtinë,2025,,520,,,,,
dataflow,ESTAT:PRC_COLC_RENTS(1.0),Average rent per month in cities by type of dwelling,A,Annual,FLAT2,2-bedroom flats,NAC,National currency,AL_CAP,Tiranë (Tirana),2016,,70300,,,,,
dataflow,ESTAT:PRC_COLC_RENTS(1.0),Average rent per month in cities by type of dwelling,A,Annual,FLAT2,2-bedroom flats,NAC,National currency,AL_CAP,Tiranë (Tirana),2017,,68600,,,,,
dataflow,ESTAT:PRC_COLC_RENTS(1.0),Average rent per month in cities by type of dwelling,A,Annual,FLAT2,2-bedroom flats,NAC,National currency,AL_CAP,Tiranë (Tirana),2018,,68000,,,,,
dataflow,ESTAT:PRC_COLC_RENTS(1.0),Average rent per month in cities by type of dwelling,A,Annual,FLAT2,2-bedroom flats,NAC,National currency,AL_CAP,Tiranë (Tirana),2019,,70700,,,,,
dataflow,ESTAT:PRC_COLC_RENTS(1.0),Average rent per month in cities by type of dwelling,A,Annual,FLAT2,2-bedroom flats,NAC,National currency,AL_CAP,Tiranë (Tirana),2020,,73250,,,,,
dataflow,ESTAT:PRC_COLC_RENTS(1.0),Average rent per month in cities by type of dwelling,A,Annual,FLAT2,2-bedroom flats,NAC,National currency,AL_CAP,Tiranë (Tirana),2021,,72350,,,,,
dataflow,ESTAT:PRC_COLC_RENTS(1.0),Average rent per month in cities by type of dwelling,A,Annual,FLAT2,2-bedroom flats,NAC,National currency,AL_CAP,Tiranë (Tirana),2022,,78800,,,,,
dataflow,ESTAT:PRC_COLC_RENTS(1.0),Average rent per month in cities by type of dwelling,A,Annual,FLAT2,2-bedroom flats,NAC,National currency,AL_CAP,Tiranë (Tirana),2023,,80200,,,,,
dataflow,ESTAT:PRC_COLC_RENTS(1.0),Average rent per month in cities by type of dwelling,A,Annual,FLAT2,2-bedroom flats,NAC,National currency,AL_CAP,Tiranë (Tirana),2024,,76200,,,,,
dataflow,ESTAT:PRC_COLC_RENTS(1.0),Average rent per month in cities by type of dwelling,A,Annual,FLAT2,2-bedroom flats,NAC,National currency,AL_CAP,Tiranë (Tirana),2025,,90300,,,,,
dataflow,ESTAT:PRC_COLC_RENTS(1.0),Average rent per month in cities by type of dwelling,A,Annual,FLAT2,2-bedroom flats,NAC,National currency,AT_CAP,Wien,2016,,1150,,,,,
dataflow,ESTAT:PRC_COLC_RENTS(1.0),Average rent per month in cities by type of dwelling,A,Annual,FLAT2,2-bedroom flats,NAC,National currency,AT_CAP,Wien,2017,,1300,,,,,
dataflow,ESTAT:PRC_COLC_RENTS(1.0),Average rent per month in cities by type of dwelling,A,Annual,FLAT2,2-bedroom flats,NAC,National currency,AT_CAP,Wien,2018,,1250,,,,,
dataflow,ESTAT:PRC_COLC_RENTS(1.0),Average rent per month in cities by type of dwelling,A,Annual,FLAT2,2-bedroom flats,NAC,National currency,AT_CAP,Wien,2019,,1200,,,,,
dataflow,ESTAT:PRC_COLC_RENTS(1.0),Average rent per month in cities by type of dwelling,A,Annual,FLAT2,2-bedroom flats,NAC,National currency,AT_CAP,Wien,2020,,1250,,,,,
dataflow,ESTAT:PRC_COLC_RENTS(1.0),Average rent per month in cities by type of dwelling,A,Annual,FLAT2,2-bedroom flats,NAC,National currency,AT_CAP,Wien,2021,,1350,,,,,
dataflow,ESTAT:PRC_COLC_RENTS(1.0),Average rent per month in cities by type of dwelling,A,Annual,FLAT2,2-bedroom flats,NAC,National currency,AT_CAP,Wien,2022,,1400,,,,,
dataflow,ESTAT:PRC_COLC_RENTS(1.0),Average rent per month in cities by type of dwelling,A,Annual,FLAT2,2-bedroom flats,NAC,National currency,AT_CAP,Wien,2023,,1550,,,,,
dataflow,ESTAT:PRC_COLC_RENTS(1.0),Average rent per month in cities by type of dwelling,A,Annual,FLAT2,2-bedroom flats,NAC,National currency,AT_CAP,Wien,2024,,1550,,,,,
dataflow,ESTAT:PRC_COLC_RENTS(1.0),Average rent per month in cities by type of dwelling,A,Annual,FLAT2,2-bedroom flats,NAC,National currency,AT_CAP,Wien,2025,,1600,,,,,
dataflow,ESTAT:PRC_COLC_RENTS(1.0),Average rent per month in cities by type of dwelling,A,Annual,FLAT2,2-bedroom flats,NAC,National currency,BA_CAP,Sarajevo,2016,,1150,,,,,
dataflow,ESTAT:PRC_COLC_RENTS(1.0),Average rent per month in cities by type of dwelling,A,Annual,FLAT2,2-bedroom flats,NAC,National currency,BA_CAP,Sarajevo,2017,,1050,,,,,
dataflow,ESTAT:PRC_COLC_RENTS(1.0),Average rent per month in cities by type of dwelling,A,Annual,FLAT2,2-bedroom flats,NAC,National currency,BA_CAP,Sarajevo,2018,,1050,,,,,
dataflow,ESTAT:PRC_COLC_RENTS(1.0),Average rent per month in cities by type of dwelling,A,Annual,FLAT2,2-bedroom flats,NAC,National currency,BA_CAP,Sarajevo,2019,,1150,,,,,
dataflow,ESTAT:PRC_COLC_RENTS(1.0),Average rent per month in cities by type of dwelling,A,Annual,FLAT2,2-bedroom flats,NAC,National currency,BA_CAP,Sarajevo,2020,,1150,,,,,
dataflow,ESTAT:PRC_COLC_RENTS(1.0),Average rent per month in cities by type of dwelling,A,Annual,FLAT2,2-bedroom flats,NAC,National currency,BA_CAP,Sarajevo,2021,,1100,,,,,
dataflow,ESTAT:PRC_COLC_RENTS(1.0),Average rent per month in cities by type of dwelling,A,Annual,FLAT2,2-bedroom flats,NAC,National currency,BA_CAP,Sarajevo,2022,,1500,,,,,
dataflow,ESTAT:PRC_COLC_RENTS(1.0),Average rent per month in cities by type of dwelling,A,Annual,FLAT2,2-bedroom flats,NAC,National currency,BA_CAP,Sarajevo,2023,,1700,,,,,
dataflow,ESTAT:PRC_COLC_RENTS(1.0),Average rent per month in cities by type of dwelling,A,Annual,FLAT2,2-bedroom flats,NAC,National currency,BA_CAP,Sarajevo,2024,,2100,,,,,
dataflow,ESTAT:PRC_COLC_RENTS(1.0),Average rent per month in cities by type of dwelling,A,Annual,FLAT2,2-bedroom flats,NAC,National currency,BA_CAP,Sarajevo,2025,,2200,,,,,
dataflow,ESTAT:PRC_COLC_RENTS(1.0),Average rent per month in cities by type of dwelling,A,Annual,FLAT2,2-bedroom flats,NAC,National currency,BE_CAP,Bruxelles/Brussel,2016,,1000,,,,,
dataflow,ESTAT:PRC_COLC_RENTS(1.0),Average rent per month in cities by type of dwelling,A,Annual,FLAT2,2-bedroom flats,NAC,National currency,BE_CAP,Bruxelles/Brussel,2017,,1020,,,,,
dataflow,ESTAT:PRC_COLC_RENTS(1.0),Average rent per month in cities by type of dwelling,A,Annual,FLAT2,2-bedroom flats,NAC,National currency,BE_CAP,Bruxelles/Brussel,2018,,1050,,,,,
dataflow,ESTAT:PRC_COLC_RENTS(1.0),Average rent per month in cities by type of dwelling,A,Annual,FLAT2,2-bedroom flats,NAC,National currency,BE_CAP,Bruxelles/Brussel,2019,,1060,,,,,
dataflow,ESTAT:PRC_COLC_RENTS(1.0),Average rent per month in cities by type of dwelling,A,Annual,FLAT2,2-bedroom flats,NAC,National currency,BE_CAP,Bruxelles/Brussel,2020,,1090,,,,,
dataflow,ESTAT:PRC_COLC_RENTS(1.0),Average rent per month in cities by type of dwelling,A,Annual,FLAT2,2-bedroom flats,NAC,National currency,BE_CAP,Bruxelles/Brussel,2021,,1100,,,,,
dataflow,ESTAT:PRC_COLC_RENTS(1.0),Average rent per month in cities by type of dwelling,A,Annual,FLAT2,2-bedroom flats,NAC,National currency,BE_CAP,Bruxelles/Brussel,2022,,1200,,,,,
dataflow,ESTAT:PRC_COLC_RENTS(1.0),Average rent per month in cities by type of dwelling,A,Annual,FLAT2,2-bedroom flats,NAC,National currency,BE_CAP,Bruxelles/Brussel,2023,,1300,,,,,
dataflow,ESTAT:PRC_COLC_RENTS(1.0),Average rent per month in cities by type of dwelling,A,Annual,FLAT2,2-bedroom flats,NAC,National currency,BE_CAP,Bruxelles/Brussel,2024,,1400,,,,,
dataflow,ESTAT:PRC_COLC_RENTS(1.0),Average rent per month in cities by type of dwelling,A,Annual,FLAT2,2-bedroom flats,NAC,National currency,BE_CAP,Bruxelles/Brussel,2025,,1450,,,,,
dataflow,ESTAT:PRC_COLC_RENTS(1.0),Average rent per month in cities by type of dwelling,A,Annual,FLAT2,2-bedroom flats,NAC,National currency,BG_CAP,Sofia,2016,,1100,,,,,
dataflow,ESTAT:PRC_COLC_RENTS(1.0),Average rent per month in cities by type of dwelling,A,Annual,FLAT2,2-bedroom flats,NAC,National currency,BG_CAP,Sofia,2017,,1100,,,,,
dataflow,ESTAT:PRC_COLC_RENTS(1.0),Average rent per month in cities by type of dwelling,A,Annual,FLAT2,2-bedroom flats,NAC,National currency,BG_CAP,Sofia,2018,,1100,,,,,
dataflow,ESTAT:PRC_COLC_RENTS(1.0),Average rent per month in cities by type of dwelling,A,Annual,FLAT2,2-bedroom flats,NAC,National currency,BG_CAP,Sofia,2019,,1150,,,,,
dataflow,ESTAT:PRC_COLC_RENTS(1.0),Average rent per month in cities by type of dwelling,A,Annual,FLAT2,2-bedroom flats,NAC,National currency,BG_CAP,Sofia,2020,,1150,,,,,
dataflow,ESTAT:PRC_COLC_RENTS(1.0),Average rent per month in cities by type of dwelling,A,Annual,FLAT2,2-bedroom flats,NAC,National currency,BG_CAP,Sofia,2021,,1100,,,,,
dataflow,ESTAT:PRC_COLC_RENTS(1.0),Average rent per month in cities by type of dwelling,A,Annual,FLAT2,2-bedroom flats,NAC,National currency,BG_CAP,Sofia,2022,,1150,,,,,
dataflow,ESTAT:PRC_COLC_RENTS(1.0),Average rent per month in cities by type of dwelling,A,Annual,FLAT2,2-bedroom flats,NAC,National currency,BG_CAP,Sofia,2023,,1350,,,,,
dataflow,ESTAT:PRC_COLC_RENTS(1.0),Average rent per month in cities by type of dwelling,A,Annual,FLAT2,2-bedroom flats,NAC,National currency,BG_CAP,Sofia,2024,,1550,,,,,
dataflow,ESTAT:PRC_COLC_RENTS(1.0),Average rent per month in cities by type of dwelling,A,Annual,FLAT2,2-bedroom flats,NAC,National currency,BG_CAP,Sofia,2025,,1750,,,,,
dataflow,ESTAT:PRC_COLC_RENTS(1.0),Average rent per month in cities by type of dwelling,A,Annual,FLAT2,2-bedroom flats,NAC,National currency,CH_CAP,Bern (Berne),2016,,2000,,,,,
dataflow,ESTAT:PRC_COLC_RENTS(1.0),Average rent per month in cities by type of dwelling,A,Annual,FLAT2,2-bedroom flats,NAC,National currency,CH_CAP,Bern (Berne),2017,,1850,,,,,
dataflow,ESTAT:PRC_COLC_RENTS(1.0),Average rent per month in cities by type of dwelling,A,Annual,FLAT2,2-bedroom flats,NAC,National currency,CH_CAP,Bern (Berne),2018,,1800,,,,,
dataflow,ESTAT:PRC_COLC_RENTS(1.0),Average rent per month in cities by type of dwelling,A,Annual,FLAT2,2-bedroom flats,NAC,National currency,CH_CAP,Bern (Berne),2019,,1850,,,,,
dataflow,ESTAT:PRC_COLC_RENTS(1.0),Average rent per month in cities by type of dwelling,A,Annual,FLAT2,2-bedroom flats,NAC,National currency,CH_CAP,Bern (Berne),2020,,1900,,,,,
dataflow,ESTAT:PRC_COLC_RENTS(1.0),Average rent per month in cities by type of dwelling,A,Annual,FLAT2,2-bedroom flats,NAC,National currency,CH_CAP,Bern (Berne),2021,,1950,,,,,
dataflow,ESTAT:PRC_COLC_RENTS(1.0),Average rent per month in cities by type of dwelling,A,Annual,FLAT2,2-bedroom flats,NAC,National currency,CH_CAP,Bern (Berne),2022,,1950,,,,,
dataflow,ESTAT:PRC_COLC_RENTS(1.0),Average rent per month in cities by type of dwelling,A,Annual,FLAT2,2-bedroom flats,NAC,National currency,CH_CAP,Bern (Berne),2023,,1950,,,,,
dataflow,ESTAT:PRC_COLC_RENTS(1.0),Average rent per month in cities by type of dwelling,A,Annual,FLAT2,2-bedroom flats,NAC,National currency,CH_CAP,Bern (Berne),2024,,1950,,,,,
dataflow,ESTAT:PRC_COLC_RENTS(1.0),Average rent per month in cities by type of dwelling,A,Annual,FLAT2,2-bedroom flats,NAC,National currency,CH_CAP,Bern (Berne),2025,,2000,,,,,
dataflow,ESTAT:PRC_COLC_RENTS(1.0),Average rent per month in cities by type of dwelling,A,Annual,FLAT2,2-bedroom flats,NAC,National currency,CH_DEL,Genève,2016,,2850,,,,,
dataflow,ESTAT:PRC_COLC_RENTS(1.0),Average rent per month in cities by type of dwelling,A,Annual,FLAT2,2-bedroom flats,NAC,National currency,CH_DEL,Genève,2017,,2800,,,,,
dataflow,ESTAT:PRC_COLC_RENTS(1.0),Average rent per month in cities by type of dwelling,A,Annual,FLAT2,2-bedroom flats,NAC,National currency,CH_DEL,Genève,2018,,2650,,,,,
dataflow,ESTAT:PRC_COLC_RENTS(1.0),Average rent per month in cities by type of dwelling,A,Annual,FLAT2,2-bedroom flats,NAC,National currency,CH_DEL,Genève,2019,,2700,,,,,
dataflow,ESTAT:PRC_COLC_RENTS(1.0),Average rent per month in cities by type of dwelling,A,Annual,FLAT2,2-bedroom flats,NAC,National currency,CH_DEL,Genève,2020,,2700,,,,,
dataflow,ESTAT:PRC_COLC_RENTS(1.0),Average rent per month in cities by type of dwelling,A,Annual,FLAT2,2-bedroom flats,NAC,National currency,CH_DEL,Genève,2021,,2850,,,,,
dataflow,ESTAT:PRC_COLC_RENTS(1.0),Average rent per month in cities by type of dwelling,A,Annual,FLAT2,2-bedroom flats,NAC,National currency,CH_DEL,Genève,2022,,3000,,,,,
dataflow,ESTAT:PRC_COLC_RENTS(1.0),Average rent per month in cities by type of dwelling,A,Annual,FLAT2,2-bedroom flats,NAC,National currency,CH_DEL,Genève,2023,,3000,,,,,
dataflow,ESTAT:PRC_COLC_RENTS(1.0),Average rent per month in cities by type of dwelling,A,Annual,FLAT2,2-bedroom flats,NAC,National currency,CH_DEL,Genève,2024,,3050,,,,,
dataflow,ESTAT:PRC_COLC_RENTS(1.0),Average rent per month in cities by type of dwelling,A,Annual,FLAT2,2-bedroom flats,NAC,National currency,CH_DEL,Genève,2025,,3150,,,,,
dataflow,ESTAT:PRC_COLC_RENTS(1.0),Average rent per month in cities by type of dwelling,A,Annual,FLAT2,2-bedroom flats,NAC,National currency,CY_CAP,Lefkosia,2016,,530,,,,,
dataflow,ESTAT:PRC_COLC_RENTS(1.0),Average rent per month in cities by type of dwelling,A,Annual,FLAT2,2-bedroom flats,NAC,National currency,CY_CAP,Lefkosia,2017,,560,,,,,
dataflow,ESTAT:PRC_COLC_RENTS(1.0),Average rent per month in cities by type of dwelling,A,Annual,FLAT2,2-bedroom flats,NAC,National currency,CY_CAP,Lefkosia,2018,,710,,,,,
dataflow,ESTAT:PRC_COLC_RENTS(1.0),Average rent per month in cities by type of dwelling,A,Annual,FLAT2,2-bedroom flats,NAC,National currency,CY_CAP,Lefkosia,2019,,720,,,,,
dataflow,ESTAT:PRC_COLC_RENTS(1.0),Average rent per month in cities by type of dwelling,A,Annual,FLAT2,2-bedroom flats,NAC,National currency,CY_CAP,Lefkosia,2020,,740,,,,,
dataflow,ESTAT:PRC_COLC_RENTS(1.0),Average rent per month in cities by type of dwelling,A,Annual,FLAT2,2-bedroom flats,NAC,National currency,CY_CAP,Lefkosia,2021,,700,,,,,
dataflow,ESTAT:PRC_COLC_RENTS(1.0),Average rent per month in cities by type of dwelling,A,Annual,FLAT2,2-bedroom flats,NAC,National currency,CY_CAP,Lefkosia,2022,,780,,,,,
dataflow,ESTAT:PRC_COLC_RENTS(1.0),Average rent per month in cities by type of dwelling,A,Annual,FLAT2,2-bedroom flats,NAC,National currency,CY_CAP,Lefkosia,2023,,860,,,,,
dataflow,ESTAT:PRC_COLC_RENTS(1.0),Average rent per month in cities by type of dwelling,A,Annual,FLAT2,2-bedroom flats,NAC,National currency,CY_CAP,Lefkosia,2024,,920,,,,,
dataflow,ESTAT:PRC_COLC_RENTS(1.0),Average rent per month in cities by type of dwelling,A,Annual,FLAT2,2-bedroom flats,NAC,National currency,CY_CAP,Lefkosia,2025,,910,,,,,
dataflow,ESTAT:PRC_COLC_RENTS(1.0),Average rent per month in cities by type of dwelling,A,Annual,FLAT2,2-bedroom flats,NAC,National currency,CZ_CAP,Praha,2016,,24900,,,,,
dataflow,ESTAT:PRC_COLC_RENTS(1.0),Average rent per month in cities by type of dwelling,A,Annual,FLAT2,2-bedroom flats,NAC,National currency,CZ_CAP,Praha,2017,,28300,,,,,
dataflow,ESTAT:PRC_COLC_RENTS(1.0),Average rent per month in cities by type of dwelling,A,Annual,FLAT2,2-bedroom flats,NAC,National currency,CZ_CAP,Praha,2018,,32000,,,,,
dataflow,ESTAT:PRC_COLC_RENTS(1.0),Average rent per month in cities by type of dwelling,A,Annual,FLAT2,2-bedroom flats,NAC,National currency,CZ_CAP,Praha,2019,,32800,,,,,
dataflow,ESTAT:PRC_COLC_RENTS(1.0),Average rent per month in cities by type of dwelling,A,Annual,FLAT2,2-bedroom flats,NAC,National currency,CZ_CAP,Praha,2020,,33800,,,,,
dataflow,ESTAT:PRC_COLC_RENTS(1.0),Average rent per month in cities by type of dwelling,A,Annual,FLAT2,2-bedroom flats,NAC,National currency,CZ_CAP,Praha,2021,,27800,,,,,
dataflow,ESTAT:PRC_COLC_RENTS(1.0),Average rent per month in cities by type of dwelling,A,Annual,FLAT2,2-bedroom flats,NAC,National currency,CZ_CAP,Praha,2022,,33900,,,,,
dataflow,ESTAT:PRC_COLC_RENTS(1.0),Average rent per month in cities by type of dwelling,A,Annual,FLAT2,2-bedroom flats,NAC,National currency,CZ_CAP,Praha,2023,,37250,,,,,
dataflow,ESTAT:PRC_COLC_RENTS(1.0),Average rent per month in cities by type of dwelling,A,Annual,FLAT2,2-bedroom flats,NAC,National currency,CZ_CAP,Praha,2024,,38650,,,,,
dataflow,ESTAT:PRC_COLC_RENTS(1.0),Average rent per month in cities by type of dwelling,A,Annual,FLAT2,2-bedroom flats,NAC,National currency,CZ_CAP,Praha,2025,,40350,,,,,
dataflow,ESTAT:PRC_COLC_RENTS(1.0),Average rent per month in cities by type of dwelling,A,Annual,FLAT2,2-bedroom flats,NAC,National currency,DE_CAP,Berlin,2016,,1150,,,,,
dataflow,ESTAT:PRC_COLC_RENTS(1.0),Average rent per month in cities by type of dwelling,A,Annual,FLAT2,2-bedroom flats,NAC,National currency,DE_CAP,Berlin,2017,,1200,,,,,
dataflow,ESTAT:PRC_COLC_RENTS(1.0),Average rent per month in cities by type of dwelling,A,Annual,FLAT2,2-bedroom flats,NAC,National currency,DE_CAP,Berlin,2018,,1250,,,,,
dataflow,ESTAT:PRC_COLC_RENTS(1.0),Average rent per month in cities by type of dwelling,A,Annual,FLAT2,2-bedroom flats,NAC,National currency,DE_CAP,Berlin,2019,,1350,,,,,
dataflow,ESTAT:PRC_COLC_RENTS(1.0),Average rent per month in cities by type of dwelling,A,Annual,FLAT2,2-bedroom flats,NAC,National currency,DE_CAP,Berlin,2020,,1400,,,,,
dataflow,ESTAT:PRC_COLC_RENTS(1.0),Average rent per month in cities by type of dwelling,A,Annual,FLAT2,2-bedroom flats,NAC,National currency,DE_CAP,Berlin,2021,,1400,,,,,
dataflow,ESTAT:PRC_COLC_RENTS(1.0),Average rent per month in cities by type of dwelling,A,Annual,FLAT2,2-bedroom flats,NAC,National currency,DE_CAP,Berlin,2022,,1650,,,,,
dataflow,ESTAT:PRC_COLC_RENTS(1.0),Average rent per month in cities by type of dwelling,A,Annual,FLAT2,2-bedroom flats,NAC,National currency,DE_CAP,Berlin,2023,,1600,,,,,
dataflow,ESTAT:PRC_COLC_RENTS(1.0),Average rent per month in cities by type of dwelling,A,Annual,FLAT2,2-bedroom flats,NAC,National currency,DE_CAP,Berlin,2024,,1900,,,,,
dataflow,ESTAT:PRC_COLC_RENTS(1.0),Average rent per month in cities by type of dwelling,A,Annual,FLAT2,2-bedroom flats,NAC,National currency,DE_CAP,Berlin,2025,,1750,,,,,
dataflow,ESTAT:PRC_COLC_RENTS(1.0),Average rent per month in cities by type of dwelling,A,Annual,FLAT2,2-bedroom flats,NAC,National currency,DE_DEL1,Karlsruhe,2016,,940,,,,,
dataflow,ESTAT:PRC_COLC_RENTS(1.0),Average rent per month in cities by type of dwelling,A,Annual,FLAT2,2-bedroom flats,NAC,National currency,DE_DEL1,Karlsruhe,2017,,970,,,,,
dataflow,ESTAT:PRC_COLC_RENTS(1.0),Average rent per month in cities by type of dwelling,A,Annual,FLAT2,2-bedroom flats,NAC,National currency,DE_DEL1,Karlsruhe,2018,,1000,,,,,
dataflow,ESTAT:PRC_COLC_RENTS(1.0),Average rent per month in cities by type of dwelling,A,Annual,FLAT2,2-bedroom flats,NAC,National currency,DE_DEL1,Karlsruhe,2019,,1050,,,,,
dataflow,ESTAT:PRC_COLC_RENTS(1.0),Average rent per month in cities by type of dwelling,A,Annual,FLAT2,2-bedroom flats,NAC,National currency,DE_DEL1,Karlsruhe,2020,,1100,,,,,
dataflow,ESTAT:PRC_COLC_RENTS(1.0),Average rent per month in cities by type of dwelling,A,Annual,FLAT2,2-bedroom flats,NAC,National currency,DE_DEL1,Karlsruhe,2021,,1000,,,,,
dataflow,ESTAT:PRC_COLC_RENTS(1.0),Average rent per month in cities by type of dwelling,A,Annual,FLAT2,2-bedroom flats,NAC,National currency,DE_DEL1,Karlsruhe,2022,,1050,,,,,
dataflow,ESTAT:PRC_COLC_RENTS(1.0),Average rent per month in cities by type of dwelling,A,Annual,FLAT2,2-bedroom flats,NAC,National currency,DE_DEL1,Karlsruhe,2023,,1100,,,,,
dataflow,ESTAT:PRC_COLC_RENTS(1.0),Average rent per month in cities by type of dwelling,A,Annual,FLAT2,2-bedroom flats,NAC,National currency,DE_DEL2,München,2016,,1500,,,,,
dataflow,ESTAT:PRC_COLC_RENTS(1.0),Average rent per month in cities by type of dwelling,A,Annual,FLAT2,2-bedroom flats,NAC,National currency,DE_DEL2,München,2017,,1550,,,,,
dataflow,ESTAT:PRC_COLC_RENTS(1.0),Average rent per month in cities by type of dwelling,A,Annual,FLAT2,2-bedroom flats,NAC,National currency,DE_DEL2,München,2018,,1650,,,,,
dataflow,ESTAT:PRC_COLC_RENTS(1.0),Average rent per month in cities by type of dwelling,A,Annual,FLAT2,2-bedroom flats,NAC,National currency,DE_DEL2,München,2019,,1700,,,,,
dataflow,ESTAT:PRC_COLC_RENTS(1.0),Average rent per month in cities by type of dwelling,A,Annual,FLAT2,2-bedroom flats,NAC,National currency,DE_DEL2,München,2020,,1750,,,,,
dataflow,ESTAT:PRC_COLC_RENTS(1.0),Average rent per month in cities by type of dwelling,A,Annual,FLAT2,2-bedroom flats,NAC,National currency,DE_DEL2,München,2021,,1800,,,,,
dataflow,ESTAT:PRC_COLC_RENTS(1.0),Average rent per month in cities by type of dwelling,A,Annual,FLAT2,2-bedroom flats,NAC,National currency,DE_DEL2,München,2022,,1850,,,,,
dataflow,ESTAT:PRC_COLC_RENTS(1.0),Average rent per month in cities by type of dwelling,A,Annual,FLAT2,2-bedroom flats,NAC,National currency,DE_DEL2,München,2023,,1800,,,,,
dataflow,ESTAT:PRC_COLC_RENTS(1.0),Average rent per month in cities by type of dwelling,A,Annual,FLAT2,2-bedroom flats,NAC,National currency,DE_DEL2,München,2024,,2000,,,,,
dataflow,ESTAT:PRC_COLC_RENTS(1.0),Average rent per month in cities by type of dwelling,A,Annual,FLAT2,2-bedroom flats,NAC,National currency,DE_DEL2,München,2025,,2050,,,,,
dataflow,ESTAT:PRC_COLC_RENTS(1.0),Average rent per month in cities by type of dwelling,A,Annual,FLAT2,2-bedroom flats,NAC,National currency,DE_DEL3,Bonn,2016,,920,,,,,
dataflow,ESTAT:PRC_COLC_RENTS(1.0),Average rent per month in cities by type of dwelling,A,Annual,FLAT2,2-bedroom flats,NAC,National currency,DE_DEL3,Bonn,2017,,940,,,,,
dataflow,ESTAT:PRC_COLC_RENTS(1.0),Average rent per month in cities by type of dwelling,A,Annual,FLAT2,2-bedroom flats,NAC,National currency,DE_DEL3,Bonn,2018,,970,,,,,
dataflow,ESTAT:PRC_COLC_RENTS(1.0),Average rent per month in cities by type of dwelling,A,Annual,FLAT2,2-bedroom flats,NAC,National currency,DE_DEL3,Bonn,2019,,980,,,,,
dataflow,ESTAT:PRC_COLC_RENTS(1.0),Average rent per month in cities by type of dwelling,A,Annual,FLAT2,2-bedroom flats,NAC,National currency,DE_DEL3,Bonn,2020,,1000,,,,,
dataflow,ESTAT:PRC_COLC_RENTS(1.0),Average rent per month in cities by type of dwelling,A,Annual,FLAT2,2-bedroom flats,NAC,National currency,DK_CAP,København,2016,,12400,,,,,
dataflow,ESTAT:PRC_COLC_RENTS(1.0),Average rent per month in cities by type of dwelling,A,Annual,FLAT2,2-bedroom flats,NAC,National currency,DK_CAP,København,2017,,13200,,,,,
dataflow,ESTAT:PRC_COLC_RENTS(1.0),Average rent per month in cities by type of dwelling,A,Annual,FLAT2,2-bedroom flats,NAC,National currency,DK_CAP,København,2018,,13200,,,,,
dataflow,ESTAT:PRC_COLC_RENTS(1.0),Average rent per month in cities by type of dwelling,A,Annual,FLAT2,2-bedroom flats,NAC,National currency,DK_CAP,København,2019,,14200,,,,,
dataflow,ESTAT:PRC_COLC_RENTS(1.0),Average rent per month in cities by type of dwelling,A,Annual,FLAT2,2-bedroom flats,NAC,National currency,DK_CAP,København,2020,,14300,,,,,
dataflow,ESTAT:PRC_COLC_RENTS(1.0),Average rent per month in cities by type of dwelling,A,Annual,FLAT2,2-bedroom flats,NAC,National currency,DK_CAP,København,2021,,13800,,,,,
dataflow,ESTAT:PRC_COLC_RENTS(1.0),Average rent per month in cities by type of dwelling,A,Annual,FLAT2,2-bedroom flats,NAC,National currency,DK_CAP,København,2022,,14500,,,,,
dataflow,ESTAT:PRC_COLC_RENTS(1.0),Average rent per month in cities by type of dwelling,A,Annual,FLAT2,2-bedroom flats,NAC,National currency,DK_CAP,København,2023,,14650,,,,,
dataflow,ESTAT:PRC_COLC_RENTS(1.0),Average rent per month in cities by type of dwelling,A,Annual,FLAT2,2-bedroom flats,NAC,National currency,DK_CAP,København,2024,,16000,,,,,
dataflow,ESTAT:PRC_COLC_RENTS(1.0),Average rent per month in cities by type of dwelling,A,Annual,FLAT2,2-bedroom flats,NAC,National currency,DK_CAP,København,2025,,17550,,,,,
dataflow,ESTAT:PRC_COLC_RENTS(1.0),Average rent per month in cities by type of dwelling,A,Annual,FLAT2,2-bedroom flats,NAC,National currency,EE_CAP,Tallinn,2016,,760,,,,,
dataflow,ESTAT:PRC_COLC_RENTS(1.0),Average rent per month in cities by type of dwelling,A,Annual,FLAT2,2-bedroom flats,NAC,National currency,EE_CAP,Tallinn,2017,,800,,,,,
dataflow,ESTAT:PRC_COLC_RENTS(1.0),Average rent per month in cities by type of dwelling,A,Annual,FLAT2,2-bedroom flats,NAC,National currency,EE_CAP,Tallinn,2018,,850,,,,,
dataflow,ESTAT:PRC_COLC_RENTS(1.0),Average rent per month in cities by type of dwelling,A,Annual,FLAT2,2-bedroom flats,NAC,National currency,EE_CAP,Tallinn,2019,,900,,,,,
dataflow,ESTAT:PRC_COLC_RENTS(1.0),Average rent per month in cities by type of dwelling,A,Annual,FLAT2,2-bedroom flats,NAC,National currency,EE_CAP,Tallinn,2020,,800,,,,,
dataflow,ESTAT:PRC_COLC_RENTS(1.0),Average rent per month in cities by type of dwelling,A,Annual,FLAT2,2-bedroom flats,NAC,National currency,EE_CAP,Tallinn,2021,,810,,,,,
dataflow,ESTAT:PRC_COLC_RENTS(1.0),Average rent per month in cities by type of dwelling,A,Annual,FLAT2,2-bedroom flats,NAC,National currency,EE_CAP,Tallinn,2022,,1050,,,,,
dataflow,ESTAT:PRC_COLC_RENTS(1.0),Average rent per month in cities by type of dwelling,A,Annual,FLAT2,2-bedroom flats,NAC,National currency,EE_CAP,Tallinn,2023,,1100,,,,,
dataflow,ESTAT:PRC_COLC_RENTS(1.0),Average rent per month in cities by type of dwelling,A,Annual,FLAT2,2-bedroom flats,NAC,National currency,EE_CAP,Tallinn,2024,,1050,,,,,
dataflow,ESTAT:PRC_COLC_RENTS(1.0),Average rent per month in cities by type of dwelling,A,Annual,FLAT2,2-bedroom flats,NAC,National currency,EE_CAP,Tallinn,2025,,1150,,,,,
dataflow,ESTAT:PRC_COLC_RENTS(1.0),Average rent per month in cities by type of dwelling,A,Annual,FLAT2,2-bedroom flats,NAC,National currency,EL_CAP,Athina,2016,,790,,,,,
dataflow,ESTAT:PRC_COLC_RENTS(1.0),Average rent per month in cities by type of dwelling,A,Annual,FLAT2,2-bedroom flats,NAC,National currency,EL_CAP,Athina,2017,,880,,,,,
dataflow,ESTAT:PRC_COLC_RENTS(1.0),Average rent per month in cities by type of dwelling,A,Annual,FLAT2,2-bedroom flats,NAC,National currency,EL_CAP,Athina,2018,,910,,,,,
dataflow,ESTAT:PRC_COLC_RENTS(1.0),Average rent per month in cities by type of dwelling,A,Annual,FLAT2,2-bedroom flats,NAC,National currency,EL_CAP,Athina,2019,,1000,,,,,
dataflow,ESTAT:PRC_COLC_RENTS(1.0),Average rent per month in cities by type of dwelling,A,Annual,FLAT2,2-bedroom flats,NAC,National currency,EL_CAP,Athina,2020,,1000,,,,,
dataflow,ESTAT:PRC_COLC_RENTS(1.0),Average rent per month in cities by type of dwelling,A,Annual,FLAT2,2-bedroom flats,NAC,National currency,EL_CAP,Athina,2021,,1100,,,,,
dataflow,ESTAT:PRC_COLC_RENTS(1.0),Average rent per month in cities by type of dwelling,A,Annual,FLAT2,2-bedroom flats,NAC,National currency,EL_CAP,Athina,2022,,1150,,,,,
dataflow,ESTAT:PRC_COLC_RENTS(1.0),Average rent per month in cities by type of dwelling,A,Annual,FLAT2,2-bedroom flats,NAC,National currency,EL_CAP,Athina,2023,,1300,,,,,
dataflow,ESTAT:PRC_COLC_RENTS(1.0),Average rent per month in cities by type of dwelling,A,Annual,FLAT2,2-bedroom flats,NAC,National currency,EL_CAP,Athina,2024,,1400,,,,,
dataflow,ESTAT:PRC_COLC_RENTS(1.0),Average rent per month in cities by type of dwelling,A,Annual,FLAT2,2-bedroom flats,NAC,National currency,EL_CAP,Athina,2025,,1500,,,,,
dataflow,ESTAT:PRC_COLC_RENTS(1.0),Average rent per month in cities by type of dwelling,A,Annual,FLAT2,2-bedroom flats,NAC,National currency,ES_CAP,Madrid,2016,,1000,,,,,
dataflow,ESTAT:PRC_COLC_RENTS(1.0),Average rent per month in cities by type of dwelling,A,Annual,FLAT2,2-bedroom flats,NAC,National currency,ES_CAP,Madrid,2017,,1130,,,,,
dataflow,ESTAT:PRC_COLC_RENTS(1.0),Average rent per month in cities by type of dwelling,A,Annual,FLAT2,2-bedroom flats,NAC,National currency,ES_CAP,Madrid,2018,,1300,,,,,
dataflow,ESTAT:PRC_COLC_RENTS(1.0),Average rent per month in cities by type of dwelling,A,Annual,FLAT2,2-bedroom flats,NAC,National currency,ES_CAP,Madrid,2019,,1350,,,,,
dataflow,ESTAT:PRC_COLC_RENTS(1.0),Average rent per month in cities by type of dwelling,A,Annual,FLAT2,2-bedroom flats,NAC,National currency,ES_CAP,Madrid,2020,,1350,,,,,
dataflow,ESTAT:PRC_COLC_RENTS(1.0),Average rent per month in cities by type of dwelling,A,Annual,FLAT2,2-bedroom flats,NAC,National currency,ES_CAP,Madrid,2021,,1100,,,,,
dataflow,ESTAT:PRC_COLC_RENTS(1.0),Average rent per month in cities by type of dwelling,A,Annual,FLAT2,2-bedroom flats,NAC,National currency,ES_CAP,Madrid,2022,,1350,,,,,
dataflow,ESTAT:PRC_COLC_RENTS(1.0),Average rent per month in cities by type of dwelling,A,Annual,FLAT2,2-bedroom flats,NAC,National currency,ES_CAP,Madrid,2023,,1400,,,,,
dataflow,ESTAT:PRC_COLC_RENTS(1.0),Average rent per month in cities by type of dwelling,A,Annual,FLAT2,2-bedroom flats,NAC,National currency,ES_CAP,Madrid,2024,,1550,,,,,
dataflow,ESTAT:PRC_COLC_RENTS(1.0),Average rent per month in cities by type of dwelling,A,Annual,FLAT2,2-bedroom flats,NAC,National currency,ES_CAP,Madrid,2025,,1700,,,,,
dataflow,ESTAT:PRC_COLC_RENTS(1.0),Average rent per month in cities by type of dwelling,A,Annual,FLAT2,2-bedroom flats,NAC,National currency,FI_CAP,Helsinki,2016,,1400,,,,,
dataflow,ESTAT:PRC_COLC_RENTS(1.0),Average rent per month in cities by type of dwelling,A,Annual,FLAT2,2-bedroom flats,NAC,National currency,FI_CAP,Helsinki,2017,,1450,,,,,
dataflow,ESTAT:PRC_COLC_RENTS(1.0),Average rent per month in cities by type of dwelling,A,Annual,FLAT2,2-bedroom flats,NAC,National currency,FI_CAP,Helsinki,2018,,1450,,,,,
dataflow,ESTAT:PRC_COLC_RENTS(1.0),Average rent per month in cities by type of dwelling,A,Annual,FLAT2,2-bedroom flats,NAC,National currency,FI_CAP,Helsinki,2019,,1500,,,,,
dataflow,ESTAT:PRC_COLC_RENTS(1.0),Average rent per month in cities by type of dwelling,A,Annual,FLAT2,2-bedroom flats,NAC,National currency,FI_CAP,Helsinki,2020,,1550,,,,,
dataflow,ESTAT:PRC_COLC_RENTS(1.0),Average rent per month in cities by type of dwelling,A,Annual,FLAT2,2-bedroom flats,NAC,National currency,FI_CAP,Helsinki,2021,,1500,,,,,
dataflow,ESTAT:PRC_COLC_RENTS(1.0),Average rent per month in cities by type of dwelling,A,Annual,FLAT2,2-bedroom flats,NAC,National currency,FI_CAP,Helsinki,2022,,1450,,,,,
dataflow,ESTAT:PRC_COLC_RENTS(1.0),Average rent per month in cities by type of dwelling,A,Annual,FLAT2,2-bedroom flats,NAC,National currency,FI_CAP,Helsinki,2023,,1500,,,,,
dataflow,ESTAT:PRC_COLC_RENTS(1.0),Average rent per month in cities by type of dwelling,A,Annual,FLAT2,2-bedroom flats,NAC,National currency,FI_CAP,Helsinki,2024,,1550,,,,,
dataflow,ESTAT:PRC_COLC_RENTS(1.0),Average rent per month in cities by type of dwelling,A,Annual,FLAT2,2-bedroom flats,NAC,National currency,FI_CAP,Helsinki,2025,,1550,,,,,
dataflow,ESTAT:PRC_COLC_RENTS(1.0),Average rent per month in cities by type of dwelling,A,Annual,FLAT2,2-bedroom flats,NAC,National currency,FR_CAP,Paris,2016,,1850,,,,,
dataflow,ESTAT:PRC_COLC_RENTS(1.0),Average rent per month in cities by type of dwelling,A,Annual,FLAT2,2-bedroom flats,NAC,National currency,FR_CAP,Paris,2017,,1900,,,,,
dataflow,ESTAT:PRC_COLC_RENTS(1.0),Average rent per month in cities by type of dwelling,A,Annual,FLAT2,2-bedroom flats,NAC,National currency,FR_CAP,Paris,2018,,2000,,,,,
dataflow,ESTAT:PRC_COLC_RENTS(1.0),Average rent per month in cities by type of dwelling,A,Annual,FLAT2,2-bedroom flats,NAC,National currency,FR_CAP,Paris,2019,,2200,,,,,
dataflow,ESTAT:PRC_COLC_RENTS(1.0),Average rent per month in cities by type of dwelling,A,Annual,FLAT2,2-bedroom flats,NAC,National currency,FR_CAP,Paris,2020,,2200,,,,,
dataflow,ESTAT:PRC_COLC_RENTS(1.0),Average rent per month in cities by type of dwelling,A,Annual,FLAT2,2-bedroom flats,NAC,National currency,FR_CAP,Paris,2021,,2150,,,,,
dataflow,ESTAT:PRC_COLC_RENTS(1.0),Average rent per month in cities by type of dwelling,A,Annual,FLAT2,2-bedroom flats,NAC,National currency,FR_CAP,Paris,2022,,2150,,,,,
dataflow,ESTAT:PRC_COLC_RENTS(1.0),Average rent per month in cities by type of dwelling,A,Annual,FLAT2,2-bedroom flats,NAC,National currency,FR_CAP,Paris,2023,,2200,,,,,
dataflow,ESTAT:PRC_COLC_RENTS(1.0),Average rent per month in cities by type of dwelling,A,Annual,FLAT2,2-bedroom flats,NAC,National currency,FR_CAP,Paris,2024,,2350,,,,,
dataflow,ESTAT:PRC_COLC_RENTS(1.0),Average rent per month in cities by type of dwelling,A,Annual,FLAT2,2-bedroom flats,NAC,National currency,FR_CAP,Paris,2025,,2500,,,,,
dataflow,ESTAT:PRC_COLC_RENTS(1.0),Average rent per month in cities by type of dwelling,A,Annual,FLAT2,2-bedroom flats,NAC,National currency,HR_CAP,Zagreb,2016,,6000,,,,,
dataflow,ESTAT:PRC_COLC_RENTS(1.0),Average rent per month in cities by type of dwelling,A,Annual,FLAT2,2-bedroom flats,NAC,National currency,HR_CAP,Zagreb,2017,,6600,,,,,
dataflow,ESTAT:PRC_COLC_RENTS(1.0),Average rent per month in cities by type of dwelling,A,Annual,FLAT2,2-bedroom flats,NAC,National currency,HR_CAP,Zagreb,2018,,7000,,,,,
dataflow,ESTAT:PRC_COLC_RENTS(1.0),Average rent per month in cities by type of dwelling,A,Annual,FLAT2,2-bedroom flats,NAC,National currency,HR_CAP,Zagreb,2019,,7050,,,,,
dataflow,ESTAT:PRC_COLC_RENTS(1.0),Average rent per month in cities by type of dwelling,A,Annual,FLAT2,2-bedroom flats,NAC,National currency,HR_CAP,Zagreb,2020,,7350,,,,,
dataflow,ESTAT:PRC_COLC_RENTS(1.0),Average rent per month in cities by type of dwelling,A,Annual,FLAT2,2-bedroom flats,NAC,National currency,HR_CAP,Zagreb,2021,,7850,,,,,
dataflow,ESTAT:PRC_COLC_RENTS(1.0),Average rent per month in cities by type of dwelling,A,Annual,FLAT2,2-bedroom flats,NAC,National currency,HR_CAP,Zagreb,2022,,7900,,,,,
dataflow,ESTAT:PRC_COLC_RENTS(1.0),Average rent per month in cities by type of dwelling,A,Annual,FLAT2,2-bedroom flats,NAC,National currency,HR_CAP,Zagreb,2023,,1250,,,,,
dataflow,ESTAT:PRC_COLC_RENTS(1.0),Average rent per month in cities by type of dwelling,A,Annual,FLAT2,2-bedroom flats,NAC,National currency,HR_CAP,Zagreb,2024,,1200,,,,,
dataflow,ESTAT:PRC_COLC_RENTS(1.0),Average rent per month in cities by type of dwelling,A,Annual,FLAT2,2-bedroom flats,NAC,National currency,HR_CAP,Zagreb,2025,,1550,,,,,
dataflow,ESTAT:PRC_COLC_RENTS(1.0),Average rent per month in cities by type of dwelling,A,Annual,FLAT2,2-bedroom flats,NAC,National currency,HU_CAP,Budapest,2016,,295000,,,,,
dataflow,ESTAT:PRC_COLC_RENTS(1.0),Average rent per month in cities by type of dwelling,A,Annual,FLAT2,2-bedroom flats,NAC,National currency,HU_CAP,Budapest,2017,,299500,,,,,
dataflow,ESTAT:PRC_COLC_RENTS(1.0),Average rent per month in cities by type of dwelling,A,Annual,FLAT2,2-bedroom flats,NAC,National currency,HU_CAP,Budapest,2018,,312000,,,,,
dataflow,ESTAT:PRC_COLC_RENTS(1.0),Average rent per month in cities by type of dwelling,A,Annual,FLAT2,2-bedroom flats,NAC,National currency,HU_CAP,Budapest,2019,,344000,,,,,
dataflow,ESTAT:PRC_COLC_RENTS(1.0),Average rent per month in cities by type of dwelling,A,Annual,FLAT2,2-bedroom flats,NAC,National currency,HU_CAP,Budapest,2020,,359500,,,,,
dataflow,ESTAT:PRC_COLC_RENTS(1.0),Average rent per month in cities by type of dwelling,A,Annual,FLAT2,2-bedroom flats,NAC,National currency,HU_CAP,Budapest,2021,,297500,,,,,
dataflow,ESTAT:PRC_COLC_RENTS(1.0),Average rent per month in cities by type of dwelling,A,Annual,FLAT2,2-bedroom flats,NAC,National currency,HU_CAP,Budapest,2022,,385750,,,,,
dataflow,ESTAT:PRC_COLC_RENTS(1.0),Average rent per month in cities by type of dwelling,A,Annual,FLAT2,2-bedroom flats,NAC,National currency,HU_CAP,Budapest,2023,,483900,,,,,
dataflow,ESTAT:PRC_COLC_RENTS(1.0),Average rent per month in cities by type of dwelling,A,Annual,FLAT2,2-bedroom flats,NAC,National currency,HU_CAP,Budapest,2024,,498750,,,,,
dataflow,ESTAT:PRC_COLC_RENTS(1.0),Average rent per month in cities by type of dwelling,A,Annual,FLAT2,2-bedroom flats,NAC,National currency,HU_CAP,Budapest,2025,,520250,,,,,
dataflow,ESTAT:PRC_COLC_RENTS(1.0),Average rent per month in cities by type of dwelling,A,Annual,FLAT2,2-bedroom flats,NAC,National currency,IE_CAP,Dublin,2016,,1700,,,,,
dataflow,ESTAT:PRC_COLC_RENTS(1.0),Average rent per month in cities by type of dwelling,A,Annual,FLAT2,2-bedroom flats,NAC,National currency,IE_CAP,Dublin,2017,,1900,,,,,
dataflow,ESTAT:PRC_COLC_RENTS(1.0),Average rent per month in cities by type of dwelling,A,Annual,FLAT2,2-bedroom flats,NAC,National currency,IE_CAP,Dublin,2018,,2050,,,,,
dataflow,ESTAT:PRC_COLC_RENTS(1.0),Average rent per month in cities by type of dwelling,A,Annual,FLAT2,2-bedroom flats,NAC,National currency,IE_CAP,Dublin,2019,,2150,,,,,
dataflow,ESTAT:PRC_COLC_RENTS(1.0),Average rent per month in cities by type of dwelling,A,Annual,FLAT2,2-bedroom flats,NAC,National currency,IE_CAP,Dublin,2020,,2150,,,,,
dataflow,ESTAT:PRC_COLC_RENTS(1.0),Average rent per month in cities by type of dwelling,A,Annual,FLAT2,2-bedroom flats,NAC,National currency,IE_CAP,Dublin,2021,,1950,,,,,
dataflow,ESTAT:PRC_COLC_RENTS(1.0),Average rent per month in cities by type of dwelling,A,Annual,FLAT2,2-bedroom flats,NAC,National currency,IE_CAP,Dublin,2022,,2350,,,,,
dataflow,ESTAT:PRC_COLC_RENTS(1.0),Average rent per month in cities by type of dwelling,A,Annual,FLAT2,2-bedroom flats,NAC,National currency,IE_CAP,Dublin,2023,,2550,,,,,
dataflow,ESTAT:PRC_COLC_RENTS(1.0),Average rent per month in cities by type of dwelling,A,Annual,FLAT2,2-bedroom flats,NAC,National currency,IE_CAP,Dublin,2024,,2600,,,,,
dataflow,ESTAT:PRC_COLC_RENTS(1.0),Average rent per month in cities by type of dwelling,A,Annual,FLAT2,2-bedroom flats,NAC,National currency,IE_CAP,Dublin,2025,,2650,,,,,
dataflow,ESTAT:PRC_COLC_RENTS(1.0),Average rent per month in cities by type of dwelling,A,Annual,FLAT2,2-bedroom flats,NAC,National currency,IS_CAP,Reykjavik,2016,,190000,,,,,
dataflow,ESTAT:PRC_COLC_RENTS(1.0),Average rent per month in cities by type of dwelling,A,Annual,FLAT2,2-bedroom flats,NAC,National currency,IS_CAP,Reykjavik,2017,,202000,,,,,
dataflow,ESTAT:PRC_COLC_RENTS(1.0),Average rent per month in cities by type of dwelling,A,Annual,FLAT2,2-bedroom flats,NAC,National currency,IS_CAP,Reykjavik,2018,,217000,,,,,
dataflow,ESTAT:PRC_COLC_RENTS(1.0),Average rent per month in cities by type of dwelling,A,Annual,FLAT2,2-bedroom flats,NAC,National currency,IS_CAP,Reykjavik,2019,,229000,,,,,
dataflow,ESTAT:PRC_COLC_RENTS(1.0),Average rent per month in cities by type of dwelling,A,Annual,FLAT2,2-bedroom flats,NAC,National currency,IS_CAP,Reykjavik,2020,,236500,,,,,
dataflow,ESTAT:PRC_COLC_RENTS(1.0),Average rent per month in cities by type of dwelling,A,Annual,FLAT2,2-bedroom flats,NAC,National currency,IS_CAP,Reykjavik,2021,,231500,,,,,
dataflow,ESTAT:PRC_COLC_RENTS(1.0),Average rent per month in cities by type of dwelling,A,Annual,FLAT2,2-bedroom flats,NAC,National currency,IS_CAP,Reykjavik,2022,,252800,,,,,
dataflow,ESTAT:PRC_COLC_RENTS(1.0),Average rent per month in cities by type of dwelling,A,Annual,FLAT2,2-bedroom flats,NAC,National currency,IS_CAP,Reykjavik,2023,,278300,,,,,
dataflow,ESTAT:PRC_COLC_RENTS(1.0),Average rent per month in cities by type of dwelling,A,Annual,FLAT2,2-bedroom flats,NAC,National currency,IS_CAP,Reykjavik,2024,,316450,,,,,
dataflow,ESTAT:PRC_COLC_RENTS(1.0),Average rent per month in cities by type of dwelling,A,Annual,FLAT2,2-bedroom flats,NAC,National currency,IS_CAP,Reykjavik,2025,,333150,,,,,
dataflow,ESTAT:PRC_COLC_RENTS(1.0),Average rent per month in cities by type of dwelling,A,Annual,FLAT2,2-bedroom flats,NAC,National currency,IT_CAP,Roma,2016,,1200,,,,,
dataflow,ESTAT:PRC_COLC_RENTS(1.0),Average rent per month in cities by type of dwelling,A,Annual,FLAT2,2-bedroom flats,NAC,National currency,IT_CAP,Roma,2017,,1200,,,,,
dataflow,ESTAT:PRC_COLC_RENTS(1.0),Average rent per month in cities by type of dwelling,A,Annual,FLAT2,2-bedroom flats,NAC,National currency,IT_CAP,Roma,2018,,1200,,,,,
dataflow,ESTAT:PRC_COLC_RENTS(1.0),Average rent per month in cities by type of dwelling,A,Annual,FLAT2,2-bedroom flats,NAC,National currency,IT_CAP,Roma,2019,,1250,,,,,
dataflow,ESTAT:PRC_COLC_RENTS(1.0),Average rent per month in cities by type of dwelling,A,Annual,FLAT2,2-bedroom flats,NAC,National currency,IT_CAP,Roma,2020,,1250,,,,,
dataflow,ESTAT:PRC_COLC_RENTS(1.0),Average rent per month in cities by type of dwelling,A,Annual,FLAT2,2-bedroom flats,NAC,National currency,IT_CAP,Roma,2021,,1200,,,,,
dataflow,ESTAT:PRC_COLC_RENTS(1.0),Average rent per month in cities by type of dwelling,A,Annual,FLAT2,2-bedroom flats,NAC,National currency,IT_CAP,Roma,2022,,1200,,,,,
dataflow,ESTAT:PRC_COLC_RENTS(1.0),Average rent per month in cities by type of dwelling,A,Annual,FLAT2,2-bedroom flats,NAC,National currency,IT_CAP,Roma,2023,,1200,,,,,
dataflow,ESTAT:PRC_COLC_RENTS(1.0),Average rent per month in cities by type of dwelling,A,Annual,FLAT2,2-bedroom flats,NAC,National currency,IT_CAP,Roma,2024,,1300,,,,,
dataflow,ESTAT:PRC_COLC_RENTS(1.0),Average rent per month in cities by type of dwelling,A,Annual,FLAT2,2-bedroom flats,NAC,National currency,IT_CAP,Roma,2025,,1650,,,,,
dataflow,ESTAT:PRC_COLC_RENTS(1.0),Average rent per month in cities by type of dwelling,A,Annual,FLAT2,2-bedroom flats,NAC,National currency,IT_DEL,Varese,2016,,690,,,,,
dataflow,ESTAT:PRC_COLC_RENTS(1.0),Average rent per month in cities by type of dwelling,A,Annual,FLAT2,2-bedroom flats,NAC,National currency,IT_DEL,Varese,2017,,730,,,,,
dataflow,ESTAT:PRC_COLC_RENTS(1.0),Average rent per month in cities by type of dwelling,A,Annual,FLAT2,2-bedroom flats,NAC,National currency,IT_DEL,Varese,2018,,740,,,,,
dataflow,ESTAT:PRC_COLC_RENTS(1.0),Average rent per month in cities by type of dwelling,A,Annual,FLAT2,2-bedroom flats,NAC,National currency,IT_DEL,Varese,2019,,750,,,,,
dataflow,ESTAT:PRC_COLC_RENTS(1.0),Average rent per month in cities by type of dwelling,A,Annual,FLAT2,2-bedroom flats,NAC,National currency,IT_DEL,Varese,2020,,750,,,,,
dataflow,ESTAT:PRC_COLC_RENTS(1.0),Average rent per month in cities by type of dwelling,A,Annual,FLAT2,2-bedroom flats,NAC,National currency,IT_DEL,Varese,2021,,740,,,,,
dataflow,ESTAT:PRC_COLC_RENTS(1.0),Average rent per month in cities by type of dwelling,A,Annual,FLAT2,2-bedroom flats,NAC,National currency,IT_DEL,Varese,2022,,810,,,,,
dataflow,ESTAT:PRC_COLC_RENTS(1.0),Average rent per month in cities by type of dwelling,A,Annual,FLAT2,2-bedroom flats,NAC,National currency,IT_DEL,Varese,2023,,820,,,,,
dataflow,ESTAT:PRC_COLC_RENTS(1.0),Average rent per month in cities by type of dwelling,A,Annual,FLAT2,2-bedroom flats,NAC,National currency,IT_DEL,Varese,2024,,910,,,,,
dataflow,ESTAT:PRC_COLC_RENTS(1.0),Average rent per month in cities by type of dwelling,A,Annual,FLAT2,2-bedroom flats,NAC,National currency,IT_DEL,Varese,2025,,980,,,,,
dataflow,ESTAT:PRC_COLC_RENTS(1.0),Average rent per month in cities by type of dwelling,A,Annual,FLAT2,2-bedroom flats,NAC,National currency,LT_CAP,Vilnius,2016,,730,,,,,
dataflow,ESTAT:PRC_COLC_RENTS(1.0),Average rent per month in cities by type of dwelling,A,Annual,FLAT2,2-bedroom flats,NAC,National currency,LT_CAP,Vilnius,2017,,730,,,,,
dataflow,ESTAT:PRC_COLC_RENTS(1.0),Average rent per month in cities by type of dwelling,A,Annual,FLAT2,2-bedroom flats,NAC,National currency,LT_CAP,Vilnius,2018,,820,,,,,
dataflow,ESTAT:PRC_COLC_RENTS(1.0),Average rent per month in cities by type of dwelling,A,Annual,FLAT2,2-bedroom flats,NAC,National currency,LT_CAP,Vilnius,2019,,820,,,,,
dataflow,ESTAT:PRC_COLC_RENTS(1.0),Average rent per month in cities by type of dwelling,A,Annual,FLAT2,2-bedroom flats,NAC,National currency,LT_CAP,Vilnius,2020,,830,,,,,
dataflow,ESTAT:PRC_COLC_RENTS(1.0),Average rent per month in cities by type of dwelling,A,Annual,FLAT2,2-bedroom flats,NAC,National currency,LT_CAP,Vilnius,2021,,870,,,,,
dataflow,ESTAT:PRC_COLC_RENTS(1.0),Average rent per month in cities by type of dwelling,A,Annual,FLAT2,2-bedroom flats,NAC,National currency,LT_CAP,Vilnius,2022,,1250,,,,,
dataflow,ESTAT:PRC_COLC_RENTS(1.0),Average rent per month in cities by type of dwelling,A,Annual,FLAT2,2-bedroom flats,NAC,National currency,LT_CAP,Vilnius,2023,,1050,,,,,
dataflow,ESTAT:PRC_COLC_RENTS(1.0),Average rent per month in cities by type of dwelling,A,Annual,FLAT2,2-bedroom flats,NAC,National currency,LT_CAP,Vilnius,2024,,1150,,,,,
dataflow,ESTAT:PRC_COLC_RENTS(1.0),Average rent per month in cities by type of dwelling,A,Annual,FLAT2,2-bedroom flats,NAC,National currency,LT_CAP,Vilnius,2025,,1200,,,,,
dataflow,ESTAT:PRC_COLC_RENTS(1.0),Average rent per month in cities by type of dwelling,A,Annual,FLAT2,2-bedroom flats,NAC,National currency,LU_CAP,Luxembourg,2016,,2050,,,,,
dataflow,ESTAT:PRC_COLC_RENTS(1.0),Average rent per month in cities by type of dwelling,A,Annual,FLAT2,2-bedroom flats,NAC,National currency,LU_CAP,Luxembourg,2017,,1800,,,,,
dataflow,ESTAT:PRC_COLC_RENTS(1.0),Average rent per month in cities by type of dwelling,A,Annual,FLAT2,2-bedroom flats,NAC,National currency,LU_CAP,Luxembourg,2018,,1950,,,,,
dataflow,ESTAT:PRC_COLC_RENTS(1.0),Average rent per month in cities by type of dwelling,A,Annual,FLAT2,2-bedroom flats,NAC,National currency,LU_CAP,Luxembourg,2019,,2100,,,,,
dataflow,ESTAT:PRC_COLC_RENTS(1.0),Average rent per month in cities by type of dwelling,A,Annual,FLAT2,2-bedroom flats,NAC,National currency,LU_CAP,Luxembourg,2020,,2100,,,,,
dataflow,ESTAT:PRC_COLC_RENTS(1.0),Average rent per month in cities by type of dwelling,A,Annual,FLAT2,2-bedroom flats,NAC,National currency,LU_CAP,Luxembourg,2021,,2150,,,,,
dataflow,ESTAT:PRC_COLC_RENTS(1.0),Average rent per month in cities by type of dwelling,A,Annual,FLAT2,2-bedroom flats,NAC,National currency,LU_CAP,Luxembourg,2022,,2350,,,,,
dataflow,ESTAT:PRC_COLC_RENTS(1.0),Average rent per month in cities by type of dwelling,A,Annual,FLAT2,2-bedroom flats,NAC,National currency,LU_CAP,Luxembourg,2023,,2400,,,,,
dataflow,ESTAT:PRC_COLC_RENTS(1.0),Average rent per month in cities by type of dwelling,A,Annual,FLAT2,2-bedroom flats,NAC,National currency,LU_CAP,Luxembourg,2024,,2450,,,,,
dataflow,ESTAT:PRC_COLC_RENTS(1.0),Average rent per month in cities by type of dwelling,A,Annual,FLAT2,2-bedroom flats,NAC,National currency,LU_CAP,Luxembourg,2025,,2350,,,,,
dataflow,ESTAT:PRC_COLC_RENTS(1.0),Average rent per month in cities by type of dwelling,A,Annual,FLAT2,2-bedroom flats,NAC,National currency,LV_CAP,Riga,2016,,850,,,,,
dataflow,ESTAT:PRC_COLC_RENTS(1.0),Average rent per month in cities by type of dwelling,A,Annual,FLAT2,2-bedroom flats,NAC,National currency,LV_CAP,Riga,2017,,830,,,,,
dataflow,ESTAT:PRC_COLC_RENTS(1.0),Average rent per month in cities by type of dwelling,A,Annual,FLAT2,2-bedroom flats,NAC,National currency,LV_CAP,Riga,2018,,860,,,,,
dataflow,ESTAT:PRC_COLC_RENTS(1.0),Average rent per month in cities by type of dwelling,A,Annual,FLAT2,2-bedroom flats,NAC,National currency,LV_CAP,Riga,2019,,890,,,,,
dataflow,ESTAT:PRC_COLC_RENTS(1.0),Average rent per month in cities by type of dwelling,A,Annual,FLAT2,2-bedroom flats,NAC,National currency,LV_CAP,Riga,2020,,840,,,,,
dataflow,ESTAT:PRC_COLC_RENTS(1.0),Average rent per month in cities by type of dwelling,A,Annual,FLAT2,2-bedroom flats,NAC,National currency,LV_CAP,Riga,2021,,930,,,,,
dataflow,ESTAT:PRC_COLC_RENTS(1.0),Average rent per month in cities by type of dwelling,A,Annual,FLAT2,2-bedroom flats,NAC,National currency,LV_CAP,Riga,2022,,1050,,,,,
dataflow,ESTAT:PRC_COLC_RENTS(1.0),Average rent per month in cities by type of dwelling,A,Annual,FLAT2,2-bedroom flats,NAC,National currency,LV_CAP,Riga,2023,,1050,,,,,
dataflow,ESTAT:PRC_COLC_RENTS(1.0),Average rent per month in cities by type of dwelling,A,Annual,FLAT2,2-bedroom flats,NAC,National currency,LV_CAP,Riga,2024,,1050,,,,,
dataflow,ESTAT:PRC_COLC_RENTS(1.0),Average rent per month in cities by type of dwelling,A,Annual,FLAT2,2-bedroom flats,NAC,National currency,LV_CAP,Riga,2025,,1150,,,,,
dataflow,ESTAT:PRC_COLC_RENTS(1.0),Average rent per month in cities by type of dwelling,A,Annual,FLAT2,2-bedroom flats,NAC,National currency,ME_CAP,Podgorica,2016,,640,,,,,
dataflow,ESTAT:PRC_COLC_RENTS(1.0),Average rent per month in cities by type of dwelling,A,Annual,FLAT2,2-bedroom flats,NAC,National currency,ME_CAP,Podgorica,2017,,630,,,,,
dataflow,ESTAT:PRC_COLC_RENTS(1.0),Average rent per month in cities by type of dwelling,A,Annual,FLAT2,2-bedroom flats,NAC,National currency,ME_CAP,Podgorica,2018,,620,,,,,
dataflow,ESTAT:PRC_COLC_RENTS(1.0),Average rent per month in cities by type of dwelling,A,Annual,FLAT2,2-bedroom flats,NAC,National currency,ME_CAP,Podgorica,2019,,600,,,,,
dataflow,ESTAT:PRC_COLC_RENTS(1.0),Average rent per month in cities by type of dwelling,A,Annual,FLAT2,2-bedroom flats,NAC,National currency,ME_CAP,Podgorica,2020,,600,,,,,
dataflow,ESTAT:PRC_COLC_RENTS(1.0),Average rent per month in cities by type of dwelling,A,Annual,FLAT2,2-bedroom flats,NAC,National currency,ME_CAP,Podgorica,2021,,530,,,,,
dataflow,ESTAT:PRC_COLC_RENTS(1.0),Average rent per month in cities by type of dwelling,A,Annual,FLAT2,2-bedroom flats,NAC,National currency,ME_CAP,Podgorica,2022,,630,,,,,
dataflow,ESTAT:PRC_COLC_RENTS(1.0),Average rent per month in cities by type of dwelling,A,Annual,FLAT2,2-bedroom flats,NAC,National currency,ME_CAP,Podgorica,2023,,730,,,,,
dataflow,ESTAT:PRC_COLC_RENTS(1.0),Average rent per month in cities by type of dwelling,A,Annual,FLAT2,2-bedroom flats,NAC,National currency,ME_CAP,Podgorica,2024,,820,,,,,
dataflow,ESTAT:PRC_COLC_RENTS(1.0),Average rent per month in cities by type of dwelling,A,Annual,FLAT2,2-bedroom flats,NAC,National currency,ME_CAP,Podgorica,2025,,840,,,,,
dataflow,ESTAT:PRC_COLC_RENTS(1.0),Average rent per month in cities by type of dwelling,A,Annual,FLAT2,2-bedroom flats,NAC,National currency,MK_CAP,Skopje,2016,,19100,,,,,
dataflow,ESTAT:PRC_COLC_RENTS(1.0),Average rent per month in cities by type of dwelling,A,Annual,FLAT2,2-bedroom flats,NAC,National currency,MK_CAP,Skopje,2017,,20400,,,,,
dataflow,ESTAT:PRC_COLC_RENTS(1.0),Average rent per month in cities by type of dwelling,A,Annual,FLAT2,2-bedroom flats,NAC,National currency,MK_CAP,Skopje,2018,,19100,,,,,
dataflow,ESTAT:PRC_COLC_RENTS(1.0),Average rent per month in cities by type of dwelling,A,Annual,FLAT2,2-bedroom flats,NAC,National currency,MK_CAP,Skopje,2019,,22100,,,,,
dataflow,ESTAT:PRC_COLC_RENTS(1.0),Average rent per month in cities by type of dwelling,A,Annual,FLAT2,2-bedroom flats,NAC,National currency,MK_CAP,Skopje,2020,,22200,,,,,
dataflow,ESTAT:PRC_COLC_RENTS(1.0),Average rent per month in cities by type of dwelling,A,Annual,FLAT2,2-bedroom flats,NAC,National currency,MK_CAP,Skopje,2021,,21000,,,,,
dataflow,ESTAT:PRC_COLC_RENTS(1.0),Average rent per month in cities by type of dwelling,A,Annual,FLAT2,2-bedroom flats,NAC,National currency,MK_CAP,Skopje,2022,,21000,,,,,
dataflow,ESTAT:PRC_COLC_RENTS(1.0),Average rent per month in cities by type of dwelling,A,Annual,FLAT2,2-bedroom flats,NAC,National currency,MK_CAP,Skopje,2023,,23400,,,,,
dataflow,ESTAT:PRC_COLC_RENTS(1.0),Average rent per month in cities by type of dwelling,A,Annual,FLAT2,2-bedroom flats,NAC,National currency,MK_CAP,Skopje,2024,,25200,,,,,
dataflow,ESTAT:PRC_COLC_RENTS(1.0),Average rent per month in cities by type of dwelling,A,Annual,FLAT2,2-bedroom flats,NAC,National currency,MK_CAP,Skopje,2025,,28900,,,,,
dataflow,ESTAT:PRC_COLC_RENTS(1.0),Average rent per month in cities by type of dwelling,A,Annual,FLAT2,2-bedroom flats,NAC,National currency,MT_CAP,Valletta,2016,,950,,,,,
dataflow,ESTAT:PRC_COLC_RENTS(1.0),Average rent per month in cities by type of dwelling,A,Annual,FLAT2,2-bedroom flats,NAC,National currency,MT_CAP,Valletta,2017,,990,,,,,
dataflow,ESTAT:PRC_COLC_RENTS(1.0),Average rent per month in cities by type of dwelling,A,Annual,FLAT2,2-bedroom flats,NAC,National currency,MT_CAP,Valletta,2018,,1100,,,,,
dataflow,ESTAT:PRC_COLC_RENTS(1.0),Average rent per month in cities by type of dwelling,A,Annual,FLAT2,2-bedroom flats,NAC,National currency,MT_CAP,Valletta,2019,,1100,,,,,
dataflow,ESTAT:PRC_COLC_RENTS(1.0),Average rent per month in cities by type of dwelling,A,Annual,FLAT2,2-bedroom flats,NAC,National currency,MT_CAP,Valletta,2020,,1200,,,,,
dataflow,ESTAT:PRC_COLC_RENTS(1.0),Average rent per month in cities by type of dwelling,A,Annual,FLAT2,2-bedroom flats,NAC,National currency,MT_CAP,Valletta,2021,,970,,,,,
dataflow,ESTAT:PRC_COLC_RENTS(1.0),Average rent per month in cities by type of dwelling,A,Annual,FLAT2,2-bedroom flats,NAC,National currency,MT_CAP,Valletta,2022,,1100,,,,,
dataflow,ESTAT:PRC_COLC_RENTS(1.0),Average rent per month in cities by type of dwelling,A,Annual,FLAT2,2-bedroom flats,NAC,National currency,MT_CAP,Valletta,2023,,1250,,,,,
dataflow,ESTAT:PRC_COLC_RENTS(1.0),Average rent per month in cities by type of dwelling,A,Annual,FLAT2,2-bedroom flats,NAC,National currency,MT_CAP,Valletta,2024,,1300,,,,,
dataflow,ESTAT:PRC_COLC_RENTS(1.0),Average rent per month in cities by type of dwelling,A,Annual,FLAT2,2-bedroom flats,NAC,National currency,MT_CAP,Valletta,2025,,1400,,,,,
dataflow,ESTAT:PRC_COLC_RENTS(1.0),Average rent per month in cities by type of dwelling,A,Annual,FLAT2,2-bedroom flats,NAC,National currency,NL_DEL,Den Haag,2016,,1450,,,,,
dataflow,ESTAT:PRC_COLC_RENTS(1.0),Average rent per month in cities by type of dwelling,A,Annual,FLAT2,2-bedroom flats,NAC,National currency,NL_DEL,Den Haag,2017,,1400,,,,,
dataflow,ESTAT:PRC_COLC_RENTS(1.0),Average rent per month in cities by type of dwelling,A,Annual,FLAT2,2-bedroom flats,NAC,National currency,NL_DEL,Den Haag,2018,,1400,,,,,
dataflow,ESTAT:PRC_COLC_RENTS(1.0),Average rent per month in cities by type of dwelling,A,Annual,FLAT2,2-bedroom flats,NAC,National currency,NL_DEL,Den Haag,2019,,1450,,,,,
dataflow,ESTAT:PRC_COLC_RENTS(1.0),Average rent per month in cities by type of dwelling,A,Annual,FLAT2,2-bedroom flats,NAC,National currency,NL_DEL,Den Haag,2020,,1500,,,,,
dataflow,ESTAT:PRC_COLC_RENTS(1.0),Average rent per month in cities by type of dwelling,A,Annual,FLAT2,2-bedroom flats,NAC,National currency,NL_DEL,Den Haag,2021,,1450,,,,,
dataflow,ESTAT:PRC_COLC_RENTS(1.0),Average rent per month in cities by type of dwelling,A,Annual,FLAT2,2-bedroom flats,NAC,National currency,NL_DEL,Den Haag,2022,,1500,,,,,
dataflow,ESTAT:PRC_COLC_RENTS(1.0),Average rent per month in cities by type of dwelling,A,Annual,FLAT2,2-bedroom flats,NAC,National currency,NL_DEL,Den Haag,2023,,1650,,,,,
dataflow,ESTAT:PRC_COLC_RENTS(1.0),Average rent per month in cities by type of dwelling,A,Annual,FLAT2,2-bedroom flats,NAC,National currency,NL_DEL,Den Haag,2024,,1750,,,,,
dataflow,ESTAT:PRC_COLC_RENTS(1.0),Average rent per month in cities by type of dwelling,A,Annual,FLAT2,2-bedroom flats,NAC,National currency,NL_DEL,Den Haag,2025,,2150,,,,,
dataflow,ESTAT:PRC_COLC_RENTS(1.0),Average rent per month in cities by type of dwelling,A,Annual,FLAT2,2-bedroom flats,NAC,National currency,NO_CAP,Oslo,2016,,16900,,,,,
dataflow,ESTAT:PRC_COLC_RENTS(1.0),Average rent per month in cities by type of dwelling,A,Annual,FLAT2,2-bedroom flats,NAC,National currency,NO_CAP,Oslo,2017,,18100,,,,,
dataflow,ESTAT:PRC_COLC_RENTS(1.0),Average rent per month in cities by type of dwelling,A,Annual,FLAT2,2-bedroom flats,NAC,National currency,NO_CAP,Oslo,2018,,18400,,,,,
dataflow,ESTAT:PRC_COLC_RENTS(1.0),Average rent per month in cities by type of dwelling,A,Annual,FLAT2,2-bedroom flats,NAC,National currency,NO_CAP,Oslo,2019,,19400,,,,,
dataflow,ESTAT:PRC_COLC_RENTS(1.0),Average rent per month in cities by type of dwelling,A,Annual,FLAT2,2-bedroom flats,NAC,National currency,NO_CAP,Oslo,2020,,19600,,,,,
dataflow,ESTAT:PRC_COLC_RENTS(1.0),Average rent per month in cities by type of dwelling,A,Annual,FLAT2,2-bedroom flats,NAC,National currency,NO_CAP,Oslo,2021,,19300,,,,,
dataflow,ESTAT:PRC_COLC_RENTS(1.0),Average rent per month in cities by type of dwelling,A,Annual,FLAT2,2-bedroom flats,NAC,National currency,NO_CAP,Oslo,2022,,21450,,,,,
dataflow,ESTAT:PRC_COLC_RENTS(1.0),Average rent per month in cities by type of dwelling,A,Annual,FLAT2,2-bedroom flats,NAC,National currency,NO_CAP,Oslo,2023,,23900,,,,,
dataflow,ESTAT:PRC_COLC_RENTS(1.0),Average rent per month in cities by type of dwelling,A,Annual,FLAT2,2-bedroom flats,NAC,National currency,NO_CAP,Oslo,2024,,24450,,,,,
dataflow,ESTAT:PRC_COLC_RENTS(1.0),Average rent per month in cities by type of dwelling,A,Annual,FLAT2,2-bedroom flats,NAC,National currency,NO_CAP,Oslo,2025,,29900,,,,,
dataflow,ESTAT:PRC_COLC_RENTS(1.0),Average rent per month in cities by type of dwelling,A,Annual,FLAT2,2-bedroom flats,NAC,National currency,PL_CAP,Warszawa,2016,,4200,,,,,
dataflow,ESTAT:PRC_COLC_RENTS(1.0),Average rent per month in cities by type of dwelling,A,Annual,FLAT2,2-bedroom flats,NAC,National currency,PL_CAP,Warszawa,2017,,4300,,,,,
dataflow,ESTAT:PRC_COLC_RENTS(1.0),Average rent per month in cities by type of dwelling,A,Annual,FLAT2,2-bedroom flats,NAC,National currency,PL_CAP,Warszawa,2018,,4000,,,,,
dataflow,ESTAT:PRC_COLC_RENTS(1.0),Average rent per month in cities by type of dwelling,A,Annual,FLAT2,2-bedroom flats,NAC,National currency,PL_CAP,Warszawa,2019,,3550,,,,,
dataflow,ESTAT:PRC_COLC_RENTS(1.0),Average rent per month in cities by type of dwelling,A,Annual,FLAT2,2-bedroom flats,NAC,National currency,PL_CAP,Warszawa,2020,,3750,,,,,
dataflow,ESTAT:PRC_COLC_RENTS(1.0),Average rent per month in cities by type of dwelling,A,Annual,FLAT2,2-bedroom flats,NAC,National currency,PL_CAP,Warszawa,2021,,3550,,,,,
dataflow,ESTAT:PRC_COLC_RENTS(1.0),Average rent per month in cities by type of dwelling,A,Annual,FLAT2,2-bedroom flats,NAC,National currency,PL_CAP,Warszawa,2022,,4100,,,,,
dataflow,ESTAT:PRC_COLC_RENTS(1.0),Average rent per month in cities by type of dwelling,A,Annual,FLAT2,2-bedroom flats,NAC,National currency,PL_CAP,Warszawa,2023,,4700,,,,,
dataflow,ESTAT:PRC_COLC_RENTS(1.0),Average rent per month in cities by type of dwelling,A,Annual,FLAT2,2-bedroom flats,NAC,National currency,PL_CAP,Warszawa,2024,,5200,,,,,
dataflow,ESTAT:PRC_COLC_RENTS(1.0),Average rent per month in cities by type of dwelling,A,Annual,FLAT2,2-bedroom flats,NAC,National currency,PL_CAP,Warszawa,2025,,5450,,,,,
dataflow,ESTAT:PRC_COLC_RENTS(1.0),Average rent per month in cities by type of dwelling,A,Annual,FLAT2,2-bedroom flats,NAC,National currency,PT_CAP,Lisboa,2016,,1000,,,,,
dataflow,ESTAT:PRC_COLC_RENTS(1.0),Average rent per month in cities by type of dwelling,A,Annual,FLAT2,2-bedroom flats,NAC,National currency,PT_CAP,Lisboa,2017,,1150,,,,,
dataflow,ESTAT:PRC_COLC_RENTS(1.0),Average rent per month in cities by type of dwelling,A,Annual,FLAT2,2-bedroom flats,NAC,National currency,PT_CAP,Lisboa,2018,,1500,,,,,
dataflow,ESTAT:PRC_COLC_RENTS(1.0),Average rent per month in cities by type of dwelling,A,Annual,FLAT2,2-bedroom flats,NAC,National currency,PT_CAP,Lisboa,2019,,1500,,,,,
dataflow,ESTAT:PRC_COLC_RENTS(1.0),Average rent per month in cities by type of dwelling,A,Annual,FLAT2,2-bedroom flats,NAC,National currency,PT_CAP,Lisboa,2020,,1500,,,,,
dataflow,ESTAT:PRC_COLC_RENTS(1.0),Average rent per month in cities by type of dwelling,A,Annual,FLAT2,2-bedroom flats,NAC,National currency,PT_CAP,Lisboa,2021,,1400,,,,,
dataflow,ESTAT:PRC_COLC_RENTS(1.0),Average rent per month in cities by type of dwelling,A,Annual,FLAT2,2-bedroom flats,NAC,National currency,PT_CAP,Lisboa,2022,,1750,,,,,
dataflow,ESTAT:PRC_COLC_RENTS(1.0),Average rent per month in cities by type of dwelling,A,Annual,FLAT2,2-bedroom flats,NAC,National currency,PT_CAP,Lisboa,2023,,1850,,,,,
dataflow,ESTAT:PRC_COLC_RENTS(1.0),Average rent per month in cities by type of dwelling,A,Annual,FLAT2,2-bedroom flats,NAC,National currency,PT_CAP,Lisboa,2024,,1650,,,,,
dataflow,ESTAT:PRC_COLC_RENTS(1.0),Average rent per month in cities by type of dwelling,A,Annual,FLAT2,2-bedroom flats,NAC,National currency,PT_CAP,Lisboa,2025,,1750,,,,,
dataflow,ESTAT:PRC_COLC_RENTS(1.0),Average rent per month in cities by type of dwelling,A,Annual,FLAT2,2-bedroom flats,NAC,National currency,RO_CAP,Bucuresti,2016,,3250,,,,,
dataflow,ESTAT:PRC_COLC_RENTS(1.0),Average rent per month in cities by type of dwelling,A,Annual,FLAT2,2-bedroom flats,NAC,National currency,RO_CAP,Bucuresti,2017,,3550,,,,,
dataflow,ESTAT:PRC_COLC_RENTS(1.0),Average rent per month in cities by type of dwelling,A,Annual,FLAT2,2-bedroom flats,NAC,National currency,RO_CAP,Bucuresti,2018,,4000,,,,,
dataflow,ESTAT:PRC_COLC_RENTS(1.0),Average rent per month in cities by type of dwelling,A,Annual,FLAT2,2-bedroom flats,NAC,National currency,RO_CAP,Bucuresti,2019,,3950,,,,,
dataflow,ESTAT:PRC_COLC_RENTS(1.0),Average rent per month in cities by type of dwelling,A,Annual,FLAT2,2-bedroom flats,NAC,National currency,RO_CAP,Bucuresti,2020,,4150,,,,,
dataflow,ESTAT:PRC_COLC_RENTS(1.0),Average rent per month in cities by type of dwelling,A,Annual,FLAT2,2-bedroom flats,NAC,National currency,RO_CAP,Bucuresti,2021,,3600,,,,,
dataflow,ESTAT:PRC_COLC_RENTS(1.0),Average rent per month in cities by type of dwelling,A,Annual,FLAT2,2-bedroom flats,NAC,National currency,RO_CAP,Bucuresti,2022,,4050,,,,,
dataflow,ESTAT:PRC_COLC_RENTS(1.0),Average rent per month in cities by type of dwelling,A,Annual,FLAT2,2-bedroom flats,NAC,National currency,RO_CAP,Bucuresti,2023,,4450,,,,,
dataflow,ESTAT:PRC_COLC_RENTS(1.0),Average rent per month in cities by type of dwelling,A,Annual,FLAT2,2-bedroom flats,NAC,National currency,RO_CAP,Bucuresti,2024,,4400,,,,,
dataflow,ESTAT:PRC_COLC_RENTS(1.0),Average rent per month in cities by type of dwelling,A,Annual,FLAT2,2-bedroom flats,NAC,National currency,RO_CAP,Bucuresti,2025,,4750,,,,,
dataflow,ESTAT:PRC_COLC_RENTS(1.0),Average rent per month in cities by type of dwelling,A,Annual,FLAT2,2-bedroom flats,NAC,National currency,RS_CAP,Beograd (Belgrade),2016,,108000,,,,,
dataflow,ESTAT:PRC_COLC_RENTS(1.0),Average rent per month in cities by type of dwelling,A,Annual,FLAT2,2-bedroom flats,NAC,National currency,RS_CAP,Beograd (Belgrade),2017,,105500,,,,,
dataflow,ESTAT:PRC_COLC_RENTS(1.0),Average rent per month in cities by type of dwelling,A,Annual,FLAT2,2-bedroom flats,NAC,National currency,RS_CAP,Beograd (Belgrade),2018,,113500,,,,,
dataflow,ESTAT:PRC_COLC_RENTS(1.0),Average rent per month in cities by type of dwelling,A,Annual,FLAT2,2-bedroom flats,NAC,National currency,RS_CAP,Beograd (Belgrade),2019,,116500,,,,,
dataflow,ESTAT:PRC_COLC_RENTS(1.0),Average rent per month in cities by type of dwelling,A,Annual,FLAT2,2-bedroom flats,NAC,National currency,RS_CAP,Beograd (Belgrade),2020,,117600,,,,,
dataflow,ESTAT:PRC_COLC_RENTS(1.0),Average rent per month in cities by type of dwelling,A,Annual,FLAT2,2-bedroom flats,NAC,National currency,RS_CAP,Beograd (Belgrade),2021,,111700,,,,,
dataflow,ESTAT:PRC_COLC_RENTS(1.0),Average rent per month in cities by type of dwelling,A,Annual,FLAT2,2-bedroom flats,NAC,National currency,RS_CAP,Beograd (Belgrade),2022,,146800,,,,,
dataflow,ESTAT:PRC_COLC_RENTS(1.0),Average rent per month in cities by type of dwelling,A,Annual,FLAT2,2-bedroom flats,NAC,National currency,RS_CAP,Beograd (Belgrade),2023,,170050,,,,,
dataflow,ESTAT:PRC_COLC_RENTS(1.0),Average rent per month in cities by type of dwelling,A,Annual,FLAT2,2-bedroom flats,NAC,National currency,RS_CAP,Beograd (Belgrade),2024,,152250,,,,,
dataflow,ESTAT:PRC_COLC_RENTS(1.0),Average rent per month in cities by type of dwelling,A,Annual,FLAT2,2-bedroom flats,NAC,National currency,RS_CAP,Beograd (Belgrade),2025,,128950,,,,,
dataflow,ESTAT:PRC_COLC_RENTS(1.0),Average rent per month in cities by type of dwelling,A,Annual,FLAT2,2-bedroom flats,NAC,National currency,SE_CAP,Stockholm,2016,,22700,,,,,
dataflow,ESTAT:PRC_COLC_RENTS(1.0),Average rent per month in cities by type of dwelling,A,Annual,FLAT2,2-bedroom flats,NAC,National currency,SE_CAP,Stockholm,2017,,22300,,,,,
dataflow,ESTAT:PRC_COLC_RENTS(1.0),Average rent per month in cities by type of dwelling,A,Annual,FLAT2,2-bedroom flats,NAC,National currency,SE_CAP,Stockholm,2018,,24300,,,,,
dataflow,ESTAT:PRC_COLC_RENTS(1.0),Average rent per month in cities by type of dwelling,A,Annual,FLAT2,2-bedroom flats,NAC,National currency,SE_CAP,Stockholm,2019,,21300,,,,,
dataflow,ESTAT:PRC_COLC_RENTS(1.0),Average rent per month in cities by type of dwelling,A,Annual,FLAT2,2-bedroom flats,NAC,National currency,SE_CAP,Stockholm,2020,,21700,,,,,
dataflow,ESTAT:PRC_COLC_RENTS(1.0),Average rent per month in cities by type of dwelling,A,Annual,FLAT2,2-bedroom flats,NAC,National currency,SE_CAP,Stockholm,2021,,22100,,,,,
dataflow,ESTAT:PRC_COLC_RENTS(1.0),Average rent per month in cities by type of dwelling,A,Annual,FLAT2,2-bedroom flats,NAC,National currency,SE_CAP,Stockholm,2022,,25150,,,,,
dataflow,ESTAT:PRC_COLC_RENTS(1.0),Average rent per month in cities by type of dwelling,A,Annual,FLAT2,2-bedroom flats,NAC,National currency,SE_CAP,Stockholm,2023,,25500,,,,,
dataflow,ESTAT:PRC_COLC_RENTS(1.0),Average rent per month in cities by type of dwelling,A,Annual,FLAT2,2-bedroom flats,NAC,National currency,SE_CAP,Stockholm,2024,,26250,,,,,
dataflow,ESTAT:PRC_COLC_RENTS(1.0),Average rent per month in cities by type of dwelling,A,Annual,FLAT2,2-bedroom flats,NAC,National currency,SE_CAP,Stockholm,2025,,29200,,,,,
dataflow,ESTAT:PRC_COLC_RENTS(1.0),Average rent per month in cities by type of dwelling,A,Annual,FLAT2,2-bedroom flats,NAC,National currency,SI_CAP,Ljubljana,2016,,900,,,,,
dataflow,ESTAT:PRC_COLC_RENTS(1.0),Average rent per month in cities by type of dwelling,A,Annual,FLAT2,2-bedroom flats,NAC,National currency,SI_CAP,Ljubljana,2017,,850,,,,,
dataflow,ESTAT:PRC_COLC_RENTS(1.0),Average rent per month in cities by type of dwelling,A,Annual,FLAT2,2-bedroom flats,NAC,National currency,SI_CAP,Ljubljana,2018,,920,,,,,
dataflow,ESTAT:PRC_COLC_RENTS(1.0),Average rent per month in cities by type of dwelling,A,Annual,FLAT2,2-bedroom flats,NAC,National currency,SI_CAP,Ljubljana,2019,,1000,,,,,
dataflow,ESTAT:PRC_COLC_RENTS(1.0),Average rent per month in cities by type of dwelling,A,Annual,FLAT2,2-bedroom flats,NAC,National currency,SI_CAP,Ljubljana,2020,,980,,,,,
dataflow,ESTAT:PRC_COLC_RENTS(1.0),Average rent per month in cities by type of dwelling,A,Annual,FLAT2,2-bedroom flats,NAC,National currency,SI_CAP,Ljubljana,2021,,970,,,,,
dataflow,ESTAT:PRC_COLC_RENTS(1.0),Average rent per month in cities by type of dwelling,A,Annual,FLAT2,2-bedroom flats,NAC,National currency,SI_CAP,Ljubljana,2022,,1050,,,,,
dataflow,ESTAT:PRC_COLC_RENTS(1.0),Average rent per month in cities by type of dwelling,A,Annual,FLAT2,2-bedroom flats,NAC,National currency,SI_CAP,Ljubljana,2023,,1200,,,,,
dataflow,ESTAT:PRC_COLC_RENTS(1.0),Average rent per month in cities by type of dwelling,A,Annual,FLAT2,2-bedroom flats,NAC,National currency,SI_CAP,Ljubljana,2024,,1350,,,,,
dataflow,ESTAT:PRC_COLC_RENTS(1.0),Average rent per month in cities by type of dwelling,A,Annual,FLAT2,2-bedroom flats,NAC,National currency,SI_CAP,Ljubljana,2025,,1350,,,,,
dataflow,ESTAT:PRC_COLC_RENTS(1.0),Average rent per month in cities by type of dwelling,A,Annual,FLAT2,2-bedroom flats,NAC,National currency,SK_CAP,Bratislava,2016,,840,,,,,
dataflow,ESTAT:PRC_COLC_RENTS(1.0),Average rent per month in cities by type of dwelling,A,Annual,FLAT2,2-bedroom flats,NAC,National currency,SK_CAP,Bratislava,2017,,840,,,,,
dataflow,ESTAT:PRC_COLC_RENTS(1.0),Average rent per month in cities by type of dwelling,A,Annual,FLAT2,2-bedroom flats,NAC,National currency,SK_CAP,Bratislava,2018,,860,,,,,
dataflow,ESTAT:PRC_COLC_RENTS(1.0),Average rent per month in cities by type of dwelling,A,Annual,FLAT2,2-bedroom flats,NAC,National currency,SK_CAP,Bratislava,2019,,930,,,,,
dataflow,ESTAT:PRC_COLC_RENTS(1.0),Average rent per month in cities by type of dwelling,A,Annual,FLAT2,2-bedroom flats,NAC,National currency,SK_CAP,Bratislava,2020,,950,,,,,
dataflow,ESTAT:PRC_COLC_RENTS(1.0),Average rent per month in cities by type of dwelling,A,Annual,FLAT2,2-bedroom flats,NAC,National currency,SK_CAP,Bratislava,2021,,920,,,,,
dataflow,ESTAT:PRC_COLC_RENTS(1.0),Average rent per month in cities by type of dwelling,A,Annual,FLAT2,2-bedroom flats,NAC,National currency,SK_CAP,Bratislava,2022,,990,,,,,
dataflow,ESTAT:PRC_COLC_RENTS(1.0),Average rent per month in cities by type of dwelling,A,Annual,FLAT2,2-bedroom flats,NAC,National currency,SK_CAP,Bratislava,2023,,1100,,,,,
dataflow,ESTAT:PRC_COLC_RENTS(1.0),Average rent per month in cities by type of dwelling,A,Annual,FLAT2,2-bedroom flats,NAC,National currency,SK_CAP,Bratislava,2024,,1300,,,,,
dataflow,ESTAT:PRC_COLC_RENTS(1.0),Average rent per month in cities by type of dwelling,A,Annual,FLAT2,2-bedroom flats,NAC,National currency,SK_CAP,Bratislava,2025,,1400,,,,,
dataflow,ESTAT:PRC_COLC_RENTS(1.0),Average rent per month in cities by type of dwelling,A,Annual,FLAT2,2-bedroom flats,NAC,National currency,TR_CAP,Ankara,2016,,1400,,,,,
dataflow,ESTAT:PRC_COLC_RENTS(1.0),Average rent per month in cities by type of dwelling,A,Annual,FLAT2,2-bedroom flats,NAC,National currency,TR_CAP,Ankara,2017,,1550,,,,,
dataflow,ESTAT:PRC_COLC_RENTS(1.0),Average rent per month in cities by type of dwelling,A,Annual,FLAT2,2-bedroom flats,NAC,National currency,TR_CAP,Ankara,2018,,1750,,,,,
dataflow,ESTAT:PRC_COLC_RENTS(1.0),Average rent per month in cities by type of dwelling,A,Annual,FLAT2,2-bedroom flats,NAC,National currency,TR_CAP,Ankara,2019,,1900,,,,,
dataflow,ESTAT:PRC_COLC_RENTS(1.0),Average rent per month in cities by type of dwelling,A,Annual,FLAT2,2-bedroom flats,NAC,National currency,TR_CAP,Ankara,2020,,2050,,,,,
dataflow,ESTAT:PRC_COLC_RENTS(1.0),Average rent per month in cities by type of dwelling,A,Annual,FLAT2,2-bedroom flats,NAC,National currency,TR_CAP,Ankara,2021,,2850,,,,,
dataflow,ESTAT:PRC_COLC_RENTS(1.0),Average rent per month in cities by type of dwelling,A,Annual,FLAT2,2-bedroom flats,NAC,National currency,TR_CAP,Ankara,2022,,4600,,,,,
dataflow,ESTAT:PRC_COLC_RENTS(1.0),Average rent per month in cities by type of dwelling,A,Annual,FLAT2,2-bedroom flats,NAC,National currency,TR_CAP,Ankara,2023,,15100,,,,,
dataflow,ESTAT:PRC_COLC_RENTS(1.0),Average rent per month in cities by type of dwelling,A,Annual,FLAT2,2-bedroom flats,NAC,National currency,TR_CAP,Ankara,2024,,25500,,,,,
dataflow,ESTAT:PRC_COLC_RENTS(1.0),Average rent per month in cities by type of dwelling,A,Annual,FLAT2,2-bedroom flats,NAC,National currency,TR_CAP,Ankara,2025,,36150,,,,,
dataflow,ESTAT:PRC_COLC_RENTS(1.0),Average rent per month in cities by type of dwelling,A,Annual,FLAT2,2-bedroom flats,NAC,National currency,UK_CAP,London,2016,,2150,,,,,
dataflow,ESTAT:PRC_COLC_RENTS(1.0),Average rent per month in cities by type of dwelling,A,Annual,FLAT2,2-bedroom flats,NAC,National currency,UK_CAP,London,2017,,2000,,,,,
dataflow,ESTAT:PRC_COLC_RENTS(1.0),Average rent per month in cities by type of dwelling,A,Annual,FLAT2,2-bedroom flats,NAC,National currency,UK_CAP,London,2018,,2000,,,,,
dataflow,ESTAT:PRC_COLC_RENTS(1.0),Average rent per month in cities by type of dwelling,A,Annual,FLAT2,2-bedroom flats,NAC,National currency,UK_CAP,London,2019,,2100,,,,,
dataflow,ESTAT:PRC_COLC_RENTS(1.0),Average rent per month in cities by type of dwelling,A,Annual,FLAT2,2-bedroom flats,NAC,National currency,UK_CAP,London,2020,,2100,,,,,
dataflow,ESTAT:PRC_COLC_RENTS(1.0),Average rent per month in cities by type of dwelling,A,Annual,FLAT2,2-bedroom flats,NAC,National currency,UK_CAP,London,2021,,1950,,,,,
dataflow,ESTAT:PRC_COLC_RENTS(1.0),Average rent per month in cities by type of dwelling,A,Annual,FLAT2,2-bedroom flats,NAC,National currency,UK_CAP,London,2022,,2300,,,,,
dataflow,ESTAT:PRC_COLC_RENTS(1.0),Average rent per month in cities by type of dwelling,A,Annual,FLAT2,2-bedroom flats,NAC,National currency,UK_CAP,London,2023,,2550,,,,,
dataflow,ESTAT:PRC_COLC_RENTS(1.0),Average rent per month in cities by type of dwelling,A,Annual,FLAT2,2-bedroom flats,NAC,National currency,UK_CAP,London,2024,,2650,,,,,
dataflow,ESTAT:PRC_COLC_RENTS(1.0),Average rent per month in cities by type of dwelling,A,Annual,FLAT2,2-bedroom flats,NAC,National currency,UK_CAP,London,2025,,2600,,,,,
dataflow,ESTAT:PRC_COLC_RENTS(1.0),Average rent per month in cities by type of dwelling,A,Annual,FLAT2,2-bedroom flats,NAC,National currency,UK_DEL,Culham,2016,,1050,,,,,
dataflow,ESTAT:PRC_COLC_RENTS(1.0),Average rent per month in cities by type of dwelling,A,Annual,FLAT2,2-bedroom flats,NAC,National currency,UK_DEL,Culham,2017,,1100,,,,,
dataflow,ESTAT:PRC_COLC_RENTS(1.0),Average rent per month in cities by type of dwelling,A,Annual,FLAT2,2-bedroom flats,NAC,National currency,UK_DEL,Culham,2018,,1050,,,,,
dataflow,ESTAT:PRC_COLC_RENTS(1.0),Average rent per month in cities by type of dwelling,A,Annual,FLAT2,2-bedroom flats,NAC,National currency,UK_DEL,Culham,2019,,1100,,,,,
dataflow,ESTAT:PRC_COLC_RENTS(1.0),Average rent per month in cities by type of dwelling,A,Annual,FLAT2,2-bedroom flats,NAC,National currency,UK_DEL,Culham,2020,,1150,,,,,
dataflow,ESTAT:PRC_COLC_RENTS(1.0),Average rent per month in cities by type of dwelling,A,Annual,FLAT2,2-bedroom flats,NAC,National currency,UK_DEL,Culham,2021,,1250,,,,,
dataflow,ESTAT:PRC_COLC_RENTS(1.0),Average rent per month in cities by type of dwelling,A,Annual,FLAT2,2-bedroom flats,NAC,National currency,XK_CAP,Prishtinë,2021,,500,,,,,
dataflow,ESTAT:PRC_COLC_RENTS(1.0),Average rent per month in cities by type of dwelling,A,Annual,FLAT2,2-bedroom flats,NAC,National currency,XK_CAP,Prishtinë,2022,,440,,,,,
dataflow,ESTAT:PRC_COLC_RENTS(1.0),Average rent per month in cities by type of dwelling,A,Annual,FLAT2,2-bedroom flats,NAC,National currency,XK_CAP,Prishtinë,2023,,420,,,,,
dataflow,ESTAT:PRC_COLC_RENTS(1.0),Average rent per month in cities by type of dwelling,A,Annual,FLAT2,2-bedroom flats,NAC,National currency,XK_CAP,Prishtinë,2024,,490,,,,,
dataflow,ESTAT:PRC_COLC_RENTS(1.0),Average rent per month in cities by type of dwelling,A,Annual,FLAT2,2-bedroom flats,NAC,National currency,XK_CAP,Prishtinë,2025,,520,,,,,
dataflow,ESTAT:PRC_COLC_RENTS(1.0),Average rent per month in cities by type of dwelling,A,Annual,FLAT3,3-bedroom flats,EUR,Euro,AL_CAP,Tiranë (Tirana),2016,,680,,,,,
dataflow,ESTAT:PRC_COLC_RENTS(1.0),Average rent per month in cities by type of dwelling,A,Annual,FLAT3,3-bedroom flats,EUR,Euro,AL_CAP,Tiranë (Tirana),2017,,670,,,,,
dataflow,ESTAT:PRC_COLC_RENTS(1.0),Average rent per month in cities by type of dwelling,A,Annual,FLAT3,3-bedroom flats,EUR,Euro,AL_CAP,Tiranë (Tirana),2018,,730,,,,,
dataflow,ESTAT:PRC_COLC_RENTS(1.0),Average rent per month in cities by type of dwelling,A,Annual,FLAT3,3-bedroom flats,EUR,Euro,AL_CAP,Tiranë (Tirana),2019,,790,,,,,
dataflow,ESTAT:PRC_COLC_RENTS(1.0),Average rent per month in cities by type of dwelling,A,Annual,FLAT3,3-bedroom flats,EUR,Euro,AL_CAP,Tiranë (Tirana),2020,,800,,,,,
dataflow,ESTAT:PRC_COLC_RENTS(1.0),Average rent per month in cities by type of dwelling,A,Annual,FLAT3,3-bedroom flats,EUR,Euro,AL_CAP,Tiranë (Tirana),2021,,840,,,,,
dataflow,ESTAT:PRC_COLC_RENTS(1.0),Average rent per month in cities by type of dwelling,A,Annual,FLAT3,3-bedroom flats,EUR,Euro,AL_CAP,Tiranë (Tirana),2022,,870,,,,,
dataflow,ESTAT:PRC_COLC_RENTS(1.0),Average rent per month in cities by type of dwelling,A,Annual,FLAT3,3-bedroom flats,EUR,Euro,AL_CAP,Tiranë (Tirana),2023,,980,,,,,
dataflow,ESTAT:PRC_COLC_RENTS(1.0),Average rent per month in cities by type of dwelling,A,Annual,FLAT3,3-bedroom flats,EUR,Euro,AL_CAP,Tiranë (Tirana),2024,,1000,,,,,
dataflow,ESTAT:PRC_COLC_RENTS(1.0),Average rent per month in cities by type of dwelling,A,Annual,FLAT3,3-bedroom flats,EUR,Euro,AL_CAP,Tiranë (Tirana),2025,,1150,,,,,
dataflow,ESTAT:PRC_COLC_RENTS(1.0),Average rent per month in cities by type of dwelling,A,Annual,FLAT3,3-bedroom flats,EUR,Euro,AT_CAP,Wien,2016,,1600,,,,,
dataflow,ESTAT:PRC_COLC_RENTS(1.0),Average rent per month in cities by type of dwelling,A,Annual,FLAT3,3-bedroom flats,EUR,Euro,AT_CAP,Wien,2017,,1700,,,,,
dataflow,ESTAT:PRC_COLC_RENTS(1.0),Average rent per month in cities by type of dwelling,A,Annual,FLAT3,3-bedroom flats,EUR,Euro,AT_CAP,Wien,2018,,1700,,,,,
dataflow,ESTAT:PRC_COLC_RENTS(1.0),Average rent per month in cities by type of dwelling,A,Annual,FLAT3,3-bedroom flats,EUR,Euro,AT_CAP,Wien,2019,,1650,,,,,
dataflow,ESTAT:PRC_COLC_RENTS(1.0),Average rent per month in cities by type of dwelling,A,Annual,FLAT3,3-bedroom flats,EUR,Euro,AT_CAP,Wien,2020,,1700,,,,,
dataflow,ESTAT:PRC_COLC_RENTS(1.0),Average rent per month in cities by type of dwelling,A,Annual,FLAT3,3-bedroom flats,EUR,Euro,AT_CAP,Wien,2021,,1750,,,,,
dataflow,ESTAT:PRC_COLC_RENTS(1.0),Average rent per month in cities by type of dwelling,A,Annual,FLAT3,3-bedroom flats,EUR,Euro,AT_CAP,Wien,2022,,1800,,,,,
dataflow,ESTAT:PRC_COLC_RENTS(1.0),Average rent per month in cities by type of dwelling,A,Annual,FLAT3,3-bedroom flats,EUR,Euro,AT_CAP,Wien,2023,,2050,,,,,
dataflow,ESTAT:PRC_COLC_RENTS(1.0),Average rent per month in cities by type of dwelling,A,Annual,FLAT3,3-bedroom flats,EUR,Euro,AT_CAP,Wien,2024,,2100,,,,,
dataflow,ESTAT:PRC_COLC_RENTS(1.0),Average rent per month in cities by type of dwelling,A,Annual,FLAT3,3-bedroom flats,EUR,Euro,AT_CAP,Wien,2025,,2200,,,,,
dataflow,ESTAT:PRC_COLC_RENTS(1.0),Average rent per month in cities by type of dwelling,A,Annual,FLAT3,3-bedroom flats,EUR,Euro,BA_CAP,Sarajevo,2016,,820,,,,,
dataflow,ESTAT:PRC_COLC_RENTS(1.0),Average rent per month in cities by type of dwelling,A,Annual,FLAT3,3-bedroom flats,EUR,Euro,BA_CAP,Sarajevo,2017,,740,,,,,
dataflow,ESTAT:PRC_COLC_RENTS(1.0),Average rent per month in cities by type of dwelling,A,Annual,FLAT3,3-bedroom flats,EUR,Euro,BA_CAP,Sarajevo,2018,,820,,,,,
dataflow,ESTAT:PRC_COLC_RENTS(1.0),Average rent per month in cities by type of dwelling,A,Annual,FLAT3,3-bedroom flats,EUR,Euro,BA_CAP,Sarajevo,2019,,820,,,,,
dataflow,ESTAT:PRC_COLC_RENTS(1.0),Average rent per month in cities by type of dwelling,A,Annual,FLAT3,3-bedroom flats,EUR,Euro,BA_CAP,Sarajevo,2020,,820,,,,,
dataflow,ESTAT:PRC_COLC_RENTS(1.0),Average rent per month in cities by type of dwelling,A,Annual,FLAT3,3-bedroom flats,EUR,Euro,BA_CAP,Sarajevo,2021,,840,,,,,
dataflow,ESTAT:PRC_COLC_RENTS(1.0),Average rent per month in cities by type of dwelling,A,Annual,FLAT3,3-bedroom flats,EUR,Euro,BA_CAP,Sarajevo,2022,,1050,,,,,
dataflow,ESTAT:PRC_COLC_RENTS(1.0),Average rent per month in cities by type of dwelling,A,Annual,FLAT3,3-bedroom flats,EUR,Euro,BA_CAP,Sarajevo,2023,,1250,,,,,
dataflow,ESTAT:PRC_COLC_RENTS(1.0),Average rent per month in cities by type of dwelling,A,Annual,FLAT3,3-bedroom flats,EUR,Euro,BA_CAP,Sarajevo,2024,,1650,,,,,
dataflow,ESTAT:PRC_COLC_RENTS(1.0),Average rent per month in cities by type of dwelling,A,Annual,FLAT3,3-bedroom flats,EUR,Euro,BA_CAP,Sarajevo,2025,,1600,,,,,
dataflow,ESTAT:PRC_COLC_RENTS(1.0),Average rent per month in cities by type of dwelling,A,Annual,FLAT3,3-bedroom flats,EUR,Euro,BE_CAP,Bruxelles/Brussel,2016,,1300,,,,,
dataflow,ESTAT:PRC_COLC_RENTS(1.0),Average rent per month in cities by type of dwelling,A,Annual,FLAT3,3-bedroom flats,EUR,Euro,BE_CAP,Bruxelles/Brussel,2017,,1250,,,,,
dataflow,ESTAT:PRC_COLC_RENTS(1.0),Average rent per month in cities by type of dwelling,A,Annual,FLAT3,3-bedroom flats,EUR,Euro,BE_CAP,Bruxelles/Brussel,2018,,1300,,,,,
dataflow,ESTAT:PRC_COLC_RENTS(1.0),Average rent per month in cities by type of dwelling,A,Annual,FLAT3,3-bedroom flats,EUR,Euro,BE_CAP,Bruxelles/Brussel,2019,,1300,,,,,
dataflow,ESTAT:PRC_COLC_RENTS(1.0),Average rent per month in cities by type of dwelling,A,Annual,FLAT3,3-bedroom flats,EUR,Euro,BE_CAP,Bruxelles/Brussel,2020,,1350,,,,,
dataflow,ESTAT:PRC_COLC_RENTS(1.0),Average rent per month in cities by type of dwelling,A,Annual,FLAT3,3-bedroom flats,EUR,Euro,BE_CAP,Bruxelles/Brussel,2021,,1350,,,,,
dataflow,ESTAT:PRC_COLC_RENTS(1.0),Average rent per month in cities by type of dwelling,A,Annual,FLAT3,3-bedroom flats,EUR,Euro,BE_CAP,Bruxelles/Brussel,2022,,1600,,,,,
dataflow,ESTAT:PRC_COLC_RENTS(1.0),Average rent per month in cities by type of dwelling,A,Annual,FLAT3,3-bedroom flats,EUR,Euro,BE_CAP,Bruxelles/Brussel,2023,,1600,,,,,
dataflow,ESTAT:PRC_COLC_RENTS(1.0),Average rent per month in cities by type of dwelling,A,Annual,FLAT3,3-bedroom flats,EUR,Euro,BE_CAP,Bruxelles/Brussel,2024,,1750,,,,,
dataflow,ESTAT:PRC_COLC_RENTS(1.0),Average rent per month in cities by type of dwelling,A,Annual,FLAT3,3-bedroom flats,EUR,Euro,BE_CAP,Bruxelles/Brussel,2025,,1750,,,,,
dataflow,ESTAT:PRC_COLC_RENTS(1.0),Average rent per month in cities by type of dwelling,A,Annual,FLAT3,3-bedroom flats,EUR,Euro,BG_CAP,Sofia,2016,,840,,,,,
dataflow,ESTAT:PRC_COLC_RENTS(1.0),Average rent per month in cities by type of dwelling,A,Annual,FLAT3,3-bedroom flats,EUR,Euro,BG_CAP,Sofia,2017,,800,,,,,
dataflow,ESTAT:PRC_COLC_RENTS(1.0),Average rent per month in cities by type of dwelling,A,Annual,FLAT3,3-bedroom flats,EUR,Euro,BG_CAP,Sofia,2018,,880,,,,,
dataflow,ESTAT:PRC_COLC_RENTS(1.0),Average rent per month in cities by type of dwelling,A,Annual,FLAT3,3-bedroom flats,EUR,Euro,BG_CAP,Sofia,2019,,920,,,,,
dataflow,ESTAT:PRC_COLC_RENTS(1.0),Average rent per month in cities by type of dwelling,A,Annual,FLAT3,3-bedroom flats,EUR,Euro,BG_CAP,Sofia,2020,,940,,,,,
dataflow,ESTAT:PRC_COLC_RENTS(1.0),Average rent per month in cities by type of dwelling,A,Annual,FLAT3,3-bedroom flats,EUR,Euro,BG_CAP,Sofia,2021,,770,,,,,
dataflow,ESTAT:PRC_COLC_RENTS(1.0),Average rent per month in cities by type of dwelling,A,Annual,FLAT3,3-bedroom flats,EUR,Euro,BG_CAP,Sofia,2022,,860,,,,,
dataflow,ESTAT:PRC_COLC_RENTS(1.0),Average rent per month in cities by type of dwelling,A,Annual,FLAT3,3-bedroom flats,EUR,Euro,BG_CAP,Sofia,2023,,1100,,,,,
dataflow,ESTAT:PRC_COLC_RENTS(1.0),Average rent per month in cities by type of dwelling,A,Annual,FLAT3,3-bedroom flats,EUR,Euro,BG_CAP,Sofia,2024,,1200,,,,,
dataflow,ESTAT:PRC_COLC_RENTS(1.0),Average rent per month in cities by type of dwelling,A,Annual,FLAT3,3-bedroom flats,EUR,Euro,BG_CAP,Sofia,2025,,1300,,,,,
dataflow,ESTAT:PRC_COLC_RENTS(1.0),Average rent per month in cities by type of dwelling,A,Annual,FLAT3,3-bedroom flats,EUR,Euro,CH_CAP,Bern (Berne),2016,,2300,,,,,
dataflow,ESTAT:PRC_COLC_RENTS(1.0),Average rent per month in cities by type of dwelling,A,Annual,FLAT3,3-bedroom flats,EUR,Euro,CH_CAP,Bern (Berne),2017,,2100,,,,,
dataflow,ESTAT:PRC_COLC_RENTS(1.0),Average rent per month in cities by type of dwelling,A,Annual,FLAT3,3-bedroom flats,EUR,Euro,CH_CAP,Bern (Berne),2018,,2050,,,,,
dataflow,ESTAT:PRC_COLC_RENTS(1.0),Average rent per month in cities by type of dwelling,A,Annual,FLAT3,3-bedroom flats,EUR,Euro,CH_CAP,Bern (Berne),2019,,2050,,,,,
dataflow,ESTAT:PRC_COLC_RENTS(1.0),Average rent per month in cities by type of dwelling,A,Annual,FLAT3,3-bedroom flats,EUR,Euro,CH_CAP,Bern (Berne),2020,,2150,,,,,
dataflow,ESTAT:PRC_COLC_RENTS(1.0),Average rent per month in cities by type of dwelling,A,Annual,FLAT3,3-bedroom flats,EUR,Euro,CH_CAP,Bern (Berne),2021,,2150,,,,,
dataflow,ESTAT:PRC_COLC_RENTS(1.0),Average rent per month in cities by type of dwelling,A,Annual,FLAT3,3-bedroom flats,EUR,Euro,CH_CAP,Bern (Berne),2022,,2350,,,,,
dataflow,ESTAT:PRC_COLC_RENTS(1.0),Average rent per month in cities by type of dwelling,A,Annual,FLAT3,3-bedroom flats,EUR,Euro,CH_CAP,Bern (Berne),2023,,2500,,,,,
dataflow,ESTAT:PRC_COLC_RENTS(1.0),Average rent per month in cities by type of dwelling,A,Annual,FLAT3,3-bedroom flats,EUR,Euro,CH_CAP,Bern (Berne),2024,,2550,,,,,
dataflow,ESTAT:PRC_COLC_RENTS(1.0),Average rent per month in cities by type of dwelling,A,Annual,FLAT3,3-bedroom flats,EUR,Euro,CH_CAP,Bern (Berne),2025,,2650,,,,,
dataflow,ESTAT:PRC_COLC_RENTS(1.0),Average rent per month in cities by type of dwelling,A,Annual,FLAT3,3-bedroom flats,EUR,Euro,CH_DEL,Genève,2016,,3450,,,,,
dataflow,ESTAT:PRC_COLC_RENTS(1.0),Average rent per month in cities by type of dwelling,A,Annual,FLAT3,3-bedroom flats,EUR,Euro,CH_DEL,Genève,2017,,3300,,,,,
dataflow,ESTAT:PRC_COLC_RENTS(1.0),Average rent per month in cities by type of dwelling,A,Annual,FLAT3,3-bedroom flats,EUR,Euro,CH_DEL,Genève,2018,,3050,,,,,
dataflow,ESTAT:PRC_COLC_RENTS(1.0),Average rent per month in cities by type of dwelling,A,Annual,FLAT3,3-bedroom flats,EUR,Euro,CH_DEL,Genève,2019,,3150,,,,,
dataflow,ESTAT:PRC_COLC_RENTS(1.0),Average rent per month in cities by type of dwelling,A,Annual,FLAT3,3-bedroom flats,EUR,Euro,CH_DEL,Genève,2020,,3300,,,,,
dataflow,ESTAT:PRC_COLC_RENTS(1.0),Average rent per month in cities by type of dwelling,A,Annual,FLAT3,3-bedroom flats,EUR,Euro,CH_DEL,Genève,2021,,3250,,,,,
dataflow,ESTAT:PRC_COLC_RENTS(1.0),Average rent per month in cities by type of dwelling,A,Annual,FLAT3,3-bedroom flats,EUR,Euro,CH_DEL,Genève,2022,,3700,,,,,
dataflow,ESTAT:PRC_COLC_RENTS(1.0),Average rent per month in cities by type of dwelling,A,Annual,FLAT3,3-bedroom flats,EUR,Euro,CH_DEL,Genève,2023,,3800,,,,,
dataflow,ESTAT:PRC_COLC_RENTS(1.0),Average rent per month in cities by type of dwelling,A,Annual,FLAT3,3-bedroom flats,EUR,Euro,CH_DEL,Genève,2024,,4150,,,,,
dataflow,ESTAT:PRC_COLC_RENTS(1.0),Average rent per month in cities by type of dwelling,A,Annual,FLAT3,3-bedroom flats,EUR,Euro,CH_DEL,Genève,2025,,4400,,,,,
dataflow,ESTAT:PRC_COLC_RENTS(1.0),Average rent per month in cities by type of dwelling,A,Annual,FLAT3,3-bedroom flats,EUR,Euro,CY_CAP,Lefkosia,2016,,680,,,,,
dataflow,ESTAT:PRC_COLC_RENTS(1.0),Average rent per month in cities by type of dwelling,A,Annual,FLAT3,3-bedroom flats,EUR,Euro,CY_CAP,Lefkosia,2017,,760,,,,,
dataflow,ESTAT:PRC_COLC_RENTS(1.0),Average rent per month in cities by type of dwelling,A,Annual,FLAT3,3-bedroom flats,EUR,Euro,CY_CAP,Lefkosia,2018,,900,,,,,
dataflow,ESTAT:PRC_COLC_RENTS(1.0),Average rent per month in cities by type of dwelling,A,Annual,FLAT3,3-bedroom flats,EUR,Euro,CY_CAP,Lefkosia,2019,,920,,,,,
dataflow,ESTAT:PRC_COLC_RENTS(1.0),Average rent per month in cities by type of dwelling,A,Annual,FLAT3,3-bedroom flats,EUR,Euro,CY_CAP,Lefkosia,2020,,940,,,,,
dataflow,ESTAT:PRC_COLC_RENTS(1.0),Average rent per month in cities by type of dwelling,A,Annual,FLAT3,3-bedroom flats,EUR,Euro,CY_CAP,Lefkosia,2021,,900,,,,,
dataflow,ESTAT:PRC_COLC_RENTS(1.0),Average rent per month in cities by type of dwelling,A,Annual,FLAT3,3-bedroom flats,EUR,Euro,CY_CAP,Lefkosia,2022,,1050,,,,,
dataflow,ESTAT:PRC_COLC_RENTS(1.0),Average rent per month in cities by type of dwelling,A,Annual,FLAT3,3-bedroom flats,EUR,Euro,CY_CAP,Lefkosia,2023,,1150,,,,,
dataflow,ESTAT:PRC_COLC_RENTS(1.0),Average rent per month in cities by type of dwelling,A,Annual,FLAT3,3-bedroom flats,EUR,Euro,CY_CAP,Lefkosia,2024,,1250,,,,,
dataflow,ESTAT:PRC_COLC_RENTS(1.0),Average rent per month in cities by type of dwelling,A,Annual,FLAT3,3-bedroom flats,EUR,Euro,CY_CAP,Lefkosia,2025,,1200,,,,,
dataflow,ESTAT:PRC_COLC_RENTS(1.0),Average rent per month in cities by type of dwelling,A,Annual,FLAT3,3-bedroom flats,EUR,Euro,CZ_CAP,Praha,2016,,1300,,,,,
dataflow,ESTAT:PRC_COLC_RENTS(1.0),Average rent per month in cities by type of dwelling,A,Annual,FLAT3,3-bedroom flats,EUR,Euro,CZ_CAP,Praha,2017,,1500,,,,,
dataflow,ESTAT:PRC_COLC_RENTS(1.0),Average rent per month in cities by type of dwelling,A,Annual,FLAT3,3-bedroom flats,EUR,Euro,CZ_CAP,Praha,2018,,1700,,,,,
dataflow,ESTAT:PRC_COLC_RENTS(1.0),Average rent per month in cities by type of dwelling,A,Annual,FLAT3,3-bedroom flats,EUR,Euro,CZ_CAP,Praha,2019,,1700,,,,,
dataflow,ESTAT:PRC_COLC_RENTS(1.0),Average rent per month in cities by type of dwelling,A,Annual,FLAT3,3-bedroom flats,EUR,Euro,CZ_CAP,Praha,2020,,1650,,,,,
dataflow,ESTAT:PRC_COLC_RENTS(1.0),Average rent per month in cities by type of dwelling,A,Annual,FLAT3,3-bedroom flats,EUR,Euro,CZ_CAP,Praha,2021,,1450,,,,,
dataflow,ESTAT:PRC_COLC_RENTS(1.0),Average rent per month in cities by type of dwelling,A,Annual,FLAT3,3-bedroom flats,EUR,Euro,CZ_CAP,Praha,2022,,1800,,,,,
dataflow,ESTAT:PRC_COLC_RENTS(1.0),Average rent per month in cities by type of dwelling,A,Annual,FLAT3,3-bedroom flats,EUR,Euro,CZ_CAP,Praha,2023,,2100,,,,,
dataflow,ESTAT:PRC_COLC_RENTS(1.0),Average rent per month in cities by type of dwelling,A,Annual,FLAT3,3-bedroom flats,EUR,Euro,CZ_CAP,Praha,2024,,2150,,,,,
dataflow,ESTAT:PRC_COLC_RENTS(1.0),Average rent per month in cities by type of dwelling,A,Annual,FLAT3,3-bedroom flats,EUR,Euro,CZ_CAP,Praha,2025,,2250,,,,,
dataflow,ESTAT:PRC_COLC_RENTS(1.0),Average rent per month in cities by type of dwelling,A,Annual,FLAT3,3-bedroom flats,EUR,Euro,DE_CAP,Berlin,2016,,1600,,,,,
dataflow,ESTAT:PRC_COLC_RENTS(1.0),Average rent per month in cities by type of dwelling,A,Annual,FLAT3,3-bedroom flats,EUR,Euro,DE_CAP,Berlin,2017,,1600,,,,,
dataflow,ESTAT:PRC_COLC_RENTS(1.0),Average rent per month in cities by type of dwelling,A,Annual,FLAT3,3-bedroom flats,EUR,Euro,DE_CAP,Berlin,2018,,1750,,,,,
dataflow,ESTAT:PRC_COLC_RENTS(1.0),Average rent per month in cities by type of dwelling,A,Annual,FLAT3,3-bedroom flats,EUR,Euro,DE_CAP,Berlin,2019,,1800,,,,,
dataflow,ESTAT:PRC_COLC_RENTS(1.0),Average rent per month in cities by type of dwelling,A,Annual,FLAT3,3-bedroom flats,EUR,Euro,DE_CAP,Berlin,2020,,1850,,,,,
dataflow,ESTAT:PRC_COLC_RENTS(1.0),Average rent per month in cities by type of dwelling,A,Annual,FLAT3,3-bedroom flats,EUR,Euro,DE_CAP,Berlin,2021,,2000,,,,,
dataflow,ESTAT:PRC_COLC_RENTS(1.0),Average rent per month in cities by type of dwelling,A,Annual,FLAT3,3-bedroom flats,EUR,Euro,DE_CAP,Berlin,2022,,2150,,,,,
dataflow,ESTAT:PRC_COLC_RENTS(1.0),Average rent per month in cities by type of dwelling,A,Annual,FLAT3,3-bedroom flats,EUR,Euro,DE_CAP,Berlin,2023,,2150,,,,,
dataflow,ESTAT:PRC_COLC_RENTS(1.0),Average rent per month in cities by type of dwelling,A,Annual,FLAT3,3-bedroom flats,EUR,Euro,DE_CAP,Berlin,2024,,2400,,,,,
dataflow,ESTAT:PRC_COLC_RENTS(1.0),Average rent per month in cities by type of dwelling,A,Annual,FLAT3,3-bedroom flats,EUR,Euro,DE_CAP,Berlin,2025,,2250,,,,,
dataflow,ESTAT:PRC_COLC_RENTS(1.0),Average rent per month in cities by type of dwelling,A,Annual,FLAT3,3-bedroom flats,EUR,Euro,DE_DEL1,Karlsruhe,2016,,1250,,,,,
dataflow,ESTAT:PRC_COLC_RENTS(1.0),Average rent per month in cities by type of dwelling,A,Annual,FLAT3,3-bedroom flats,EUR,Euro,DE_DEL1,Karlsruhe,2017,,1250,,,,,
dataflow,ESTAT:PRC_COLC_RENTS(1.0),Average rent per month in cities by type of dwelling,A,Annual,FLAT3,3-bedroom flats,EUR,Euro,DE_DEL1,Karlsruhe,2018,,1300,,,,,
dataflow,ESTAT:PRC_COLC_RENTS(1.0),Average rent per month in cities by type of dwelling,A,Annual,FLAT3,3-bedroom flats,EUR,Euro,DE_DEL1,Karlsruhe,2019,,1400,,,,,
dataflow,ESTAT:PRC_COLC_RENTS(1.0),Average rent per month in cities by type of dwelling,A,Annual,FLAT3,3-bedroom flats,EUR,Euro,DE_DEL1,Karlsruhe,2020,,1400,,,,,
dataflow,ESTAT:PRC_COLC_RENTS(1.0),Average rent per month in cities by type of dwelling,A,Annual,FLAT3,3-bedroom flats,EUR,Euro,DE_DEL1,Karlsruhe,2021,,1450,,,,,
dataflow,ESTAT:PRC_COLC_RENTS(1.0),Average rent per month in cities by type of dwelling,A,Annual,FLAT3,3-bedroom flats,EUR,Euro,DE_DEL1,Karlsruhe,2022,,1500,,,,,
dataflow,ESTAT:PRC_COLC_RENTS(1.0),Average rent per month in cities by type of dwelling,A,Annual,FLAT3,3-bedroom flats,EUR,Euro,DE_DEL1,Karlsruhe,2023,,1500,,,,,
dataflow,ESTAT:PRC_COLC_RENTS(1.0),Average rent per month in cities by type of dwelling,A,Annual,FLAT3,3-bedroom flats,EUR,Euro,DE_DEL2,München,2016,,2000,,,,,
dataflow,ESTAT:PRC_COLC_RENTS(1.0),Average rent per month in cities by type of dwelling,A,Annual,FLAT3,3-bedroom flats,EUR,Euro,DE_DEL2,München,2017,,2050,,,,,
dataflow,ESTAT:PRC_COLC_RENTS(1.0),Average rent per month in cities by type of dwelling,A,Annual,FLAT3,3-bedroom flats,EUR,Euro,DE_DEL2,München,2018,,2150,,,,,
dataflow,ESTAT:PRC_COLC_RENTS(1.0),Average rent per month in cities by type of dwelling,A,Annual,FLAT3,3-bedroom flats,EUR,Euro,DE_DEL2,München,2019,,2250,,,,,
dataflow,ESTAT:PRC_COLC_RENTS(1.0),Average rent per month in cities by type of dwelling,A,Annual,FLAT3,3-bedroom flats,EUR,Euro,DE_DEL2,München,2020,,2250,,,,,
dataflow,ESTAT:PRC_COLC_RENTS(1.0),Average rent per month in cities by type of dwelling,A,Annual,FLAT3,3-bedroom flats,EUR,Euro,DE_DEL2,München,2021,,2250,,,,,
dataflow,ESTAT:PRC_COLC_RENTS(1.0),Average rent per month in cities by type of dwelling,A,Annual,FLAT3,3-bedroom flats,EUR,Euro,DE_DEL2,München,2022,,2500,,,,,
dataflow,ESTAT:PRC_COLC_RENTS(1.0),Average rent per month in cities by type of dwelling,A,Annual,FLAT3,3-bedroom flats,EUR,Euro,DE_DEL2,München,2023,,2450,,,,,
dataflow,ESTAT:PRC_COLC_RENTS(1.0),Average rent per month in cities by type of dwelling,A,Annual,FLAT3,3-bedroom flats,EUR,Euro,DE_DEL2,München,2024,,2550,,,,,
dataflow,ESTAT:PRC_COLC_RENTS(1.0),Average rent per month in cities by type of dwelling,A,Annual,FLAT3,3-bedroom flats,EUR,Euro,DE_DEL2,München,2025,,2700,,,,,
dataflow,ESTAT:PRC_COLC_RENTS(1.0),Average rent per month in cities by type of dwelling,A,Annual,FLAT3,3-bedroom flats,EUR,Euro,DE_DEL3,Bonn,2016,,1250,,,,,
dataflow,ESTAT:PRC_COLC_RENTS(1.0),Average rent per month in cities by type of dwelling,A,Annual,FLAT3,3-bedroom flats,EUR,Euro,DE_DEL3,Bonn,2017,,1250,,,,,
dataflow,ESTAT:PRC_COLC_RENTS(1.0),Average rent per month in cities by type of dwelling,A,Annual,FLAT3,3-bedroom flats,EUR,Euro,DE_DEL3,Bonn,2018,,1300,,,,,
dataflow,ESTAT:PRC_COLC_RENTS(1.0),Average rent per month in cities by type of dwelling,A,Annual,FLAT3,3-bedroom flats,EUR,Euro,DE_DEL3,Bonn,2019,,1300,,,,,
dataflow,ESTAT:PRC_COLC_RENTS(1.0),Average rent per month in cities by type of dwelling,A,Annual,FLAT3,3-bedroom flats,EUR,Euro,DE_DEL3,Bonn,2020,,1350,,,,,
dataflow,ESTAT:PRC_COLC_RENTS(1.0),Average rent per month in cities by type of dwelling,A,Annual,FLAT3,3-bedroom flats,EUR,Euro,DK_CAP,København,2016,,2450,,,,,
dataflow,ESTAT:PRC_COLC_RENTS(1.0),Average rent per month in cities by type of dwelling,A,Annual,FLAT3,3-bedroom flats,EUR,Euro,DK_CAP,København,2017,,2350,,,,,
dataflow,ESTAT:PRC_COLC_RENTS(1.0),Average rent per month in cities by type of dwelling,A,Annual,FLAT3,3-bedroom flats,EUR,Euro,DK_CAP,København,2018,,2500,,,,,
dataflow,ESTAT:PRC_COLC_RENTS(1.0),Average rent per month in cities by type of dwelling,A,Annual,FLAT3,3-bedroom flats,EUR,Euro,DK_CAP,København,2019,,2500,,,,,
dataflow,ESTAT:PRC_COLC_RENTS(1.0),Average rent per month in cities by type of dwelling,A,Annual,FLAT3,3-bedroom flats,EUR,Euro,DK_CAP,København,2020,,2500,,,,,
dataflow,ESTAT:PRC_COLC_RENTS(1.0),Average rent per month in cities by type of dwelling,A,Annual,FLAT3,3-bedroom flats,EUR,Euro,DK_CAP,København,2021,,2700,,,,,
dataflow,ESTAT:PRC_COLC_RENTS(1.0),Average rent per month in cities by type of dwelling,A,Annual,FLAT3,3-bedroom flats,EUR,Euro,DK_CAP,København,2022,,2750,,,,,
dataflow,ESTAT:PRC_COLC_RENTS(1.0),Average rent per month in cities by type of dwelling,A,Annual,FLAT3,3-bedroom flats,EUR,Euro,DK_CAP,København,2023,,2650,,,,,
dataflow,ESTAT:PRC_COLC_RENTS(1.0),Average rent per month in cities by type of dwelling,A,Annual,FLAT3,3-bedroom flats,EUR,Euro,DK_CAP,København,2024,,2900,,,,,
dataflow,ESTAT:PRC_COLC_RENTS(1.0),Average rent per month in cities by type of dwelling,A,Annual,FLAT3,3-bedroom flats,EUR,Euro,DK_CAP,København,2025,,3100,,,,,
dataflow,ESTAT:PRC_COLC_RENTS(1.0),Average rent per month in cities by type of dwelling,A,Annual,FLAT3,3-bedroom flats,EUR,Euro,EE_CAP,Tallinn,2016,,1050,,,,,
dataflow,ESTAT:PRC_COLC_RENTS(1.0),Average rent per month in cities by type of dwelling,A,Annual,FLAT3,3-bedroom flats,EUR,Euro,EE_CAP,Tallinn,2017,,1100,,,,,
dataflow,ESTAT:PRC_COLC_RENTS(1.0),Average rent per month in cities by type of dwelling,A,Annual,FLAT3,3-bedroom flats,EUR,Euro,EE_CAP,Tallinn,2018,,1150,,,,,
dataflow,ESTAT:PRC_COLC_RENTS(1.0),Average rent per month in cities by type of dwelling,A,Annual,FLAT3,3-bedroom flats,EUR,Euro,EE_CAP,Tallinn,2019,,1350,,,,,
dataflow,ESTAT:PRC_COLC_RENTS(1.0),Average rent per month in cities by type of dwelling,A,Annual,FLAT3,3-bedroom flats,EUR,Euro,EE_CAP,Tallinn,2020,,1200,,,,,
dataflow,ESTAT:PRC_COLC_RENTS(1.0),Average rent per month in cities by type of dwelling,A,Annual,FLAT3,3-bedroom flats,EUR,Euro,EE_CAP,Tallinn,2021,,1150,,,,,
dataflow,ESTAT:PRC_COLC_RENTS(1.0),Average rent per month in cities by type of dwelling,A,Annual,FLAT3,3-bedroom flats,EUR,Euro,EE_CAP,Tallinn,2022,,1450,,,,,
dataflow,ESTAT:PRC_COLC_RENTS(1.0),Average rent per month in cities by type of dwelling,A,Annual,FLAT3,3-bedroom flats,EUR,Euro,EE_CAP,Tallinn,2023,,1550,,,,,
dataflow,ESTAT:PRC_COLC_RENTS(1.0),Average rent per month in cities by type of dwelling,A,Annual,FLAT3,3-bedroom flats,EUR,Euro,EE_CAP,Tallinn,2024,,1450,,,,,
dataflow,ESTAT:PRC_COLC_RENTS(1.0),Average rent per month in cities by type of dwelling,A,Annual,FLAT3,3-bedroom flats,EUR,Euro,EE_CAP,Tallinn,2025,,1600,,,,,
dataflow,ESTAT:PRC_COLC_RENTS(1.0),Average rent per month in cities by type of dwelling,A,Annual,FLAT3,3-bedroom flats,EUR,Euro,EL_CAP,Athina,2016,,1300,,,,,
dataflow,ESTAT:PRC_COLC_RENTS(1.0),Average rent per month in cities by type of dwelling,A,Annual,FLAT3,3-bedroom flats,EUR,Euro,EL_CAP,Athina,2017,,1300,,,,,
dataflow,ESTAT:PRC_COLC_RENTS(1.0),Average rent per month in cities by type of dwelling,A,Annual,FLAT3,3-bedroom flats,EUR,Euro,EL_CAP,Athina,2018,,1350,,,,,
dataflow,ESTAT:PRC_COLC_RENTS(1.0),Average rent per month in cities by type of dwelling,A,Annual,FLAT3,3-bedroom flats,EUR,Euro,EL_CAP,Athina,2019,,1450,,,,,
dataflow,ESTAT:PRC_COLC_RENTS(1.0),Average rent per month in cities by type of dwelling,A,Annual,FLAT3,3-bedroom flats,EUR,Euro,EL_CAP,Athina,2020,,1450,,,,,
dataflow,ESTAT:PRC_COLC_RENTS(1.0),Average rent per month in cities by type of dwelling,A,Annual,FLAT3,3-bedroom flats,EUR,Euro,EL_CAP,Athina,2021,,1650,,,,,
dataflow,ESTAT:PRC_COLC_RENTS(1.0),Average rent per month in cities by type of dwelling,A,Annual,FLAT3,3-bedroom flats,EUR,Euro,EL_CAP,Athina,2022,,1950,,,,,
dataflow,ESTAT:PRC_COLC_RENTS(1.0),Average rent per month in cities by type of dwelling,A,Annual,FLAT3,3-bedroom flats,EUR,Euro,EL_CAP,Athina,2023,,2000,,,,,
dataflow,ESTAT:PRC_COLC_RENTS(1.0),Average rent per month in cities by type of dwelling,A,Annual,FLAT3,3-bedroom flats,EUR,Euro,EL_CAP,Athina,2024,,2100,,,,,
dataflow,ESTAT:PRC_COLC_RENTS(1.0),Average rent per month in cities by type of dwelling,A,Annual,FLAT3,3-bedroom flats,EUR,Euro,EL_CAP,Athina,2025,,2300,,,,,
dataflow,ESTAT:PRC_COLC_RENTS(1.0),Average rent per month in cities by type of dwelling,A,Annual,FLAT3,3-bedroom flats,EUR,Euro,ES_CAP,Madrid,2016,,1350,,,,,
dataflow,ESTAT:PRC_COLC_RENTS(1.0),Average rent per month in cities by type of dwelling,A,Annual,FLAT3,3-bedroom flats,EUR,Euro,ES_CAP,Madrid,2017,,1600,,,,,
dataflow,ESTAT:PRC_COLC_RENTS(1.0),Average rent per month in cities by type of dwelling,A,Annual,FLAT3,3-bedroom flats,EUR,Euro,ES_CAP,Madrid,2018,,1750,,,,,
dataflow,ESTAT:PRC_COLC_RENTS(1.0),Average rent per month in cities by type of dwelling,A,Annual,FLAT3,3-bedroom flats,EUR,Euro,ES_CAP,Madrid,2019,,1850,,,,,
dataflow,ESTAT:PRC_COLC_RENTS(1.0),Average rent per month in cities by type of dwelling,A,Annual,FLAT3,3-bedroom flats,EUR,Euro,ES_CAP,Madrid,2020,,1850,,,,,
dataflow,ESTAT:PRC_COLC_RENTS(1.0),Average rent per month in cities by type of dwelling,A,Annual,FLAT3,3-bedroom flats,EUR,Euro,ES_CAP,Madrid,2021,,1450,,,,,
dataflow,ESTAT:PRC_COLC_RENTS(1.0),Average rent per month in cities by type of dwelling,A,Annual,FLAT3,3-bedroom flats,EUR,Euro,ES_CAP,Madrid,2022,,1850,,,,,
dataflow,ESTAT:PRC_COLC_RENTS(1.0),Average rent per month in cities by type of dwelling,A,Annual,FLAT3,3-bedroom flats,EUR,Euro,ES_CAP,Madrid,2023,,1800,,,,,
dataflow,ESTAT:PRC_COLC_RENTS(1.0),Average rent per month in cities by type of dwelling,A,Annual,FLAT3,3-bedroom flats,EUR,Euro,ES_CAP,Madrid,2024,,2050,,,,,
dataflow,ESTAT:PRC_COLC_RENTS(1.0),Average rent per month in cities by type of dwelling,A,Annual,FLAT3,3-bedroom flats,EUR,Euro,ES_CAP,Madrid,2025,,2400,,,,,
dataflow,ESTAT:PRC_COLC_RENTS(1.0),Average rent per month in cities by type of dwelling,A,Annual,FLAT3,3-bedroom flats,EUR,Euro,FI_CAP,Helsinki,2016,,2000,,,,,
dataflow,ESTAT:PRC_COLC_RENTS(1.0),Average rent per month in cities by type of dwelling,A,Annual,FLAT3,3-bedroom flats,EUR,Euro,FI_CAP,Helsinki,2017,,2050,,,,,
dataflow,ESTAT:PRC_COLC_RENTS(1.0),Average rent per month in cities by type of dwelling,A,Annual,FLAT3,3-bedroom flats,EUR,Euro,FI_CAP,Helsinki,2018,,2100,,,,,
dataflow,ESTAT:PRC_COLC_RENTS(1.0),Average rent per month in cities by type of dwelling,A,Annual,FLAT3,3-bedroom flats,EUR,Euro,FI_CAP,Helsinki,2019,,2200,,,,,
dataflow,ESTAT:PRC_COLC_RENTS(1.0),Average rent per month in cities by type of dwelling,A,Annual,FLAT3,3-bedroom flats,EUR,Euro,FI_CAP,Helsinki,2020,,2250,,,,,
dataflow,ESTAT:PRC_COLC_RENTS(1.0),Average rent per month in cities by type of dwelling,A,Annual,FLAT3,3-bedroom flats,EUR,Euro,FI_CAP,Helsinki,2021,,2150,,,,,
dataflow,ESTAT:PRC_COLC_RENTS(1.0),Average rent per month in cities by type of dwelling,A,Annual,FLAT3,3-bedroom flats,EUR,Euro,FI_CAP,Helsinki,2022,,2350,,,,,
dataflow,ESTAT:PRC_COLC_RENTS(1.0),Average rent per month in cities by type of dwelling,A,Annual,FLAT3,3-bedroom flats,EUR,Euro,FI_CAP,Helsinki,2023,,2250,,,,,
dataflow,ESTAT:PRC_COLC_RENTS(1.0),Average rent per month in cities by type of dwelling,A,Annual,FLAT3,3-bedroom flats,EUR,Euro,FI_CAP,Helsinki,2024,,2300,,,,,
dataflow,ESTAT:PRC_COLC_RENTS(1.0),Average rent per month in cities by type of dwelling,A,Annual,FLAT3,3-bedroom flats,EUR,Euro,FI_CAP,Helsinki,2025,,2400,,,,,
dataflow,ESTAT:PRC_COLC_RENTS(1.0),Average rent per month in cities by type of dwelling,A,Annual,FLAT3,3-bedroom flats,EUR,Euro,FR_CAP,Paris,2016,,2450,,,,,
dataflow,ESTAT:PRC_COLC_RENTS(1.0),Average rent per month in cities by type of dwelling,A,Annual,FLAT3,3-bedroom flats,EUR,Euro,FR_CAP,Paris,2017,,2600,,,,,
dataflow,ESTAT:PRC_COLC_RENTS(1.0),Average rent per month in cities by type of dwelling,A,Annual,FLAT3,3-bedroom flats,EUR,Euro,FR_CAP,Paris,2018,,2700,,,,,
dataflow,ESTAT:PRC_COLC_RENTS(1.0),Average rent per month in cities by type of dwelling,A,Annual,FLAT3,3-bedroom flats,EUR,Euro,FR_CAP,Paris,2019,,2900,,,,,
dataflow,ESTAT:PRC_COLC_RENTS(1.0),Average rent per month in cities by type of dwelling,A,Annual,FLAT3,3-bedroom flats,EUR,Euro,FR_CAP,Paris,2020,,2900,,,,,
dataflow,ESTAT:PRC_COLC_RENTS(1.0),Average rent per month in cities by type of dwelling,A,Annual,FLAT3,3-bedroom flats,EUR,Euro,FR_CAP,Paris,2021,,2800,,,,,
dataflow,ESTAT:PRC_COLC_RENTS(1.0),Average rent per month in cities by type of dwelling,A,Annual,FLAT3,3-bedroom flats,EUR,Euro,FR_CAP,Paris,2022,,2800,,,,,
dataflow,ESTAT:PRC_COLC_RENTS(1.0),Average rent per month in cities by type of dwelling,A,Annual,FLAT3,3-bedroom flats,EUR,Euro,FR_CAP,Paris,2023,,2900,,,,,
dataflow,ESTAT:PRC_COLC_RENTS(1.0),Average rent per month in cities by type of dwelling,A,Annual,FLAT3,3-bedroom flats,EUR,Euro,FR_CAP,Paris,2024,,3100,,,,,
dataflow,ESTAT:PRC_COLC_RENTS(1.0),Average rent per month in cities by type of dwelling,A,Annual,FLAT3,3-bedroom flats,EUR,Euro,FR_CAP,Paris,2025,,3250,,,,,
dataflow,ESTAT:PRC_COLC_RENTS(1.0),Average rent per month in cities by type of dwelling,A,Annual,FLAT3,3-bedroom flats,EUR,Euro,HR_CAP,Zagreb,2016,,1200,,,,,
dataflow,ESTAT:PRC_COLC_RENTS(1.0),Average rent per month in cities by type of dwelling,A,Annual,FLAT3,3-bedroom flats,EUR,Euro,HR_CAP,Zagreb,2017,,1350,,,,,
dataflow,ESTAT:PRC_COLC_RENTS(1.0),Average rent per month in cities by type of dwelling,A,Annual,FLAT3,3-bedroom flats,EUR,Euro,HR_CAP,Zagreb,2018,,1550,,,,,
dataflow,ESTAT:PRC_COLC_RENTS(1.0),Average rent per month in cities by type of dwelling,A,Annual,FLAT3,3-bedroom flats,EUR,Euro,HR_CAP,Zagreb,2019,,1400,,,,,
dataflow,ESTAT:PRC_COLC_RENTS(1.0),Average rent per month in cities by type of dwelling,A,Annual,FLAT3,3-bedroom flats,EUR,Euro,HR_CAP,Zagreb,2020,,1450,,,,,
dataflow,ESTAT:PRC_COLC_RENTS(1.0),Average rent per month in cities by type of dwelling,A,Annual,FLAT3,3-bedroom flats,EUR,Euro,HR_CAP,Zagreb,2021,,1500,,,,,
dataflow,ESTAT:PRC_COLC_RENTS(1.0),Average rent per month in cities by type of dwelling,A,Annual,FLAT3,3-bedroom flats,EUR,Euro,HR_CAP,Zagreb,2022,,1450,,,,,
dataflow,ESTAT:PRC_COLC_RENTS(1.0),Average rent per month in cities by type of dwelling,A,Annual,FLAT3,3-bedroom flats,EUR,Euro,HR_CAP,Zagreb,2023,,1800,,,,,
dataflow,ESTAT:PRC_COLC_RENTS(1.0),Average rent per month in cities by type of dwelling,A,Annual,FLAT3,3-bedroom flats,EUR,Euro,HR_CAP,Zagreb,2024,,1900,,,,,
dataflow,ESTAT:PRC_COLC_RENTS(1.0),Average rent per month in cities by type of dwelling,A,Annual,FLAT3,3-bedroom flats,EUR,Euro,HR_CAP,Zagreb,2025,,2200,,,,,
dataflow,ESTAT:PRC_COLC_RENTS(1.0),Average rent per month in cities by type of dwelling,A,Annual,FLAT3,3-bedroom flats,EUR,Euro,HU_CAP,Budapest,2016,,1600,,,,,
dataflow,ESTAT:PRC_COLC_RENTS(1.0),Average rent per month in cities by type of dwelling,A,Annual,FLAT3,3-bedroom flats,EUR,Euro,HU_CAP,Budapest,2017,,1650,,,,,
dataflow,ESTAT:PRC_COLC_RENTS(1.0),Average rent per month in cities by type of dwelling,A,Annual,FLAT3,3-bedroom flats,EUR,Euro,HU_CAP,Budapest,2018,,1450,,,,,
dataflow,ESTAT:PRC_COLC_RENTS(1.0),Average rent per month in cities by type of dwelling,A,Annual,FLAT3,3-bedroom flats,EUR,Euro,HU_CAP,Budapest,2019,,1550,,,,,
dataflow,ESTAT:PRC_COLC_RENTS(1.0),Average rent per month in cities by type of dwelling,A,Annual,FLAT3,3-bedroom flats,EUR,Euro,HU_CAP,Budapest,2020,,1500,,,,,
dataflow,ESTAT:PRC_COLC_RENTS(1.0),Average rent per month in cities by type of dwelling,A,Annual,FLAT3,3-bedroom flats,EUR,Euro,HU_CAP,Budapest,2021,,1400,,,,,
dataflow,ESTAT:PRC_COLC_RENTS(1.0),Average rent per month in cities by type of dwelling,A,Annual,FLAT3,3-bedroom flats,EUR,Euro,HU_CAP,Budapest,2022,,1600,,,,,
dataflow,ESTAT:PRC_COLC_RENTS(1.0),Average rent per month in cities by type of dwelling,A,Annual,FLAT3,3-bedroom flats,EUR,Euro,HU_CAP,Budapest,2023,,1700,,,,,
dataflow,ESTAT:PRC_COLC_RENTS(1.0),Average rent per month in cities by type of dwelling,A,Annual,FLAT3,3-bedroom flats,EUR,Euro,HU_CAP,Budapest,2024,,1750,,,,,
dataflow,ESTAT:PRC_COLC_RENTS(1.0),Average rent per month in cities by type of dwelling,A,Annual,FLAT3,3-bedroom flats,EUR,Euro,HU_CAP,Budapest,2025,,1750,,,,,
dataflow,ESTAT:PRC_COLC_RENTS(1.0),Average rent per month in cities by type of dwelling,A,Annual,FLAT3,3-bedroom flats,EUR,Euro,IE_CAP,Dublin,2016,,2200,,,,,
dataflow,ESTAT:PRC_COLC_RENTS(1.0),Average rent per month in cities by type of dwelling,A,Annual,FLAT3,3-bedroom flats,EUR,Euro,IE_CAP,Dublin,2017,,2400,,,,,
dataflow,ESTAT:PRC_COLC_RENTS(1.0),Average rent per month in cities by type of dwelling,A,Annual,FLAT3,3-bedroom flats,EUR,Euro,IE_CAP,Dublin,2018,,2700,,,,,
dataflow,ESTAT:PRC_COLC_RENTS(1.0),Average rent per month in cities by type of dwelling,A,Annual,FLAT3,3-bedroom flats,EUR,Euro,IE_CAP,Dublin,2019,,2800,,,,,
dataflow,ESTAT:PRC_COLC_RENTS(1.0),Average rent per month in cities by type of dwelling,A,Annual,FLAT3,3-bedroom flats,EUR,Euro,IE_CAP,Dublin,2020,,2800,,,,,
dataflow,ESTAT:PRC_COLC_RENTS(1.0),Average rent per month in cities by type of dwelling,A,Annual,FLAT3,3-bedroom flats,EUR,Euro,IE_CAP,Dublin,2021,,2550,,,,,
dataflow,ESTAT:PRC_COLC_RENTS(1.0),Average rent per month in cities by type of dwelling,A,Annual,FLAT3,3-bedroom flats,EUR,Euro,IE_CAP,Dublin,2022,,2850,,,,,
dataflow,ESTAT:PRC_COLC_RENTS(1.0),Average rent per month in cities by type of dwelling,A,Annual,FLAT3,3-bedroom flats,EUR,Euro,IE_CAP,Dublin,2023,,3200,,,,,
dataflow,ESTAT:PRC_COLC_RENTS(1.0),Average rent per month in cities by type of dwelling,A,Annual,FLAT3,3-bedroom flats,EUR,Euro,IE_CAP,Dublin,2024,,3300,,,,,
dataflow,ESTAT:PRC_COLC_RENTS(1.0),Average rent per month in cities by type of dwelling,A,Annual,FLAT3,3-bedroom flats,EUR,Euro,IE_CAP,Dublin,2025,,3500,,,,,
dataflow,ESTAT:PRC_COLC_RENTS(1.0),Average rent per month in cities by type of dwelling,A,Annual,FLAT3,3-bedroom flats,EUR,Euro,IS_CAP,Reykjavik,2016,,1650,,,,,
dataflow,ESTAT:PRC_COLC_RENTS(1.0),Average rent per month in cities by type of dwelling,A,Annual,FLAT3,3-bedroom flats,EUR,Euro,IS_CAP,Reykjavik,2017,,2000,,,,,
dataflow,ESTAT:PRC_COLC_RENTS(1.0),Average rent per month in cities by type of dwelling,A,Annual,FLAT3,3-bedroom flats,EUR,Euro,IS_CAP,Reykjavik,2018,,2100,,,,,
dataflow,ESTAT:PRC_COLC_RENTS(1.0),Average rent per month in cities by type of dwelling,A,Annual,FLAT3,3-bedroom flats,EUR,Euro,IS_CAP,Reykjavik,2019,,1850,,,,,
dataflow,ESTAT:PRC_COLC_RENTS(1.0),Average rent per month in cities by type of dwelling,A,Annual,FLAT3,3-bedroom flats,EUR,Euro,IS_CAP,Reykjavik,2020,,1750,,,,,
dataflow,ESTAT:PRC_COLC_RENTS(1.0),Average rent per month in cities by type of dwelling,A,Annual,FLAT3,3-bedroom flats,EUR,Euro,IS_CAP,Reykjavik,2021,,1750,,,,,
dataflow,ESTAT:PRC_COLC_RENTS(1.0),Average rent per month in cities by type of dwelling,A,Annual,FLAT3,3-bedroom flats,EUR,Euro,IS_CAP,Reykjavik,2022,,2000,,,,,
dataflow,ESTAT:PRC_COLC_RENTS(1.0),Average rent per month in cities by type of dwelling,A,Annual,FLAT3,3-bedroom flats,EUR,Euro,IS_CAP,Reykjavik,2023,,2100,,,,,
dataflow,ESTAT:PRC_COLC_RENTS(1.0),Average rent per month in cities by type of dwelling,A,Annual,FLAT3,3-bedroom flats,EUR,Euro,IS_CAP,Reykjavik,2024,,2500,,,,,
dataflow,ESTAT:PRC_COLC_RENTS(1.0),Average rent per month in cities by type of dwelling,A,Annual,FLAT3,3-bedroom flats,EUR,Euro,IS_CAP,Reykjavik,2025,,2650,,,,,
dataflow,ESTAT:PRC_COLC_RENTS(1.0),Average rent per month in cities by type of dwelling,A,Annual,FLAT3,3-bedroom flats,EUR,Euro,IT_CAP,Roma,2016,,1600,,,,,
dataflow,ESTAT:PRC_COLC_RENTS(1.0),Average rent per month in cities by type of dwelling,A,Annual,FLAT3,3-bedroom flats,EUR,Euro,IT_CAP,Roma,2017,,1550,,,,,
dataflow,ESTAT:PRC_COLC_RENTS(1.0),Average rent per month in cities by type of dwelling,A,Annual,FLAT3,3-bedroom flats,EUR,Euro,IT_CAP,Roma,2018,,1550,,,,,
dataflow,ESTAT:PRC_COLC_RENTS(1.0),Average rent per month in cities by type of dwelling,A,Annual,FLAT3,3-bedroom flats,EUR,Euro,IT_CAP,Roma,2019,,1650,,,,,
dataflow,ESTAT:PRC_COLC_RENTS(1.0),Average rent per month in cities by type of dwelling,A,Annual,FLAT3,3-bedroom flats,EUR,Euro,IT_CAP,Roma,2020,,1650,,,,,
dataflow,ESTAT:PRC_COLC_RENTS(1.0),Average rent per month in cities by type of dwelling,A,Annual,FLAT3,3-bedroom flats,EUR,Euro,IT_CAP,Roma,2021,,1650,,,,,
dataflow,ESTAT:PRC_COLC_RENTS(1.0),Average rent per month in cities by type of dwelling,A,Annual,FLAT3,3-bedroom flats,EUR,Euro,IT_CAP,Roma,2022,,1600,,,,,
dataflow,ESTAT:PRC_COLC_RENTS(1.0),Average rent per month in cities by type of dwelling,A,Annual,FLAT3,3-bedroom flats,EUR,Euro,IT_CAP,Roma,2023,,1650,,,,,
dataflow,ESTAT:PRC_COLC_RENTS(1.0),Average rent per month in cities by type of dwelling,A,Annual,FLAT3,3-bedroom flats,EUR,Euro,IT_CAP,Roma,2024,,1750,,,,,
dataflow,ESTAT:PRC_COLC_RENTS(1.0),Average rent per month in cities by type of dwelling,A,Annual,FLAT3,3-bedroom flats,EUR,Euro,IT_CAP,Roma,2025,,2200,,,,,
dataflow,ESTAT:PRC_COLC_RENTS(1.0),Average rent per month in cities by type of dwelling,A,Annual,FLAT3,3-bedroom flats,EUR,Euro,IT_DEL,Varese,2016,,960,,,,,
dataflow,ESTAT:PRC_COLC_RENTS(1.0),Average rent per month in cities by type of dwelling,A,Annual,FLAT3,3-bedroom flats,EUR,Euro,IT_DEL,Varese,2017,,990,,,,,
dataflow,ESTAT:PRC_COLC_RENTS(1.0),Average rent per month in cities by type of dwelling,A,Annual,FLAT3,3-bedroom flats,EUR,Euro,IT_DEL,Varese,2018,,1000,,,,,
dataflow,ESTAT:PRC_COLC_RENTS(1.0),Average rent per month in cities by type of dwelling,A,Annual,FLAT3,3-bedroom flats,EUR,Euro,IT_DEL,Varese,2019,,1000,,,,,
dataflow,ESTAT:PRC_COLC_RENTS(1.0),Average rent per month in cities by type of dwelling,A,Annual,FLAT3,3-bedroom flats,EUR,Euro,IT_DEL,Varese,2020,,1000,,,,,
dataflow,ESTAT:PRC_COLC_RENTS(1.0),Average rent per month in cities by type of dwelling,A,Annual,FLAT3,3-bedroom flats,EUR,Euro,IT_DEL,Varese,2021,,1050,,,,,
dataflow,ESTAT:PRC_COLC_RENTS(1.0),Average rent per month in cities by type of dwelling,A,Annual,FLAT3,3-bedroom flats,EUR,Euro,IT_DEL,Varese,2022,,1100,,,,,
dataflow,ESTAT:PRC_COLC_RENTS(1.0),Average rent per month in cities by type of dwelling,A,Annual,FLAT3,3-bedroom flats,EUR,Euro,IT_DEL,Varese,2023,,1100,,,,,
dataflow,ESTAT:PRC_COLC_RENTS(1.0),Average rent per month in cities by type of dwelling,A,Annual,FLAT3,3-bedroom flats,EUR,Euro,IT_DEL,Varese,2024,,1200,,,,,
dataflow,ESTAT:PRC_COLC_RENTS(1.0),Average rent per month in cities by type of dwelling,A,Annual,FLAT3,3-bedroom flats,EUR,Euro,IT_DEL,Varese,2025,,1300,,,,,
dataflow,ESTAT:PRC_COLC_RENTS(1.0),Average rent per month in cities by type of dwelling,A,Annual,FLAT3,3-bedroom flats,EUR,Euro,LT_CAP,Vilnius,2016,,920,,,,,
dataflow,ESTAT:PRC_COLC_RENTS(1.0),Average rent per month in cities by type of dwelling,A,Annual,FLAT3,3-bedroom flats,EUR,Euro,LT_CAP,Vilnius,2017,,940,,,,,
dataflow,ESTAT:PRC_COLC_RENTS(1.0),Average rent per month in cities by type of dwelling,A,Annual,FLAT3,3-bedroom flats,EUR,Euro,LT_CAP,Vilnius,2018,,1000,,,,,
dataflow,ESTAT:PRC_COLC_RENTS(1.0),Average rent per month in cities by type of dwelling,A,Annual,FLAT3,3-bedroom flats,EUR,Euro,LT_CAP,Vilnius,2019,,1100,,,,,
dataflow,ESTAT:PRC_COLC_RENTS(1.0),Average rent per month in cities by type of dwelling,A,Annual,FLAT3,3-bedroom flats,EUR,Euro,LT_CAP,Vilnius,2020,,1100,,,,,
dataflow,ESTAT:PRC_COLC_RENTS(1.0),Average rent per month in cities by type of dwelling,A,Annual,FLAT3,3-bedroom flats,EUR,Euro,LT_CAP,Vilnius,2021,,1200,,,,,
dataflow,ESTAT:PRC_COLC_RENTS(1.0),Average rent per month in cities by type of dwelling,A,Annual,FLAT3,3-bedroom flats,EUR,Euro,LT_CAP,Vilnius,2022,,1750,,,,,
dataflow,ESTAT:PRC_COLC_RENTS(1.0),Average rent per month in cities by type of dwelling,A,Annual,FLAT3,3-bedroom flats,EUR,Euro,LT_CAP,Vilnius,2023,,1400,,,,,
dataflow,ESTAT:PRC_COLC_RENTS(1.0),Average rent per month in cities by type of dwelling,A,Annual,FLAT3,3-bedroom flats,EUR,Euro,LT_CAP,Vilnius,2024,,1550,,,,,
dataflow,ESTAT:PRC_COLC_RENTS(1.0),Average rent per month in cities by type of dwelling,A,Annual,FLAT3,3-bedroom flats,EUR,Euro,LT_CAP,Vilnius,2025,,1600,,,,,
dataflow,ESTAT:PRC_COLC_RENTS(1.0),Average rent per month in cities by type of dwelling,A,Annual,FLAT3,3-bedroom flats,EUR,Euro,LU_CAP,Luxembourg,2016,,2650,,,,,
dataflow,ESTAT:PRC_COLC_RENTS(1.0),Average rent per month in cities by type of dwelling,A,Annual,FLAT3,3-bedroom flats,EUR,Euro,LU_CAP,Luxembourg,2017,,2350,,,,,
dataflow,ESTAT:PRC_COLC_RENTS(1.0),Average rent per month in cities by type of dwelling,A,Annual,FLAT3,3-bedroom flats,EUR,Euro,LU_CAP,Luxembourg,2018,,2550,,,,,
dataflow,ESTAT:PRC_COLC_RENTS(1.0),Average rent per month in cities by type of dwelling,A,Annual,FLAT3,3-bedroom flats,EUR,Euro,LU_CAP,Luxembourg,2019,,2750,,,,,
dataflow,ESTAT:PRC_COLC_RENTS(1.0),Average rent per month in cities by type of dwelling,A,Annual,FLAT3,3-bedroom flats,EUR,Euro,LU_CAP,Luxembourg,2020,,2750,,,,,
dataflow,ESTAT:PRC_COLC_RENTS(1.0),Average rent per month in cities by type of dwelling,A,Annual,FLAT3,3-bedroom flats,EUR,Euro,LU_CAP,Luxembourg,2021,,2850,,,,,
dataflow,ESTAT:PRC_COLC_RENTS(1.0),Average rent per month in cities by type of dwelling,A,Annual,FLAT3,3-bedroom flats,EUR,Euro,LU_CAP,Luxembourg,2022,,2950,,,,,
dataflow,ESTAT:PRC_COLC_RENTS(1.0),Average rent per month in cities by type of dwelling,A,Annual,FLAT3,3-bedroom flats,EUR,Euro,LU_CAP,Luxembourg,2023,,3050,,,,,
dataflow,ESTAT:PRC_COLC_RENTS(1.0),Average rent per month in cities by type of dwelling,A,Annual,FLAT3,3-bedroom flats,EUR,Euro,LU_CAP,Luxembourg,2024,,3050,,,,,
dataflow,ESTAT:PRC_COLC_RENTS(1.0),Average rent per month in cities by type of dwelling,A,Annual,FLAT3,3-bedroom flats,EUR,Euro,LU_CAP,Luxembourg,2025,,3100,,,,,
dataflow,ESTAT:PRC_COLC_RENTS(1.0),Average rent per month in cities by type of dwelling,A,Annual,FLAT3,3-bedroom flats,EUR,Euro,LV_CAP,Riga,2016,,1080,,,,,
dataflow,ESTAT:PRC_COLC_RENTS(1.0),Average rent per month in cities by type of dwelling,A,Annual,FLAT3,3-bedroom flats,EUR,Euro,LV_CAP,Riga,2017,,1100,,,,,
dataflow,ESTAT:PRC_COLC_RENTS(1.0),Average rent per month in cities by type of dwelling,A,Annual,FLAT3,3-bedroom flats,EUR,Euro,LV_CAP,Riga,2018,,1250,,,,,
dataflow,ESTAT:PRC_COLC_RENTS(1.0),Average rent per month in cities by type of dwelling,A,Annual,FLAT3,3-bedroom flats,EUR,Euro,LV_CAP,Riga,2019,,1250,,,,,
dataflow,ESTAT:PRC_COLC_RENTS(1.0),Average rent per month in cities by type of dwelling,A,Annual,FLAT3,3-bedroom flats,EUR,Euro,LV_CAP,Riga,2020,,1200,,,,,
dataflow,ESTAT:PRC_COLC_RENTS(1.0),Average rent per month in cities by type of dwelling,A,Annual,FLAT3,3-bedroom flats,EUR,Euro,LV_CAP,Riga,2021,,1350,,,,,
dataflow,ESTAT:PRC_COLC_RENTS(1.0),Average rent per month in cities by type of dwelling,A,Annual,FLAT3,3-bedroom flats,EUR,Euro,LV_CAP,Riga,2022,,1450,,,,,
dataflow,ESTAT:PRC_COLC_RENTS(1.0),Average rent per month in cities by type of dwelling,A,Annual,FLAT3,3-bedroom flats,EUR,Euro,LV_CAP,Riga,2023,,1400,,,,,
dataflow,ESTAT:PRC_COLC_RENTS(1.0),Average rent per month in cities by type of dwelling,A,Annual,FLAT3,3-bedroom flats,EUR,Euro,LV_CAP,Riga,2024,,1550,,,,,
dataflow,ESTAT:PRC_COLC_RENTS(1.0),Average rent per month in cities by type of dwelling,A,Annual,FLAT3,3-bedroom flats,EUR,Euro,LV_CAP,Riga,2025,,1550,,,,,
dataflow,ESTAT:PRC_COLC_RENTS(1.0),Average rent per month in cities by type of dwelling,A,Annual,FLAT3,3-bedroom flats,EUR,Euro,ME_CAP,Podgorica,2016,,1000,,,,,
dataflow,ESTAT:PRC_COLC_RENTS(1.0),Average rent per month in cities by type of dwelling,A,Annual,FLAT3,3-bedroom flats,EUR,Euro,ME_CAP,Podgorica,2017,,980,,,,,
dataflow,ESTAT:PRC_COLC_RENTS(1.0),Average rent per month in cities by type of dwelling,A,Annual,FLAT3,3-bedroom flats,EUR,Euro,ME_CAP,Podgorica,2018,,970,,,,,
dataflow,ESTAT:PRC_COLC_RENTS(1.0),Average rent per month in cities by type of dwelling,A,Annual,FLAT3,3-bedroom flats,EUR,Euro,ME_CAP,Podgorica,2019,,960,,,,,
dataflow,ESTAT:PRC_COLC_RENTS(1.0),Average rent per month in cities by type of dwelling,A,Annual,FLAT3,3-bedroom flats,EUR,Euro,ME_CAP,Podgorica,2020,,960,,,,,
dataflow,ESTAT:PRC_COLC_RENTS(1.0),Average rent per month in cities by type of dwelling,A,Annual,FLAT3,3-bedroom flats,EUR,Euro,ME_CAP,Podgorica,2021,,870,,,,,
dataflow,ESTAT:PRC_COLC_RENTS(1.0),Average rent per month in cities by type of dwelling,A,Annual,FLAT3,3-bedroom flats,EUR,Euro,ME_CAP,Podgorica,2022,,1000,,,,,
dataflow,ESTAT:PRC_COLC_RENTS(1.0),Average rent per month in cities by type of dwelling,A,Annual,FLAT3,3-bedroom flats,EUR,Euro,ME_CAP,Podgorica,2023,,1150,,,,,
dataflow,ESTAT:PRC_COLC_RENTS(1.0),Average rent per month in cities by type of dwelling,A,Annual,FLAT3,3-bedroom flats,EUR,Euro,ME_CAP,Podgorica,2024,,1200,,,,,
dataflow,ESTAT:PRC_COLC_RENTS(1.0),Average rent per month in cities by type of dwelling,A,Annual,FLAT3,3-bedroom flats,EUR,Euro,ME_CAP,Podgorica,2025,,1200,,,,,
dataflow,ESTAT:PRC_COLC_RENTS(1.0),Average rent per month in cities by type of dwelling,A,Annual,FLAT3,3-bedroom flats,EUR,Euro,MK_CAP,Skopje,2016,,500,,,,,
dataflow,ESTAT:PRC_COLC_RENTS(1.0),Average rent per month in cities by type of dwelling,A,Annual,FLAT3,3-bedroom flats,EUR,Euro,MK_CAP,Skopje,2017,,540,,,,,
dataflow,ESTAT:PRC_COLC_RENTS(1.0),Average rent per month in cities by type of dwelling,A,Annual,FLAT3,3-bedroom flats,EUR,Euro,MK_CAP,Skopje,2018,,490,,,,,
dataflow,ESTAT:PRC_COLC_RENTS(1.0),Average rent per month in cities by type of dwelling,A,Annual,FLAT3,3-bedroom flats,EUR,Euro,MK_CAP,Skopje,2019,,550,,,,,
dataflow,ESTAT:PRC_COLC_RENTS(1.0),Average rent per month in cities by type of dwelling,A,Annual,FLAT3,3-bedroom flats,EUR,Euro,MK_CAP,Skopje,2020,,550,,,,,
dataflow,ESTAT:PRC_COLC_RENTS(1.0),Average rent per month in cities by type of dwelling,A,Annual,FLAT3,3-bedroom flats,EUR,Euro,MK_CAP,Skopje,2021,,490,,,,,
dataflow,ESTAT:PRC_COLC_RENTS(1.0),Average rent per month in cities by type of dwelling,A,Annual,FLAT3,3-bedroom flats,EUR,Euro,MK_CAP,Skopje,2022,,500,,,,,
dataflow,ESTAT:PRC_COLC_RENTS(1.0),Average rent per month in cities by type of dwelling,A,Annual,FLAT3,3-bedroom flats,EUR,Euro,MK_CAP,Skopje,2023,,580,,,,,
dataflow,ESTAT:PRC_COLC_RENTS(1.0),Average rent per month in cities by type of dwelling,A,Annual,FLAT3,3-bedroom flats,EUR,Euro,MK_CAP,Skopje,2024,,630,,,,,
dataflow,ESTAT:PRC_COLC_RENTS(1.0),Average rent per month in cities by type of dwelling,A,Annual,FLAT3,3-bedroom flats,EUR,Euro,MK_CAP,Skopje,2025,,700,,,,,
dataflow,ESTAT:PRC_COLC_RENTS(1.0),Average rent per month in cities by type of dwelling,A,Annual,FLAT3,3-bedroom flats,EUR,Euro,MT_CAP,Valletta,2016,,1250,,,,,
dataflow,ESTAT:PRC_COLC_RENTS(1.0),Average rent per month in cities by type of dwelling,A,Annual,FLAT3,3-bedroom flats,EUR,Euro,MT_CAP,Valletta,2017,,1300,,,,,
dataflow,ESTAT:PRC_COLC_RENTS(1.0),Average rent per month in cities by type of dwelling,A,Annual,FLAT3,3-bedroom flats,EUR,Euro,MT_CAP,Valletta,2018,,1400,,,,,
dataflow,ESTAT:PRC_COLC_RENTS(1.0),Average rent per month in cities by type of dwelling,A,Annual,FLAT3,3-bedroom flats,EUR,Euro,MT_CAP,Valletta,2019,,1450,,,,,
dataflow,ESTAT:PRC_COLC_RENTS(1.0),Average rent per month in cities by type of dwelling,A,Annual,FLAT3,3-bedroom flats,EUR,Euro,MT_CAP,Valletta,2020,,1550,,,,,
dataflow,ESTAT:PRC_COLC_RENTS(1.0),Average rent per month in cities by type of dwelling,A,Annual,FLAT3,3-bedroom flats,EUR,Euro,MT_CAP,Valletta,2021,,1300,,,,,
dataflow,ESTAT:PRC_COLC_RENTS(1.0),Average rent per month in cities by type of dwelling,A,Annual,FLAT3,3-bedroom flats,EUR,Euro,MT_CAP,Valletta,2022,,1400,,,,,
dataflow,ESTAT:PRC_COLC_RENTS(1.0),Average rent per month in cities by type of dwelling,A,Annual,FLAT3,3-bedroom flats,EUR,Euro,MT_CAP,Valletta,2023,,1550,,,,,
dataflow,ESTAT:PRC_COLC_RENTS(1.0),Average rent per month in cities by type of dwelling,A,Annual,FLAT3,3-bedroom flats,EUR,Euro,MT_CAP,Valletta,2024,,1600,,,,,
dataflow,ESTAT:PRC_COLC_RENTS(1.0),Average rent per month in cities by type of dwelling,A,Annual,FLAT3,3-bedroom flats,EUR,Euro,MT_CAP,Valletta,2025,,1700,,,,,
dataflow,ESTAT:PRC_COLC_RENTS(1.0),Average rent per month in cities by type of dwelling,A,Annual,FLAT3,3-bedroom flats,EUR,Euro,NL_DEL,Den Haag,2016,,1850,,,,,
dataflow,ESTAT:PRC_COLC_RENTS(1.0),Average rent per month in cities by type of dwelling,A,Annual,FLAT3,3-bedroom flats,EUR,Euro,NL_DEL,Den Haag,2017,,1850,,,,,
dataflow,ESTAT:PRC_COLC_RENTS(1.0),Average rent per month in cities by type of dwelling,A,Annual,FLAT3,3-bedroom flats,EUR,Euro,NL_DEL,Den Haag,2018,,2000,,,,,
dataflow,ESTAT:PRC_COLC_RENTS(1.0),Average rent per month in cities by type of dwelling,A,Annual,FLAT3,3-bedroom flats,EUR,Euro,NL_DEL,Den Haag,2019,,2000,,,,,
dataflow,ESTAT:PRC_COLC_RENTS(1.0),Average rent per month in cities by type of dwelling,A,Annual,FLAT3,3-bedroom flats,EUR,Euro,NL_DEL,Den Haag,2020,,2050,,,,,
dataflow,ESTAT:PRC_COLC_RENTS(1.0),Average rent per month in cities by type of dwelling,A,Annual,FLAT3,3-bedroom flats,EUR,Euro,NL_DEL,Den Haag,2021,,1850,,,,,
dataflow,ESTAT:PRC_COLC_RENTS(1.0),Average rent per month in cities by type of dwelling,A,Annual,FLAT3,3-bedroom flats,EUR,Euro,NL_DEL,Den Haag,2022,,1950,,,,,
dataflow,ESTAT:PRC_COLC_RENTS(1.0),Average rent per month in cities by type of dwelling,A,Annual,FLAT3,3-bedroom flats,EUR,Euro,NL_DEL,Den Haag,2023,,2000,,,,,
dataflow,ESTAT:PRC_COLC_RENTS(1.0),Average rent per month in cities by type of dwelling,A,Annual,FLAT3,3-bedroom flats,EUR,Euro,NL_DEL,Den Haag,2024,,2350,,,,,
dataflow,ESTAT:PRC_COLC_RENTS(1.0),Average rent per month in cities by type of dwelling,A,Annual,FLAT3,3-bedroom flats,EUR,Euro,NL_DEL,Den Haag,2025,,2750,,,,,
dataflow,ESTAT:PRC_COLC_RENTS(1.0),Average rent per month in cities by type of dwelling,A,Annual,FLAT3,3-bedroom flats,EUR,Euro,NO_CAP,Oslo,2016,,2300,,,,,
dataflow,ESTAT:PRC_COLC_RENTS(1.0),Average rent per month in cities by type of dwelling,A,Annual,FLAT3,3-bedroom flats,EUR,Euro,NO_CAP,Oslo,2017,,2500,,,,,
dataflow,ESTAT:PRC_COLC_RENTS(1.0),Average rent per month in cities by type of dwelling,A,Annual,FLAT3,3-bedroom flats,EUR,Euro,NO_CAP,Oslo,2018,,2500,,,,,
dataflow,ESTAT:PRC_COLC_RENTS(1.0),Average rent per month in cities by type of dwelling,A,Annual,FLAT3,3-bedroom flats,EUR,Euro,NO_CAP,Oslo,2019,,2600,,,,,
dataflow,ESTAT:PRC_COLC_RENTS(1.0),Average rent per month in cities by type of dwelling,A,Annual,FLAT3,3-bedroom flats,EUR,Euro,NO_CAP,Oslo,2020,,2350,,,,,
dataflow,ESTAT:PRC_COLC_RENTS(1.0),Average rent per month in cities by type of dwelling,A,Annual,FLAT3,3-bedroom flats,EUR,Euro,NO_CAP,Oslo,2021,,2550,,,,,
dataflow,ESTAT:PRC_COLC_RENTS(1.0),Average rent per month in cities by type of dwelling,A,Annual,FLAT3,3-bedroom flats,EUR,Euro,NO_CAP,Oslo,2022,,2750,,,,,
dataflow,ESTAT:PRC_COLC_RENTS(1.0),Average rent per month in cities by type of dwelling,A,Annual,FLAT3,3-bedroom flats,EUR,Euro,NO_CAP,Oslo,2023,,2850,,,,,
dataflow,ESTAT:PRC_COLC_RENTS(1.0),Average rent per month in cities by type of dwelling,A,Annual,FLAT3,3-bedroom flats,EUR,Euro,NO_CAP,Oslo,2024,,3050,,,,,
dataflow,ESTAT:PRC_COLC_RENTS(1.0),Average rent per month in cities by type of dwelling,A,Annual,FLAT3,3-bedroom flats,EUR,Euro,NO_CAP,Oslo,2025,,3200,,,,,
dataflow,ESTAT:PRC_COLC_RENTS(1.0),Average rent per month in cities by type of dwelling,A,Annual,FLAT3,3-bedroom flats,EUR,Euro,PL_CAP,Warszawa,2016,,1400,,,,,
dataflow,ESTAT:PRC_COLC_RENTS(1.0),Average rent per month in cities by type of dwelling,A,Annual,FLAT3,3-bedroom flats,EUR,Euro,PL_CAP,Warszawa,2017,,1400,,,,,
dataflow,ESTAT:PRC_COLC_RENTS(1.0),Average rent per month in cities by type of dwelling,A,Annual,FLAT3,3-bedroom flats,EUR,Euro,PL_CAP,Warszawa,2018,,1180,,,,,
dataflow,ESTAT:PRC_COLC_RENTS(1.0),Average rent per month in cities by type of dwelling,A,Annual,FLAT3,3-bedroom flats,EUR,Euro,PL_CAP,Warszawa,2019,,1150,,,,,
dataflow,ESTAT:PRC_COLC_RENTS(1.0),Average rent per month in cities by type of dwelling,A,Annual,FLAT3,3-bedroom flats,EUR,Euro,PL_CAP,Warszawa,2020,,1150,,,,,
dataflow,ESTAT:PRC_COLC_RENTS(1.0),Average rent per month in cities by type of dwelling,A,Annual,FLAT3,3-bedroom flats,EUR,Euro,PL_CAP,Warszawa,2021,,1050,,,,,
dataflow,ESTAT:PRC_COLC_RENTS(1.0),Average rent per month in cities by type of dwelling,A,Annual,FLAT3,3-bedroom flats,EUR,Euro,PL_CAP,Warszawa,2022,,1150,,,,,
dataflow,ESTAT:PRC_COLC_RENTS(1.0),Average rent per month in cities by type of dwelling,A,Annual,FLAT3,3-bedroom flats,EUR,Euro,PL_CAP,Warszawa,2023,,1450,,,,,
dataflow,ESTAT:PRC_COLC_RENTS(1.0),Average rent per month in cities by type of dwelling,A,Annual,FLAT3,3-bedroom flats,EUR,Euro,PL_CAP,Warszawa,2024,,1650,,,,,
dataflow,ESTAT:PRC_COLC_RENTS(1.0),Average rent per month in cities by type of dwelling,A,Annual,FLAT3,3-bedroom flats,EUR,Euro,PL_CAP,Warszawa,2025,,1850,,,,,
dataflow,ESTAT:PRC_COLC_RENTS(1.0),Average rent per month in cities by type of dwelling,A,Annual,FLAT3,3-bedroom flats,EUR,Euro,PT_CAP,Lisboa,2016,,1350,,,,,
dataflow,ESTAT:PRC_COLC_RENTS(1.0),Average rent per month in cities by type of dwelling,A,Annual,FLAT3,3-bedroom flats,EUR,Euro,PT_CAP,Lisboa,2017,,1650,,,,,
dataflow,ESTAT:PRC_COLC_RENTS(1.0),Average rent per month in cities by type of dwelling,A,Annual,FLAT3,3-bedroom flats,EUR,Euro,PT_CAP,Lisboa,2018,,1800,,,,,
dataflow,ESTAT:PRC_COLC_RENTS(1.0),Average rent per month in cities by type of dwelling,A,Annual,FLAT3,3-bedroom flats,EUR,Euro,PT_CAP,Lisboa,2019,,1950,,,,,
dataflow,ESTAT:PRC_COLC_RENTS(1.0),Average rent per month in cities by type of dwelling,A,Annual,FLAT3,3-bedroom flats,EUR,Euro,PT_CAP,Lisboa,2020,,2000,,,,,
dataflow,ESTAT:PRC_COLC_RENTS(1.0),Average rent per month in cities by type of dwelling,A,Annual,FLAT3,3-bedroom flats,EUR,Euro,PT_CAP,Lisboa,2021,,1900,,,,,
dataflow,ESTAT:PRC_COLC_RENTS(1.0),Average rent per month in cities by type of dwelling,A,Annual,FLAT3,3-bedroom flats,EUR,Euro,PT_CAP,Lisboa,2022,,2450,,,,,
dataflow,ESTAT:PRC_COLC_RENTS(1.0),Average rent per month in cities by type of dwelling,A,Annual,FLAT3,3-bedroom flats,EUR,Euro,PT_CAP,Lisboa,2023,,2300,,,,,
dataflow,ESTAT:PRC_COLC_RENTS(1.0),Average rent per month in cities by type of dwelling,A,Annual,FLAT3,3-bedroom flats,EUR,Euro,PT_CAP,Lisboa,2024,,2450,,,,,
dataflow,ESTAT:PRC_COLC_RENTS(1.0),Average rent per month in cities by type of dwelling,A,Annual,FLAT3,3-bedroom flats,EUR,Euro,PT_CAP,Lisboa,2025,,2450,,,,,
dataflow,ESTAT:PRC_COLC_RENTS(1.0),Average rent per month in cities by type of dwelling,A,Annual,FLAT3,3-bedroom flats,EUR,Euro,RO_CAP,Bucuresti,2016,,970,,,,,
dataflow,ESTAT:PRC_COLC_RENTS(1.0),Average rent per month in cities by type of dwelling,A,Annual,FLAT3,3-bedroom flats,EUR,Euro,RO_CAP,Bucuresti,2017,,1050,,,,,
dataflow,ESTAT:PRC_COLC_RENTS(1.0),Average rent per month in cities by type of dwelling,A,Annual,FLAT3,3-bedroom flats,EUR,Euro,RO_CAP,Bucuresti,2018,,1150,,,,,
dataflow,ESTAT:PRC_COLC_RENTS(1.0),Average rent per month in cities by type of dwelling,A,Annual,FLAT3,3-bedroom flats,EUR,Euro,RO_CAP,Bucuresti,2019,,1150,,,,,
dataflow,ESTAT:PRC_COLC_RENTS(1.0),Average rent per month in cities by type of dwelling,A,Annual,FLAT3,3-bedroom flats,EUR,Euro,RO_CAP,Bucuresti,2020,,1150,,,,,
dataflow,ESTAT:PRC_COLC_RENTS(1.0),Average rent per month in cities by type of dwelling,A,Annual,FLAT3,3-bedroom flats,EUR,Euro,RO_CAP,Bucuresti,2021,,890,,,,,
dataflow,ESTAT:PRC_COLC_RENTS(1.0),Average rent per month in cities by type of dwelling,A,Annual,FLAT3,3-bedroom flats,EUR,Euro,RO_CAP,Bucuresti,2022,,1100,,,,,
dataflow,ESTAT:PRC_COLC_RENTS(1.0),Average rent per month in cities by type of dwelling,A,Annual,FLAT3,3-bedroom flats,EUR,Euro,RO_CAP,Bucuresti,2023,,1200,,,,,
dataflow,ESTAT:PRC_COLC_RENTS(1.0),Average rent per month in cities by type of dwelling,A,Annual,FLAT3,3-bedroom flats,EUR,Euro,RO_CAP,Bucuresti,2024,,1300,,,,,
dataflow,ESTAT:PRC_COLC_RENTS(1.0),Average rent per month in cities by type of dwelling,A,Annual,FLAT3,3-bedroom flats,EUR,Euro,RO_CAP,Bucuresti,2025,,1300,,,,,
dataflow,ESTAT:PRC_COLC_RENTS(1.0),Average rent per month in cities by type of dwelling,A,Annual,FLAT3,3-bedroom flats,EUR,Euro,RS_CAP,Beograd (Belgrade),2016,,1250,,,,,
dataflow,ESTAT:PRC_COLC_RENTS(1.0),Average rent per month in cities by type of dwelling,A,Annual,FLAT3,3-bedroom flats,EUR,Euro,RS_CAP,Beograd (Belgrade),2017,,1200,,,,,
dataflow,ESTAT:PRC_COLC_RENTS(1.0),Average rent per month in cities by type of dwelling,A,Annual,FLAT3,3-bedroom flats,EUR,Euro,RS_CAP,Beograd (Belgrade),2018,,1350,,,,,
dataflow,ESTAT:PRC_COLC_RENTS(1.0),Average rent per month in cities by type of dwelling,A,Annual,FLAT3,3-bedroom flats,EUR,Euro,RS_CAP,Beograd (Belgrade),2019,,1400,,,,,
dataflow,ESTAT:PRC_COLC_RENTS(1.0),Average rent per month in cities by type of dwelling,A,Annual,FLAT3,3-bedroom flats,EUR,Euro,RS_CAP,Beograd (Belgrade),2020,,1400,,,,,
dataflow,ESTAT:PRC_COLC_RENTS(1.0),Average rent per month in cities by type of dwelling,A,Annual,FLAT3,3-bedroom flats,EUR,Euro,RS_CAP,Beograd (Belgrade),2021,,1350,,,,,
dataflow,ESTAT:PRC_COLC_RENTS(1.0),Average rent per month in cities by type of dwelling,A,Annual,FLAT3,3-bedroom flats,EUR,Euro,RS_CAP,Beograd (Belgrade),2022,,1700,,,,,
dataflow,ESTAT:PRC_COLC_RENTS(1.0),Average rent per month in cities by type of dwelling,A,Annual,FLAT3,3-bedroom flats,EUR,Euro,RS_CAP,Beograd (Belgrade),2023,,1950,,,,,
dataflow,ESTAT:PRC_COLC_RENTS(1.0),Average rent per month in cities by type of dwelling,A,Annual,FLAT3,3-bedroom flats,EUR,Euro,RS_CAP,Beograd (Belgrade),2024,,1850,,,,,
dataflow,ESTAT:PRC_COLC_RENTS(1.0),Average rent per month in cities by type of dwelling,A,Annual,FLAT3,3-bedroom flats,EUR,Euro,RS_CAP,Beograd (Belgrade),2025,,1600,,,,,
dataflow,ESTAT:PRC_COLC_RENTS(1.0),Average rent per month in cities by type of dwelling,A,Annual,FLAT3,3-bedroom flats,EUR,Euro,SE_CAP,Stockholm,2016,,3200,,,,,
dataflow,ESTAT:PRC_COLC_RENTS(1.0),Average rent per month in cities by type of dwelling,A,Annual,FLAT3,3-bedroom flats,EUR,Euro,SE_CAP,Stockholm,2017,,3100,,,,,
dataflow,ESTAT:PRC_COLC_RENTS(1.0),Average rent per month in cities by type of dwelling,A,Annual,FLAT3,3-bedroom flats,EUR,Euro,SE_CAP,Stockholm,2018,,3050,,,,,
dataflow,ESTAT:PRC_COLC_RENTS(1.0),Average rent per month in cities by type of dwelling,A,Annual,FLAT3,3-bedroom flats,EUR,Euro,SE_CAP,Stockholm,2019,,2850,,,,,
dataflow,ESTAT:PRC_COLC_RENTS(1.0),Average rent per month in cities by type of dwelling,A,Annual,FLAT3,3-bedroom flats,EUR,Euro,SE_CAP,Stockholm,2020,,2950,,,,,
dataflow,ESTAT:PRC_COLC_RENTS(1.0),Average rent per month in cities by type of dwelling,A,Annual,FLAT3,3-bedroom flats,EUR,Euro,SE_CAP,Stockholm,2021,,2850,,,,,
dataflow,ESTAT:PRC_COLC_RENTS(1.0),Average rent per month in cities by type of dwelling,A,Annual,FLAT3,3-bedroom flats,EUR,Euro,SE_CAP,Stockholm,2022,,2900,,,,,
dataflow,ESTAT:PRC_COLC_RENTS(1.0),Average rent per month in cities by type of dwelling,A,Annual,FLAT3,3-bedroom flats,EUR,Euro,SE_CAP,Stockholm,2023,,2650,,,,,
dataflow,ESTAT:PRC_COLC_RENTS(1.0),Average rent per month in cities by type of dwelling,A,Annual,FLAT3,3-bedroom flats,EUR,Euro,SE_CAP,Stockholm,2024,,2800,,,,,
dataflow,ESTAT:PRC_COLC_RENTS(1.0),Average rent per month in cities by type of dwelling,A,Annual,FLAT3,3-bedroom flats,EUR,Euro,SE_CAP,Stockholm,2025,,3200,,,,,
dataflow,ESTAT:PRC_COLC_RENTS(1.0),Average rent per month in cities by type of dwelling,A,Annual,FLAT3,3-bedroom flats,EUR,Euro,SI_CAP,Ljubljana,2016,,1150,,,,,
dataflow,ESTAT:PRC_COLC_RENTS(1.0),Average rent per month in cities by type of dwelling,A,Annual,FLAT3,3-bedroom flats,EUR,Euro,SI_CAP,Ljubljana,2017,,1200,,,,,
dataflow,ESTAT:PRC_COLC_RENTS(1.0),Average rent per month in cities by type of dwelling,A,Annual,FLAT3,3-bedroom flats,EUR,Euro,SI_CAP,Ljubljana,2018,,1350,,,,,
dataflow,ESTAT:PRC_COLC_RENTS(1.0),Average rent per month in cities by type of dwelling,A,Annual,FLAT3,3-bedroom flats,EUR,Euro,SI_CAP,Ljubljana,2019,,1500,,,,,
dataflow,ESTAT:PRC_COLC_RENTS(1.0),Average rent per month in cities by type of dwelling,A,Annual,FLAT3,3-bedroom flats,EUR,Euro,SI_CAP,Ljubljana,2020,,1450,,,,,
dataflow,ESTAT:PRC_COLC_RENTS(1.0),Average rent per month in cities by type of dwelling,A,Annual,FLAT3,3-bedroom flats,EUR,Euro,SI_CAP,Ljubljana,2021,,1450,,,,,
dataflow,ESTAT:PRC_COLC_RENTS(1.0),Average rent per month in cities by type of dwelling,A,Annual,FLAT3,3-bedroom flats,EUR,Euro,SI_CAP,Ljubljana,2022,,1650,,,,,
dataflow,ESTAT:PRC_COLC_RENTS(1.0),Average rent per month in cities by type of dwelling,A,Annual,FLAT3,3-bedroom flats,EUR,Euro,SI_CAP,Ljubljana,2023,,1850,,,,,
dataflow,ESTAT:PRC_COLC_RENTS(1.0),Average rent per month in cities by type of dwelling,A,Annual,FLAT3,3-bedroom flats,EUR,Euro,SI_CAP,Ljubljana,2024,,1850,,,,,
dataflow,ESTAT:PRC_COLC_RENTS(1.0),Average rent per month in cities by type of dwelling,A,Annual,FLAT3,3-bedroom flats,EUR,Euro,SI_CAP,Ljubljana,2025,,1950,,,,,
dataflow,ESTAT:PRC_COLC_RENTS(1.0),Average rent per month in cities by type of dwelling,A,Annual,FLAT3,3-bedroom flats,EUR,Euro,SK_CAP,Bratislava,2016,,1110,,,,,
dataflow,ESTAT:PRC_COLC_RENTS(1.0),Average rent per month in cities by type of dwelling,A,Annual,FLAT3,3-bedroom flats,EUR,Euro,SK_CAP,Bratislava,2017,,1050,,,,,
dataflow,ESTAT:PRC_COLC_RENTS(1.0),Average rent per month in cities by type of dwelling,A,Annual,FLAT3,3-bedroom flats,EUR,Euro,SK_CAP,Bratislava,2018,,1150,,,,,
dataflow,ESTAT:PRC_COLC_RENTS(1.0),Average rent per month in cities by type of dwelling,A,Annual,FLAT3,3-bedroom flats,EUR,Euro,SK_CAP,Bratislava,2019,,1200,,,,,
dataflow,ESTAT:PRC_COLC_RENTS(1.0),Average rent per month in cities by type of dwelling,A,Annual,FLAT3,3-bedroom flats,EUR,Euro,SK_CAP,Bratislava,2020,,1250,,,,,
dataflow,ESTAT:PRC_COLC_RENTS(1.0),Average rent per month in cities by type of dwelling,A,Annual,FLAT3,3-bedroom flats,EUR,Euro,SK_CAP,Bratislava,2021,,1200,,,,,
dataflow,ESTAT:PRC_COLC_RENTS(1.0),Average rent per month in cities by type of dwelling,A,Annual,FLAT3,3-bedroom flats,EUR,Euro,SK_CAP,Bratislava,2022,,1450,,,,,
dataflow,ESTAT:PRC_COLC_RENTS(1.0),Average rent per month in cities by type of dwelling,A,Annual,FLAT3,3-bedroom flats,EUR,Euro,SK_CAP,Bratislava,2023,,1600,,,,,
dataflow,ESTAT:PRC_COLC_RENTS(1.0),Average rent per month in cities by type of dwelling,A,Annual,FLAT3,3-bedroom flats,EUR,Euro,SK_CAP,Bratislava,2024,,1900,,,,,
dataflow,ESTAT:PRC_COLC_RENTS(1.0),Average rent per month in cities by type of dwelling,A,Annual,FLAT3,3-bedroom flats,EUR,Euro,SK_CAP,Bratislava,2025,,1950,,,,,
dataflow,ESTAT:PRC_COLC_RENTS(1.0),Average rent per month in cities by type of dwelling,A,Annual,FLAT3,3-bedroom flats,EUR,Euro,TR_CAP,Ankara,2016,,500,,,,,
dataflow,ESTAT:PRC_COLC_RENTS(1.0),Average rent per month in cities by type of dwelling,A,Annual,FLAT3,3-bedroom flats,EUR,Euro,TR_CAP,Ankara,2017,,460,,,,,
dataflow,ESTAT:PRC_COLC_RENTS(1.0),Average rent per month in cities by type of dwelling,A,Annual,FLAT3,3-bedroom flats,EUR,Euro,TR_CAP,Ankara,2018,,400,,,,,
dataflow,ESTAT:PRC_COLC_RENTS(1.0),Average rent per month in cities by type of dwelling,A,Annual,FLAT3,3-bedroom flats,EUR,Euro,TR_CAP,Ankara,2019,,380,,,,,
dataflow,ESTAT:PRC_COLC_RENTS(1.0),Average rent per month in cities by type of dwelling,A,Annual,FLAT3,3-bedroom flats,EUR,Euro,TR_CAP,Ankara,2020,,350,,,,,
dataflow,ESTAT:PRC_COLC_RENTS(1.0),Average rent per month in cities by type of dwelling,A,Annual,FLAT3,3-bedroom flats,EUR,Euro,TR_CAP,Ankara,2021,,380,,,,,
dataflow,ESTAT:PRC_COLC_RENTS(1.0),Average rent per month in cities by type of dwelling,A,Annual,FLAT3,3-bedroom flats,EUR,Euro,TR_CAP,Ankara,2022,,370,,,,,
dataflow,ESTAT:PRC_COLC_RENTS(1.0),Average rent per month in cities by type of dwelling,A,Annual,FLAT3,3-bedroom flats,EUR,Euro,TR_CAP,Ankara,2023,,690,,,,,
dataflow,ESTAT:PRC_COLC_RENTS(1.0),Average rent per month in cities by type of dwelling,A,Annual,FLAT3,3-bedroom flats,EUR,Euro,TR_CAP,Ankara,2024,,980,,,,,
dataflow,ESTAT:PRC_COLC_RENTS(1.0),Average rent per month in cities by type of dwelling,A,Annual,FLAT3,3-bedroom flats,EUR,Euro,TR_CAP,Ankara,2025,,980,,,,,
dataflow,ESTAT:PRC_COLC_RENTS(1.0),Average rent per month in cities by type of dwelling,A,Annual,FLAT3,3-bedroom flats,EUR,Euro,UK_CAP,London,2016,,3450,,,,,
dataflow,ESTAT:PRC_COLC_RENTS(1.0),Average rent per month in cities by type of dwelling,A,Annual,FLAT3,3-bedroom flats,EUR,Euro,UK_CAP,London,2017,,3300,,,,,
dataflow,ESTAT:PRC_COLC_RENTS(1.0),Average rent per month in cities by type of dwelling,A,Annual,FLAT3,3-bedroom flats,EUR,Euro,UK_CAP,London,2018,,3000,,,,,
dataflow,ESTAT:PRC_COLC_RENTS(1.0),Average rent per month in cities by type of dwelling,A,Annual,FLAT3,3-bedroom flats,EUR,Euro,UK_CAP,London,2019,,3100,,,,,
dataflow,ESTAT:PRC_COLC_RENTS(1.0),Average rent per month in cities by type of dwelling,A,Annual,FLAT3,3-bedroom flats,EUR,Euro,UK_CAP,London,2020,,3050,,,,,
dataflow,ESTAT:PRC_COLC_RENTS(1.0),Average rent per month in cities by type of dwelling,A,Annual,FLAT3,3-bedroom flats,EUR,Euro,UK_CAP,London,2021,,3050,,,,,
dataflow,ESTAT:PRC_COLC_RENTS(1.0),Average rent per month in cities by type of dwelling,A,Annual,FLAT3,3-bedroom flats,EUR,Euro,UK_CAP,London,2022,,3550,,,,,
dataflow,ESTAT:PRC_COLC_RENTS(1.0),Average rent per month in cities by type of dwelling,A,Annual,FLAT3,3-bedroom flats,EUR,Euro,UK_CAP,London,2023,,3800,,,,,
dataflow,ESTAT:PRC_COLC_RENTS(1.0),Average rent per month in cities by type of dwelling,A,Annual,FLAT3,3-bedroom flats,EUR,Euro,UK_CAP,London,2024,,4150,,,,,
dataflow,ESTAT:PRC_COLC_RENTS(1.0),Average rent per month in cities by type of dwelling,A,Annual,FLAT3,3-bedroom flats,EUR,Euro,UK_CAP,London,2025,,4100,,,,,
dataflow,ESTAT:PRC_COLC_RENTS(1.0),Average rent per month in cities by type of dwelling,A,Annual,FLAT3,3-bedroom flats,EUR,Euro,UK_DEL,Culham,2016,,1650,,,,,
dataflow,ESTAT:PRC_COLC_RENTS(1.0),Average rent per month in cities by type of dwelling,A,Annual,FLAT3,3-bedroom flats,EUR,Euro,UK_DEL,Culham,2017,,1500,,,,,
dataflow,ESTAT:PRC_COLC_RENTS(1.0),Average rent per month in cities by type of dwelling,A,Annual,FLAT3,3-bedroom flats,EUR,Euro,UK_DEL,Culham,2018,,1400,,,,,
dataflow,ESTAT:PRC_COLC_RENTS(1.0),Average rent per month in cities by type of dwelling,A,Annual,FLAT3,3-bedroom flats,EUR,Euro,UK_DEL,Culham,2019,,1450,,,,,
dataflow,ESTAT:PRC_COLC_RENTS(1.0),Average rent per month in cities by type of dwelling,A,Annual,FLAT3,3-bedroom flats,EUR,Euro,UK_DEL,Culham,2020,,1500,,,,,
dataflow,ESTAT:PRC_COLC_RENTS(1.0),Average rent per month in cities by type of dwelling,A,Annual,FLAT3,3-bedroom flats,EUR,Euro,UK_DEL,Culham,2021,,1800,,,,,
dataflow,ESTAT:PRC_COLC_RENTS(1.0),Average rent per month in cities by type of dwelling,A,Annual,FLAT3,3-bedroom flats,EUR,Euro,XK_CAP,Prishtinë,2021,,700,,,,,
dataflow,ESTAT:PRC_COLC_RENTS(1.0),Average rent per month in cities by type of dwelling,A,Annual,FLAT3,3-bedroom flats,EUR,Euro,XK_CAP,Prishtinë,2022,,560,,,,,
dataflow,ESTAT:PRC_COLC_RENTS(1.0),Average rent per month in cities by type of dwelling,A,Annual,FLAT3,3-bedroom flats,EUR,Euro,XK_CAP,Prishtinë,2023,,580,,,,,
dataflow,ESTAT:PRC_COLC_RENTS(1.0),Average rent per month in cities by type of dwelling,A,Annual,FLAT3,3-bedroom flats,EUR,Euro,XK_CAP,Prishtinë,2024,,670,,,,,
dataflow,ESTAT:PRC_COLC_RENTS(1.0),Average rent per month in cities by type of dwelling,A,Annual,FLAT3,3-bedroom flats,EUR,Euro,XK_CAP,Prishtinë,2025,,740,,,,,
dataflow,ESTAT:PRC_COLC_RENTS(1.0),Average rent per month in cities by type of dwelling,A,Annual,FLAT3,3-bedroom flats,NAC,National currency,AL_CAP,Tiranë (Tirana),2016,,93700,,,,,
dataflow,ESTAT:PRC_COLC_RENTS(1.0),Average rent per month in cities by type of dwelling,A,Annual,FLAT3,3-bedroom flats,NAC,National currency,AL_CAP,Tiranë (Tirana),2017,,88400,,,,,
dataflow,ESTAT:PRC_COLC_RENTS(1.0),Average rent per month in cities by type of dwelling,A,Annual,FLAT3,3-bedroom flats,NAC,National currency,AL_CAP,Tiranë (Tirana),2018,,91900,,,,,
dataflow,ESTAT:PRC_COLC_RENTS(1.0),Average rent per month in cities by type of dwelling,A,Annual,FLAT3,3-bedroom flats,NAC,National currency,AL_CAP,Tiranë (Tirana),2019,,96200,,,,,
dataflow,ESTAT:PRC_COLC_RENTS(1.0),Average rent per month in cities by type of dwelling,A,Annual,FLAT3,3-bedroom flats,NAC,National currency,AL_CAP,Tiranë (Tirana),2020,,99300,,,,,
dataflow,ESTAT:PRC_COLC_RENTS(1.0),Average rent per month in cities by type of dwelling,A,Annual,FLAT3,3-bedroom flats,NAC,National currency,AL_CAP,Tiranë (Tirana),2021,,103000,,,,,
dataflow,ESTAT:PRC_COLC_RENTS(1.0),Average rent per month in cities by type of dwelling,A,Annual,FLAT3,3-bedroom flats,NAC,National currency,AL_CAP,Tiranë (Tirana),2022,,103900,,,,,
dataflow,ESTAT:PRC_COLC_RENTS(1.0),Average rent per month in cities by type of dwelling,A,Annual,FLAT3,3-bedroom flats,NAC,National currency,AL_CAP,Tiranë (Tirana),2023,,104750,,,,,
dataflow,ESTAT:PRC_COLC_RENTS(1.0),Average rent per month in cities by type of dwelling,A,Annual,FLAT3,3-bedroom flats,NAC,National currency,AL_CAP,Tiranë (Tirana),2024,,100300,,,,,
dataflow,ESTAT:PRC_COLC_RENTS(1.0),Average rent per month in cities by type of dwelling,A,Annual,FLAT3,3-bedroom flats,NAC,National currency,AL_CAP,Tiranë (Tirana),2025,,112850,,,,,
dataflow,ESTAT:PRC_COLC_RENTS(1.0),Average rent per month in cities by type of dwelling,A,Annual,FLAT3,3-bedroom flats,NAC,National currency,AT_CAP,Wien,2016,,1600,,,,,
dataflow,ESTAT:PRC_COLC_RENTS(1.0),Average rent per month in cities by type of dwelling,A,Annual,FLAT3,3-bedroom flats,NAC,National currency,AT_CAP,Wien,2017,,1700,,,,,
dataflow,ESTAT:PRC_COLC_RENTS(1.0),Average rent per month in cities by type of dwelling,A,Annual,FLAT3,3-bedroom flats,NAC,National currency,AT_CAP,Wien,2018,,1700,,,,,
dataflow,ESTAT:PRC_COLC_RENTS(1.0),Average rent per month in cities by type of dwelling,A,Annual,FLAT3,3-bedroom flats,NAC,National currency,AT_CAP,Wien,2019,,1650,,,,,
dataflow,ESTAT:PRC_COLC_RENTS(1.0),Average rent per month in cities by type of dwelling,A,Annual,FLAT3,3-bedroom flats,NAC,National currency,AT_CAP,Wien,2020,,1700,,,,,
dataflow,ESTAT:PRC_COLC_RENTS(1.0),Average rent per month in cities by type of dwelling,A,Annual,FLAT3,3-bedroom flats,NAC,National currency,AT_CAP,Wien,2021,,1750,,,,,
dataflow,ESTAT:PRC_COLC_RENTS(1.0),Average rent per month in cities by type of dwelling,A,Annual,FLAT3,3-bedroom flats,NAC,National currency,AT_CAP,Wien,2022,,1800,,,,,
dataflow,ESTAT:PRC_COLC_RENTS(1.0),Average rent per month in cities by type of dwelling,A,Annual,FLAT3,3-bedroom flats,NAC,National currency,AT_CAP,Wien,2023,,2050,,,,,
dataflow,ESTAT:PRC_COLC_RENTS(1.0),Average rent per month in cities by type of dwelling,A,Annual,FLAT3,3-bedroom flats,NAC,National currency,AT_CAP,Wien,2024,,2100,,,,,
dataflow,ESTAT:PRC_COLC_RENTS(1.0),Average rent per month in cities by type of dwelling,A,Annual,FLAT3,3-bedroom flats,NAC,National currency,AT_CAP,Wien,2025,,2200,,,,,
dataflow,ESTAT:PRC_COLC_RENTS(1.0),Average rent per month in cities by type of dwelling,A,Annual,FLAT3,3-bedroom flats,NAC,National currency,BA_CAP,Sarajevo,2016,,1600,,,,,
dataflow,ESTAT:PRC_COLC_RENTS(1.0),Average rent per month in cities by type of dwelling,A,Annual,FLAT3,3-bedroom flats,NAC,National currency,BA_CAP,Sarajevo,2017,,1450,,,,,
dataflow,ESTAT:PRC_COLC_RENTS(1.0),Average rent per month in cities by type of dwelling,A,Annual,FLAT3,3-bedroom flats,NAC,National currency,BA_CAP,Sarajevo,2018,,1600,,,,,
dataflow,ESTAT:PRC_COLC_RENTS(1.0),Average rent per month in cities by type of dwelling,A,Annual,FLAT3,3-bedroom flats,NAC,National currency,BA_CAP,Sarajevo,2019,,1600,,,,,
dataflow,ESTAT:PRC_COLC_RENTS(1.0),Average rent per month in cities by type of dwelling,A,Annual,FLAT3,3-bedroom flats,NAC,National currency,BA_CAP,Sarajevo,2020,,1600,,,,,
dataflow,ESTAT:PRC_COLC_RENTS(1.0),Average rent per month in cities by type of dwelling,A,Annual,FLAT3,3-bedroom flats,NAC,National currency,BA_CAP,Sarajevo,2021,,1650,,,,,
dataflow,ESTAT:PRC_COLC_RENTS(1.0),Average rent per month in cities by type of dwelling,A,Annual,FLAT3,3-bedroom flats,NAC,National currency,BA_CAP,Sarajevo,2022,,2050,,,,,
dataflow,ESTAT:PRC_COLC_RENTS(1.0),Average rent per month in cities by type of dwelling,A,Annual,FLAT3,3-bedroom flats,NAC,National currency,BA_CAP,Sarajevo,2023,,2400,,,,,
dataflow,ESTAT:PRC_COLC_RENTS(1.0),Average rent per month in cities by type of dwelling,A,Annual,FLAT3,3-bedroom flats,NAC,National currency,BA_CAP,Sarajevo,2024,,3200,,,,,
dataflow,ESTAT:PRC_COLC_RENTS(1.0),Average rent per month in cities by type of dwelling,A,Annual,FLAT3,3-bedroom flats,NAC,National currency,BA_CAP,Sarajevo,2025,,3100,,,,,
dataflow,ESTAT:PRC_COLC_RENTS(1.0),Average rent per month in cities by type of dwelling,A,Annual,FLAT3,3-bedroom flats,NAC,National currency,BE_CAP,Bruxelles/Brussel,2016,,1300,,,,,
dataflow,ESTAT:PRC_COLC_RENTS(1.0),Average rent per month in cities by type of dwelling,A,Annual,FLAT3,3-bedroom flats,NAC,National currency,BE_CAP,Bruxelles/Brussel,2017,,1250,,,,,
dataflow,ESTAT:PRC_COLC_RENTS(1.0),Average rent per month in cities by type of dwelling,A,Annual,FLAT3,3-bedroom flats,NAC,National currency,BE_CAP,Bruxelles/Brussel,2018,,1300,,,,,
dataflow,ESTAT:PRC_COLC_RENTS(1.0),Average rent per month in cities by type of dwelling,A,Annual,FLAT3,3-bedroom flats,NAC,National currency,BE_CAP,Bruxelles/Brussel,2019,,1300,,,,,
dataflow,ESTAT:PRC_COLC_RENTS(1.0),Average rent per month in cities by type of dwelling,A,Annual,FLAT3,3-bedroom flats,NAC,National currency,BE_CAP,Bruxelles/Brussel,2020,,1350,,,,,
dataflow,ESTAT:PRC_COLC_RENTS(1.0),Average rent per month in cities by type of dwelling,A,Annual,FLAT3,3-bedroom flats,NAC,National currency,BE_CAP,Bruxelles/Brussel,2021,,1350,,,,,
dataflow,ESTAT:PRC_COLC_RENTS(1.0),Average rent per month in cities by type of dwelling,A,Annual,FLAT3,3-bedroom flats,NAC,National currency,BE_CAP,Bruxelles/Brussel,2022,,1600,,,,,
dataflow,ESTAT:PRC_COLC_RENTS(1.0),Average rent per month in cities by type of dwelling,A,Annual,FLAT3,3-bedroom flats,NAC,National currency,BE_CAP,Bruxelles/Brussel,2023,,1600,,,,,
dataflow,ESTAT:PRC_COLC_RENTS(1.0),Average rent per month in cities by type of dwelling,A,Annual,FLAT3,3-bedroom flats,NAC,National currency,BE_CAP,Bruxelles/Brussel,2024,,1750,,,,,
dataflow,ESTAT:PRC_COLC_RENTS(1.0),Average rent per month in cities by type of dwelling,A,Annual,FLAT3,3-bedroom flats,NAC,National currency,BE_CAP,Bruxelles/Brussel,2025,,1750,,,,,
dataflow,ESTAT:PRC_COLC_RENTS(1.0),Average rent per month in cities by type of dwelling,A,Annual,FLAT3,3-bedroom flats,NAC,National currency,BG_CAP,Sofia,2016,,1650,,,,,
dataflow,ESTAT:PRC_COLC_RENTS(1.0),Average rent per month in cities by type of dwelling,A,Annual,FLAT3,3-bedroom flats,NAC,National currency,BG_CAP,Sofia,2017,,1550,,,,,
dataflow,ESTAT:PRC_COLC_RENTS(1.0),Average rent per month in cities by type of dwelling,A,Annual,FLAT3,3-bedroom flats,NAC,National currency,BG_CAP,Sofia,2018,,1700,,,,,
dataflow,ESTAT:PRC_COLC_RENTS(1.0),Average rent per month in cities by type of dwelling,A,Annual,FLAT3,3-bedroom flats,NAC,National currency,BG_CAP,Sofia,2019,,1800,,,,,
dataflow,ESTAT:PRC_COLC_RENTS(1.0),Average rent per month in cities by type of dwelling,A,Annual,FLAT3,3-bedroom flats,NAC,National currency,BG_CAP,Sofia,2020,,1850,,,,,
dataflow,ESTAT:PRC_COLC_RENTS(1.0),Average rent per month in cities by type of dwelling,A,Annual,FLAT3,3-bedroom flats,NAC,National currency,BG_CAP,Sofia,2021,,1500,,,,,
dataflow,ESTAT:PRC_COLC_RENTS(1.0),Average rent per month in cities by type of dwelling,A,Annual,FLAT3,3-bedroom flats,NAC,National currency,BG_CAP,Sofia,2022,,1700,,,,,
dataflow,ESTAT:PRC_COLC_RENTS(1.0),Average rent per month in cities by type of dwelling,A,Annual,FLAT3,3-bedroom flats,NAC,National currency,BG_CAP,Sofia,2023,,2150,,,,,
dataflow,ESTAT:PRC_COLC_RENTS(1.0),Average rent per month in cities by type of dwelling,A,Annual,FLAT3,3-bedroom flats,NAC,National currency,BG_CAP,Sofia,2024,,2350,,,,,
dataflow,ESTAT:PRC_COLC_RENTS(1.0),Average rent per month in cities by type of dwelling,A,Annual,FLAT3,3-bedroom flats,NAC,National currency,BG_CAP,Sofia,2025,,2550,,,,,
dataflow,ESTAT:PRC_COLC_RENTS(1.0),Average rent per month in cities by type of dwelling,A,Annual,FLAT3,3-bedroom flats,NAC,National currency,CH_CAP,Bern (Berne),2016,,2500,,,,,
dataflow,ESTAT:PRC_COLC_RENTS(1.0),Average rent per month in cities by type of dwelling,A,Annual,FLAT3,3-bedroom flats,NAC,National currency,CH_CAP,Bern (Berne),2017,,2300,,,,,
dataflow,ESTAT:PRC_COLC_RENTS(1.0),Average rent per month in cities by type of dwelling,A,Annual,FLAT3,3-bedroom flats,NAC,National currency,CH_CAP,Bern (Berne),2018,,2350,,,,,
dataflow,ESTAT:PRC_COLC_RENTS(1.0),Average rent per month in cities by type of dwelling,A,Annual,FLAT3,3-bedroom flats,NAC,National currency,CH_CAP,Bern (Berne),2019,,2300,,,,,
dataflow,ESTAT:PRC_COLC_RENTS(1.0),Average rent per month in cities by type of dwelling,A,Annual,FLAT3,3-bedroom flats,NAC,National currency,CH_CAP,Bern (Berne),2020,,2300,,,,,
dataflow,ESTAT:PRC_COLC_RENTS(1.0),Average rent per month in cities by type of dwelling,A,Annual,FLAT3,3-bedroom flats,NAC,National currency,CH_CAP,Bern (Berne),2021,,2350,,,,,
dataflow,ESTAT:PRC_COLC_RENTS(1.0),Average rent per month in cities by type of dwelling,A,Annual,FLAT3,3-bedroom flats,NAC,National currency,CH_CAP,Bern (Berne),2022,,2350,,,,,
dataflow,ESTAT:PRC_COLC_RENTS(1.0),Average rent per month in cities by type of dwelling,A,Annual,FLAT3,3-bedroom flats,NAC,National currency,CH_CAP,Bern (Berne),2023,,2450,,,,,
dataflow,ESTAT:PRC_COLC_RENTS(1.0),Average rent per month in cities by type of dwelling,A,Annual,FLAT3,3-bedroom flats,NAC,National currency,CH_CAP,Bern (Berne),2024,,2450,,,,,
dataflow,ESTAT:PRC_COLC_RENTS(1.0),Average rent per month in cities by type of dwelling,A,Annual,FLAT3,3-bedroom flats,NAC,National currency,CH_CAP,Bern (Berne),2025,,2500,,,,,
dataflow,ESTAT:PRC_COLC_RENTS(1.0),Average rent per month in cities by type of dwelling,A,Annual,FLAT3,3-bedroom flats,NAC,National currency,CH_DEL,Genève,2016,,3750,,,,,
dataflow,ESTAT:PRC_COLC_RENTS(1.0),Average rent per month in cities by type of dwelling,A,Annual,FLAT3,3-bedroom flats,NAC,National currency,CH_DEL,Genève,2017,,3600,,,,,
dataflow,ESTAT:PRC_COLC_RENTS(1.0),Average rent per month in cities by type of dwelling,A,Annual,FLAT3,3-bedroom flats,NAC,National currency,CH_DEL,Genève,2018,,3500,,,,,
dataflow,ESTAT:PRC_COLC_RENTS(1.0),Average rent per month in cities by type of dwelling,A,Annual,FLAT3,3-bedroom flats,NAC,National currency,CH_DEL,Genève,2019,,3500,,,,,
dataflow,ESTAT:PRC_COLC_RENTS(1.0),Average rent per month in cities by type of dwelling,A,Annual,FLAT3,3-bedroom flats,NAC,National currency,CH_DEL,Genève,2020,,3500,,,,,
dataflow,ESTAT:PRC_COLC_RENTS(1.0),Average rent per month in cities by type of dwelling,A,Annual,FLAT3,3-bedroom flats,NAC,National currency,CH_DEL,Genève,2021,,3550,,,,,
dataflow,ESTAT:PRC_COLC_RENTS(1.0),Average rent per month in cities by type of dwelling,A,Annual,FLAT3,3-bedroom flats,NAC,National currency,CH_DEL,Genève,2022,,3700,,,,,
dataflow,ESTAT:PRC_COLC_RENTS(1.0),Average rent per month in cities by type of dwelling,A,Annual,FLAT3,3-bedroom flats,NAC,National currency,CH_DEL,Genève,2023,,3700,,,,,
dataflow,ESTAT:PRC_COLC_RENTS(1.0),Average rent per month in cities by type of dwelling,A,Annual,FLAT3,3-bedroom flats,NAC,National currency,CH_DEL,Genève,2024,,4000,,,,,
dataflow,ESTAT:PRC_COLC_RENTS(1.0),Average rent per month in cities by type of dwelling,A,Annual,FLAT3,3-bedroom flats,NAC,National currency,CH_DEL,Genève,2025,,4100,,,,,
dataflow,ESTAT:PRC_COLC_RENTS(1.0),Average rent per month in cities by type of dwelling,A,Annual,FLAT3,3-bedroom flats,NAC,National currency,CY_CAP,Lefkosia,2016,,680,,,,,
dataflow,ESTAT:PRC_COLC_RENTS(1.0),Average rent per month in cities by type of dwelling,A,Annual,FLAT3,3-bedroom flats,NAC,National currency,CY_CAP,Lefkosia,2017,,760,,,,,
dataflow,ESTAT:PRC_COLC_RENTS(1.0),Average rent per month in cities by type of dwelling,A,Annual,FLAT3,3-bedroom flats,NAC,National currency,CY_CAP,Lefkosia,2018,,900,,,,,
dataflow,ESTAT:PRC_COLC_RENTS(1.0),Average rent per month in cities by type of dwelling,A,Annual,FLAT3,3-bedroom flats,NAC,National currency,CY_CAP,Lefkosia,2019,,920,,,,,
dataflow,ESTAT:PRC_COLC_RENTS(1.0),Average rent per month in cities by type of dwelling,A,Annual,FLAT3,3-bedroom flats,NAC,National currency,CY_CAP,Lefkosia,2020,,940,,,,,
dataflow,ESTAT:PRC_COLC_RENTS(1.0),Average rent per month in cities by type of dwelling,A,Annual,FLAT3,3-bedroom flats,NAC,National currency,CY_CAP,Lefkosia,2021,,900,,,,,
dataflow,ESTAT:PRC_COLC_RENTS(1.0),Average rent per month in cities by type of dwelling,A,Annual,FLAT3,3-bedroom flats,NAC,National currency,CY_CAP,Lefkosia,2022,,1050,,,,,
dataflow,ESTAT:PRC_COLC_RENTS(1.0),Average rent per month in cities by type of dwelling,A,Annual,FLAT3,3-bedroom flats,NAC,National currency,CY_CAP,Lefkosia,2023,,1150,,,,,
dataflow,ESTAT:PRC_COLC_RENTS(1.0),Average rent per month in cities by type of dwelling,A,Annual,FLAT3,3-bedroom flats,NAC,National currency,CY_CAP,Lefkosia,2024,,1250,,,,,
dataflow,ESTAT:PRC_COLC_RENTS(1.0),Average rent per month in cities by type of dwelling,A,Annual,FLAT3,3-bedroom flats,NAC,National currency,CY_CAP,Lefkosia,2025,,1200,,,,,
dataflow,ESTAT:PRC_COLC_RENTS(1.0),Average rent per month in cities by type of dwelling,A,Annual,FLAT3,3-bedroom flats,NAC,National currency,CZ_CAP,Praha,2016,,35800,,,,,
dataflow,ESTAT:PRC_COLC_RENTS(1.0),Average rent per month in cities by type of dwelling,A,Annual,FLAT3,3-bedroom flats,NAC,National currency,CZ_CAP,Praha,2017,,39100,,,,,
dataflow,ESTAT:PRC_COLC_RENTS(1.0),Average rent per month in cities by type of dwelling,A,Annual,FLAT3,3-bedroom flats,NAC,National currency,CZ_CAP,Praha,2018,,43800,,,,,
dataflow,ESTAT:PRC_COLC_RENTS(1.0),Average rent per month in cities by type of dwelling,A,Annual,FLAT3,3-bedroom flats,NAC,National currency,CZ_CAP,Praha,2019,,43000,,,,,
dataflow,ESTAT:PRC_COLC_RENTS(1.0),Average rent per month in cities by type of dwelling,A,Annual,FLAT3,3-bedroom flats,NAC,National currency,CZ_CAP,Praha,2020,,44300,,,,,
dataflow,ESTAT:PRC_COLC_RENTS(1.0),Average rent per month in cities by type of dwelling,A,Annual,FLAT3,3-bedroom flats,NAC,National currency,CZ_CAP,Praha,2021,,36500,,,,,
dataflow,ESTAT:PRC_COLC_RENTS(1.0),Average rent per month in cities by type of dwelling,A,Annual,FLAT3,3-bedroom flats,NAC,National currency,CZ_CAP,Praha,2022,,43950,,,,,
dataflow,ESTAT:PRC_COLC_RENTS(1.0),Average rent per month in cities by type of dwelling,A,Annual,FLAT3,3-bedroom flats,NAC,National currency,CZ_CAP,Praha,2023,,49800,,,,,
dataflow,ESTAT:PRC_COLC_RENTS(1.0),Average rent per month in cities by type of dwelling,A,Annual,FLAT3,3-bedroom flats,NAC,National currency,CZ_CAP,Praha,2024,,53550,,,,,
dataflow,ESTAT:PRC_COLC_RENTS(1.0),Average rent per month in cities by type of dwelling,A,Annual,FLAT3,3-bedroom flats,NAC,National currency,CZ_CAP,Praha,2025,,55450,,,,,
dataflow,ESTAT:PRC_COLC_RENTS(1.0),Average rent per month in cities by type of dwelling,A,Annual,FLAT3,3-bedroom flats,NAC,National currency,DE_CAP,Berlin,2016,,1600,,,,,
dataflow,ESTAT:PRC_COLC_RENTS(1.0),Average rent per month in cities by type of dwelling,A,Annual,FLAT3,3-bedroom flats,NAC,National currency,DE_CAP,Berlin,2017,,1600,,,,,
dataflow,ESTAT:PRC_COLC_RENTS(1.0),Average rent per month in cities by type of dwelling,A,Annual,FLAT3,3-bedroom flats,NAC,National currency,DE_CAP,Berlin,2018,,1750,,,,,
dataflow,ESTAT:PRC_COLC_RENTS(1.0),Average rent per month in cities by type of dwelling,A,Annual,FLAT3,3-bedroom flats,NAC,National currency,DE_CAP,Berlin,2019,,1800,,,,,
dataflow,ESTAT:PRC_COLC_RENTS(1.0),Average rent per month in cities by type of dwelling,A,Annual,FLAT3,3-bedroom flats,NAC,National currency,DE_CAP,Berlin,2020,,1850,,,,,
dataflow,ESTAT:PRC_COLC_RENTS(1.0),Average rent per month in cities by type of dwelling,A,Annual,FLAT3,3-bedroom flats,NAC,National currency,DE_CAP,Berlin,2021,,2000,,,,,
dataflow,ESTAT:PRC_COLC_RENTS(1.0),Average rent per month in cities by type of dwelling,A,Annual,FLAT3,3-bedroom flats,NAC,National currency,DE_CAP,Berlin,2022,,2150,,,,,
dataflow,ESTAT:PRC_COLC_RENTS(1.0),Average rent per month in cities by type of dwelling,A,Annual,FLAT3,3-bedroom flats,NAC,National currency,DE_CAP,Berlin,2023,,2150,,,,,
dataflow,ESTAT:PRC_COLC_RENTS(1.0),Average rent per month in cities by type of dwelling,A,Annual,FLAT3,3-bedroom flats,NAC,National currency,DE_CAP,Berlin,2024,,2400,,,,,
dataflow,ESTAT:PRC_COLC_RENTS(1.0),Average rent per month in cities by type of dwelling,A,Annual,FLAT3,3-bedroom flats,NAC,National currency,DE_CAP,Berlin,2025,,2250,,,,,
dataflow,ESTAT:PRC_COLC_RENTS(1.0),Average rent per month in cities by type of dwelling,A,Annual,FLAT3,3-bedroom flats,NAC,National currency,DE_DEL1,Karlsruhe,2016,,1250,,,,,
dataflow,ESTAT:PRC_COLC_RENTS(1.0),Average rent per month in cities by type of dwelling,A,Annual,FLAT3,3-bedroom flats,NAC,National currency,DE_DEL1,Karlsruhe,2017,,1250,,,,,
dataflow,ESTAT:PRC_COLC_RENTS(1.0),Average rent per month in cities by type of dwelling,A,Annual,FLAT3,3-bedroom flats,NAC,National currency,DE_DEL1,Karlsruhe,2018,,1300,,,,,
dataflow,ESTAT:PRC_COLC_RENTS(1.0),Average rent per month in cities by type of dwelling,A,Annual,FLAT3,3-bedroom flats,NAC,National currency,DE_DEL1,Karlsruhe,2019,,1400,,,,,
dataflow,ESTAT:PRC_COLC_RENTS(1.0),Average rent per month in cities by type of dwelling,A,Annual,FLAT3,3-bedroom flats,NAC,National currency,DE_DEL1,Karlsruhe,2020,,1400,,,,,
dataflow,ESTAT:PRC_COLC_RENTS(1.0),Average rent per month in cities by type of dwelling,A,Annual,FLAT3,3-bedroom flats,NAC,National currency,DE_DEL1,Karlsruhe,2021,,1450,,,,,
dataflow,ESTAT:PRC_COLC_RENTS(1.0),Average rent per month in cities by type of dwelling,A,Annual,FLAT3,3-bedroom flats,NAC,National currency,DE_DEL1,Karlsruhe,2022,,1500,,,,,
dataflow,ESTAT:PRC_COLC_RENTS(1.0),Average rent per month in cities by type of dwelling,A,Annual,FLAT3,3-bedroom flats,NAC,National currency,DE_DEL1,Karlsruhe,2023,,1500,,,,,
dataflow,ESTAT:PRC_COLC_RENTS(1.0),Average rent per month in cities by type of dwelling,A,Annual,FLAT3,3-bedroom flats,NAC,National currency,DE_DEL2,München,2016,,2000,,,,,
dataflow,ESTAT:PRC_COLC_RENTS(1.0),Average rent per month in cities by type of dwelling,A,Annual,FLAT3,3-bedroom flats,NAC,National currency,DE_DEL2,München,2017,,2050,,,,,
dataflow,ESTAT:PRC_COLC_RENTS(1.0),Average rent per month in cities by type of dwelling,A,Annual,FLAT3,3-bedroom flats,NAC,National currency,DE_DEL2,München,2018,,2150,,,,,
dataflow,ESTAT:PRC_COLC_RENTS(1.0),Average rent per month in cities by type of dwelling,A,Annual,FLAT3,3-bedroom flats,NAC,National currency,DE_DEL2,München,2019,,2250,,,,,
dataflow,ESTAT:PRC_COLC_RENTS(1.0),Average rent per month in cities by type of dwelling,A,Annual,FLAT3,3-bedroom flats,NAC,National currency,DE_DEL2,München,2020,,2250,,,,,
dataflow,ESTAT:PRC_COLC_RENTS(1.0),Average rent per month in cities by type of dwelling,A,Annual,FLAT3,3-bedroom flats,NAC,National currency,DE_DEL2,München,2021,,2250,,,,,
dataflow,ESTAT:PRC_COLC_RENTS(1.0),Average rent per month in cities by type of dwelling,A,Annual,FLAT3,3-bedroom flats,NAC,National currency,DE_DEL2,München,2022,,2500,,,,,
dataflow,ESTAT:PRC_COLC_RENTS(1.0),Average rent per month in cities by type of dwelling,A,Annual,FLAT3,3-bedroom flats,NAC,National currency,DE_DEL2,München,2023,,2450,,,,,
dataflow,ESTAT:PRC_COLC_RENTS(1.0),Average rent per month in cities by type of dwelling,A,Annual,FLAT3,3-bedroom flats,NAC,National currency,DE_DEL2,München,2024,,2550,,,,,
dataflow,ESTAT:PRC_COLC_RENTS(1.0),Average rent per month in cities by type of dwelling,A,Annual,FLAT3,3-bedroom flats,NAC,National currency,DE_DEL2,München,2025,,2700,,,,,
dataflow,ESTAT:PRC_COLC_RENTS(1.0),Average rent per month in cities by type of dwelling,A,Annual,FLAT3,3-bedroom flats,NAC,National currency,DE_DEL3,Bonn,2016,,1250,,,,,
dataflow,ESTAT:PRC_COLC_RENTS(1.0),Average rent per month in cities by type of dwelling,A,Annual,FLAT3,3-bedroom flats,NAC,National currency,DE_DEL3,Bonn,2017,,1250,,,,,
dataflow,ESTAT:PRC_COLC_RENTS(1.0),Average rent per month in cities by type of dwelling,A,Annual,FLAT3,3-bedroom flats,NAC,National currency,DE_DEL3,Bonn,2018,,1300,,,,,
dataflow,ESTAT:PRC_COLC_RENTS(1.0),Average rent per month in cities by type of dwelling,A,Annual,FLAT3,3-bedroom flats,NAC,National currency,DE_DEL3,Bonn,2019,,1300,,,,,
dataflow,ESTAT:PRC_COLC_RENTS(1.0),Average rent per month in cities by type of dwelling,A,Annual,FLAT3,3-bedroom flats,NAC,National currency,DE_DEL3,Bonn,2020,,1350,,,,,
dataflow,ESTAT:PRC_COLC_RENTS(1.0),Average rent per month in cities by type of dwelling,A,Annual,FLAT3,3-bedroom flats,NAC,National currency,DK_CAP,København,2016,,18200,,,,,
dataflow,ESTAT:PRC_COLC_RENTS(1.0),Average rent per month in cities by type of dwelling,A,Annual,FLAT3,3-bedroom flats,NAC,National currency,DK_CAP,København,2017,,17500,,,,,
dataflow,ESTAT:PRC_COLC_RENTS(1.0),Average rent per month in cities by type of dwelling,A,Annual,FLAT3,3-bedroom flats,NAC,National currency,DK_CAP,København,2018,,18700,,,,,
dataflow,ESTAT:PRC_COLC_RENTS(1.0),Average rent per month in cities by type of dwelling,A,Annual,FLAT3,3-bedroom flats,NAC,National currency,DK_CAP,København,2019,,18700,,,,,
dataflow,ESTAT:PRC_COLC_RENTS(1.0),Average rent per month in cities by type of dwelling,A,Annual,FLAT3,3-bedroom flats,NAC,National currency,DK_CAP,København,2020,,18800,,,,,
dataflow,ESTAT:PRC_COLC_RENTS(1.0),Average rent per month in cities by type of dwelling,A,Annual,FLAT3,3-bedroom flats,NAC,National currency,DK_CAP,København,2021,,20000,,,,,
dataflow,ESTAT:PRC_COLC_RENTS(1.0),Average rent per month in cities by type of dwelling,A,Annual,FLAT3,3-bedroom flats,NAC,National currency,DK_CAP,København,2022,,20350,,,,,
dataflow,ESTAT:PRC_COLC_RENTS(1.0),Average rent per month in cities by type of dwelling,A,Annual,FLAT3,3-bedroom flats,NAC,National currency,DK_CAP,København,2023,,19850,,,,,
dataflow,ESTAT:PRC_COLC_RENTS(1.0),Average rent per month in cities by type of dwelling,A,Annual,FLAT3,3-bedroom flats,NAC,National currency,DK_CAP,København,2024,,21450,,,,,
dataflow,ESTAT:PRC_COLC_RENTS(1.0),Average rent per month in cities by type of dwelling,A,Annual,FLAT3,3-bedroom flats,NAC,National currency,DK_CAP,København,2025,,23050,,,,,
dataflow,ESTAT:PRC_COLC_RENTS(1.0),Average rent per month in cities by type of dwelling,A,Annual,FLAT3,3-bedroom flats,NAC,National currency,EE_CAP,Tallinn,2016,,1050,,,,,
dataflow,ESTAT:PRC_COLC_RENTS(1.0),Average rent per month in cities by type of dwelling,A,Annual,FLAT3,3-bedroom flats,NAC,National currency,EE_CAP,Tallinn,2017,,1100,,,,,
dataflow,ESTAT:PRC_COLC_RENTS(1.0),Average rent per month in cities by type of dwelling,A,Annual,FLAT3,3-bedroom flats,NAC,National currency,EE_CAP,Tallinn,2018,,1150,,,,,
dataflow,ESTAT:PRC_COLC_RENTS(1.0),Average rent per month in cities by type of dwelling,A,Annual,FLAT3,3-bedroom flats,NAC,National currency,EE_CAP,Tallinn,2019,,1350,,,,,
dataflow,ESTAT:PRC_COLC_RENTS(1.0),Average rent per month in cities by type of dwelling,A,Annual,FLAT3,3-bedroom flats,NAC,National currency,EE_CAP,Tallinn,2020,,1200,,,,,
dataflow,ESTAT:PRC_COLC_RENTS(1.0),Average rent per month in cities by type of dwelling,A,Annual,FLAT3,3-bedroom flats,NAC,National currency,EE_CAP,Tallinn,2021,,1150,,,,,
dataflow,ESTAT:PRC_COLC_RENTS(1.0),Average rent per month in cities by type of dwelling,A,Annual,FLAT3,3-bedroom flats,NAC,National currency,EE_CAP,Tallinn,2022,,1450,,,,,
dataflow,ESTAT:PRC_COLC_RENTS(1.0),Average rent per month in cities by type of dwelling,A,Annual,FLAT3,3-bedroom flats,NAC,National currency,EE_CAP,Tallinn,2023,,1550,,,,,
dataflow,ESTAT:PRC_COLC_RENTS(1.0),Average rent per month in cities by type of dwelling,A,Annual,FLAT3,3-bedroom flats,NAC,National currency,EE_CAP,Tallinn,2024,,1450,,,,,
dataflow,ESTAT:PRC_COLC_RENTS(1.0),Average rent per month in cities by type of dwelling,A,Annual,FLAT3,3-bedroom flats,NAC,National currency,EE_CAP,Tallinn,2025,,1600,,,,,
dataflow,ESTAT:PRC_COLC_RENTS(1.0),Average rent per month in cities by type of dwelling,A,Annual,FLAT3,3-bedroom flats,NAC,National currency,EL_CAP,Athina,2016,,1300,,,,,
dataflow,ESTAT:PRC_COLC_RENTS(1.0),Average rent per month in cities by type of dwelling,A,Annual,FLAT3,3-bedroom flats,NAC,National currency,EL_CAP,Athina,2017,,1300,,,,,
dataflow,ESTAT:PRC_COLC_RENTS(1.0),Average rent per month in cities by type of dwelling,A,Annual,FLAT3,3-bedroom flats,NAC,National currency,EL_CAP,Athina,2018,,1350,,,,,
dataflow,ESTAT:PRC_COLC_RENTS(1.0),Average rent per month in cities by type of dwelling,A,Annual,FLAT3,3-bedroom flats,NAC,National currency,EL_CAP,Athina,2019,,1450,,,,,
dataflow,ESTAT:PRC_COLC_RENTS(1.0),Average rent per month in cities by type of dwelling,A,Annual,FLAT3,3-bedroom flats,NAC,National currency,EL_CAP,Athina,2020,,1450,,,,,
dataflow,ESTAT:PRC_COLC_RENTS(1.0),Average rent per month in cities by type of dwelling,A,Annual,FLAT3,3-bedroom flats,NAC,National currency,EL_CAP,Athina,2021,,1650,,,,,
dataflow,ESTAT:PRC_COLC_RENTS(1.0),Average rent per month in cities by type of dwelling,A,Annual,FLAT3,3-bedroom flats,NAC,National currency,EL_CAP,Athina,2022,,1950,,,,,
dataflow,ESTAT:PRC_COLC_RENTS(1.0),Average rent per month in cities by type of dwelling,A,Annual,FLAT3,3-bedroom flats,NAC,National currency,EL_CAP,Athina,2023,,2000,,,,,
dataflow,ESTAT:PRC_COLC_RENTS(1.0),Average rent per month in cities by type of dwelling,A,Annual,FLAT3,3-bedroom flats,NAC,National currency,EL_CAP,Athina,2024,,2100,,,,,
dataflow,ESTAT:PRC_COLC_RENTS(1.0),Average rent per month in cities by type of dwelling,A,Annual,FLAT3,3-bedroom flats,NAC,National currency,EL_CAP,Athina,2025,,2300,,,,,
dataflow,ESTAT:PRC_COLC_RENTS(1.0),Average rent per month in cities by type of dwelling,A,Annual,FLAT3,3-bedroom flats,NAC,National currency,ES_CAP,Madrid,2016,,1350,,,,,
dataflow,ESTAT:PRC_COLC_RENTS(1.0),Average rent per month in cities by type of dwelling,A,Annual,FLAT3,3-bedroom flats,NAC,National currency,ES_CAP,Madrid,2017,,1600,,,,,
dataflow,ESTAT:PRC_COLC_RENTS(1.0),Average rent per month in cities by type of dwelling,A,Annual,FLAT3,3-bedroom flats,NAC,National currency,ES_CAP,Madrid,2018,,1750,,,,,
dataflow,ESTAT:PRC_COLC_RENTS(1.0),Average rent per month in cities by type of dwelling,A,Annual,FLAT3,3-bedroom flats,NAC,National currency,ES_CAP,Madrid,2019,,1850,,,,,
dataflow,ESTAT:PRC_COLC_RENTS(1.0),Average rent per month in cities by type of dwelling,A,Annual,FLAT3,3-bedroom flats,NAC,National currency,ES_CAP,Madrid,2020,,1850,,,,,
dataflow,ESTAT:PRC_COLC_RENTS(1.0),Average rent per month in cities by type of dwelling,A,Annual,FLAT3,3-bedroom flats,NAC,National currency,ES_CAP,Madrid,2021,,1450,,,,,
dataflow,ESTAT:PRC_COLC_RENTS(1.0),Average rent per month in cities by type of dwelling,A,Annual,FLAT3,3-bedroom flats,NAC,National currency,ES_CAP,Madrid,2022,,1850,,,,,
dataflow,ESTAT:PRC_COLC_RENTS(1.0),Average rent per month in cities by type of dwelling,A,Annual,FLAT3,3-bedroom flats,NAC,National currency,ES_CAP,Madrid,2023,,1800,,,,,
dataflow,ESTAT:PRC_COLC_RENTS(1.0),Average rent per month in cities by type of dwelling,A,Annual,FLAT3,3-bedroom flats,NAC,National currency,ES_CAP,Madrid,2024,,2050,,,,,
dataflow,ESTAT:PRC_COLC_RENTS(1.0),Average rent per month in cities by type of dwelling,A,Annual,FLAT3,3-bedroom flats,NAC,National currency,ES_CAP,Madrid,2025,,2400,,,,,
dataflow,ESTAT:PRC_COLC_RENTS(1.0),Average rent per month in cities by type of dwelling,A,Annual,FLAT3,3-bedroom flats,NAC,National currency,FI_CAP,Helsinki,2016,,2000,,,,,
dataflow,ESTAT:PRC_COLC_RENTS(1.0),Average rent per month in cities by type of dwelling,A,Annual,FLAT3,3-bedroom flats,NAC,National currency,FI_CAP,Helsinki,2017,,2050,,,,,
dataflow,ESTAT:PRC_COLC_RENTS(1.0),Average rent per month in cities by type of dwelling,A,Annual,FLAT3,3-bedroom flats,NAC,National currency,FI_CAP,Helsinki,2018,,2100,,,,,
dataflow,ESTAT:PRC_COLC_RENTS(1.0),Average rent per month in cities by type of dwelling,A,Annual,FLAT3,3-bedroom flats,NAC,National currency,FI_CAP,Helsinki,2019,,2200,,,,,
dataflow,ESTAT:PRC_COLC_RENTS(1.0),Average rent per month in cities by type of dwelling,A,Annual,FLAT3,3-bedroom flats,NAC,National currency,FI_CAP,Helsinki,2020,,2250,,,,,
dataflow,ESTAT:PRC_COLC_RENTS(1.0),Average rent per month in cities by type of dwelling,A,Annual,FLAT3,3-bedroom flats,NAC,National currency,FI_CAP,Helsinki,2021,,2150,,,,,
dataflow,ESTAT:PRC_COLC_RENTS(1.0),Average rent per month in cities by type of dwelling,A,Annual,FLAT3,3-bedroom flats,NAC,National currency,FI_CAP,Helsinki,2022,,2350,,,,,
dataflow,ESTAT:PRC_COLC_RENTS(1.0),Average rent per month in cities by type of dwelling,A,Annual,FLAT3,3-bedroom flats,NAC,National currency,FI_CAP,Helsinki,2023,,2250,,,,,
dataflow,ESTAT:PRC_COLC_RENTS(1.0),Average rent per month in cities by type of dwelling,A,Annual,FLAT3,3-bedroom flats,NAC,National currency,FI_CAP,Helsinki,2024,,2300,,,,,
dataflow,ESTAT:PRC_COLC_RENTS(1.0),Average rent per month in cities by type of dwelling,A,Annual,FLAT3,3-bedroom flats,NAC,National currency,FI_CAP,Helsinki,2025,,2400,,,,,
dataflow,ESTAT:PRC_COLC_RENTS(1.0),Average rent per month in cities by type of dwelling,A,Annual,FLAT3,3-bedroom flats,NAC,National currency,FR_CAP,Paris,2016,,2450,,,,,
dataflow,ESTAT:PRC_COLC_RENTS(1.0),Average rent per month in cities by type of dwelling,A,Annual,FLAT3,3-bedroom flats,NAC,National currency,FR_CAP,Paris,2017,,2600,,,,,
dataflow,ESTAT:PRC_COLC_RENTS(1.0),Average rent per month in cities by type of dwelling,A,Annual,FLAT3,3-bedroom flats,NAC,National currency,FR_CAP,Paris,2018,,2700,,,,,
dataflow,ESTAT:PRC_COLC_RENTS(1.0),Average rent per month in cities by type of dwelling,A,Annual,FLAT3,3-bedroom flats,NAC,National currency,FR_CAP,Paris,2019,,2900,,,,,
dataflow,ESTAT:PRC_COLC_RENTS(1.0),Average rent per month in cities by type of dwelling,A,Annual,FLAT3,3-bedroom flats,NAC,National currency,FR_CAP,Paris,2020,,2900,,,,,
dataflow,ESTAT:PRC_COLC_RENTS(1.0),Average rent per month in cities by type of dwelling,A,Annual,FLAT3,3-bedroom flats,NAC,National currency,FR_CAP,Paris,2021,,2800,,,,,
dataflow,ESTAT:PRC_COLC_RENTS(1.0),Average rent per month in cities by type of dwelling,A,Annual,FLAT3,3-bedroom flats,NAC,National currency,FR_CAP,Paris,2022,,2800,,,,,
dataflow,ESTAT:PRC_COLC_RENTS(1.0),Average rent per month in cities by type of dwelling,A,Annual,FLAT3,3-bedroom flats,NAC,National currency,FR_CAP,Paris,2023,,2900,,,,,
dataflow,ESTAT:PRC_COLC_RENTS(1.0),Average rent per month in cities by type of dwelling,A,Annual,FLAT3,3-bedroom flats,NAC,National currency,FR_CAP,Paris,2024,,3100,,,,,
dataflow,ESTAT:PRC_COLC_RENTS(1.0),Average rent per month in cities by type of dwelling,A,Annual,FLAT3,3-bedroom flats,NAC,National currency,FR_CAP,Paris,2025,,3250,,,,,
dataflow,ESTAT:PRC_COLC_RENTS(1.0),Average rent per month in cities by type of dwelling,A,Annual,FLAT3,3-bedroom flats,NAC,National currency,HR_CAP,Zagreb,2016,,9050,,,,,
dataflow,ESTAT:PRC_COLC_RENTS(1.0),Average rent per month in cities by type of dwelling,A,Annual,FLAT3,3-bedroom flats,NAC,National currency,HR_CAP,Zagreb,2017,,10000,,,,,
dataflow,ESTAT:PRC_COLC_RENTS(1.0),Average rent per month in cities by type of dwelling,A,Annual,FLAT3,3-bedroom flats,NAC,National currency,HR_CAP,Zagreb,2018,,11450,,,,,
dataflow,ESTAT:PRC_COLC_RENTS(1.0),Average rent per month in cities by type of dwelling,A,Annual,FLAT3,3-bedroom flats,NAC,National currency,HR_CAP,Zagreb,2019,,10350,,,,,
dataflow,ESTAT:PRC_COLC_RENTS(1.0),Average rent per month in cities by type of dwelling,A,Annual,FLAT3,3-bedroom flats,NAC,National currency,HR_CAP,Zagreb,2020,,11000,,,,,
dataflow,ESTAT:PRC_COLC_RENTS(1.0),Average rent per month in cities by type of dwelling,A,Annual,FLAT3,3-bedroom flats,NAC,National currency,HR_CAP,Zagreb,2021,,11250,,,,,
dataflow,ESTAT:PRC_COLC_RENTS(1.0),Average rent per month in cities by type of dwelling,A,Annual,FLAT3,3-bedroom flats,NAC,National currency,HR_CAP,Zagreb,2022,,10900,,,,,
dataflow,ESTAT:PRC_COLC_RENTS(1.0),Average rent per month in cities by type of dwelling,A,Annual,FLAT3,3-bedroom flats,NAC,National currency,HR_CAP,Zagreb,2023,,1800,,,,,
dataflow,ESTAT:PRC_COLC_RENTS(1.0),Average rent per month in cities by type of dwelling,A,Annual,FLAT3,3-bedroom flats,NAC,National currency,HR_CAP,Zagreb,2024,,1900,,,,,
dataflow,ESTAT:PRC_COLC_RENTS(1.0),Average rent per month in cities by type of dwelling,A,Annual,FLAT3,3-bedroom flats,NAC,National currency,HR_CAP,Zagreb,2025,,2200,,,,,
dataflow,ESTAT:PRC_COLC_RENTS(1.0),Average rent per month in cities by type of dwelling,A,Annual,FLAT3,3-bedroom flats,NAC,National currency,HU_CAP,Budapest,2016,,504500,,,,,
dataflow,ESTAT:PRC_COLC_RENTS(1.0),Average rent per month in cities by type of dwelling,A,Annual,FLAT3,3-bedroom flats,NAC,National currency,HU_CAP,Budapest,2017,,517500,,,,,
dataflow,ESTAT:PRC_COLC_RENTS(1.0),Average rent per month in cities by type of dwelling,A,Annual,FLAT3,3-bedroom flats,NAC,National currency,HU_CAP,Budapest,2018,,468000,,,,,
dataflow,ESTAT:PRC_COLC_RENTS(1.0),Average rent per month in cities by type of dwelling,A,Annual,FLAT3,3-bedroom flats,NAC,National currency,HU_CAP,Budapest,2019,,508500,,,,,
dataflow,ESTAT:PRC_COLC_RENTS(1.0),Average rent per month in cities by type of dwelling,A,Annual,FLAT3,3-bedroom flats,NAC,National currency,HU_CAP,Budapest,2020,,531000,,,,,
dataflow,ESTAT:PRC_COLC_RENTS(1.0),Average rent per month in cities by type of dwelling,A,Annual,FLAT3,3-bedroom flats,NAC,National currency,HU_CAP,Budapest,2021,,483000,,,,,
dataflow,ESTAT:PRC_COLC_RENTS(1.0),Average rent per month in cities by type of dwelling,A,Annual,FLAT3,3-bedroom flats,NAC,National currency,HU_CAP,Budapest,2022,,638950,,,,,
dataflow,ESTAT:PRC_COLC_RENTS(1.0),Average rent per month in cities by type of dwelling,A,Annual,FLAT3,3-bedroom flats,NAC,National currency,HU_CAP,Budapest,2023,,636200,,,,,
dataflow,ESTAT:PRC_COLC_RENTS(1.0),Average rent per month in cities by type of dwelling,A,Annual,FLAT3,3-bedroom flats,NAC,National currency,HU_CAP,Budapest,2024,,698250,,,,,
dataflow,ESTAT:PRC_COLC_RENTS(1.0),Average rent per month in cities by type of dwelling,A,Annual,FLAT3,3-bedroom flats,NAC,National currency,HU_CAP,Budapest,2025,,697150,,,,,
dataflow,ESTAT:PRC_COLC_RENTS(1.0),Average rent per month in cities by type of dwelling,A,Annual,FLAT3,3-bedroom flats,NAC,National currency,IE_CAP,Dublin,2016,,2200,,,,,
dataflow,ESTAT:PRC_COLC_RENTS(1.0),Average rent per month in cities by type of dwelling,A,Annual,FLAT3,3-bedroom flats,NAC,National currency,IE_CAP,Dublin,2017,,2400,,,,,
dataflow,ESTAT:PRC_COLC_RENTS(1.0),Average rent per month in cities by type of dwelling,A,Annual,FLAT3,3-bedroom flats,NAC,National currency,IE_CAP,Dublin,2018,,2700,,,,,
dataflow,ESTAT:PRC_COLC_RENTS(1.0),Average rent per month in cities by type of dwelling,A,Annual,FLAT3,3-bedroom flats,NAC,National currency,IE_CAP,Dublin,2019,,2800,,,,,
dataflow,ESTAT:PRC_COLC_RENTS(1.0),Average rent per month in cities by type of dwelling,A,Annual,FLAT3,3-bedroom flats,NAC,National currency,IE_CAP,Dublin,2020,,2800,,,,,
dataflow,ESTAT:PRC_COLC_RENTS(1.0),Average rent per month in cities by type of dwelling,A,Annual,FLAT3,3-bedroom flats,NAC,National currency,IE_CAP,Dublin,2021,,2550,,,,,
dataflow,ESTAT:PRC_COLC_RENTS(1.0),Average rent per month in cities by type of dwelling,A,Annual,FLAT3,3-bedroom flats,NAC,National currency,IE_CAP,Dublin,2022,,2850,,,,,
dataflow,ESTAT:PRC_COLC_RENTS(1.0),Average rent per month in cities by type of dwelling,A,Annual,FLAT3,3-bedroom flats,NAC,National currency,IE_CAP,Dublin,2023,,3200,,,,,
dataflow,ESTAT:PRC_COLC_RENTS(1.0),Average rent per month in cities by type of dwelling,A,Annual,FLAT3,3-bedroom flats,NAC,National currency,IE_CAP,Dublin,2024,,3300,,,,,
dataflow,ESTAT:PRC_COLC_RENTS(1.0),Average rent per month in cities by type of dwelling,A,Annual,FLAT3,3-bedroom flats,NAC,National currency,IE_CAP,Dublin,2025,,3500,,,,,
dataflow,ESTAT:PRC_COLC_RENTS(1.0),Average rent per month in cities by type of dwelling,A,Annual,FLAT3,3-bedroom flats,NAC,National currency,IS_CAP,Reykjavik,2016,,228000,,,,,
dataflow,ESTAT:PRC_COLC_RENTS(1.0),Average rent per month in cities by type of dwelling,A,Annual,FLAT3,3-bedroom flats,NAC,National currency,IS_CAP,Reykjavik,2017,,238000,,,,,
dataflow,ESTAT:PRC_COLC_RENTS(1.0),Average rent per month in cities by type of dwelling,A,Annual,FLAT3,3-bedroom flats,NAC,National currency,IS_CAP,Reykjavik,2018,,260500,,,,,
dataflow,ESTAT:PRC_COLC_RENTS(1.0),Average rent per month in cities by type of dwelling,A,Annual,FLAT3,3-bedroom flats,NAC,National currency,IS_CAP,Reykjavik,2019,,264500,,,,,
dataflow,ESTAT:PRC_COLC_RENTS(1.0),Average rent per month in cities by type of dwelling,A,Annual,FLAT3,3-bedroom flats,NAC,National currency,IS_CAP,Reykjavik,2020,,273500,,,,,
dataflow,ESTAT:PRC_COLC_RENTS(1.0),Average rent per month in cities by type of dwelling,A,Annual,FLAT3,3-bedroom flats,NAC,National currency,IS_CAP,Reykjavik,2021,,259000,,,,,
dataflow,ESTAT:PRC_COLC_RENTS(1.0),Average rent per month in cities by type of dwelling,A,Annual,FLAT3,3-bedroom flats,NAC,National currency,IS_CAP,Reykjavik,2022,,282600,,,,,
dataflow,ESTAT:PRC_COLC_RENTS(1.0),Average rent per month in cities by type of dwelling,A,Annual,FLAT3,3-bedroom flats,NAC,National currency,IS_CAP,Reykjavik,2023,,316400,,,,,
dataflow,ESTAT:PRC_COLC_RENTS(1.0),Average rent per month in cities by type of dwelling,A,Annual,FLAT3,3-bedroom flats,NAC,National currency,IS_CAP,Reykjavik,2024,,372000,,,,,
dataflow,ESTAT:PRC_COLC_RENTS(1.0),Average rent per month in cities by type of dwelling,A,Annual,FLAT3,3-bedroom flats,NAC,National currency,IS_CAP,Reykjavik,2025,,379100,,,,,
dataflow,ESTAT:PRC_COLC_RENTS(1.0),Average rent per month in cities by type of dwelling,A,Annual,FLAT3,3-bedroom flats,NAC,National currency,IT_CAP,Roma,2016,,1600,,,,,
dataflow,ESTAT:PRC_COLC_RENTS(1.0),Average rent per month in cities by type of dwelling,A,Annual,FLAT3,3-bedroom flats,NAC,National currency,IT_CAP,Roma,2017,,1550,,,,,
dataflow,ESTAT:PRC_COLC_RENTS(1.0),Average rent per month in cities by type of dwelling,A,Annual,FLAT3,3-bedroom flats,NAC,National currency,IT_CAP,Roma,2018,,1550,,,,,
dataflow,ESTAT:PRC_COLC_RENTS(1.0),Average rent per month in cities by type of dwelling,A,Annual,FLAT3,3-bedroom flats,NAC,National currency,IT_CAP,Roma,2019,,1650,,,,,
dataflow,ESTAT:PRC_COLC_RENTS(1.0),Average rent per month in cities by type of dwelling,A,Annual,FLAT3,3-bedroom flats,NAC,National currency,IT_CAP,Roma,2020,,1650,,,,,
dataflow,ESTAT:PRC_COLC_RENTS(1.0),Average rent per month in cities by type of dwelling,A,Annual,FLAT3,3-bedroom flats,NAC,National currency,IT_CAP,Roma,2021,,1650,,,,,
dataflow,ESTAT:PRC_COLC_RENTS(1.0),Average rent per month in cities by type of dwelling,A,Annual,FLAT3,3-bedroom flats,NAC,National currency,IT_CAP,Roma,2022,,1600,,,,,
dataflow,ESTAT:PRC_COLC_RENTS(1.0),Average rent per month in cities by type of dwelling,A,Annual,FLAT3,3-bedroom flats,NAC,National currency,IT_CAP,Roma,2023,,1650,,,,,
dataflow,ESTAT:PRC_COLC_RENTS(1.0),Average rent per month in cities by type of dwelling,A,Annual,FLAT3,3-bedroom flats,NAC,National currency,IT_CAP,Roma,2024,,1750,,,,,
dataflow,ESTAT:PRC_COLC_RENTS(1.0),Average rent per month in cities by type of dwelling,A,Annual,FLAT3,3-bedroom flats,NAC,National currency,IT_CAP,Roma,2025,,2200,,,,,
dataflow,ESTAT:PRC_COLC_RENTS(1.0),Average rent per month in cities by type of dwelling,A,Annual,FLAT3,3-bedroom flats,NAC,National currency,IT_DEL,Varese,2016,,960,,,,,
dataflow,ESTAT:PRC_COLC_RENTS(1.0),Average rent per month in cities by type of dwelling,A,Annual,FLAT3,3-bedroom flats,NAC,National currency,IT_DEL,Varese,2017,,990,,,,,
dataflow,ESTAT:PRC_COLC_RENTS(1.0),Average rent per month in cities by type of dwelling,A,Annual,FLAT3,3-bedroom flats,NAC,National currency,IT_DEL,Varese,2018,,1000,,,,,
dataflow,ESTAT:PRC_COLC_RENTS(1.0),Average rent per month in cities by type of dwelling,A,Annual,FLAT3,3-bedroom flats,NAC,National currency,IT_DEL,Varese,2019,,1000,,,,,
dataflow,ESTAT:PRC_COLC_RENTS(1.0),Average rent per month in cities by type of dwelling,A,Annual,FLAT3,3-bedroom flats,NAC,National currency,IT_DEL,Varese,2020,,1000,,,,,
dataflow,ESTAT:PRC_COLC_RENTS(1.0),Average rent per month in cities by type of dwelling,A,Annual,FLAT3,3-bedroom flats,NAC,National currency,IT_DEL,Varese,2021,,1050,,,,,
dataflow,ESTAT:PRC_COLC_RENTS(1.0),Average rent per month in cities by type of dwelling,A,Annual,FLAT3,3-bedroom flats,NAC,National currency,IT_DEL,Varese,2022,,1100,,,,,
dataflow,ESTAT:PRC_COLC_RENTS(1.0),Average rent per month in cities by type of dwelling,A,Annual,FLAT3,3-bedroom flats,NAC,National currency,IT_DEL,Varese,2023,,1100,,,,,
dataflow,ESTAT:PRC_COLC_RENTS(1.0),Average rent per month in cities by type of dwelling,A,Annual,FLAT3,3-bedroom flats,NAC,National currency,IT_DEL,Varese,2024,,1200,,,,,
dataflow,ESTAT:PRC_COLC_RENTS(1.0),Average rent per month in cities by type of dwelling,A,Annual,FLAT3,3-bedroom flats,NAC,National currency,IT_DEL,Varese,2025,,1300,,,,,
dataflow,ESTAT:PRC_COLC_RENTS(1.0),Average rent per month in cities by type of dwelling,A,Annual,FLAT3,3-bedroom flats,NAC,National currency,LT_CAP,Vilnius,2016,,920,,,,,
dataflow,ESTAT:PRC_COLC_RENTS(1.0),Average rent per month in cities by type of dwelling,A,Annual,FLAT3,3-bedroom flats,NAC,National currency,LT_CAP,Vilnius,2017,,940,,,,,
dataflow,ESTAT:PRC_COLC_RENTS(1.0),Average rent per month in cities by type of dwelling,A,Annual,FLAT3,3-bedroom flats,NAC,National currency,LT_CAP,Vilnius,2018,,1000,,,,,
dataflow,ESTAT:PRC_COLC_RENTS(1.0),Average rent per month in cities by type of dwelling,A,Annual,FLAT3,3-bedroom flats,NAC,National currency,LT_CAP,Vilnius,2019,,1100,,,,,
dataflow,ESTAT:PRC_COLC_RENTS(1.0),Average rent per month in cities by type of dwelling,A,Annual,FLAT3,3-bedroom flats,NAC,National currency,LT_CAP,Vilnius,2020,,1100,,,,,
dataflow,ESTAT:PRC_COLC_RENTS(1.0),Average rent per month in cities by type of dwelling,A,Annual,FLAT3,3-bedroom flats,NAC,National currency,LT_CAP,Vilnius,2021,,1200,,,,,
dataflow,ESTAT:PRC_COLC_RENTS(1.0),Average rent per month in cities by type of dwelling,A,Annual,FLAT3,3-bedroom flats,NAC,National currency,LT_CAP,Vilnius,2022,,1750,,,,,
dataflow,ESTAT:PRC_COLC_RENTS(1.0),Average rent per month in cities by type of dwelling,A,Annual,FLAT3,3-bedroom flats,NAC,National currency,LT_CAP,Vilnius,2023,,1400,,,,,
dataflow,ESTAT:PRC_COLC_RENTS(1.0),Average rent per month in cities by type of dwelling,A,Annual,FLAT3,3-bedroom flats,NAC,National currency,LT_CAP,Vilnius,2024,,1550,,,,,
dataflow,ESTAT:PRC_COLC_RENTS(1.0),Average rent per month in cities by type of dwelling,A,Annual,FLAT3,3-bedroom flats,NAC,National currency,LT_CAP,Vilnius,2025,,1600,,,,,
dataflow,ESTAT:PRC_COLC_RENTS(1.0),Average rent per month in cities by type of dwelling,A,Annual,FLAT3,3-bedroom flats,NAC,National currency,LU_CAP,Luxembourg,2016,,2650,,,,,
dataflow,ESTAT:PRC_COLC_RENTS(1.0),Average rent per month in cities by type of dwelling,A,Annual,FLAT3,3-bedroom flats,NAC,National currency,LU_CAP,Luxembourg,2017,,2350,,,,,
dataflow,ESTAT:PRC_COLC_RENTS(1.0),Average rent per month in cities by type of dwelling,A,Annual,FLAT3,3-bedroom flats,NAC,National currency,LU_CAP,Luxembourg,2018,,2550,,,,,
dataflow,ESTAT:PRC_COLC_RENTS(1.0),Average rent per month in cities by type of dwelling,A,Annual,FLAT3,3-bedroom flats,NAC,National currency,LU_CAP,Luxembourg,2019,,2750,,,,,
dataflow,ESTAT:PRC_COLC_RENTS(1.0),Average rent per month in cities by type of dwelling,A,Annual,FLAT3,3-bedroom flats,NAC,National currency,LU_CAP,Luxembourg,2020,,2750,,,,,
dataflow,ESTAT:PRC_COLC_RENTS(1.0),Average rent per month in cities by type of dwelling,A,Annual,FLAT3,3-bedroom flats,NAC,National currency,LU_CAP,Luxembourg,2021,,2850,,,,,
dataflow,ESTAT:PRC_COLC_RENTS(1.0),Average rent per month in cities by type of dwelling,A,Annual,FLAT3,3-bedroom flats,NAC,National currency,LU_CAP,Luxembourg,2022,,2950,,,,,
dataflow,ESTAT:PRC_COLC_RENTS(1.0),Average rent per month in cities by type of dwelling,A,Annual,FLAT3,3-bedroom flats,NAC,National currency,LU_CAP,Luxembourg,2023,,3050,,,,,
dataflow,ESTAT:PRC_COLC_RENTS(1.0),Average rent per month in cities by type of dwelling,A,Annual,FLAT3,3-bedroom flats,NAC,National currency,LU_CAP,Luxembourg,2024,,3050,,,,,
dataflow,ESTAT:PRC_COLC_RENTS(1.0),Average rent per month in cities by type of dwelling,A,Annual,FLAT3,3-bedroom flats,NAC,National currency,LU_CAP,Luxembourg,2025,,3100,,,,,
dataflow,ESTAT:PRC_COLC_RENTS(1.0),Average rent per month in cities by type of dwelling,A,Annual,FLAT3,3-bedroom flats,NAC,National currency,LV_CAP,Riga,2016,,1080,,,,,
dataflow,ESTAT:PRC_COLC_RENTS(1.0),Average rent per month in cities by type of dwelling,A,Annual,FLAT3,3-bedroom flats,NAC,National currency,LV_CAP,Riga,2017,,1100,,,,,
dataflow,ESTAT:PRC_COLC_RENTS(1.0),Average rent per month in cities by type of dwelling,A,Annual,FLAT3,3-bedroom flats,NAC,National currency,LV_CAP,Riga,2018,,1250,,,,,
dataflow,ESTAT:PRC_COLC_RENTS(1.0),Average rent per month in cities by type of dwelling,A,Annual,FLAT3,3-bedroom flats,NAC,National currency,LV_CAP,Riga,2019,,1250,,,,,
dataflow,ESTAT:PRC_COLC_RENTS(1.0),Average rent per month in cities by type of dwelling,A,Annual,FLAT3,3-bedroom flats,NAC,National currency,LV_CAP,Riga,2020,,1200,,,,,
dataflow,ESTAT:PRC_COLC_RENTS(1.0),Average rent per month in cities by type of dwelling,A,Annual,FLAT3,3-bedroom flats,NAC,National currency,LV_CAP,Riga,2021,,1350,,,,,
dataflow,ESTAT:PRC_COLC_RENTS(1.0),Average rent per month in cities by type of dwelling,A,Annual,FLAT3,3-bedroom flats,NAC,National currency,LV_CAP,Riga,2022,,1450,,,,,
dataflow,ESTAT:PRC_COLC_RENTS(1.0),Average rent per month in cities by type of dwelling,A,Annual,FLAT3,3-bedroom flats,NAC,National currency,LV_CAP,Riga,2023,,1400,,,,,
dataflow,ESTAT:PRC_COLC_RENTS(1.0),Average rent per month in cities by type of dwelling,A,Annual,FLAT3,3-bedroom flats,NAC,National currency,LV_CAP,Riga,2024,,1550,,,,,
dataflow,ESTAT:PRC_COLC_RENTS(1.0),Average rent per month in cities by type of dwelling,A,Annual,FLAT3,3-bedroom flats,NAC,National currency,LV_CAP,Riga,2025,,1550,,,,,
dataflow,ESTAT:PRC_COLC_RENTS(1.0),Average rent per month in cities by type of dwelling,A,Annual,FLAT3,3-bedroom flats,NAC,National currency,ME_CAP,Podgorica,2016,,1000,,,,,
dataflow,ESTAT:PRC_COLC_RENTS(1.0),Average rent per month in cities by type of dwelling,A,Annual,FLAT3,3-bedroom flats,NAC,National currency,ME_CAP,Podgorica,2017,,980,,,,,
dataflow,ESTAT:PRC_COLC_RENTS(1.0),Average rent per month in cities by type of dwelling,A,Annual,FLAT3,3-bedroom flats,NAC,National currency,ME_CAP,Podgorica,2018,,970,,,,,
dataflow,ESTAT:PRC_COLC_RENTS(1.0),Average rent per month in cities by type of dwelling,A,Annual,FLAT3,3-bedroom flats,NAC,National currency,ME_CAP,Podgorica,2019,,960,,,,,
dataflow,ESTAT:PRC_COLC_RENTS(1.0),Average rent per month in cities by type of dwelling,A,Annual,FLAT3,3-bedroom flats,NAC,National currency,ME_CAP,Podgorica,2020,,960,,,,,
dataflow,ESTAT:PRC_COLC_RENTS(1.0),Average rent per month in cities by type of dwelling,A,Annual,FLAT3,3-bedroom flats,NAC,National currency,ME_CAP,Podgorica,2021,,870,,,,,
dataflow,ESTAT:PRC_COLC_RENTS(1.0),Average rent per month in cities by type of dwelling,A,Annual,FLAT3,3-bedroom flats,NAC,National currency,ME_CAP,Podgorica,2022,,1000,,,,,
dataflow,ESTAT:PRC_COLC_RENTS(1.0),Average rent per month in cities by type of dwelling,A,Annual,FLAT3,3-bedroom flats,NAC,National currency,ME_CAP,Podgorica,2023,,1150,,,,,
dataflow,ESTAT:PRC_COLC_RENTS(1.0),Average rent per month in cities by type of dwelling,A,Annual,FLAT3,3-bedroom flats,NAC,National currency,ME_CAP,Podgorica,2024,,1200,,,,,
dataflow,ESTAT:PRC_COLC_RENTS(1.0),Average rent per month in cities by type of dwelling,A,Annual,FLAT3,3-bedroom flats,NAC,National currency,ME_CAP,Podgorica,2025,,1200,,,,,
dataflow,ESTAT:PRC_COLC_RENTS(1.0),Average rent per month in cities by type of dwelling,A,Annual,FLAT3,3-bedroom flats,NAC,National currency,MK_CAP,Skopje,2016,,30800,,,,,
dataflow,ESTAT:PRC_COLC_RENTS(1.0),Average rent per month in cities by type of dwelling,A,Annual,FLAT3,3-bedroom flats,NAC,National currency,MK_CAP,Skopje,2017,,33300,,,,,
dataflow,ESTAT:PRC_COLC_RENTS(1.0),Average rent per month in cities by type of dwelling,A,Annual,FLAT3,3-bedroom flats,NAC,National currency,MK_CAP,Skopje,2018,,30100,,,,,
dataflow,ESTAT:PRC_COLC_RENTS(1.0),Average rent per month in cities by type of dwelling,A,Annual,FLAT3,3-bedroom flats,NAC,National currency,MK_CAP,Skopje,2019,,33800,,,,,
dataflow,ESTAT:PRC_COLC_RENTS(1.0),Average rent per month in cities by type of dwelling,A,Annual,FLAT3,3-bedroom flats,NAC,National currency,MK_CAP,Skopje,2020,,33950,,,,,
dataflow,ESTAT:PRC_COLC_RENTS(1.0),Average rent per month in cities by type of dwelling,A,Annual,FLAT3,3-bedroom flats,NAC,National currency,MK_CAP,Skopje,2021,,30250,,,,,
dataflow,ESTAT:PRC_COLC_RENTS(1.0),Average rent per month in cities by type of dwelling,A,Annual,FLAT3,3-bedroom flats,NAC,National currency,MK_CAP,Skopje,2022,,30850,,,,,
dataflow,ESTAT:PRC_COLC_RENTS(1.0),Average rent per month in cities by type of dwelling,A,Annual,FLAT3,3-bedroom flats,NAC,National currency,MK_CAP,Skopje,2023,,35700,,,,,
dataflow,ESTAT:PRC_COLC_RENTS(1.0),Average rent per month in cities by type of dwelling,A,Annual,FLAT3,3-bedroom flats,NAC,National currency,MK_CAP,Skopje,2024,,38750,,,,,
dataflow,ESTAT:PRC_COLC_RENTS(1.0),Average rent per month in cities by type of dwelling,A,Annual,FLAT3,3-bedroom flats,NAC,National currency,MK_CAP,Skopje,2025,,43000,,,,,
dataflow,ESTAT:PRC_COLC_RENTS(1.0),Average rent per month in cities by type of dwelling,A,Annual,FLAT3,3-bedroom flats,NAC,National currency,MT_CAP,Valletta,2016,,1250,,,,,
dataflow,ESTAT:PRC_COLC_RENTS(1.0),Average rent per month in cities by type of dwelling,A,Annual,FLAT3,3-bedroom flats,NAC,National currency,MT_CAP,Valletta,2017,,1300,,,,,
dataflow,ESTAT:PRC_COLC_RENTS(1.0),Average rent per month in cities by type of dwelling,A,Annual,FLAT3,3-bedroom flats,NAC,National currency,MT_CAP,Valletta,2018,,1400,,,,,
dataflow,ESTAT:PRC_COLC_RENTS(1.0),Average rent per month in cities by type of dwelling,A,Annual,FLAT3,3-bedroom flats,NAC,National currency,MT_CAP,Valletta,2019,,1450,,,,,
dataflow,ESTAT:PRC_COLC_RENTS(1.0),Average rent per month in cities by type of dwelling,A,Annual,FLAT3,3-bedroom flats,NAC,National currency,MT_CAP,Valletta,2020,,1550,,,,,
dataflow,ESTAT:PRC_COLC_RENTS(1.0),Average rent per month in cities by type of dwelling,A,Annual,FLAT3,3-bedroom flats,NAC,National currency,MT_CAP,Valletta,2021,,1300,,,,,
dataflow,ESTAT:PRC_COLC_RENTS(1.0),Average rent per month in cities by type of dwelling,A,Annual,FLAT3,3-bedroom flats,NAC,National currency,MT_CAP,Valletta,2022,,1400,,,,,
dataflow,ESTAT:PRC_COLC_RENTS(1.0),Average rent per month in cities by type of dwelling,A,Annual,FLAT3,3-bedroom flats,NAC,National currency,MT_CAP,Valletta,2023,,1550,,,,,
dataflow,ESTAT:PRC_COLC_RENTS(1.0),Average rent per month in cities by type of dwelling,A,Annual,FLAT3,3-bedroom flats,NAC,National currency,MT_CAP,Valletta,2024,,1600,,,,,
dataflow,ESTAT:PRC_COLC_RENTS(1.0),Average rent per month in cities by type of dwelling,A,Annual,FLAT3,3-bedroom flats,NAC,National currency,MT_CAP,Valletta,2025,,1700,,,,,
dataflow,ESTAT:PRC_COLC_RENTS(1.0),Average rent per month in cities by type of dwelling,A,Annual,FLAT3,3-bedroom flats,NAC,National currency,NL_DEL,Den Haag,2016,,1850,,,,,
dataflow,ESTAT:PRC_COLC_RENTS(1.0),Average rent per month in cities by type of dwelling,A,Annual,FLAT3,3-bedroom flats,NAC,National currency,NL_DEL,Den Haag,2017,,1850,,,,,
dataflow,ESTAT:PRC_COLC_RENTS(1.0),Average rent per month in cities by type of dwelling,A,Annual,FLAT3,3-bedroom flats,NAC,National currency,NL_DEL,Den Haag,2018,,2000,,,,,
dataflow,ESTAT:PRC_COLC_RENTS(1.0),Average rent per month in cities by type of dwelling,A,Annual,FLAT3,3-bedroom flats,NAC,National currency,NL_DEL,Den Haag,2019,,2000,,,,,
dataflow,ESTAT:PRC_COLC_RENTS(1.0),Average rent per month in cities by type of dwelling,A,Annual,FLAT3,3-bedroom flats,NAC,National currency,NL_DEL,Den Haag,2020,,2050,,,,,
dataflow,ESTAT:PRC_COLC_RENTS(1.0),Average rent per month in cities by type of dwelling,A,Annual,FLAT3,3-bedroom flats,NAC,National currency,NL_DEL,Den Haag,2021,,1850,,,,,
dataflow,ESTAT:PRC_COLC_RENTS(1.0),Average rent per month in cities by type of dwelling,A,Annual,FLAT3,3-bedroom flats,NAC,National currency,NL_DEL,Den Haag,2022,,1950,,,,,
dataflow,ESTAT:PRC_COLC_RENTS(1.0),Average rent per month in cities by type of dwelling,A,Annual,FLAT3,3-bedroom flats,NAC,National currency,NL_DEL,Den Haag,2023,,2000,,,,,
dataflow,ESTAT:PRC_COLC_RENTS(1.0),Average rent per month in cities by type of dwelling,A,Annual,FLAT3,3-bedroom flats,NAC,National currency,NL_DEL,Den Haag,2024,,2350,,,,,
dataflow,ESTAT:PRC_COLC_RENTS(1.0),Average rent per month in cities by type of dwelling,A,Annual,FLAT3,3-bedroom flats,NAC,National currency,NL_DEL,Den Haag,2025,,2750,,,,,
dataflow,ESTAT:PRC_COLC_RENTS(1.0),Average rent per month in cities by type of dwelling,A,Annual,FLAT3,3-bedroom flats,NAC,National currency,NO_CAP,Oslo,2016,,21600,,,,,
dataflow,ESTAT:PRC_COLC_RENTS(1.0),Average rent per month in cities by type of dwelling,A,Annual,FLAT3,3-bedroom flats,NAC,National currency,NO_CAP,Oslo,2017,,23700,,,,,
dataflow,ESTAT:PRC_COLC_RENTS(1.0),Average rent per month in cities by type of dwelling,A,Annual,FLAT3,3-bedroom flats,NAC,National currency,NO_CAP,Oslo,2018,,23800,,,,,
dataflow,ESTAT:PRC_COLC_RENTS(1.0),Average rent per month in cities by type of dwelling,A,Annual,FLAT3,3-bedroom flats,NAC,National currency,NO_CAP,Oslo,2019,,25300,,,,,
dataflow,ESTAT:PRC_COLC_RENTS(1.0),Average rent per month in cities by type of dwelling,A,Annual,FLAT3,3-bedroom flats,NAC,National currency,NO_CAP,Oslo,2020,,25600,,,,,
dataflow,ESTAT:PRC_COLC_RENTS(1.0),Average rent per month in cities by type of dwelling,A,Annual,FLAT3,3-bedroom flats,NAC,National currency,NO_CAP,Oslo,2021,,26100,,,,,
dataflow,ESTAT:PRC_COLC_RENTS(1.0),Average rent per month in cities by type of dwelling,A,Annual,FLAT3,3-bedroom flats,NAC,National currency,NO_CAP,Oslo,2022,,28500,,,,,
dataflow,ESTAT:PRC_COLC_RENTS(1.0),Average rent per month in cities by type of dwelling,A,Annual,FLAT3,3-bedroom flats,NAC,National currency,NO_CAP,Oslo,2023,,33500,,,,,
dataflow,ESTAT:PRC_COLC_RENTS(1.0),Average rent per month in cities by type of dwelling,A,Annual,FLAT3,3-bedroom flats,NAC,National currency,NO_CAP,Oslo,2024,,34900,,,,,
dataflow,ESTAT:PRC_COLC_RENTS(1.0),Average rent per month in cities by type of dwelling,A,Annual,FLAT3,3-bedroom flats,NAC,National currency,NO_CAP,Oslo,2025,,37500,,,,,
dataflow,ESTAT:PRC_COLC_RENTS(1.0),Average rent per month in cities by type of dwelling,A,Annual,FLAT3,3-bedroom flats,NAC,National currency,PL_CAP,Warszawa,2016,,6150,,,,,
dataflow,ESTAT:PRC_COLC_RENTS(1.0),Average rent per month in cities by type of dwelling,A,Annual,FLAT3,3-bedroom flats,NAC,National currency,PL_CAP,Warszawa,2017,,6050,,,,,
dataflow,ESTAT:PRC_COLC_RENTS(1.0),Average rent per month in cities by type of dwelling,A,Annual,FLAT3,3-bedroom flats,NAC,National currency,PL_CAP,Warszawa,2018,,5150,,,,,
dataflow,ESTAT:PRC_COLC_RENTS(1.0),Average rent per month in cities by type of dwelling,A,Annual,FLAT3,3-bedroom flats,NAC,National currency,PL_CAP,Warszawa,2019,,4900,,,,,
dataflow,ESTAT:PRC_COLC_RENTS(1.0),Average rent per month in cities by type of dwelling,A,Annual,FLAT3,3-bedroom flats,NAC,National currency,PL_CAP,Warszawa,2020,,5200,,,,,
dataflow,ESTAT:PRC_COLC_RENTS(1.0),Average rent per month in cities by type of dwelling,A,Annual,FLAT3,3-bedroom flats,NAC,National currency,PL_CAP,Warszawa,2021,,4700,,,,,
dataflow,ESTAT:PRC_COLC_RENTS(1.0),Average rent per month in cities by type of dwelling,A,Annual,FLAT3,3-bedroom flats,NAC,National currency,PL_CAP,Warszawa,2022,,5450,,,,,
dataflow,ESTAT:PRC_COLC_RENTS(1.0),Average rent per month in cities by type of dwelling,A,Annual,FLAT3,3-bedroom flats,NAC,National currency,PL_CAP,Warszawa,2023,,6400,,,,,
dataflow,ESTAT:PRC_COLC_RENTS(1.0),Average rent per month in cities by type of dwelling,A,Annual,FLAT3,3-bedroom flats,NAC,National currency,PL_CAP,Warszawa,2024,,7050,,,,,
dataflow,ESTAT:PRC_COLC_RENTS(1.0),Average rent per month in cities by type of dwelling,A,Annual,FLAT3,3-bedroom flats,NAC,National currency,PL_CAP,Warszawa,2025,,7900,,,,,
dataflow,ESTAT:PRC_COLC_RENTS(1.0),Average rent per month in cities by type of dwelling,A,Annual,FLAT3,3-bedroom flats,NAC,National currency,PT_CAP,Lisboa,2016,,1350,,,,,
dataflow,ESTAT:PRC_COLC_RENTS(1.0),Average rent per month in cities by type of dwelling,A,Annual,FLAT3,3-bedroom flats,NAC,National currency,PT_CAP,Lisboa,2017,,1650,,,,,
dataflow,ESTAT:PRC_COLC_RENTS(1.0),Average rent per month in cities by type of dwelling,A,Annual,FLAT3,3-bedroom flats,NAC,National currency,PT_CAP,Lisboa,2018,,1800,,,,,
dataflow,ESTAT:PRC_COLC_RENTS(1.0),Average rent per month in cities by type of dwelling,A,Annual,FLAT3,3-bedroom flats,NAC,National currency,PT_CAP,Lisboa,2019,,1950,,,,,
dataflow,ESTAT:PRC_COLC_RENTS(1.0),Average rent per month in cities by type of dwelling,A,Annual,FLAT3,3-bedroom flats,NAC,National currency,PT_CAP,Lisboa,2020,,2000,,,,,
dataflow,ESTAT:PRC_COLC_RENTS(1.0),Average rent per month in cities by type of dwelling,A,Annual,FLAT3,3-bedroom flats,NAC,National currency,PT_CAP,Lisboa,2021,,1900,,,,,
dataflow,ESTAT:PRC_COLC_RENTS(1.0),Average rent per month in cities by type of dwelling,A,Annual,FLAT3,3-bedroom flats,NAC,National currency,PT_CAP,Lisboa,2022,,2450,,,,,
dataflow,ESTAT:PRC_COLC_RENTS(1.0),Average rent per month in cities by type of dwelling,A,Annual,FLAT3,3-bedroom flats,NAC,National currency,PT_CAP,Lisboa,2023,,2300,,,,,
dataflow,ESTAT:PRC_COLC_RENTS(1.0),Average rent per month in cities by type of dwelling,A,Annual,FLAT3,3-bedroom flats,NAC,National currency,PT_CAP,Lisboa,2024,,2450,,,,,
dataflow,ESTAT:PRC_COLC_RENTS(1.0),Average rent per month in cities by type of dwelling,A,Annual,FLAT3,3-bedroom flats,NAC,National currency,PT_CAP,Lisboa,2025,,2450,,,,,
dataflow,ESTAT:PRC_COLC_RENTS(1.0),Average rent per month in cities by type of dwelling,A,Annual,FLAT3,3-bedroom flats,NAC,National currency,RO_CAP,Bucuresti,2016,,4400,,,,,
dataflow,ESTAT:PRC_COLC_RENTS(1.0),Average rent per month in cities by type of dwelling,A,Annual,FLAT3,3-bedroom flats,NAC,National currency,RO_CAP,Bucuresti,2017,,4800,,,,,
dataflow,ESTAT:PRC_COLC_RENTS(1.0),Average rent per month in cities by type of dwelling,A,Annual,FLAT3,3-bedroom flats,NAC,National currency,RO_CAP,Bucuresti,2018,,5350,,,,,
dataflow,ESTAT:PRC_COLC_RENTS(1.0),Average rent per month in cities by type of dwelling,A,Annual,FLAT3,3-bedroom flats,NAC,National currency,RO_CAP,Bucuresti,2019,,5450,,,,,
dataflow,ESTAT:PRC_COLC_RENTS(1.0),Average rent per month in cities by type of dwelling,A,Annual,FLAT3,3-bedroom flats,NAC,National currency,RO_CAP,Bucuresti,2020,,5550,,,,,
dataflow,ESTAT:PRC_COLC_RENTS(1.0),Average rent per month in cities by type of dwelling,A,Annual,FLAT3,3-bedroom flats,NAC,National currency,RO_CAP,Bucuresti,2021,,4400,,,,,
dataflow,ESTAT:PRC_COLC_RENTS(1.0),Average rent per month in cities by type of dwelling,A,Annual,FLAT3,3-bedroom flats,NAC,National currency,RO_CAP,Bucuresti,2022,,5450,,,,,
dataflow,ESTAT:PRC_COLC_RENTS(1.0),Average rent per month in cities by type of dwelling,A,Annual,FLAT3,3-bedroom flats,NAC,National currency,RO_CAP,Bucuresti,2023,,5950,,,,,
dataflow,ESTAT:PRC_COLC_RENTS(1.0),Average rent per month in cities by type of dwelling,A,Annual,FLAT3,3-bedroom flats,NAC,National currency,RO_CAP,Bucuresti,2024,,6450,,,,,
dataflow,ESTAT:PRC_COLC_RENTS(1.0),Average rent per month in cities by type of dwelling,A,Annual,FLAT3,3-bedroom flats,NAC,National currency,RO_CAP,Bucuresti,2025,,6600,,,,,
dataflow,ESTAT:PRC_COLC_RENTS(1.0),Average rent per month in cities by type of dwelling,A,Annual,FLAT3,3-bedroom flats,NAC,National currency,RS_CAP,Beograd (Belgrade),2016,,155000,,,,,
dataflow,ESTAT:PRC_COLC_RENTS(1.0),Average rent per month in cities by type of dwelling,A,Annual,FLAT3,3-bedroom flats,NAC,National currency,RS_CAP,Beograd (Belgrade),2017,,145500,,,,,
dataflow,ESTAT:PRC_COLC_RENTS(1.0),Average rent per month in cities by type of dwelling,A,Annual,FLAT3,3-bedroom flats,NAC,National currency,RS_CAP,Beograd (Belgrade),2018,,159500,,,,,
dataflow,ESTAT:PRC_COLC_RENTS(1.0),Average rent per month in cities by type of dwelling,A,Annual,FLAT3,3-bedroom flats,NAC,National currency,RS_CAP,Beograd (Belgrade),2019,,165000,,,,,
dataflow,ESTAT:PRC_COLC_RENTS(1.0),Average rent per month in cities by type of dwelling,A,Annual,FLAT3,3-bedroom flats,NAC,National currency,RS_CAP,Beograd (Belgrade),2020,,164600,,,,,
dataflow,ESTAT:PRC_COLC_RENTS(1.0),Average rent per month in cities by type of dwelling,A,Annual,FLAT3,3-bedroom flats,NAC,National currency,RS_CAP,Beograd (Belgrade),2021,,158700,,,,,
dataflow,ESTAT:PRC_COLC_RENTS(1.0),Average rent per month in cities by type of dwelling,A,Annual,FLAT3,3-bedroom flats,NAC,National currency,RS_CAP,Beograd (Belgrade),2022,,199650,,,,,
dataflow,ESTAT:PRC_COLC_RENTS(1.0),Average rent per month in cities by type of dwelling,A,Annual,FLAT3,3-bedroom flats,NAC,National currency,RS_CAP,Beograd (Belgrade),2023,,228700,,,,,
dataflow,ESTAT:PRC_COLC_RENTS(1.0),Average rent per month in cities by type of dwelling,A,Annual,FLAT3,3-bedroom flats,NAC,National currency,RS_CAP,Beograd (Belgrade),2024,,216650,,,,,
dataflow,ESTAT:PRC_COLC_RENTS(1.0),Average rent per month in cities by type of dwelling,A,Annual,FLAT3,3-bedroom flats,NAC,National currency,RS_CAP,Beograd (Belgrade),2025,,187550,,,,,
dataflow,ESTAT:PRC_COLC_RENTS(1.0),Average rent per month in cities by type of dwelling,A,Annual,FLAT3,3-bedroom flats,NAC,National currency,SE_CAP,Stockholm,2016,,30000,,,,,
dataflow,ESTAT:PRC_COLC_RENTS(1.0),Average rent per month in cities by type of dwelling,A,Annual,FLAT3,3-bedroom flats,NAC,National currency,SE_CAP,Stockholm,2017,,29900,,,,,
dataflow,ESTAT:PRC_COLC_RENTS(1.0),Average rent per month in cities by type of dwelling,A,Annual,FLAT3,3-bedroom flats,NAC,National currency,SE_CAP,Stockholm,2018,,32000,,,,,
dataflow,ESTAT:PRC_COLC_RENTS(1.0),Average rent per month in cities by type of dwelling,A,Annual,FLAT3,3-bedroom flats,NAC,National currency,SE_CAP,Stockholm,2019,,30200,,,,,
dataflow,ESTAT:PRC_COLC_RENTS(1.0),Average rent per month in cities by type of dwelling,A,Annual,FLAT3,3-bedroom flats,NAC,National currency,SE_CAP,Stockholm,2020,,30800,,,,,
dataflow,ESTAT:PRC_COLC_RENTS(1.0),Average rent per month in cities by type of dwelling,A,Annual,FLAT3,3-bedroom flats,NAC,National currency,SE_CAP,Stockholm,2021,,29100,,,,,
dataflow,ESTAT:PRC_COLC_RENTS(1.0),Average rent per month in cities by type of dwelling,A,Annual,FLAT3,3-bedroom flats,NAC,National currency,SE_CAP,Stockholm,2022,,30850,,,,,
dataflow,ESTAT:PRC_COLC_RENTS(1.0),Average rent per month in cities by type of dwelling,A,Annual,FLAT3,3-bedroom flats,NAC,National currency,SE_CAP,Stockholm,2023,,31250,,,,,
dataflow,ESTAT:PRC_COLC_RENTS(1.0),Average rent per month in cities by type of dwelling,A,Annual,FLAT3,3-bedroom flats,NAC,National currency,SE_CAP,Stockholm,2024,,31850,,,,,
dataflow,ESTAT:PRC_COLC_RENTS(1.0),Average rent per month in cities by type of dwelling,A,Annual,FLAT3,3-bedroom flats,NAC,National currency,SE_CAP,Stockholm,2025,,35700,,,,,
dataflow,ESTAT:PRC_COLC_RENTS(1.0),Average rent per month in cities by type of dwelling,A,Annual,FLAT3,3-bedroom flats,NAC,National currency,SI_CAP,Ljubljana,2016,,1150,,,,,
dataflow,ESTAT:PRC_COLC_RENTS(1.0),Average rent per month in cities by type of dwelling,A,Annual,FLAT3,3-bedroom flats,NAC,National currency,SI_CAP,Ljubljana,2017,,1200,,,,,
dataflow,ESTAT:PRC_COLC_RENTS(1.0),Average rent per month in cities by type of dwelling,A,Annual,FLAT3,3-bedroom flats,NAC,National currency,SI_CAP,Ljubljana,2018,,1350,,,,,
dataflow,ESTAT:PRC_COLC_RENTS(1.0),Average rent per month in cities by type of dwelling,A,Annual,FLAT3,3-bedroom flats,NAC,National currency,SI_CAP,Ljubljana,2019,,1500,,,,,
dataflow,ESTAT:PRC_COLC_RENTS(1.0),Average rent per month in cities by type of dwelling,A,Annual,FLAT3,3-bedroom flats,NAC,National currency,SI_CAP,Ljubljana,2020,,1450,,,,,
dataflow,ESTAT:PRC_COLC_RENTS(1.0),Average rent per month in cities by type of dwelling,A,Annual,FLAT3,3-bedroom flats,NAC,National currency,SI_CAP,Ljubljana,2021,,1450,,,,,
dataflow,ESTAT:PRC_COLC_RENTS(1.0),Average rent per month in cities by type of dwelling,A,Annual,FLAT3,3-bedroom flats,NAC,National currency,SI_CAP,Ljubljana,2022,,1650,,,,,
dataflow,ESTAT:PRC_COLC_RENTS(1.0),Average rent per month in cities by type of dwelling,A,Annual,FLAT3,3-bedroom flats,NAC,National currency,SI_CAP,Ljubljana,2023,,1850,,,,,
dataflow,ESTAT:PRC_COLC_RENTS(1.0),Average rent per month in cities by type of dwelling,A,Annual,FLAT3,3-bedroom flats,NAC,National currency,SI_CAP,Ljubljana,2024,,1850,,,,,
dataflow,ESTAT:PRC_COLC_RENTS(1.0),Average rent per month in cities by type of dwelling,A,Annual,FLAT3,3-bedroom flats,NAC,National currency,SI_CAP,Ljubljana,2025,,1950,,,,,
dataflow,ESTAT:PRC_COLC_RENTS(1.0),Average rent per month in cities by type of dwelling,A,Annual,FLAT3,3-bedroom flats,NAC,National currency,SK_CAP,Bratislava,2016,,1110,,,,,
dataflow,ESTAT:PRC_COLC_RENTS(1.0),Average rent per month in cities by type of dwelling,A,Annual,FLAT3,3-bedroom flats,NAC,National currency,SK_CAP,Bratislava,2017,,1050,,,,,
dataflow,ESTAT:PRC_COLC_RENTS(1.0),Average rent per month in cities by type of dwelling,A,Annual,FLAT3,3-bedroom flats,NAC,National currency,SK_CAP,Bratislava,2018,,1150,,,,,
dataflow,ESTAT:PRC_COLC_RENTS(1.0),Average rent per month in cities by type of dwelling,A,Annual,FLAT3,3-bedroom flats,NAC,National currency,SK_CAP,Bratislava,2019,,1200,,,,,
dataflow,ESTAT:PRC_COLC_RENTS(1.0),Average rent per month in cities by type of dwelling,A,Annual,FLAT3,3-bedroom flats,NAC,National currency,SK_CAP,Bratislava,2020,,1250,,,,,
dataflow,ESTAT:PRC_COLC_RENTS(1.0),Average rent per month in cities by type of dwelling,A,Annual,FLAT3,3-bedroom flats,NAC,National currency,SK_CAP,Bratislava,2021,,1200,,,,,
dataflow,ESTAT:PRC_COLC_RENTS(1.0),Average rent per month in cities by type of dwelling,A,Annual,FLAT3,3-bedroom flats,NAC,National currency,SK_CAP,Bratislava,2022,,1450,,,,,
dataflow,ESTAT:PRC_COLC_RENTS(1.0),Average rent per month in cities by type of dwelling,A,Annual,FLAT3,3-bedroom flats,NAC,National currency,SK_CAP,Bratislava,2023,,1600,,,,,
dataflow,ESTAT:PRC_COLC_RENTS(1.0),Average rent per month in cities by type of dwelling,A,Annual,FLAT3,3-bedroom flats,NAC,National currency,SK_CAP,Bratislava,2024,,1900,,,,,
dataflow,ESTAT:PRC_COLC_RENTS(1.0),Average rent per month in cities by type of dwelling,A,Annual,FLAT3,3-bedroom flats,NAC,National currency,SK_CAP,Bratislava,2025,,1950,,,,,
dataflow,ESTAT:PRC_COLC_RENTS(1.0),Average rent per month in cities by type of dwelling,A,Annual,FLAT3,3-bedroom flats,NAC,National currency,TR_CAP,Ankara,2016,,1600,,,,,
dataflow,ESTAT:PRC_COLC_RENTS(1.0),Average rent per month in cities by type of dwelling,A,Annual,FLAT3,3-bedroom flats,NAC,National currency,TR_CAP,Ankara,2017,,1850,,,,,
dataflow,ESTAT:PRC_COLC_RENTS(1.0),Average rent per month in cities by type of dwelling,A,Annual,FLAT3,3-bedroom flats,NAC,National currency,TR_CAP,Ankara,2018,,2150,,,,,
dataflow,ESTAT:PRC_COLC_RENTS(1.0),Average rent per month in cities by type of dwelling,A,Annual,FLAT3,3-bedroom flats,NAC,National currency,TR_CAP,Ankara,2019,,2500,,,,,
dataflow,ESTAT:PRC_COLC_RENTS(1.0),Average rent per month in cities by type of dwelling,A,Annual,FLAT3,3-bedroom flats,NAC,National currency,TR_CAP,Ankara,2020,,2700,,,,,
dataflow,ESTAT:PRC_COLC_RENTS(1.0),Average rent per month in cities by type of dwelling,A,Annual,FLAT3,3-bedroom flats,NAC,National currency,TR_CAP,Ankara,2021,,3950,,,,,
dataflow,ESTAT:PRC_COLC_RENTS(1.0),Average rent per month in cities by type of dwelling,A,Annual,FLAT3,3-bedroom flats,NAC,National currency,TR_CAP,Ankara,2022,,6400,,,,,
dataflow,ESTAT:PRC_COLC_RENTS(1.0),Average rent per month in cities by type of dwelling,A,Annual,FLAT3,3-bedroom flats,NAC,National currency,TR_CAP,Ankara,2023,,19700,,,,,
dataflow,ESTAT:PRC_COLC_RENTS(1.0),Average rent per month in cities by type of dwelling,A,Annual,FLAT3,3-bedroom flats,NAC,National currency,TR_CAP,Ankara,2024,,34350,,,,,
dataflow,ESTAT:PRC_COLC_RENTS(1.0),Average rent per month in cities by type of dwelling,A,Annual,FLAT3,3-bedroom flats,NAC,National currency,TR_CAP,Ankara,2025,,45550,,,,,
dataflow,ESTAT:PRC_COLC_RENTS(1.0),Average rent per month in cities by type of dwelling,A,Annual,FLAT3,3-bedroom flats,NAC,National currency,UK_CAP,London,2016,,2850,,,,,
dataflow,ESTAT:PRC_COLC_RENTS(1.0),Average rent per month in cities by type of dwelling,A,Annual,FLAT3,3-bedroom flats,NAC,National currency,UK_CAP,London,2017,,2900,,,,,
dataflow,ESTAT:PRC_COLC_RENTS(1.0),Average rent per month in cities by type of dwelling,A,Annual,FLAT3,3-bedroom flats,NAC,National currency,UK_CAP,London,2018,,2650,,,,,
dataflow,ESTAT:PRC_COLC_RENTS(1.0),Average rent per month in cities by type of dwelling,A,Annual,FLAT3,3-bedroom flats,NAC,National currency,UK_CAP,London,2019,,2750,,,,,
dataflow,ESTAT:PRC_COLC_RENTS(1.0),Average rent per month in cities by type of dwelling,A,Annual,FLAT3,3-bedroom flats,NAC,National currency,UK_CAP,London,2020,,2800,,,,,
dataflow,ESTAT:PRC_COLC_RENTS(1.0),Average rent per month in cities by type of dwelling,A,Annual,FLAT3,3-bedroom flats,NAC,National currency,UK_CAP,London,2021,,2600,,,,,
dataflow,ESTAT:PRC_COLC_RENTS(1.0),Average rent per month in cities by type of dwelling,A,Annual,FLAT3,3-bedroom flats,NAC,National currency,UK_CAP,London,2022,,3050,,,,,
dataflow,ESTAT:PRC_COLC_RENTS(1.0),Average rent per month in cities by type of dwelling,A,Annual,FLAT3,3-bedroom flats,NAC,National currency,UK_CAP,London,2023,,3300,,,,,
dataflow,ESTAT:PRC_COLC_RENTS(1.0),Average rent per month in cities by type of dwelling,A,Annual,FLAT3,3-bedroom flats,NAC,National currency,UK_CAP,London,2024,,3500,,,,,
dataflow,ESTAT:PRC_COLC_RENTS(1.0),Average rent per month in cities by type of dwelling,A,Annual,FLAT3,3-bedroom flats,NAC,National currency,UK_CAP,London,2025,,3500,,,,,
dataflow,ESTAT:PRC_COLC_RENTS(1.0),Average rent per month in cities by type of dwelling,A,Annual,FLAT3,3-bedroom flats,NAC,National currency,UK_DEL,Culham,2016,,1350,,,,,
dataflow,ESTAT:PRC_COLC_RENTS(1.0),Average rent per month in cities by type of dwelling,A,Annual,FLAT3,3-bedroom flats,NAC,National currency,UK_DEL,Culham,2017,,1300,,,,,
dataflow,ESTAT:PRC_COLC_RENTS(1.0),Average rent per month in cities by type of dwelling,A,Annual,FLAT3,3-bedroom flats,NAC,National currency,UK_DEL,Culham,2018,,1250,,,,,
dataflow,ESTAT:PRC_COLC_RENTS(1.0),Average rent per month in cities by type of dwelling,A,Annual,FLAT3,3-bedroom flats,NAC,National currency,UK_DEL,Culham,2019,,1300,,,,,
dataflow,ESTAT:PRC_COLC_RENTS(1.0),Average rent per month in cities by type of dwelling,A,Annual,FLAT3,3-bedroom flats,NAC,National currency,UK_DEL,Culham,2020,,1350,,,,,
dataflow,ESTAT:PRC_COLC_RENTS(1.0),Average rent per month in cities by type of dwelling,A,Annual,FLAT3,3-bedroom flats,NAC,National currency,UK_DEL,Culham,2021,,1550,,,,,
dataflow,ESTAT:PRC_COLC_RENTS(1.0),Average rent per month in cities by type of dwelling,A,Annual,FLAT3,3-bedroom flats,NAC,National currency,XK_CAP,Prishtinë,2021,,700,,,,,
dataflow,ESTAT:PRC_COLC_RENTS(1.0),Average rent per month in cities by type of dwelling,A,Annual,FLAT3,3-bedroom flats,NAC,National currency,XK_CAP,Prishtinë,2022,,560,,,,,
dataflow,ESTAT:PRC_COLC_RENTS(1.0),Average rent per month in cities by type of dwelling,A,Annual,FLAT3,3-bedroom flats,NAC,National currency,XK_CAP,Prishtinë,2023,,580,,,,,
dataflow,ESTAT:PRC_COLC_RENTS(1.0),Average rent per month in cities by type of dwelling,A,Annual,FLAT3,3-bedroom flats,NAC,National currency,XK_CAP,Prishtinë,2024,,670,,,,,
dataflow,ESTAT:PRC_COLC_RENTS(1.0),Average rent per month in cities by type of dwelling,A,Annual,FLAT3,3-bedroom flats,NAC,National currency,XK_CAP,Prishtinë,2025,,740,,,,,
dataflow,ESTAT:PRC_COLC_RENTS(1.0),Average rent per month in cities by type of dwelling,A,Annual,HOUSE_D,Detached house,EUR,Euro,AL_CAP,Tiranë (Tirana),2016,,1450,,,,,
dataflow,ESTAT:PRC_COLC_RENTS(1.0),Average rent per month in cities by type of dwelling,A,Annual,HOUSE_D,Detached house,EUR,Euro,AL_CAP,Tiranë (Tirana),2017,,1350,,,,,
dataflow,ESTAT:PRC_COLC_RENTS(1.0),Average rent per month in cities by type of dwelling,A,Annual,HOUSE_D,Detached house,EUR,Euro,AL_CAP,Tiranë (Tirana),2018,,1400,,,,,
dataflow,ESTAT:PRC_COLC_RENTS(1.0),Average rent per month in cities by type of dwelling,A,Annual,HOUSE_D,Detached house,EUR,Euro,AL_CAP,Tiranë (Tirana),2019,,1750,,,,,
dataflow,ESTAT:PRC_COLC_RENTS(1.0),Average rent per month in cities by type of dwelling,A,Annual,HOUSE_D,Detached house,EUR,Euro,AL_CAP,Tiranë (Tirana),2020,,1750,,,,,
dataflow,ESTAT:PRC_COLC_RENTS(1.0),Average rent per month in cities by type of dwelling,A,Annual,HOUSE_D,Detached house,EUR,Euro,AL_CAP,Tiranë (Tirana),2021,,1800,,,,,
dataflow,ESTAT:PRC_COLC_RENTS(1.0),Average rent per month in cities by type of dwelling,A,Annual,HOUSE_D,Detached house,EUR,Euro,AL_CAP,Tiranë (Tirana),2022,,1950,,,,,
dataflow,ESTAT:PRC_COLC_RENTS(1.0),Average rent per month in cities by type of dwelling,A,Annual,HOUSE_D,Detached house,EUR,Euro,AL_CAP,Tiranë (Tirana),2023,,1950,,,,,
dataflow,ESTAT:PRC_COLC_RENTS(1.0),Average rent per month in cities by type of dwelling,A,Annual,HOUSE_D,Detached house,EUR,Euro,AL_CAP,Tiranë (Tirana),2024,,2100,,,,,
dataflow,ESTAT:PRC_COLC_RENTS(1.0),Average rent per month in cities by type of dwelling,A,Annual,HOUSE_D,Detached house,EUR,Euro,AL_CAP,Tiranë (Tirana),2025,,2100,,,,,
dataflow,ESTAT:PRC_COLC_RENTS(1.0),Average rent per month in cities by type of dwelling,A,Annual,HOUSE_D,Detached house,EUR,Euro,AT_CAP,Wien,2016,,3250,,,,,
dataflow,ESTAT:PRC_COLC_RENTS(1.0),Average rent per month in cities by type of dwelling,A,Annual,HOUSE_D,Detached house,EUR,Euro,AT_CAP,Wien,2017,,3400,,,,,
dataflow,ESTAT:PRC_COLC_RENTS(1.0),Average rent per month in cities by type of dwelling,A,Annual,HOUSE_D,Detached house,EUR,Euro,AT_CAP,Wien,2018,,3100,,,,,
dataflow,ESTAT:PRC_COLC_RENTS(1.0),Average rent per month in cities by type of dwelling,A,Annual,HOUSE_D,Detached house,EUR,Euro,AT_CAP,Wien,2019,,3400,,,,,
dataflow,ESTAT:PRC_COLC_RENTS(1.0),Average rent per month in cities by type of dwelling,A,Annual,HOUSE_D,Detached house,EUR,Euro,AT_CAP,Wien,2020,,3500,,,,,
dataflow,ESTAT:PRC_COLC_RENTS(1.0),Average rent per month in cities by type of dwelling,A,Annual,HOUSE_D,Detached house,EUR,Euro,AT_CAP,Wien,2021,,3900,,,,,
dataflow,ESTAT:PRC_COLC_RENTS(1.0),Average rent per month in cities by type of dwelling,A,Annual,HOUSE_D,Detached house,EUR,Euro,AT_CAP,Wien,2022,,3750,,,,,
dataflow,ESTAT:PRC_COLC_RENTS(1.0),Average rent per month in cities by type of dwelling,A,Annual,HOUSE_D,Detached house,EUR,Euro,AT_CAP,Wien,2023,,3850,,,,,
dataflow,ESTAT:PRC_COLC_RENTS(1.0),Average rent per month in cities by type of dwelling,A,Annual,HOUSE_D,Detached house,EUR,Euro,AT_CAP,Wien,2024,,4050,,,,,
dataflow,ESTAT:PRC_COLC_RENTS(1.0),Average rent per month in cities by type of dwelling,A,Annual,HOUSE_D,Detached house,EUR,Euro,AT_CAP,Wien,2025,,4350,,,,,
dataflow,ESTAT:PRC_COLC_RENTS(1.0),Average rent per month in cities by type of dwelling,A,Annual,HOUSE_D,Detached house,EUR,Euro,BA_CAP,Sarajevo,2016,,1450,,,,,
dataflow,ESTAT:PRC_COLC_RENTS(1.0),Average rent per month in cities by type of dwelling,A,Annual,HOUSE_D,Detached house,EUR,Euro,BA_CAP,Sarajevo,2017,,1350,,,,,
dataflow,ESTAT:PRC_COLC_RENTS(1.0),Average rent per month in cities by type of dwelling,A,Annual,HOUSE_D,Detached house,EUR,Euro,BA_CAP,Sarajevo,2018,,1450,,,,,
dataflow,ESTAT:PRC_COLC_RENTS(1.0),Average rent per month in cities by type of dwelling,A,Annual,HOUSE_D,Detached house,EUR,Euro,BA_CAP,Sarajevo,2019,,1650,,,,,
dataflow,ESTAT:PRC_COLC_RENTS(1.0),Average rent per month in cities by type of dwelling,A,Annual,HOUSE_D,Detached house,EUR,Euro,BA_CAP,Sarajevo,2020,,1650,,,,,
dataflow,ESTAT:PRC_COLC_RENTS(1.0),Average rent per month in cities by type of dwelling,A,Annual,HOUSE_D,Detached house,EUR,Euro,BA_CAP,Sarajevo,2021,,1800,,,,,
dataflow,ESTAT:PRC_COLC_RENTS(1.0),Average rent per month in cities by type of dwelling,A,Annual,HOUSE_D,Detached house,EUR,Euro,BA_CAP,Sarajevo,2022,,1800,,,,,
dataflow,ESTAT:PRC_COLC_RENTS(1.0),Average rent per month in cities by type of dwelling,A,Annual,HOUSE_D,Detached house,EUR,Euro,BA_CAP,Sarajevo,2023,,1950,,,,,
dataflow,ESTAT:PRC_COLC_RENTS(1.0),Average rent per month in cities by type of dwelling,A,Annual,HOUSE_D,Detached house,EUR,Euro,BA_CAP,Sarajevo,2024,,2500,,,,,
dataflow,ESTAT:PRC_COLC_RENTS(1.0),Average rent per month in cities by type of dwelling,A,Annual,HOUSE_D,Detached house,EUR,Euro,BA_CAP,Sarajevo,2025,,2550,,,,,
dataflow,ESTAT:PRC_COLC_RENTS(1.0),Average rent per month in cities by type of dwelling,A,Annual,HOUSE_D,Detached house,EUR,Euro,BE_CAP,Bruxelles/Brussel,2016,,1900,,,,,
dataflow,ESTAT:PRC_COLC_RENTS(1.0),Average rent per month in cities by type of dwelling,A,Annual,HOUSE_D,Detached house,EUR,Euro,BE_CAP,Bruxelles/Brussel,2017,,1850,,,,,
dataflow,ESTAT:PRC_COLC_RENTS(1.0),Average rent per month in cities by type of dwelling,A,Annual,HOUSE_D,Detached house,EUR,Euro,BE_CAP,Bruxelles/Brussel,2018,,1850,,,,,
dataflow,ESTAT:PRC_COLC_RENTS(1.0),Average rent per month in cities by type of dwelling,A,Annual,HOUSE_D,Detached house,EUR,Euro,BE_CAP,Bruxelles/Brussel,2019,,2000,,,,,
dataflow,ESTAT:PRC_COLC_RENTS(1.0),Average rent per month in cities by type of dwelling,A,Annual,HOUSE_D,Detached house,EUR,Euro,BE_CAP,Bruxelles/Brussel,2020,,2050,,,,,
dataflow,ESTAT:PRC_COLC_RENTS(1.0),Average rent per month in cities by type of dwelling,A,Annual,HOUSE_D,Detached house,EUR,Euro,BE_CAP,Bruxelles/Brussel,2021,,2200,,,,,
dataflow,ESTAT:PRC_COLC_RENTS(1.0),Average rent per month in cities by type of dwelling,A,Annual,HOUSE_D,Detached house,EUR,Euro,BE_CAP,Bruxelles/Brussel,2022,,2400,,,,,
dataflow,ESTAT:PRC_COLC_RENTS(1.0),Average rent per month in cities by type of dwelling,A,Annual,HOUSE_D,Detached house,EUR,Euro,BE_CAP,Bruxelles/Brussel,2023,,2550,,,,,
dataflow,ESTAT:PRC_COLC_RENTS(1.0),Average rent per month in cities by type of dwelling,A,Annual,HOUSE_D,Detached house,EUR,Euro,BE_CAP,Bruxelles/Brussel,2024,,2500,,,,,
dataflow,ESTAT:PRC_COLC_RENTS(1.0),Average rent per month in cities by type of dwelling,A,Annual,HOUSE_D,Detached house,EUR,Euro,BE_CAP,Bruxelles/Brussel,2025,,2700,,,,,
dataflow,ESTAT:PRC_COLC_RENTS(1.0),Average rent per month in cities by type of dwelling,A,Annual,HOUSE_D,Detached house,EUR,Euro,BG_CAP,Sofia,2016,,1200,,,,,
dataflow,ESTAT:PRC_COLC_RENTS(1.0),Average rent per month in cities by type of dwelling,A,Annual,HOUSE_D,Detached house,EUR,Euro,BG_CAP,Sofia,2017,,1300,,,,,
dataflow,ESTAT:PRC_COLC_RENTS(1.0),Average rent per month in cities by type of dwelling,A,Annual,HOUSE_D,Detached house,EUR,Euro,BG_CAP,Sofia,2018,,1300,,,,,
dataflow,ESTAT:PRC_COLC_RENTS(1.0),Average rent per month in cities by type of dwelling,A,Annual,HOUSE_D,Detached house,EUR,Euro,BG_CAP,Sofia,2019,,1450,,,,,
dataflow,ESTAT:PRC_COLC_RENTS(1.0),Average rent per month in cities by type of dwelling,A,Annual,HOUSE_D,Detached house,EUR,Euro,BG_CAP,Sofia,2020,,1500,,,,,
dataflow,ESTAT:PRC_COLC_RENTS(1.0),Average rent per month in cities by type of dwelling,A,Annual,HOUSE_D,Detached house,EUR,Euro,BG_CAP,Sofia,2021,,1550,,,,,
dataflow,ESTAT:PRC_COLC_RENTS(1.0),Average rent per month in cities by type of dwelling,A,Annual,HOUSE_D,Detached house,EUR,Euro,BG_CAP,Sofia,2022,,1550,,,,,
dataflow,ESTAT:PRC_COLC_RENTS(1.0),Average rent per month in cities by type of dwelling,A,Annual,HOUSE_D,Detached house,EUR,Euro,BG_CAP,Sofia,2023,,1850,,,,,
dataflow,ESTAT:PRC_COLC_RENTS(1.0),Average rent per month in cities by type of dwelling,A,Annual,HOUSE_D,Detached house,EUR,Euro,BG_CAP,Sofia,2024,,2000,,,,,
dataflow,ESTAT:PRC_COLC_RENTS(1.0),Average rent per month in cities by type of dwelling,A,Annual,HOUSE_D,Detached house,EUR,Euro,BG_CAP,Sofia,2025,,2000,,,,,
dataflow,ESTAT:PRC_COLC_RENTS(1.0),Average rent per month in cities by type of dwelling,A,Annual,HOUSE_D,Detached house,EUR,Euro,CH_CAP,Bern (Berne),2016,,3400,,,,,
dataflow,ESTAT:PRC_COLC_RENTS(1.0),Average rent per month in cities by type of dwelling,A,Annual,HOUSE_D,Detached house,EUR,Euro,CH_CAP,Bern (Berne),2017,,3150,,,,,
dataflow,ESTAT:PRC_COLC_RENTS(1.0),Average rent per month in cities by type of dwelling,A,Annual,HOUSE_D,Detached house,EUR,Euro,CH_CAP,Bern (Berne),2018,,3050,,,,,
dataflow,ESTAT:PRC_COLC_RENTS(1.0),Average rent per month in cities by type of dwelling,A,Annual,HOUSE_D,Detached house,EUR,Euro,CH_CAP,Bern (Berne),2019,,3200,,,,,
dataflow,ESTAT:PRC_COLC_RENTS(1.0),Average rent per month in cities by type of dwelling,A,Annual,HOUSE_D,Detached house,EUR,Euro,CH_CAP,Bern (Berne),2020,,3350,,,,,
dataflow,ESTAT:PRC_COLC_RENTS(1.0),Average rent per month in cities by type of dwelling,A,Annual,HOUSE_D,Detached house,EUR,Euro,CH_CAP,Bern (Berne),2021,,3400,,,,,
dataflow,ESTAT:PRC_COLC_RENTS(1.0),Average rent per month in cities by type of dwelling,A,Annual,HOUSE_D,Detached house,EUR,Euro,CH_CAP,Bern (Berne),2022,,3900,,,,,
dataflow,ESTAT:PRC_COLC_RENTS(1.0),Average rent per month in cities by type of dwelling,A,Annual,HOUSE_D,Detached house,EUR,Euro,CH_CAP,Bern (Berne),2023,,3950,,,,,
dataflow,ESTAT:PRC_COLC_RENTS(1.0),Average rent per month in cities by type of dwelling,A,Annual,HOUSE_D,Detached house,EUR,Euro,CH_CAP,Bern (Berne),2024,,4000,,,,,
dataflow,ESTAT:PRC_COLC_RENTS(1.0),Average rent per month in cities by type of dwelling,A,Annual,HOUSE_D,Detached house,EUR,Euro,CH_CAP,Bern (Berne),2025,,4450,,,,,
dataflow,ESTAT:PRC_COLC_RENTS(1.0),Average rent per month in cities by type of dwelling,A,Annual,HOUSE_D,Detached house,EUR,Euro,CH_DEL,Genève,2016,,4950,,,,,
dataflow,ESTAT:PRC_COLC_RENTS(1.0),Average rent per month in cities by type of dwelling,A,Annual,HOUSE_D,Detached house,EUR,Euro,CH_DEL,Genève,2017,,4750,,,,,
dataflow,ESTAT:PRC_COLC_RENTS(1.0),Average rent per month in cities by type of dwelling,A,Annual,HOUSE_D,Detached house,EUR,Euro,CH_DEL,Genève,2018,,4500,,,,,
dataflow,ESTAT:PRC_COLC_RENTS(1.0),Average rent per month in cities by type of dwelling,A,Annual,HOUSE_D,Detached house,EUR,Euro,CH_DEL,Genève,2019,,4900,,,,,
dataflow,ESTAT:PRC_COLC_RENTS(1.0),Average rent per month in cities by type of dwelling,A,Annual,HOUSE_D,Detached house,EUR,Euro,CH_DEL,Genève,2020,,5150,,,,,
dataflow,ESTAT:PRC_COLC_RENTS(1.0),Average rent per month in cities by type of dwelling,A,Annual,HOUSE_D,Detached house,EUR,Euro,CH_DEL,Genève,2021,,5150,,,,,
dataflow,ESTAT:PRC_COLC_RENTS(1.0),Average rent per month in cities by type of dwelling,A,Annual,HOUSE_D,Detached house,EUR,Euro,CH_DEL,Genève,2022,,5750,,,,,
dataflow,ESTAT:PRC_COLC_RENTS(1.0),Average rent per month in cities by type of dwelling,A,Annual,HOUSE_D,Detached house,EUR,Euro,CH_DEL,Genève,2023,,5800,,,,,
dataflow,ESTAT:PRC_COLC_RENTS(1.0),Average rent per month in cities by type of dwelling,A,Annual,HOUSE_D,Detached house,EUR,Euro,CH_DEL,Genève,2024,,6450,,,,,
dataflow,ESTAT:PRC_COLC_RENTS(1.0),Average rent per month in cities by type of dwelling,A,Annual,HOUSE_D,Detached house,EUR,Euro,CH_DEL,Genève,2025,,6500,,,,,
dataflow,ESTAT:PRC_COLC_RENTS(1.0),Average rent per month in cities by type of dwelling,A,Annual,HOUSE_D,Detached house,EUR,Euro,CY_CAP,Lefkosia,2016,,1350,,,,,
dataflow,ESTAT:PRC_COLC_RENTS(1.0),Average rent per month in cities by type of dwelling,A,Annual,HOUSE_D,Detached house,EUR,Euro,CY_CAP,Lefkosia,2017,,1450,,,,,
dataflow,ESTAT:PRC_COLC_RENTS(1.0),Average rent per month in cities by type of dwelling,A,Annual,HOUSE_D,Detached house,EUR,Euro,CY_CAP,Lefkosia,2018,,1900,,,,,
dataflow,ESTAT:PRC_COLC_RENTS(1.0),Average rent per month in cities by type of dwelling,A,Annual,HOUSE_D,Detached house,EUR,Euro,CY_CAP,Lefkosia,2019,,1750,,,,,
dataflow,ESTAT:PRC_COLC_RENTS(1.0),Average rent per month in cities by type of dwelling,A,Annual,HOUSE_D,Detached house,EUR,Euro,CY_CAP,Lefkosia,2020,,1750,,,,,
dataflow,ESTAT:PRC_COLC_RENTS(1.0),Average rent per month in cities by type of dwelling,A,Annual,HOUSE_D,Detached house,EUR,Euro,CY_CAP,Lefkosia,2021,,1600,,,,,
dataflow,ESTAT:PRC_COLC_RENTS(1.0),Average rent per month in cities by type of dwelling,A,Annual,HOUSE_D,Detached house,EUR,Euro,CY_CAP,Lefkosia,2022,,1800,,,,,
dataflow,ESTAT:PRC_COLC_RENTS(1.0),Average rent per month in cities by type of dwelling,A,Annual,HOUSE_D,Detached house,EUR,Euro,CY_CAP,Lefkosia,2023,,1950,,,,,
dataflow,ESTAT:PRC_COLC_RENTS(1.0),Average rent per month in cities by type of dwelling,A,Annual,HOUSE_D,Detached house,EUR,Euro,CY_CAP,Lefkosia,2024,,2100,,,,,
dataflow,ESTAT:PRC_COLC_RENTS(1.0),Average rent per month in cities by type of dwelling,A,Annual,HOUSE_D,Detached house,EUR,Euro,CY_CAP,Lefkosia,2025,,2050,,,,,
dataflow,ESTAT:PRC_COLC_RENTS(1.0),Average rent per month in cities by type of dwelling,A,Annual,HOUSE_D,Detached house,EUR,Euro,CZ_CAP,Praha,2016,,1950,,,,,
dataflow,ESTAT:PRC_COLC_RENTS(1.0),Average rent per month in cities by type of dwelling,A,Annual,HOUSE_D,Detached house,EUR,Euro,CZ_CAP,Praha,2017,,2350,,,,,
dataflow,ESTAT:PRC_COLC_RENTS(1.0),Average rent per month in cities by type of dwelling,A,Annual,HOUSE_D,Detached house,EUR,Euro,CZ_CAP,Praha,2018,,2800,,,,,
dataflow,ESTAT:PRC_COLC_RENTS(1.0),Average rent per month in cities by type of dwelling,A,Annual,HOUSE_D,Detached house,EUR,Euro,CZ_CAP,Praha,2019,,2650,,,,,
dataflow,ESTAT:PRC_COLC_RENTS(1.0),Average rent per month in cities by type of dwelling,A,Annual,HOUSE_D,Detached house,EUR,Euro,CZ_CAP,Praha,2020,,2600,,,,,
dataflow,ESTAT:PRC_COLC_RENTS(1.0),Average rent per month in cities by type of dwelling,A,Annual,HOUSE_D,Detached house,EUR,Euro,CZ_CAP,Praha,2021,,2350,,,,,
dataflow,ESTAT:PRC_COLC_RENTS(1.0),Average rent per month in cities by type of dwelling,A,Annual,HOUSE_D,Detached house,EUR,Euro,CZ_CAP,Praha,2022,,2400,,,,,
dataflow,ESTAT:PRC_COLC_RENTS(1.0),Average rent per month in cities by type of dwelling,A,Annual,HOUSE_D,Detached house,EUR,Euro,CZ_CAP,Praha,2023,,2600,,,,,
dataflow,ESTAT:PRC_COLC_RENTS(1.0),Average rent per month in cities by type of dwelling,A,Annual,HOUSE_D,Detached house,EUR,Euro,CZ_CAP,Praha,2024,,2750,,,,,
dataflow,ESTAT:PRC_COLC_RENTS(1.0),Average rent per month in cities by type of dwelling,A,Annual,HOUSE_D,Detached house,EUR,Euro,CZ_CAP,Praha,2025,,2800,,,,,
dataflow,ESTAT:PRC_COLC_RENTS(1.0),Average rent per month in cities by type of dwelling,A,Annual,HOUSE_D,Detached house,EUR,Euro,DE_CAP,Berlin,2016,,2400,,,,,
dataflow,ESTAT:PRC_COLC_RENTS(1.0),Average rent per month in cities by type of dwelling,A,Annual,HOUSE_D,Detached house,EUR,Euro,DE_CAP,Berlin,2017,,2350,,,,,
dataflow,ESTAT:PRC_COLC_RENTS(1.0),Average rent per month in cities by type of dwelling,A,Annual,HOUSE_D,Detached house,EUR,Euro,DE_CAP,Berlin,2018,,2600,,,,,
dataflow,ESTAT:PRC_COLC_RENTS(1.0),Average rent per month in cities by type of dwelling,A,Annual,HOUSE_D,Detached house,EUR,Euro,DE_CAP,Berlin,2019,,2650,,,,,
dataflow,ESTAT:PRC_COLC_RENTS(1.0),Average rent per month in cities by type of dwelling,A,Annual,HOUSE_D,Detached house,EUR,Euro,DE_CAP,Berlin,2020,,2700,,,,,
dataflow,ESTAT:PRC_COLC_RENTS(1.0),Average rent per month in cities by type of dwelling,A,Annual,HOUSE_D,Detached house,EUR,Euro,DE_CAP,Berlin,2021,,2650,,,,,
dataflow,ESTAT:PRC_COLC_RENTS(1.0),Average rent per month in cities by type of dwelling,A,Annual,HOUSE_D,Detached house,EUR,Euro,DE_CAP,Berlin,2022,,2850,,,,,
dataflow,ESTAT:PRC_COLC_RENTS(1.0),Average rent per month in cities by type of dwelling,A,Annual,HOUSE_D,Detached house,EUR,Euro,DE_CAP,Berlin,2023,,2900,,,,,
dataflow,ESTAT:PRC_COLC_RENTS(1.0),Average rent per month in cities by type of dwelling,A,Annual,HOUSE_D,Detached house,EUR,Euro,DE_CAP,Berlin,2024,,2750,,,,,
dataflow,ESTAT:PRC_COLC_RENTS(1.0),Average rent per month in cities by type of dwelling,A,Annual,HOUSE_D,Detached house,EUR,Euro,DE_CAP,Berlin,2025,,3250,,,,,
dataflow,ESTAT:PRC_COLC_RENTS(1.0),Average rent per month in cities by type of dwelling,A,Annual,HOUSE_D,Detached house,EUR,Euro,DE_DEL1,Karlsruhe,2016,,1900,,,,,
dataflow,ESTAT:PRC_COLC_RENTS(1.0),Average rent per month in cities by type of dwelling,A,Annual,HOUSE_D,Detached house,EUR,Euro,DE_DEL1,Karlsruhe,2017,,1950,,,,,
dataflow,ESTAT:PRC_COLC_RENTS(1.0),Average rent per month in cities by type of dwelling,A,Annual,HOUSE_D,Detached house,EUR,Euro,DE_DEL1,Karlsruhe,2018,,2000,,,,,
dataflow,ESTAT:PRC_COLC_RENTS(1.0),Average rent per month in cities by type of dwelling,A,Annual,HOUSE_D,Detached house,EUR,Euro,DE_DEL1,Karlsruhe,2019,,2000,,,,,
dataflow,ESTAT:PRC_COLC_RENTS(1.0),Average rent per month in cities by type of dwelling,A,Annual,HOUSE_D,Detached house,EUR,Euro,DE_DEL1,Karlsruhe,2020,,2050,,,,,
dataflow,ESTAT:PRC_COLC_RENTS(1.0),Average rent per month in cities by type of dwelling,A,Annual,HOUSE_D,Detached house,EUR,Euro,DE_DEL1,Karlsruhe,2021,,1550,,,,,
dataflow,ESTAT:PRC_COLC_RENTS(1.0),Average rent per month in cities by type of dwelling,A,Annual,HOUSE_D,Detached house,EUR,Euro,DE_DEL1,Karlsruhe,2022,,1650,,,,,
dataflow,ESTAT:PRC_COLC_RENTS(1.0),Average rent per month in cities by type of dwelling,A,Annual,HOUSE_D,Detached house,EUR,Euro,DE_DEL1,Karlsruhe,2023,,2250,,,,,
dataflow,ESTAT:PRC_COLC_RENTS(1.0),Average rent per month in cities by type of dwelling,A,Annual,HOUSE_D,Detached house,EUR,Euro,DE_DEL2,München,2016,,3150,,,,,
dataflow,ESTAT:PRC_COLC_RENTS(1.0),Average rent per month in cities by type of dwelling,A,Annual,HOUSE_D,Detached house,EUR,Euro,DE_DEL2,München,2017,,3650,,,,,
dataflow,ESTAT:PRC_COLC_RENTS(1.0),Average rent per month in cities by type of dwelling,A,Annual,HOUSE_D,Detached house,EUR,Euro,DE_DEL2,München,2018,,3650,,,,,
dataflow,ESTAT:PRC_COLC_RENTS(1.0),Average rent per month in cities by type of dwelling,A,Annual,HOUSE_D,Detached house,EUR,Euro,DE_DEL2,München,2019,,3900,,,,,
dataflow,ESTAT:PRC_COLC_RENTS(1.0),Average rent per month in cities by type of dwelling,A,Annual,HOUSE_D,Detached house,EUR,Euro,DE_DEL2,München,2020,,4000,,,,,
dataflow,ESTAT:PRC_COLC_RENTS(1.0),Average rent per month in cities by type of dwelling,A,Annual,HOUSE_D,Detached house,EUR,Euro,DE_DEL2,München,2021,,3350,,,,,
dataflow,ESTAT:PRC_COLC_RENTS(1.0),Average rent per month in cities by type of dwelling,A,Annual,HOUSE_D,Detached house,EUR,Euro,DE_DEL2,München,2022,,3800,,,,,
dataflow,ESTAT:PRC_COLC_RENTS(1.0),Average rent per month in cities by type of dwelling,A,Annual,HOUSE_D,Detached house,EUR,Euro,DE_DEL2,München,2023,,3750,,,,,
dataflow,ESTAT:PRC_COLC_RENTS(1.0),Average rent per month in cities by type of dwelling,A,Annual,HOUSE_D,Detached house,EUR,Euro,DE_DEL2,München,2024,,4000,,,,,
dataflow,ESTAT:PRC_COLC_RENTS(1.0),Average rent per month in cities by type of dwelling,A,Annual,HOUSE_D,Detached house,EUR,Euro,DE_DEL2,München,2025,,4150,,,,,
dataflow,ESTAT:PRC_COLC_RENTS(1.0),Average rent per month in cities by type of dwelling,A,Annual,HOUSE_D,Detached house,EUR,Euro,DE_DEL3,Bonn,2016,,1850,,,,,
dataflow,ESTAT:PRC_COLC_RENTS(1.0),Average rent per month in cities by type of dwelling,A,Annual,HOUSE_D,Detached house,EUR,Euro,DE_DEL3,Bonn,2017,,1800,,,,,
dataflow,ESTAT:PRC_COLC_RENTS(1.0),Average rent per month in cities by type of dwelling,A,Annual,HOUSE_D,Detached house,EUR,Euro,DE_DEL3,Bonn,2018,,1800,,,,,
dataflow,ESTAT:PRC_COLC_RENTS(1.0),Average rent per month in cities by type of dwelling,A,Annual,HOUSE_D,Detached house,EUR,Euro,DE_DEL3,Bonn,2019,,1800,,,,,
dataflow,ESTAT:PRC_COLC_RENTS(1.0),Average rent per month in cities by type of dwelling,A,Annual,HOUSE_D,Detached house,EUR,Euro,DE_DEL3,Bonn,2020,,1800,,,,,
dataflow,ESTAT:PRC_COLC_RENTS(1.0),Average rent per month in cities by type of dwelling,A,Annual,HOUSE_D,Detached house,EUR,Euro,DK_CAP,København,2016,,3200,,,,,
dataflow,ESTAT:PRC_COLC_RENTS(1.0),Average rent per month in cities by type of dwelling,A,Annual,HOUSE_D,Detached house,EUR,Euro,DK_CAP,København,2017,,3300,,,,,
dataflow,ESTAT:PRC_COLC_RENTS(1.0),Average rent per month in cities by type of dwelling,A,Annual,HOUSE_D,Detached house,EUR,Euro,DK_CAP,København,2018,,3300,,,,,
dataflow,ESTAT:PRC_COLC_RENTS(1.0),Average rent per month in cities by type of dwelling,A,Annual,HOUSE_D,Detached house,EUR,Euro,DK_CAP,København,2019,,3200,,,,,
dataflow,ESTAT:PRC_COLC_RENTS(1.0),Average rent per month in cities by type of dwelling,A,Annual,HOUSE_D,Detached house,EUR,Euro,DK_CAP,København,2020,,3200,,,,,
dataflow,ESTAT:PRC_COLC_RENTS(1.0),Average rent per month in cities by type of dwelling,A,Annual,HOUSE_D,Detached house,EUR,Euro,DK_CAP,København,2021,,3550,,,,,
dataflow,ESTAT:PRC_COLC_RENTS(1.0),Average rent per month in cities by type of dwelling,A,Annual,HOUSE_D,Detached house,EUR,Euro,DK_CAP,København,2022,,3900,,,,,
dataflow,ESTAT:PRC_COLC_RENTS(1.0),Average rent per month in cities by type of dwelling,A,Annual,HOUSE_D,Detached house,EUR,Euro,DK_CAP,København,2023,,3700,,,,,
dataflow,ESTAT:PRC_COLC_RENTS(1.0),Average rent per month in cities by type of dwelling,A,Annual,HOUSE_D,Detached house,EUR,Euro,DK_CAP,København,2024,,3950,,,,,
dataflow,ESTAT:PRC_COLC_RENTS(1.0),Average rent per month in cities by type of dwelling,A,Annual,HOUSE_D,Detached house,EUR,Euro,DK_CAP,København,2025,,4200,,,,,
dataflow,ESTAT:PRC_COLC_RENTS(1.0),Average rent per month in cities by type of dwelling,A,Annual,HOUSE_D,Detached house,EUR,Euro,EE_CAP,Tallinn,2016,,1650,,,,,
dataflow,ESTAT:PRC_COLC_RENTS(1.0),Average rent per month in cities by type of dwelling,A,Annual,HOUSE_D,Detached house,EUR,Euro,EE_CAP,Tallinn,2017,,1750,,,,,
dataflow,ESTAT:PRC_COLC_RENTS(1.0),Average rent per month in cities by type of dwelling,A,Annual,HOUSE_D,Detached house,EUR,Euro,EE_CAP,Tallinn,2018,,1750,,,,,
dataflow,ESTAT:PRC_COLC_RENTS(1.0),Average rent per month in cities by type of dwelling,A,Annual,HOUSE_D,Detached house,EUR,Euro,EE_CAP,Tallinn,2019,,1800,,,,,
dataflow,ESTAT:PRC_COLC_RENTS(1.0),Average rent per month in cities by type of dwelling,A,Annual,HOUSE_D,Detached house,EUR,Euro,EE_CAP,Tallinn,2020,,1600,,,,,
dataflow,ESTAT:PRC_COLC_RENTS(1.0),Average rent per month in cities by type of dwelling,A,Annual,HOUSE_D,Detached house,EUR,Euro,EE_CAP,Tallinn,2021,,2000,,,,,
dataflow,ESTAT:PRC_COLC_RENTS(1.0),Average rent per month in cities by type of dwelling,A,Annual,HOUSE_D,Detached house,EUR,Euro,EE_CAP,Tallinn,2022,,2400,,,,,
dataflow,ESTAT:PRC_COLC_RENTS(1.0),Average rent per month in cities by type of dwelling,A,Annual,HOUSE_D,Detached house,EUR,Euro,EE_CAP,Tallinn,2023,,2500,,,,,
dataflow,ESTAT:PRC_COLC_RENTS(1.0),Average rent per month in cities by type of dwelling,A,Annual,HOUSE_D,Detached house,EUR,Euro,EE_CAP,Tallinn,2024,,2250,,,,,
dataflow,ESTAT:PRC_COLC_RENTS(1.0),Average rent per month in cities by type of dwelling,A,Annual,HOUSE_D,Detached house,EUR,Euro,EE_CAP,Tallinn,2025,,2400,,,,,
dataflow,ESTAT:PRC_COLC_RENTS(1.0),Average rent per month in cities by type of dwelling,A,Annual,HOUSE_D,Detached house,EUR,Euro,EL_CAP,Athina,2016,,1850,,,,,
dataflow,ESTAT:PRC_COLC_RENTS(1.0),Average rent per month in cities by type of dwelling,A,Annual,HOUSE_D,Detached house,EUR,Euro,EL_CAP,Athina,2017,,2100,,,,,
dataflow,ESTAT:PRC_COLC_RENTS(1.0),Average rent per month in cities by type of dwelling,A,Annual,HOUSE_D,Detached house,EUR,Euro,EL_CAP,Athina,2018,,2150,,,,,
dataflow,ESTAT:PRC_COLC_RENTS(1.0),Average rent per month in cities by type of dwelling,A,Annual,HOUSE_D,Detached house,EUR,Euro,EL_CAP,Athina,2019,,2200,,,,,
dataflow,ESTAT:PRC_COLC_RENTS(1.0),Average rent per month in cities by type of dwelling,A,Annual,HOUSE_D,Detached house,EUR,Euro,EL_CAP,Athina,2020,,2200,,,,,
dataflow,ESTAT:PRC_COLC_RENTS(1.0),Average rent per month in cities by type of dwelling,A,Annual,HOUSE_D,Detached house,EUR,Euro,EL_CAP,Athina,2021,,2300,,,,,
dataflow,ESTAT:PRC_COLC_RENTS(1.0),Average rent per month in cities by type of dwelling,A,Annual,HOUSE_D,Detached house,EUR,Euro,EL_CAP,Athina,2022,,2750,,,,,
dataflow,ESTAT:PRC_COLC_RENTS(1.0),Average rent per month in cities by type of dwelling,A,Annual,HOUSE_D,Detached house,EUR,Euro,EL_CAP,Athina,2023,,2850,,,,,
dataflow,ESTAT:PRC_COLC_RENTS(1.0),Average rent per month in cities by type of dwelling,A,Annual,HOUSE_D,Detached house,EUR,Euro,EL_CAP,Athina,2024,,3050,,,,,
dataflow,ESTAT:PRC_COLC_RENTS(1.0),Average rent per month in cities by type of dwelling,A,Annual,HOUSE_D,Detached house,EUR,Euro,EL_CAP,Athina,2025,,3250,,,,,
dataflow,ESTAT:PRC_COLC_RENTS(1.0),Average rent per month in cities by type of dwelling,A,Annual,HOUSE_D,Detached house,EUR,Euro,ES_CAP,Madrid,2016,,2500,,,,,
dataflow,ESTAT:PRC_COLC_RENTS(1.0),Average rent per month in cities by type of dwelling,A,Annual,HOUSE_D,Detached house,EUR,Euro,ES_CAP,Madrid,2017,,2750,,,,,
dataflow,ESTAT:PRC_COLC_RENTS(1.0),Average rent per month in cities by type of dwelling,A,Annual,HOUSE_D,Detached house,EUR,Euro,ES_CAP,Madrid,2018,,3000,,,,,
dataflow,ESTAT:PRC_COLC_RENTS(1.0),Average rent per month in cities by type of dwelling,A,Annual,HOUSE_D,Detached house,EUR,Euro,ES_CAP,Madrid,2019,,3100,,,,,
dataflow,ESTAT:PRC_COLC_RENTS(1.0),Average rent per month in cities by type of dwelling,A,Annual,HOUSE_D,Detached house,EUR,Euro,ES_CAP,Madrid,2020,,3150,,,,,
dataflow,ESTAT:PRC_COLC_RENTS(1.0),Average rent per month in cities by type of dwelling,A,Annual,HOUSE_D,Detached house,EUR,Euro,ES_CAP,Madrid,2021,,3100,,,,,
dataflow,ESTAT:PRC_COLC_RENTS(1.0),Average rent per month in cities by type of dwelling,A,Annual,HOUSE_D,Detached house,EUR,Euro,ES_CAP,Madrid,2022,,3500,,,,,
dataflow,ESTAT:PRC_COLC_RENTS(1.0),Average rent per month in cities by type of dwelling,A,Annual,HOUSE_D,Detached house,EUR,Euro,ES_CAP,Madrid,2023,,3750,,,,,
dataflow,ESTAT:PRC_COLC_RENTS(1.0),Average rent per month in cities by type of dwelling,A,Annual,HOUSE_D,Detached house,EUR,Euro,ES_CAP,Madrid,2024,,3800,,,,,
dataflow,ESTAT:PRC_COLC_RENTS(1.0),Average rent per month in cities by type of dwelling,A,Annual,HOUSE_D,Detached house,EUR,Euro,ES_CAP,Madrid,2025,,4100,,,,,
dataflow,ESTAT:PRC_COLC_RENTS(1.0),Average rent per month in cities by type of dwelling,A,Annual,HOUSE_D,Detached house,EUR,Euro,FI_CAP,Helsinki,2016,,3000,,,,,
dataflow,ESTAT:PRC_COLC_RENTS(1.0),Average rent per month in cities by type of dwelling,A,Annual,HOUSE_D,Detached house,EUR,Euro,FI_CAP,Helsinki,2017,,3100,,,,,
dataflow,ESTAT:PRC_COLC_RENTS(1.0),Average rent per month in cities by type of dwelling,A,Annual,HOUSE_D,Detached house,EUR,Euro,FI_CAP,Helsinki,2018,,3300,,,,,
dataflow,ESTAT:PRC_COLC_RENTS(1.0),Average rent per month in cities by type of dwelling,A,Annual,HOUSE_D,Detached house,EUR,Euro,FI_CAP,Helsinki,2019,,3150,,,,,
dataflow,ESTAT:PRC_COLC_RENTS(1.0),Average rent per month in cities by type of dwelling,A,Annual,HOUSE_D,Detached house,EUR,Euro,FI_CAP,Helsinki,2020,,3200,,,,,
dataflow,ESTAT:PRC_COLC_RENTS(1.0),Average rent per month in cities by type of dwelling,A,Annual,HOUSE_D,Detached house,EUR,Euro,FI_CAP,Helsinki,2021,,3150,,,,,
dataflow,ESTAT:PRC_COLC_RENTS(1.0),Average rent per month in cities by type of dwelling,A,Annual,HOUSE_D,Detached house,EUR,Euro,FI_CAP,Helsinki,2022,,3500,,,,,
dataflow,ESTAT:PRC_COLC_RENTS(1.0),Average rent per month in cities by type of dwelling,A,Annual,HOUSE_D,Detached house,EUR,Euro,FI_CAP,Helsinki,2023,,3400,,,,,
dataflow,ESTAT:PRC_COLC_RENTS(1.0),Average rent per month in cities by type of dwelling,A,Annual,HOUSE_D,Detached house,EUR,Euro,FI_CAP,Helsinki,2024,,3550,,,,,
dataflow,ESTAT:PRC_COLC_RENTS(1.0),Average rent per month in cities by type of dwelling,A,Annual,HOUSE_D,Detached house,EUR,Euro,FI_CAP,Helsinki,2025,,3700,,,,,
dataflow,ESTAT:PRC_COLC_RENTS(1.0),Average rent per month in cities by type of dwelling,A,Annual,HOUSE_D,Detached house,EUR,Euro,FR_CAP,Paris,2016,,3400,,,,,
dataflow,ESTAT:PRC_COLC_RENTS(1.0),Average rent per month in cities by type of dwelling,A,Annual,HOUSE_D,Detached house,EUR,Euro,FR_CAP,Paris,2017,,3400,,,,,
dataflow,ESTAT:PRC_COLC_RENTS(1.0),Average rent per month in cities by type of dwelling,A,Annual,HOUSE_D,Detached house,EUR,Euro,FR_CAP,Paris,2018,,3450,,,,,
dataflow,ESTAT:PRC_COLC_RENTS(1.0),Average rent per month in cities by type of dwelling,A,Annual,HOUSE_D,Detached house,EUR,Euro,FR_CAP,Paris,2019,,3600,,,,,
dataflow,ESTAT:PRC_COLC_RENTS(1.0),Average rent per month in cities by type of dwelling,A,Annual,HOUSE_D,Detached house,EUR,Euro,FR_CAP,Paris,2020,,3600,,,,,
dataflow,ESTAT:PRC_COLC_RENTS(1.0),Average rent per month in cities by type of dwelling,A,Annual,HOUSE_D,Detached house,EUR,Euro,FR_CAP,Paris,2021,,3350,,,,,
dataflow,ESTAT:PRC_COLC_RENTS(1.0),Average rent per month in cities by type of dwelling,A,Annual,HOUSE_D,Detached house,EUR,Euro,FR_CAP,Paris,2022,,3450,,,,,
dataflow,ESTAT:PRC_COLC_RENTS(1.0),Average rent per month in cities by type of dwelling,A,Annual,HOUSE_D,Detached house,EUR,Euro,FR_CAP,Paris,2023,,3750,,,,,
dataflow,ESTAT:PRC_COLC_RENTS(1.0),Average rent per month in cities by type of dwelling,A,Annual,HOUSE_D,Detached house,EUR,Euro,FR_CAP,Paris,2024,,4000,,,,,
dataflow,ESTAT:PRC_COLC_RENTS(1.0),Average rent per month in cities by type of dwelling,A,Annual,HOUSE_D,Detached house,EUR,Euro,FR_CAP,Paris,2025,,3850,,,,,
dataflow,ESTAT:PRC_COLC_RENTS(1.0),Average rent per month in cities by type of dwelling,A,Annual,HOUSE_D,Detached house,EUR,Euro,HR_CAP,Zagreb,2016,,2100,,,,,
dataflow,ESTAT:PRC_COLC_RENTS(1.0),Average rent per month in cities by type of dwelling,A,Annual,HOUSE_D,Detached house,EUR,Euro,HR_CAP,Zagreb,2017,,2200,,,,,
dataflow,ESTAT:PRC_COLC_RENTS(1.0),Average rent per month in cities by type of dwelling,A,Annual,HOUSE_D,Detached house,EUR,Euro,HR_CAP,Zagreb,2018,,2450,,,,,
dataflow,ESTAT:PRC_COLC_RENTS(1.0),Average rent per month in cities by type of dwelling,A,Annual,HOUSE_D,Detached house,EUR,Euro,HR_CAP,Zagreb,2019,,2500,,,,,
dataflow,ESTAT:PRC_COLC_RENTS(1.0),Average rent per month in cities by type of dwelling,A,Annual,HOUSE_D,Detached house,EUR,Euro,HR_CAP,Zagreb,2020,,2550,,,,,
dataflow,ESTAT:PRC_COLC_RENTS(1.0),Average rent per month in cities by type of dwelling,A,Annual,HOUSE_D,Detached house,EUR,Euro,HR_CAP,Zagreb,2021,,2750,,,,,
dataflow,ESTAT:PRC_COLC_RENTS(1.0),Average rent per month in cities by type of dwelling,A,Annual,HOUSE_D,Detached house,EUR,Euro,HR_CAP,Zagreb,2022,,2700,,,,,
dataflow,ESTAT:PRC_COLC_RENTS(1.0),Average rent per month in cities by type of dwelling,A,Annual,HOUSE_D,Detached house,EUR,Euro,HR_CAP,Zagreb,2023,,3050,,,,,
dataflow,ESTAT:PRC_COLC_RENTS(1.0),Average rent per month in cities by type of dwelling,A,Annual,HOUSE_D,Detached house,EUR,Euro,HR_CAP,Zagreb,2024,,3100,,,,,
dataflow,ESTAT:PRC_COLC_RENTS(1.0),Average rent per month in cities by type of dwelling,A,Annual,HOUSE_D,Detached house,EUR,Euro,HR_CAP,Zagreb,2025,,3550,,,,,
dataflow,ESTAT:PRC_COLC_RENTS(1.0),Average rent per month in cities by type of dwelling,A,Annual,HOUSE_D,Detached house,EUR,Euro,HU_CAP,Budapest,2016,,2950,,,,,
dataflow,ESTAT:PRC_COLC_RENTS(1.0),Average rent per month in cities by type of dwelling,A,Annual,HOUSE_D,Detached house,EUR,Euro,HU_CAP,Budapest,2017,,3000,,,,,
dataflow,ESTAT:PRC_COLC_RENTS(1.0),Average rent per month in cities by type of dwelling,A,Annual,HOUSE_D,Detached house,EUR,Euro,HU_CAP,Budapest,2018,,2550,,,,,
dataflow,ESTAT:PRC_COLC_RENTS(1.0),Average rent per month in cities by type of dwelling,A,Annual,HOUSE_D,Detached house,EUR,Euro,HU_CAP,Budapest,2019,,2550,,,,,
dataflow,ESTAT:PRC_COLC_RENTS(1.0),Average rent per month in cities by type of dwelling,A,Annual,HOUSE_D,Detached house,EUR,Euro,HU_CAP,Budapest,2020,,2450,,,,,
dataflow,ESTAT:PRC_COLC_RENTS(1.0),Average rent per month in cities by type of dwelling,A,Annual,HOUSE_D,Detached house,EUR,Euro,HU_CAP,Budapest,2021,,2400,,,,,
dataflow,ESTAT:PRC_COLC_RENTS(1.0),Average rent per month in cities by type of dwelling,A,Annual,HOUSE_D,Detached house,EUR,Euro,HU_CAP,Budapest,2022,,2850,,,,,
dataflow,ESTAT:PRC_COLC_RENTS(1.0),Average rent per month in cities by type of dwelling,A,Annual,HOUSE_D,Detached house,EUR,Euro,HU_CAP,Budapest,2023,,3000,,,,,
dataflow,ESTAT:PRC_COLC_RENTS(1.0),Average rent per month in cities by type of dwelling,A,Annual,HOUSE_D,Detached house,EUR,Euro,HU_CAP,Budapest,2024,,3000,,,,,
dataflow,ESTAT:PRC_COLC_RENTS(1.0),Average rent per month in cities by type of dwelling,A,Annual,HOUSE_D,Detached house,EUR,Euro,HU_CAP,Budapest,2025,,3200,,,,,
dataflow,ESTAT:PRC_COLC_RENTS(1.0),Average rent per month in cities by type of dwelling,A,Annual,HOUSE_D,Detached house,EUR,Euro,IE_CAP,Dublin,2016,,2750,,,,,
dataflow,ESTAT:PRC_COLC_RENTS(1.0),Average rent per month in cities by type of dwelling,A,Annual,HOUSE_D,Detached house,EUR,Euro,IE_CAP,Dublin,2017,,2950,,,,,
dataflow,ESTAT:PRC_COLC_RENTS(1.0),Average rent per month in cities by type of dwelling,A,Annual,HOUSE_D,Detached house,EUR,Euro,IE_CAP,Dublin,2018,,3250,,,,,
dataflow,ESTAT:PRC_COLC_RENTS(1.0),Average rent per month in cities by type of dwelling,A,Annual,HOUSE_D,Detached house,EUR,Euro,IE_CAP,Dublin,2019,,3550,,,,,
dataflow,ESTAT:PRC_COLC_RENTS(1.0),Average rent per month in cities by type of dwelling,A,Annual,HOUSE_D,Detached house,EUR,Euro,IE_CAP,Dublin,2020,,3550,,,,,
dataflow,ESTAT:PRC_COLC_RENTS(1.0),Average rent per month in cities by type of dwelling,A,Annual,HOUSE_D,Detached house,EUR,Euro,IE_CAP,Dublin,2021,,3500,,,,,
dataflow,ESTAT:PRC_COLC_RENTS(1.0),Average rent per month in cities by type of dwelling,A,Annual,HOUSE_D,Detached house,EUR,Euro,IE_CAP,Dublin,2022,,4050,,,,,
dataflow,ESTAT:PRC_COLC_RENTS(1.0),Average rent per month in cities by type of dwelling,A,Annual,HOUSE_D,Detached house,EUR,Euro,IE_CAP,Dublin,2023,,4500,,,,,
dataflow,ESTAT:PRC_COLC_RENTS(1.0),Average rent per month in cities by type of dwelling,A,Annual,HOUSE_D,Detached house,EUR,Euro,IE_CAP,Dublin,2024,,4750,,,,,
dataflow,ESTAT:PRC_COLC_RENTS(1.0),Average rent per month in cities by type of dwelling,A,Annual,HOUSE_D,Detached house,EUR,Euro,IE_CAP,Dublin,2025,,4500,,,,,
dataflow,ESTAT:PRC_COLC_RENTS(1.0),Average rent per month in cities by type of dwelling,A,Annual,HOUSE_D,Detached house,EUR,Euro,IS_CAP,Reykjavik,2016,,2550,,,,,
dataflow,ESTAT:PRC_COLC_RENTS(1.0),Average rent per month in cities by type of dwelling,A,Annual,HOUSE_D,Detached house,EUR,Euro,IS_CAP,Reykjavik,2017,,2850,,,,,
dataflow,ESTAT:PRC_COLC_RENTS(1.0),Average rent per month in cities by type of dwelling,A,Annual,HOUSE_D,Detached house,EUR,Euro,IS_CAP,Reykjavik,2018,,3100,,,,,
dataflow,ESTAT:PRC_COLC_RENTS(1.0),Average rent per month in cities by type of dwelling,A,Annual,HOUSE_D,Detached house,EUR,Euro,IS_CAP,Reykjavik,2019,,2650,,,,,
dataflow,ESTAT:PRC_COLC_RENTS(1.0),Average rent per month in cities by type of dwelling,A,Annual,HOUSE_D,Detached house,EUR,Euro,IS_CAP,Reykjavik,2020,,2500,,,,,
dataflow,ESTAT:PRC_COLC_RENTS(1.0),Average rent per month in cities by type of dwelling,A,Annual,HOUSE_D,Detached house,EUR,Euro,IS_CAP,Reykjavik,2021,,2550,,,,,
dataflow,ESTAT:PRC_COLC_RENTS(1.0),Average rent per month in cities by type of dwelling,A,Annual,HOUSE_D,Detached house,EUR,Euro,IS_CAP,Reykjavik,2022,,3200,,,,,
dataflow,ESTAT:PRC_COLC_RENTS(1.0),Average rent per month in cities by type of dwelling,A,Annual,HOUSE_D,Detached house,EUR,Euro,IS_CAP,Reykjavik,2023,,3200,,,,,
dataflow,ESTAT:PRC_COLC_RENTS(1.0),Average rent per month in cities by type of dwelling,A,Annual,HOUSE_D,Detached house,EUR,Euro,IS_CAP,Reykjavik,2024,,3750,,,,,
dataflow,ESTAT:PRC_COLC_RENTS(1.0),Average rent per month in cities by type of dwelling,A,Annual,HOUSE_D,Detached house,EUR,Euro,IS_CAP,Reykjavik,2025,,4150,,,,,
dataflow,ESTAT:PRC_COLC_RENTS(1.0),Average rent per month in cities by type of dwelling,A,Annual,HOUSE_D,Detached house,EUR,Euro,IT_CAP,Roma,2016,,2300,,,,,
dataflow,ESTAT:PRC_COLC_RENTS(1.0),Average rent per month in cities by type of dwelling,A,Annual,HOUSE_D,Detached house,EUR,Euro,IT_CAP,Roma,2017,,2000,,,,,
dataflow,ESTAT:PRC_COLC_RENTS(1.0),Average rent per month in cities by type of dwelling,A,Annual,HOUSE_D,Detached house,EUR,Euro,IT_CAP,Roma,2018,,1900,,,,,
dataflow,ESTAT:PRC_COLC_RENTS(1.0),Average rent per month in cities by type of dwelling,A,Annual,HOUSE_D,Detached house,EUR,Euro,IT_CAP,Roma,2019,,2000,,,,,
dataflow,ESTAT:PRC_COLC_RENTS(1.0),Average rent per month in cities by type of dwelling,A,Annual,HOUSE_D,Detached house,EUR,Euro,IT_CAP,Roma,2020,,2000,,,,,
dataflow,ESTAT:PRC_COLC_RENTS(1.0),Average rent per month in cities by type of dwelling,A,Annual,HOUSE_D,Detached house,EUR,Euro,IT_CAP,Roma,2021,,2150,,,,,
dataflow,ESTAT:PRC_COLC_RENTS(1.0),Average rent per month in cities by type of dwelling,A,Annual,HOUSE_D,Detached house,EUR,Euro,IT_CAP,Roma,2022,,2000,,,,,
dataflow,ESTAT:PRC_COLC_RENTS(1.0),Average rent per month in cities by type of dwelling,A,Annual,HOUSE_D,Detached house,EUR,Euro,IT_CAP,Roma,2023,,2000,,,,,
dataflow,ESTAT:PRC_COLC_RENTS(1.0),Average rent per month in cities by type of dwelling,A,Annual,HOUSE_D,Detached house,EUR,Euro,IT_CAP,Roma,2024,,2200,,,,,
dataflow,ESTAT:PRC_COLC_RENTS(1.0),Average rent per month in cities by type of dwelling,A,Annual,HOUSE_D,Detached house,EUR,Euro,IT_CAP,Roma,2025,,2450,,,,,
dataflow,ESTAT:PRC_COLC_RENTS(1.0),Average rent per month in cities by type of dwelling,A,Annual,HOUSE_D,Detached house,EUR,Euro,IT_DEL,Varese,2016,,1850,,,,,
dataflow,ESTAT:PRC_COLC_RENTS(1.0),Average rent per month in cities by type of dwelling,A,Annual,HOUSE_D,Detached house,EUR,Euro,IT_DEL,Varese,2017,,1850,,,,,
dataflow,ESTAT:PRC_COLC_RENTS(1.0),Average rent per month in cities by type of dwelling,A,Annual,HOUSE_D,Detached house,EUR,Euro,IT_DEL,Varese,2018,,1900,,,,,
dataflow,ESTAT:PRC_COLC_RENTS(1.0),Average rent per month in cities by type of dwelling,A,Annual,HOUSE_D,Detached house,EUR,Euro,IT_DEL,Varese,2019,,2050,,,,,
dataflow,ESTAT:PRC_COLC_RENTS(1.0),Average rent per month in cities by type of dwelling,A,Annual,HOUSE_D,Detached house,EUR,Euro,IT_DEL,Varese,2020,,2050,,,,,
dataflow,ESTAT:PRC_COLC_RENTS(1.0),Average rent per month in cities by type of dwelling,A,Annual,HOUSE_D,Detached house,EUR,Euro,IT_DEL,Varese,2021,,2000,,,,,
dataflow,ESTAT:PRC_COLC_RENTS(1.0),Average rent per month in cities by type of dwelling,A,Annual,HOUSE_D,Detached house,EUR,Euro,IT_DEL,Varese,2022,,2250,,,,,
dataflow,ESTAT:PRC_COLC_RENTS(1.0),Average rent per month in cities by type of dwelling,A,Annual,HOUSE_D,Detached house,EUR,Euro,IT_DEL,Varese,2023,,2350,,,,,
dataflow,ESTAT:PRC_COLC_RENTS(1.0),Average rent per month in cities by type of dwelling,A,Annual,HOUSE_D,Detached house,EUR,Euro,IT_DEL,Varese,2024,,2450,,,,,
dataflow,ESTAT:PRC_COLC_RENTS(1.0),Average rent per month in cities by type of dwelling,A,Annual,HOUSE_D,Detached house,EUR,Euro,IT_DEL,Varese,2025,,2400,,,,,
dataflow,ESTAT:PRC_COLC_RENTS(1.0),Average rent per month in cities by type of dwelling,A,Annual,HOUSE_D,Detached house,EUR,Euro,LT_CAP,Vilnius,2016,,1750,,,,,
dataflow,ESTAT:PRC_COLC_RENTS(1.0),Average rent per month in cities by type of dwelling,A,Annual,HOUSE_D,Detached house,EUR,Euro,LT_CAP,Vilnius,2017,,1750,,,,,
dataflow,ESTAT:PRC_COLC_RENTS(1.0),Average rent per month in cities by type of dwelling,A,Annual,HOUSE_D,Detached house,EUR,Euro,LT_CAP,Vilnius,2018,,1950,,,,,
dataflow,ESTAT:PRC_COLC_RENTS(1.0),Average rent per month in cities by type of dwelling,A,Annual,HOUSE_D,Detached house,EUR,Euro,LT_CAP,Vilnius,2019,,2100,,,,,
dataflow,ESTAT:PRC_COLC_RENTS(1.0),Average rent per month in cities by type of dwelling,A,Annual,HOUSE_D,Detached house,EUR,Euro,LT_CAP,Vilnius,2020,,2100,,,,,
dataflow,ESTAT:PRC_COLC_RENTS(1.0),Average rent per month in cities by type of dwelling,A,Annual,HOUSE_D,Detached house,EUR,Euro,LT_CAP,Vilnius,2021,,2200,,,,,
dataflow,ESTAT:PRC_COLC_RENTS(1.0),Average rent per month in cities by type of dwelling,A,Annual,HOUSE_D,Detached house,EUR,Euro,LT_CAP,Vilnius,2022,,2800,,,,,
dataflow,ESTAT:PRC_COLC_RENTS(1.0),Average rent per month in cities by type of dwelling,A,Annual,HOUSE_D,Detached house,EUR,Euro,LT_CAP,Vilnius,2023,,2400,,,,,
dataflow,ESTAT:PRC_COLC_RENTS(1.0),Average rent per month in cities by type of dwelling,A,Annual,HOUSE_D,Detached house,EUR,Euro,LT_CAP,Vilnius,2024,,2450,,,,,
dataflow,ESTAT:PRC_COLC_RENTS(1.0),Average rent per month in cities by type of dwelling,A,Annual,HOUSE_D,Detached house,EUR,Euro,LT_CAP,Vilnius,2025,,2500,,,,,
dataflow,ESTAT:PRC_COLC_RENTS(1.0),Average rent per month in cities by type of dwelling,A,Annual,HOUSE_D,Detached house,EUR,Euro,LU_CAP,Luxembourg,2016,,4200,,,,,
dataflow,ESTAT:PRC_COLC_RENTS(1.0),Average rent per month in cities by type of dwelling,A,Annual,HOUSE_D,Detached house,EUR,Euro,LU_CAP,Luxembourg,2017,,3900,,,,,
dataflow,ESTAT:PRC_COLC_RENTS(1.0),Average rent per month in cities by type of dwelling,A,Annual,HOUSE_D,Detached house,EUR,Euro,LU_CAP,Luxembourg,2018,,4500,,,,,
dataflow,ESTAT:PRC_COLC_RENTS(1.0),Average rent per month in cities by type of dwelling,A,Annual,HOUSE_D,Detached house,EUR,Euro,LU_CAP,Luxembourg,2019,,4400,,,,,
dataflow,ESTAT:PRC_COLC_RENTS(1.0),Average rent per month in cities by type of dwelling,A,Annual,HOUSE_D,Detached house,EUR,Euro,LU_CAP,Luxembourg,2020,,4400,,,,,
dataflow,ESTAT:PRC_COLC_RENTS(1.0),Average rent per month in cities by type of dwelling,A,Annual,HOUSE_D,Detached house,EUR,Euro,LU_CAP,Luxembourg,2021,,4300,,,,,
dataflow,ESTAT:PRC_COLC_RENTS(1.0),Average rent per month in cities by type of dwelling,A,Annual,HOUSE_D,Detached house,EUR,Euro,LU_CAP,Luxembourg,2022,,4550,,,,,
dataflow,ESTAT:PRC_COLC_RENTS(1.0),Average rent per month in cities by type of dwelling,A,Annual,HOUSE_D,Detached house,EUR,Euro,LU_CAP,Luxembourg,2023,,4600,,,,,
dataflow,ESTAT:PRC_COLC_RENTS(1.0),Average rent per month in cities by type of dwelling,A,Annual,HOUSE_D,Detached house,EUR,Euro,LU_CAP,Luxembourg,2024,,5100,,,,,
dataflow,ESTAT:PRC_COLC_RENTS(1.0),Average rent per month in cities by type of dwelling,A,Annual,HOUSE_D,Detached house,EUR,Euro,LU_CAP,Luxembourg,2025,,4950,,,,,
dataflow,ESTAT:PRC_COLC_RENTS(1.0),Average rent per month in cities by type of dwelling,A,Annual,HOUSE_D,Detached house,EUR,Euro,LV_CAP,Riga,2016,,1700,,,,,
dataflow,ESTAT:PRC_COLC_RENTS(1.0),Average rent per month in cities by type of dwelling,A,Annual,HOUSE_D,Detached house,EUR,Euro,LV_CAP,Riga,2017,,2000,,,,,
dataflow,ESTAT:PRC_COLC_RENTS(1.0),Average rent per month in cities by type of dwelling,A,Annual,HOUSE_D,Detached house,EUR,Euro,LV_CAP,Riga,2018,,1750,,,,,
dataflow,ESTAT:PRC_COLC_RENTS(1.0),Average rent per month in cities by type of dwelling,A,Annual,HOUSE_D,Detached house,EUR,Euro,LV_CAP,Riga,2019,,2000,,,,,
dataflow,ESTAT:PRC_COLC_RENTS(1.0),Average rent per month in cities by type of dwelling,A,Annual,HOUSE_D,Detached house,EUR,Euro,LV_CAP,Riga,2020,,1850,,,,,
dataflow,ESTAT:PRC_COLC_RENTS(1.0),Average rent per month in cities by type of dwelling,A,Annual,HOUSE_D,Detached house,EUR,Euro,LV_CAP,Riga,2021,,2100,,,,,
dataflow,ESTAT:PRC_COLC_RENTS(1.0),Average rent per month in cities by type of dwelling,A,Annual,HOUSE_D,Detached house,EUR,Euro,LV_CAP,Riga,2022,,2300,,,,,
dataflow,ESTAT:PRC_COLC_RENTS(1.0),Average rent per month in cities by type of dwelling,A,Annual,HOUSE_D,Detached house,EUR,Euro,LV_CAP,Riga,2023,,2350,,,,,
dataflow,ESTAT:PRC_COLC_RENTS(1.0),Average rent per month in cities by type of dwelling,A,Annual,HOUSE_D,Detached house,EUR,Euro,LV_CAP,Riga,2024,,2200,,,,,
dataflow,ESTAT:PRC_COLC_RENTS(1.0),Average rent per month in cities by type of dwelling,A,Annual,HOUSE_D,Detached house,EUR,Euro,LV_CAP,Riga,2025,,2450,,,,,
dataflow,ESTAT:PRC_COLC_RENTS(1.0),Average rent per month in cities by type of dwelling,A,Annual,HOUSE_D,Detached house,EUR,Euro,ME_CAP,Podgorica,2016,,1600,,,,,
dataflow,ESTAT:PRC_COLC_RENTS(1.0),Average rent per month in cities by type of dwelling,A,Annual,HOUSE_D,Detached house,EUR,Euro,ME_CAP,Podgorica,2017,,1550,,,,,
dataflow,ESTAT:PRC_COLC_RENTS(1.0),Average rent per month in cities by type of dwelling,A,Annual,HOUSE_D,Detached house,EUR,Euro,ME_CAP,Podgorica,2018,,1750,,,,,
dataflow,ESTAT:PRC_COLC_RENTS(1.0),Average rent per month in cities by type of dwelling,A,Annual,HOUSE_D,Detached house,EUR,Euro,ME_CAP,Podgorica,2019,,1800,,,,,
dataflow,ESTAT:PRC_COLC_RENTS(1.0),Average rent per month in cities by type of dwelling,A,Annual,HOUSE_D,Detached house,EUR,Euro,ME_CAP,Podgorica,2020,,1800,,,,,
dataflow,ESTAT:PRC_COLC_RENTS(1.0),Average rent per month in cities by type of dwelling,A,Annual,HOUSE_D,Detached house,EUR,Euro,ME_CAP,Podgorica,2021,,1700,,,,,
dataflow,ESTAT:PRC_COLC_RENTS(1.0),Average rent per month in cities by type of dwelling,A,Annual,HOUSE_D,Detached house,EUR,Euro,ME_CAP,Podgorica,2022,,1750,,,,,
dataflow,ESTAT:PRC_COLC_RENTS(1.0),Average rent per month in cities by type of dwelling,A,Annual,HOUSE_D,Detached house,EUR,Euro,ME_CAP,Podgorica,2023,,1900,,,,,
dataflow,ESTAT:PRC_COLC_RENTS(1.0),Average rent per month in cities by type of dwelling,A,Annual,HOUSE_D,Detached house,EUR,Euro,ME_CAP,Podgorica,2024,,2000,,,,,
dataflow,ESTAT:PRC_COLC_RENTS(1.0),Average rent per month in cities by type of dwelling,A,Annual,HOUSE_D,Detached house,EUR,Euro,ME_CAP,Podgorica,2025,,1950,,,,,
dataflow,ESTAT:PRC_COLC_RENTS(1.0),Average rent per month in cities by type of dwelling,A,Annual,HOUSE_D,Detached house,EUR,Euro,MK_CAP,Skopje,2016,,1150,,,,,
dataflow,ESTAT:PRC_COLC_RENTS(1.0),Average rent per month in cities by type of dwelling,A,Annual,HOUSE_D,Detached house,EUR,Euro,MK_CAP,Skopje,2017,,1100,,,,,
dataflow,ESTAT:PRC_COLC_RENTS(1.0),Average rent per month in cities by type of dwelling,A,Annual,HOUSE_D,Detached house,EUR,Euro,MK_CAP,Skopje,2018,,1200,,,,,
dataflow,ESTAT:PRC_COLC_RENTS(1.0),Average rent per month in cities by type of dwelling,A,Annual,HOUSE_D,Detached house,EUR,Euro,MK_CAP,Skopje,2019,,1250,,,,,
dataflow,ESTAT:PRC_COLC_RENTS(1.0),Average rent per month in cities by type of dwelling,A,Annual,HOUSE_D,Detached house,EUR,Euro,MK_CAP,Skopje,2020,,1250,,,,,
dataflow,ESTAT:PRC_COLC_RENTS(1.0),Average rent per month in cities by type of dwelling,A,Annual,HOUSE_D,Detached house,EUR,Euro,MK_CAP,Skopje,2021,,1150,,,,,
dataflow,ESTAT:PRC_COLC_RENTS(1.0),Average rent per month in cities by type of dwelling,A,Annual,HOUSE_D,Detached house,EUR,Euro,MK_CAP,Skopje,2022,,1150,,,,,
dataflow,ESTAT:PRC_COLC_RENTS(1.0),Average rent per month in cities by type of dwelling,A,Annual,HOUSE_D,Detached house,EUR,Euro,MK_CAP,Skopje,2023,,1200,,,,,
dataflow,ESTAT:PRC_COLC_RENTS(1.0),Average rent per month in cities by type of dwelling,A,Annual,HOUSE_D,Detached house,EUR,Euro,MK_CAP,Skopje,2024,,1250,,,,,
dataflow,ESTAT:PRC_COLC_RENTS(1.0),Average rent per month in cities by type of dwelling,A,Annual,HOUSE_D,Detached house,EUR,Euro,MK_CAP,Skopje,2025,,1400,,,,,
dataflow,ESTAT:PRC_COLC_RENTS(1.0),Average rent per month in cities by type of dwelling,A,Annual,HOUSE_D,Detached house,EUR,Euro,MT_CAP,Valletta,2016,,2550,,,,,
dataflow,ESTAT:PRC_COLC_RENTS(1.0),Average rent per month in cities by type of dwelling,A,Annual,HOUSE_D,Detached house,EUR,Euro,MT_CAP,Valletta,2017,,2700,,,,,
dataflow,ESTAT:PRC_COLC_RENTS(1.0),Average rent per month in cities by type of dwelling,A,Annual,HOUSE_D,Detached house,EUR,Euro,MT_CAP,Valletta,2018,,2700,,,,,
dataflow,ESTAT:PRC_COLC_RENTS(1.0),Average rent per month in cities by type of dwelling,A,Annual,HOUSE_D,Detached house,EUR,Euro,MT_CAP,Valletta,2019,,2950,,,,,
dataflow,ESTAT:PRC_COLC_RENTS(1.0),Average rent per month in cities by type of dwelling,A,Annual,HOUSE_D,Detached house,EUR,Euro,MT_CAP,Valletta,2020,,3100,,,,,
dataflow,ESTAT:PRC_COLC_RENTS(1.0),Average rent per month in cities by type of dwelling,A,Annual,HOUSE_D,Detached house,EUR,Euro,MT_CAP,Valletta,2021,,3100,,,,,
dataflow,ESTAT:PRC_COLC_RENTS(1.0),Average rent per month in cities by type of dwelling,A,Annual,HOUSE_D,Detached house,EUR,Euro,MT_CAP,Valletta,2022,,3250,,,,,
dataflow,ESTAT:PRC_COLC_RENTS(1.0),Average rent per month in cities by type of dwelling,A,Annual,HOUSE_D,Detached house,EUR,Euro,MT_CAP,Valletta,2023,,3150,,,,,
dataflow,ESTAT:PRC_COLC_RENTS(1.0),Average rent per month in cities by type of dwelling,A,Annual,HOUSE_D,Detached house,EUR,Euro,MT_CAP,Valletta,2024,,3200,,,,,
dataflow,ESTAT:PRC_COLC_RENTS(1.0),Average rent per month in cities by type of dwelling,A,Annual,HOUSE_D,Detached house,EUR,Euro,MT_CAP,Valletta,2025,,3450,,,,,
dataflow,ESTAT:PRC_COLC_RENTS(1.0),Average rent per month in cities by type of dwelling,A,Annual,HOUSE_D,Detached house,EUR,Euro,NL_DEL,Den Haag,2016,,3300,,,,,
dataflow,ESTAT:PRC_COLC_RENTS(1.0),Average rent per month in cities by type of dwelling,A,Annual,HOUSE_D,Detached house,EUR,Euro,NL_DEL,Den Haag,2017,,2950,,,,,
dataflow,ESTAT:PRC_COLC_RENTS(1.0),Average rent per month in cities by type of dwelling,A,Annual,HOUSE_D,Detached house,EUR,Euro,NL_DEL,Den Haag,2018,,3200,,,,,
dataflow,ESTAT:PRC_COLC_RENTS(1.0),Average rent per month in cities by type of dwelling,A,Annual,HOUSE_D,Detached house,EUR,Euro,NL_DEL,Den Haag,2019,,3200,,,,,
dataflow,ESTAT:PRC_COLC_RENTS(1.0),Average rent per month in cities by type of dwelling,A,Annual,HOUSE_D,Detached house,EUR,Euro,NL_DEL,Den Haag,2020,,3300,,,,,
dataflow,ESTAT:PRC_COLC_RENTS(1.0),Average rent per month in cities by type of dwelling,A,Annual,HOUSE_D,Detached house,EUR,Euro,NL_DEL,Den Haag,2021,,3200,,,,,
dataflow,ESTAT:PRC_COLC_RENTS(1.0),Average rent per month in cities by type of dwelling,A,Annual,HOUSE_D,Detached house,EUR,Euro,NL_DEL,Den Haag,2022,,3200,,,,,
dataflow,ESTAT:PRC_COLC_RENTS(1.0),Average rent per month in cities by type of dwelling,A,Annual,HOUSE_D,Detached house,EUR,Euro,NL_DEL,Den Haag,2023,,3500,,,,,
dataflow,ESTAT:PRC_COLC_RENTS(1.0),Average rent per month in cities by type of dwelling,A,Annual,HOUSE_D,Detached house,EUR,Euro,NL_DEL,Den Haag,2024,,3850,,,,,
dataflow,ESTAT:PRC_COLC_RENTS(1.0),Average rent per month in cities by type of dwelling,A,Annual,HOUSE_D,Detached house,EUR,Euro,NL_DEL,Den Haag,2025,,4450,,,,,
dataflow,ESTAT:PRC_COLC_RENTS(1.0),Average rent per month in cities by type of dwelling,A,Annual,HOUSE_D,Detached house,EUR,Euro,NO_CAP,Oslo,2016,,2950,,,,,
dataflow,ESTAT:PRC_COLC_RENTS(1.0),Average rent per month in cities by type of dwelling,A,Annual,HOUSE_D,Detached house,EUR,Euro,NO_CAP,Oslo,2017,,3100,,,,,
dataflow,ESTAT:PRC_COLC_RENTS(1.0),Average rent per month in cities by type of dwelling,A,Annual,HOUSE_D,Detached house,EUR,Euro,NO_CAP,Oslo,2018,,3350,,,,,
dataflow,ESTAT:PRC_COLC_RENTS(1.0),Average rent per month in cities by type of dwelling,A,Annual,HOUSE_D,Detached house,EUR,Euro,NO_CAP,Oslo,2019,,3250,,,,,
dataflow,ESTAT:PRC_COLC_RENTS(1.0),Average rent per month in cities by type of dwelling,A,Annual,HOUSE_D,Detached house,EUR,Euro,NO_CAP,Oslo,2020,,2950,,,,,
dataflow,ESTAT:PRC_COLC_RENTS(1.0),Average rent per month in cities by type of dwelling,A,Annual,HOUSE_D,Detached house,EUR,Euro,NO_CAP,Oslo,2021,,3350,,,,,
dataflow,ESTAT:PRC_COLC_RENTS(1.0),Average rent per month in cities by type of dwelling,A,Annual,HOUSE_D,Detached house,EUR,Euro,NO_CAP,Oslo,2022,,3450,,,,,
dataflow,ESTAT:PRC_COLC_RENTS(1.0),Average rent per month in cities by type of dwelling,A,Annual,HOUSE_D,Detached house,EUR,Euro,NO_CAP,Oslo,2023,,3250,,,,,
dataflow,ESTAT:PRC_COLC_RENTS(1.0),Average rent per month in cities by type of dwelling,A,Annual,HOUSE_D,Detached house,EUR,Euro,NO_CAP,Oslo,2024,,3900,,,,,
dataflow,ESTAT:PRC_COLC_RENTS(1.0),Average rent per month in cities by type of dwelling,A,Annual,HOUSE_D,Detached house,EUR,Euro,NO_CAP,Oslo,2025,,4300,,,,,
dataflow,ESTAT:PRC_COLC_RENTS(1.0),Average rent per month in cities by type of dwelling,A,Annual,HOUSE_D,Detached house,EUR,Euro,PL_CAP,Warszawa,2016,,1900,,,,,
dataflow,ESTAT:PRC_COLC_RENTS(1.0),Average rent per month in cities by type of dwelling,A,Annual,HOUSE_D,Detached house,EUR,Euro,PL_CAP,Warszawa,2017,,2000,,,,,
dataflow,ESTAT:PRC_COLC_RENTS(1.0),Average rent per month in cities by type of dwelling,A,Annual,HOUSE_D,Detached house,EUR,Euro,PL_CAP,Warszawa,2018,,2120,,,,,
dataflow,ESTAT:PRC_COLC_RENTS(1.0),Average rent per month in cities by type of dwelling,A,Annual,HOUSE_D,Detached house,EUR,Euro,PL_CAP,Warszawa,2019,,1850,,,,,
dataflow,ESTAT:PRC_COLC_RENTS(1.0),Average rent per month in cities by type of dwelling,A,Annual,HOUSE_D,Detached house,EUR,Euro,PL_CAP,Warszawa,2020,,1850,,,,,
dataflow,ESTAT:PRC_COLC_RENTS(1.0),Average rent per month in cities by type of dwelling,A,Annual,HOUSE_D,Detached house,EUR,Euro,PL_CAP,Warszawa,2021,,2050,,,,,
dataflow,ESTAT:PRC_COLC_RENTS(1.0),Average rent per month in cities by type of dwelling,A,Annual,HOUSE_D,Detached house,EUR,Euro,PL_CAP,Warszawa,2022,,2350,,,,,
dataflow,ESTAT:PRC_COLC_RENTS(1.0),Average rent per month in cities by type of dwelling,A,Annual,HOUSE_D,Detached house,EUR,Euro,PL_CAP,Warszawa,2023,,3000,,,,,
dataflow,ESTAT:PRC_COLC_RENTS(1.0),Average rent per month in cities by type of dwelling,A,Annual,HOUSE_D,Detached house,EUR,Euro,PL_CAP,Warszawa,2024,,2950,,,,,
dataflow,ESTAT:PRC_COLC_RENTS(1.0),Average rent per month in cities by type of dwelling,A,Annual,HOUSE_D,Detached house,EUR,Euro,PL_CAP,Warszawa,2025,,3000,,,,,
dataflow,ESTAT:PRC_COLC_RENTS(1.0),Average rent per month in cities by type of dwelling,A,Annual,HOUSE_D,Detached house,EUR,Euro,PT_CAP,Lisboa,2016,,1800,,,,,
dataflow,ESTAT:PRC_COLC_RENTS(1.0),Average rent per month in cities by type of dwelling,A,Annual,HOUSE_D,Detached house,EUR,Euro,PT_CAP,Lisboa,2017,,2300,,,,,
dataflow,ESTAT:PRC_COLC_RENTS(1.0),Average rent per month in cities by type of dwelling,A,Annual,HOUSE_D,Detached house,EUR,Euro,PT_CAP,Lisboa,2018,,2500,,,,,
dataflow,ESTAT:PRC_COLC_RENTS(1.0),Average rent per month in cities by type of dwelling,A,Annual,HOUSE_D,Detached house,EUR,Euro,PT_CAP,Lisboa,2019,,3350,,,,,
dataflow,ESTAT:PRC_COLC_RENTS(1.0),Average rent per month in cities by type of dwelling,A,Annual,HOUSE_D,Detached house,EUR,Euro,PT_CAP,Lisboa,2020,,3400,,,,,
dataflow,ESTAT:PRC_COLC_RENTS(1.0),Average rent per month in cities by type of dwelling,A,Annual,HOUSE_D,Detached house,EUR,Euro,PT_CAP,Lisboa,2021,,3400,,,,,
dataflow,ESTAT:PRC_COLC_RENTS(1.0),Average rent per month in cities by type of dwelling,A,Annual,HOUSE_D,Detached house,EUR,Euro,PT_CAP,Lisboa,2022,,3750,,,,,
dataflow,ESTAT:PRC_COLC_RENTS(1.0),Average rent per month in cities by type of dwelling,A,Annual,HOUSE_D,Detached house,EUR,Euro,PT_CAP,Lisboa,2023,,4300,,,,,
dataflow,ESTAT:PRC_COLC_RENTS(1.0),Average rent per month in cities by type of dwelling,A,Annual,HOUSE_D,Detached house,EUR,Euro,PT_CAP,Lisboa,2024,,4250,,,,,
dataflow,ESTAT:PRC_COLC_RENTS(1.0),Average rent per month in cities by type of dwelling,A,Annual,HOUSE_D,Detached house,EUR,Euro,PT_CAP,Lisboa,2025,,4400,,,,,
dataflow,ESTAT:PRC_COLC_RENTS(1.0),Average rent per month in cities by type of dwelling,A,Annual,HOUSE_D,Detached house,EUR,Euro,RO_CAP,Bucuresti,2016,,1600,,,,,
dataflow,ESTAT:PRC_COLC_RENTS(1.0),Average rent per month in cities by type of dwelling,A,Annual,HOUSE_D,Detached house,EUR,Euro,RO_CAP,Bucuresti,2017,,1700,,,,,
dataflow,ESTAT:PRC_COLC_RENTS(1.0),Average rent per month in cities by type of dwelling,A,Annual,HOUSE_D,Detached house,EUR,Euro,RO_CAP,Bucuresti,2018,,1650,,,,,
dataflow,ESTAT:PRC_COLC_RENTS(1.0),Average rent per month in cities by type of dwelling,A,Annual,HOUSE_D,Detached house,EUR,Euro,RO_CAP,Bucuresti,2019,,1650,,,,,
dataflow,ESTAT:PRC_COLC_RENTS(1.0),Average rent per month in cities by type of dwelling,A,Annual,HOUSE_D,Detached house,EUR,Euro,RO_CAP,Bucuresti,2020,,1700,,,,,
dataflow,ESTAT:PRC_COLC_RENTS(1.0),Average rent per month in cities by type of dwelling,A,Annual,HOUSE_D,Detached house,EUR,Euro,RO_CAP,Bucuresti,2021,,1500,,,,,
dataflow,ESTAT:PRC_COLC_RENTS(1.0),Average rent per month in cities by type of dwelling,A,Annual,HOUSE_D,Detached house,EUR,Euro,RO_CAP,Bucuresti,2022,,1950,,,,,
dataflow,ESTAT:PRC_COLC_RENTS(1.0),Average rent per month in cities by type of dwelling,A,Annual,HOUSE_D,Detached house,EUR,Euro,RO_CAP,Bucuresti,2023,,1950,,,,,
dataflow,ESTAT:PRC_COLC_RENTS(1.0),Average rent per month in cities by type of dwelling,A,Annual,HOUSE_D,Detached house,EUR,Euro,RO_CAP,Bucuresti,2024,,2100,,,,,
dataflow,ESTAT:PRC_COLC_RENTS(1.0),Average rent per month in cities by type of dwelling,A,Annual,HOUSE_D,Detached house,EUR,Euro,RO_CAP,Bucuresti,2025,,2250,,,,,
dataflow,ESTAT:PRC_COLC_RENTS(1.0),Average rent per month in cities by type of dwelling,A,Annual,HOUSE_D,Detached house,EUR,Euro,RS_CAP,Beograd (Belgrade),2016,,2150,,,,,
dataflow,ESTAT:PRC_COLC_RENTS(1.0),Average rent per month in cities by type of dwelling,A,Annual,HOUSE_D,Detached house,EUR,Euro,RS_CAP,Beograd (Belgrade),2017,,2350,,,,,
dataflow,ESTAT:PRC_COLC_RENTS(1.0),Average rent per month in cities by type of dwelling,A,Annual,HOUSE_D,Detached house,EUR,Euro,RS_CAP,Beograd (Belgrade),2018,,2850,,,,,
dataflow,ESTAT:PRC_COLC_RENTS(1.0),Average rent per month in cities by type of dwelling,A,Annual,HOUSE_D,Detached house,EUR,Euro,RS_CAP,Beograd (Belgrade),2019,,2900,,,,,
dataflow,ESTAT:PRC_COLC_RENTS(1.0),Average rent per month in cities by type of dwelling,A,Annual,HOUSE_D,Detached house,EUR,Euro,RS_CAP,Beograd (Belgrade),2020,,2900,,,,,
dataflow,ESTAT:PRC_COLC_RENTS(1.0),Average rent per month in cities by type of dwelling,A,Annual,HOUSE_D,Detached house,EUR,Euro,RS_CAP,Beograd (Belgrade),2021,,2700,,,,,
dataflow,ESTAT:PRC_COLC_RENTS(1.0),Average rent per month in cities by type of dwelling,A,Annual,HOUSE_D,Detached house,EUR,Euro,RS_CAP,Beograd (Belgrade),2022,,3300,,,,,
dataflow,ESTAT:PRC_COLC_RENTS(1.0),Average rent per month in cities by type of dwelling,A,Annual,HOUSE_D,Detached house,EUR,Euro,RS_CAP,Beograd (Belgrade),2023,,3650,,,,,
dataflow,ESTAT:PRC_COLC_RENTS(1.0),Average rent per month in cities by type of dwelling,A,Annual,HOUSE_D,Detached house,EUR,Euro,RS_CAP,Beograd (Belgrade),2024,,3100,,,,,
dataflow,ESTAT:PRC_COLC_RENTS(1.0),Average rent per month in cities by type of dwelling,A,Annual,HOUSE_D,Detached house,EUR,Euro,RS_CAP,Beograd (Belgrade),2025,,3250,,,,,
dataflow,ESTAT:PRC_COLC_RENTS(1.0),Average rent per month in cities by type of dwelling,A,Annual,HOUSE_D,Detached house,EUR,Euro,SE_CAP,Stockholm,2016,,3350,,,,,
dataflow,ESTAT:PRC_COLC_RENTS(1.0),Average rent per month in cities by type of dwelling,A,Annual,HOUSE_D,Detached house,EUR,Euro,SE_CAP,Stockholm,2017,,3600,,,,,
dataflow,ESTAT:PRC_COLC_RENTS(1.0),Average rent per month in cities by type of dwelling,A,Annual,HOUSE_D,Detached house,EUR,Euro,SE_CAP,Stockholm,2018,,3100,,,,,
dataflow,ESTAT:PRC_COLC_RENTS(1.0),Average rent per month in cities by type of dwelling,A,Annual,HOUSE_D,Detached house,EUR,Euro,SE_CAP,Stockholm,2019,,3150,,,,,
dataflow,ESTAT:PRC_COLC_RENTS(1.0),Average rent per month in cities by type of dwelling,A,Annual,HOUSE_D,Detached house,EUR,Euro,SE_CAP,Stockholm,2020,,3200,,,,,
dataflow,ESTAT:PRC_COLC_RENTS(1.0),Average rent per month in cities by type of dwelling,A,Annual,HOUSE_D,Detached house,EUR,Euro,SE_CAP,Stockholm,2021,,3400,,,,,
dataflow,ESTAT:PRC_COLC_RENTS(1.0),Average rent per month in cities by type of dwelling,A,Annual,HOUSE_D,Detached house,EUR,Euro,SE_CAP,Stockholm,2022,,3200,,,,,
dataflow,ESTAT:PRC_COLC_RENTS(1.0),Average rent per month in cities by type of dwelling,A,Annual,HOUSE_D,Detached house,EUR,Euro,SE_CAP,Stockholm,2023,,3100,,,,,
dataflow,ESTAT:PRC_COLC_RENTS(1.0),Average rent per month in cities by type of dwelling,A,Annual,HOUSE_D,Detached house,EUR,Euro,SE_CAP,Stockholm,2024,,3150,,,,,
dataflow,ESTAT:PRC_COLC_RENTS(1.0),Average rent per month in cities by type of dwelling,A,Annual,HOUSE_D,Detached house,EUR,Euro,SE_CAP,Stockholm,2025,,3150,,,,,
dataflow,ESTAT:PRC_COLC_RENTS(1.0),Average rent per month in cities by type of dwelling,A,Annual,HOUSE_D,Detached house,EUR,Euro,SI_CAP,Ljubljana,2016,,1550,,,,,
dataflow,ESTAT:PRC_COLC_RENTS(1.0),Average rent per month in cities by type of dwelling,A,Annual,HOUSE_D,Detached house,EUR,Euro,SI_CAP,Ljubljana,2017,,1800,,,,,
dataflow,ESTAT:PRC_COLC_RENTS(1.0),Average rent per month in cities by type of dwelling,A,Annual,HOUSE_D,Detached house,EUR,Euro,SI_CAP,Ljubljana,2018,,1800,,,,,
dataflow,ESTAT:PRC_COLC_RENTS(1.0),Average rent per month in cities by type of dwelling,A,Annual,HOUSE_D,Detached house,EUR,Euro,SI_CAP,Ljubljana,2019,,2000,,,,,
dataflow,ESTAT:PRC_COLC_RENTS(1.0),Average rent per month in cities by type of dwelling,A,Annual,HOUSE_D,Detached house,EUR,Euro,SI_CAP,Ljubljana,2020,,1950,,,,,
dataflow,ESTAT:PRC_COLC_RENTS(1.0),Average rent per month in cities by type of dwelling,A,Annual,HOUSE_D,Detached house,EUR,Euro,SI_CAP,Ljubljana,2021,,2000,,,,,
dataflow,ESTAT:PRC_COLC_RENTS(1.0),Average rent per month in cities by type of dwelling,A,Annual,HOUSE_D,Detached house,EUR,Euro,SI_CAP,Ljubljana,2022,,2250,,,,,
dataflow,ESTAT:PRC_COLC_RENTS(1.0),Average rent per month in cities by type of dwelling,A,Annual,HOUSE_D,Detached house,EUR,Euro,SI_CAP,Ljubljana,2023,,2250,,,,,
dataflow,ESTAT:PRC_COLC_RENTS(1.0),Average rent per month in cities by type of dwelling,A,Annual,HOUSE_D,Detached house,EUR,Euro,SI_CAP,Ljubljana,2024,,2450,,,,,
dataflow,ESTAT:PRC_COLC_RENTS(1.0),Average rent per month in cities by type of dwelling,A,Annual,HOUSE_D,Detached house,EUR,Euro,SI_CAP,Ljubljana,2025,,2500,,,,,
dataflow,ESTAT:PRC_COLC_RENTS(1.0),Average rent per month in cities by type of dwelling,A,Annual,HOUSE_D,Detached house,EUR,Euro,SK_CAP,Bratislava,2016,,2000,,,,,
dataflow,ESTAT:PRC_COLC_RENTS(1.0),Average rent per month in cities by type of dwelling,A,Annual,HOUSE_D,Detached house,EUR,Euro,SK_CAP,Bratislava,2017,,2000,,,,,
dataflow,ESTAT:PRC_COLC_RENTS(1.0),Average rent per month in cities by type of dwelling,A,Annual,HOUSE_D,Detached house,EUR,Euro,SK_CAP,Bratislava,2018,,2000,,,,,
dataflow,ESTAT:PRC_COLC_RENTS(1.0),Average rent per month in cities by type of dwelling,A,Annual,HOUSE_D,Detached house,EUR,Euro,SK_CAP,Bratislava,2019,,1950,,,,,
dataflow,ESTAT:PRC_COLC_RENTS(1.0),Average rent per month in cities by type of dwelling,A,Annual,HOUSE_D,Detached house,EUR,Euro,SK_CAP,Bratislava,2020,,2000,,,,,
dataflow,ESTAT:PRC_COLC_RENTS(1.0),Average rent per month in cities by type of dwelling,A,Annual,HOUSE_D,Detached house,EUR,Euro,SK_CAP,Bratislava,2021,,2000,,,,,
dataflow,ESTAT:PRC_COLC_RENTS(1.0),Average rent per month in cities by type of dwelling,A,Annual,HOUSE_D,Detached house,EUR,Euro,SK_CAP,Bratislava,2022,,2150,,,,,
dataflow,ESTAT:PRC_COLC_RENTS(1.0),Average rent per month in cities by type of dwelling,A,Annual,HOUSE_D,Detached house,EUR,Euro,SK_CAP,Bratislava,2023,,2450,,,,,
dataflow,ESTAT:PRC_COLC_RENTS(1.0),Average rent per month in cities by type of dwelling,A,Annual,HOUSE_D,Detached house,EUR,Euro,SK_CAP,Bratislava,2024,,2600,,,,,
dataflow,ESTAT:PRC_COLC_RENTS(1.0),Average rent per month in cities by type of dwelling,A,Annual,HOUSE_D,Detached house,EUR,Euro,SK_CAP,Bratislava,2025,,2500,,,,,
dataflow,ESTAT:PRC_COLC_RENTS(1.0),Average rent per month in cities by type of dwelling,A,Annual,HOUSE_D,Detached house,EUR,Euro,TR_CAP,Ankara,2016,,1150,,,,,
dataflow,ESTAT:PRC_COLC_RENTS(1.0),Average rent per month in cities by type of dwelling,A,Annual,HOUSE_D,Detached house,EUR,Euro,TR_CAP,Ankara,2017,,1150,,,,,
dataflow,ESTAT:PRC_COLC_RENTS(1.0),Average rent per month in cities by type of dwelling,A,Annual,HOUSE_D,Detached house,EUR,Euro,TR_CAP,Ankara,2018,,880,,,,,
dataflow,ESTAT:PRC_COLC_RENTS(1.0),Average rent per month in cities by type of dwelling,A,Annual,HOUSE_D,Detached house,EUR,Euro,TR_CAP,Ankara,2019,,810,,,,,
dataflow,ESTAT:PRC_COLC_RENTS(1.0),Average rent per month in cities by type of dwelling,A,Annual,HOUSE_D,Detached house,EUR,Euro,TR_CAP,Ankara,2020,,750,,,,,
dataflow,ESTAT:PRC_COLC_RENTS(1.0),Average rent per month in cities by type of dwelling,A,Annual,HOUSE_D,Detached house,EUR,Euro,TR_CAP,Ankara,2021,,690,,,,,
dataflow,ESTAT:PRC_COLC_RENTS(1.0),Average rent per month in cities by type of dwelling,A,Annual,HOUSE_D,Detached house,EUR,Euro,TR_CAP,Ankara,2022,,960,,,,,
dataflow,ESTAT:PRC_COLC_RENTS(1.0),Average rent per month in cities by type of dwelling,A,Annual,HOUSE_D,Detached house,EUR,Euro,TR_CAP,Ankara,2023,,1450,,,,,
dataflow,ESTAT:PRC_COLC_RENTS(1.0),Average rent per month in cities by type of dwelling,A,Annual,HOUSE_D,Detached house,EUR,Euro,TR_CAP,Ankara,2024,,2050,,,,,
dataflow,ESTAT:PRC_COLC_RENTS(1.0),Average rent per month in cities by type of dwelling,A,Annual,HOUSE_D,Detached house,EUR,Euro,TR_CAP,Ankara,2025,,2550,,,,,
dataflow,ESTAT:PRC_COLC_RENTS(1.0),Average rent per month in cities by type of dwelling,A,Annual,HOUSE_D,Detached house,EUR,Euro,UK_CAP,London,2016,,5250,,,,,
dataflow,ESTAT:PRC_COLC_RENTS(1.0),Average rent per month in cities by type of dwelling,A,Annual,HOUSE_D,Detached house,EUR,Euro,UK_CAP,London,2017,,4900,,,,,
dataflow,ESTAT:PRC_COLC_RENTS(1.0),Average rent per month in cities by type of dwelling,A,Annual,HOUSE_D,Detached house,EUR,Euro,UK_CAP,London,2018,,4700,,,,,
dataflow,ESTAT:PRC_COLC_RENTS(1.0),Average rent per month in cities by type of dwelling,A,Annual,HOUSE_D,Detached house,EUR,Euro,UK_CAP,London,2019,,4850,,,,,
dataflow,ESTAT:PRC_COLC_RENTS(1.0),Average rent per month in cities by type of dwelling,A,Annual,HOUSE_D,Detached house,EUR,Euro,UK_CAP,London,2020,,4800,,,,,
dataflow,ESTAT:PRC_COLC_RENTS(1.0),Average rent per month in cities by type of dwelling,A,Annual,HOUSE_D,Detached house,EUR,Euro,UK_CAP,London,2021,,4600,,,,,
dataflow,ESTAT:PRC_COLC_RENTS(1.0),Average rent per month in cities by type of dwelling,A,Annual,HOUSE_D,Detached house,EUR,Euro,UK_CAP,London,2022,,5600,,,,,
dataflow,ESTAT:PRC_COLC_RENTS(1.0),Average rent per month in cities by type of dwelling,A,Annual,HOUSE_D,Detached house,EUR,Euro,UK_CAP,London,2023,,5650,,,,,
dataflow,ESTAT:PRC_COLC_RENTS(1.0),Average rent per month in cities by type of dwelling,A,Annual,HOUSE_D,Detached house,EUR,Euro,UK_CAP,London,2024,,6050,,,,,
dataflow,ESTAT:PRC_COLC_RENTS(1.0),Average rent per month in cities by type of dwelling,A,Annual,HOUSE_D,Detached house,EUR,Euro,UK_CAP,London,2025,,6000,,,,,
dataflow,ESTAT:PRC_COLC_RENTS(1.0),Average rent per month in cities by type of dwelling,A,Annual,HOUSE_D,Detached house,EUR,Euro,UK_DEL,Culham,2016,,2050,,,,,
dataflow,ESTAT:PRC_COLC_RENTS(1.0),Average rent per month in cities by type of dwelling,A,Annual,HOUSE_D,Detached house,EUR,Euro,UK_DEL,Culham,2017,,1900,,,,,
dataflow,ESTAT:PRC_COLC_RENTS(1.0),Average rent per month in cities by type of dwelling,A,Annual,HOUSE_D,Detached house,EUR,Euro,UK_DEL,Culham,2018,,1750,,,,,
dataflow,ESTAT:PRC_COLC_RENTS(1.0),Average rent per month in cities by type of dwelling,A,Annual,HOUSE_D,Detached house,EUR,Euro,UK_DEL,Culham,2019,,1800,,,,,
dataflow,ESTAT:PRC_COLC_RENTS(1.0),Average rent per month in cities by type of dwelling,A,Annual,HOUSE_D,Detached house,EUR,Euro,UK_DEL,Culham,2020,,1800,,,,,
dataflow,ESTAT:PRC_COLC_RENTS(1.0),Average rent per month in cities by type of dwelling,A,Annual,HOUSE_D,Detached house,EUR,Euro,UK_DEL,Culham,2021,,2050,,,,,
dataflow,ESTAT:PRC_COLC_RENTS(1.0),Average rent per month in cities by type of dwelling,A,Annual,HOUSE_D,Detached house,EUR,Euro,XK_CAP,Prishtinë,2021,,1000,,,,,
dataflow,ESTAT:PRC_COLC_RENTS(1.0),Average rent per month in cities by type of dwelling,A,Annual,HOUSE_D,Detached house,EUR,Euro,XK_CAP,Prishtinë,2022,,1200,,,,,
dataflow,ESTAT:PRC_COLC_RENTS(1.0),Average rent per month in cities by type of dwelling,A,Annual,HOUSE_D,Detached house,EUR,Euro,XK_CAP,Prishtinë,2023,,1300,,,,,
dataflow,ESTAT:PRC_COLC_RENTS(1.0),Average rent per month in cities by type of dwelling,A,Annual,HOUSE_D,Detached house,EUR,Euro,XK_CAP,Prishtinë,2024,,1350,,,,,
dataflow,ESTAT:PRC_COLC_RENTS(1.0),Average rent per month in cities by type of dwelling,A,Annual,HOUSE_D,Detached house,EUR,Euro,XK_CAP,Prishtinë,2025,,1500,,,,,
dataflow,ESTAT:PRC_COLC_RENTS(1.0),Average rent per month in cities by type of dwelling,A,Annual,HOUSE_D,Detached house,NAC,National currency,AL_CAP,Tiranë (Tirana),2016,,200000,,,,,
dataflow,ESTAT:PRC_COLC_RENTS(1.0),Average rent per month in cities by type of dwelling,A,Annual,HOUSE_D,Detached house,NAC,National currency,AL_CAP,Tiranë (Tirana),2017,,178000,,,,,
dataflow,ESTAT:PRC_COLC_RENTS(1.0),Average rent per month in cities by type of dwelling,A,Annual,HOUSE_D,Detached house,NAC,National currency,AL_CAP,Tiranë (Tirana),2018,,176000,,,,,
dataflow,ESTAT:PRC_COLC_RENTS(1.0),Average rent per month in cities by type of dwelling,A,Annual,HOUSE_D,Detached house,NAC,National currency,AL_CAP,Tiranë (Tirana),2019,,213000,,,,,
dataflow,ESTAT:PRC_COLC_RENTS(1.0),Average rent per month in cities by type of dwelling,A,Annual,HOUSE_D,Detached house,NAC,National currency,AL_CAP,Tiranë (Tirana),2020,,217250,,,,,
dataflow,ESTAT:PRC_COLC_RENTS(1.0),Average rent per month in cities by type of dwelling,A,Annual,HOUSE_D,Detached house,NAC,National currency,AL_CAP,Tiranë (Tirana),2021,,220650,,,,,
dataflow,ESTAT:PRC_COLC_RENTS(1.0),Average rent per month in cities by type of dwelling,A,Annual,HOUSE_D,Detached house,NAC,National currency,AL_CAP,Tiranë (Tirana),2022,,232850,,,,,
dataflow,ESTAT:PRC_COLC_RENTS(1.0),Average rent per month in cities by type of dwelling,A,Annual,HOUSE_D,Detached house,NAC,National currency,AL_CAP,Tiranë (Tirana),2023,,208450,,,,,
dataflow,ESTAT:PRC_COLC_RENTS(1.0),Average rent per month in cities by type of dwelling,A,Annual,HOUSE_D,Detached house,NAC,National currency,AL_CAP,Tiranë (Tirana),2024,,210600,,,,,
dataflow,ESTAT:PRC_COLC_RENTS(1.0),Average rent per month in cities by type of dwelling,A,Annual,HOUSE_D,Detached house,NAC,National currency,AL_CAP,Tiranë (Tirana),2025,,206050,,,,,
dataflow,ESTAT:PRC_COLC_RENTS(1.0),Average rent per month in cities by type of dwelling,A,Annual,HOUSE_D,Detached house,NAC,National currency,AT_CAP,Wien,2016,,3250,,,,,
dataflow,ESTAT:PRC_COLC_RENTS(1.0),Average rent per month in cities by type of dwelling,A,Annual,HOUSE_D,Detached house,NAC,National currency,AT_CAP,Wien,2017,,3400,,,,,
dataflow,ESTAT:PRC_COLC_RENTS(1.0),Average rent per month in cities by type of dwelling,A,Annual,HOUSE_D,Detached house,NAC,National currency,AT_CAP,Wien,2018,,3100,,,,,
dataflow,ESTAT:PRC_COLC_RENTS(1.0),Average rent per month in cities by type of dwelling,A,Annual,HOUSE_D,Detached house,NAC,National currency,AT_CAP,Wien,2019,,3400,,,,,
dataflow,ESTAT:PRC_COLC_RENTS(1.0),Average rent per month in cities by type of dwelling,A,Annual,HOUSE_D,Detached house,NAC,National currency,AT_CAP,Wien,2020,,3500,,,,,
dataflow,ESTAT:PRC_COLC_RENTS(1.0),Average rent per month in cities by type of dwelling,A,Annual,HOUSE_D,Detached house,NAC,National currency,AT_CAP,Wien,2021,,3900,,,,,
dataflow,ESTAT:PRC_COLC_RENTS(1.0),Average rent per month in cities by type of dwelling,A,Annual,HOUSE_D,Detached house,NAC,National currency,AT_CAP,Wien,2022,,3750,,,,,
dataflow,ESTAT:PRC_COLC_RENTS(1.0),Average rent per month in cities by type of dwelling,A,Annual,HOUSE_D,Detached house,NAC,National currency,AT_CAP,Wien,2023,,3850,,,,,
dataflow,ESTAT:PRC_COLC_RENTS(1.0),Average rent per month in cities by type of dwelling,A,Annual,HOUSE_D,Detached house,NAC,National currency,AT_CAP,Wien,2024,,4050,,,,,
dataflow,ESTAT:PRC_COLC_RENTS(1.0),Average rent per month in cities by type of dwelling,A,Annual,HOUSE_D,Detached house,NAC,National currency,AT_CAP,Wien,2025,,4350,,,,,
dataflow,ESTAT:PRC_COLC_RENTS(1.0),Average rent per month in cities by type of dwelling,A,Annual,HOUSE_D,Detached house,NAC,National currency,BA_CAP,Sarajevo,2016,,2800,,,,,
dataflow,ESTAT:PRC_COLC_RENTS(1.0),Average rent per month in cities by type of dwelling,A,Annual,HOUSE_D,Detached house,NAC,National currency,BA_CAP,Sarajevo,2017,,2650,,,,,
dataflow,ESTAT:PRC_COLC_RENTS(1.0),Average rent per month in cities by type of dwelling,A,Annual,HOUSE_D,Detached house,NAC,National currency,BA_CAP,Sarajevo,2018,,2800,,,,,
dataflow,ESTAT:PRC_COLC_RENTS(1.0),Average rent per month in cities by type of dwelling,A,Annual,HOUSE_D,Detached house,NAC,National currency,BA_CAP,Sarajevo,2019,,3250,,,,,
dataflow,ESTAT:PRC_COLC_RENTS(1.0),Average rent per month in cities by type of dwelling,A,Annual,HOUSE_D,Detached house,NAC,National currency,BA_CAP,Sarajevo,2020,,3250,,,,,
dataflow,ESTAT:PRC_COLC_RENTS(1.0),Average rent per month in cities by type of dwelling,A,Annual,HOUSE_D,Detached house,NAC,National currency,BA_CAP,Sarajevo,2021,,3500,,,,,
dataflow,ESTAT:PRC_COLC_RENTS(1.0),Average rent per month in cities by type of dwelling,A,Annual,HOUSE_D,Detached house,NAC,National currency,BA_CAP,Sarajevo,2022,,3550,,,,,
dataflow,ESTAT:PRC_COLC_RENTS(1.0),Average rent per month in cities by type of dwelling,A,Annual,HOUSE_D,Detached house,NAC,National currency,BA_CAP,Sarajevo,2023,,3800,,,,,
dataflow,ESTAT:PRC_COLC_RENTS(1.0),Average rent per month in cities by type of dwelling,A,Annual,HOUSE_D,Detached house,NAC,National currency,BA_CAP,Sarajevo,2024,,4900,,,,,
dataflow,ESTAT:PRC_COLC_RENTS(1.0),Average rent per month in cities by type of dwelling,A,Annual,HOUSE_D,Detached house,NAC,National currency,BA_CAP,Sarajevo,2025,,5000,,,,,
dataflow,ESTAT:PRC_COLC_RENTS(1.0),Average rent per month in cities by type of dwelling,A,Annual,HOUSE_D,Detached house,NAC,National currency,BE_CAP,Bruxelles/Brussel,2016,,1900,,,,,
dataflow,ESTAT:PRC_COLC_RENTS(1.0),Average rent per month in cities by type of dwelling,A,Annual,HOUSE_D,Detached house,NAC,National currency,BE_CAP,Bruxelles/Brussel,2017,,1850,,,,,
dataflow,ESTAT:PRC_COLC_RENTS(1.0),Average rent per month in cities by type of dwelling,A,Annual,HOUSE_D,Detached house,NAC,National currency,BE_CAP,Bruxelles/Brussel,2018,,1850,,,,,
dataflow,ESTAT:PRC_COLC_RENTS(1.0),Average rent per month in cities by type of dwelling,A,Annual,HOUSE_D,Detached house,NAC,National currency,BE_CAP,Bruxelles/Brussel,2019,,2000,,,,,
dataflow,ESTAT:PRC_COLC_RENTS(1.0),Average rent per month in cities by type of dwelling,A,Annual,HOUSE_D,Detached house,NAC,National currency,BE_CAP,Bruxelles/Brussel,2020,,2050,,,,,
dataflow,ESTAT:PRC_COLC_RENTS(1.0),Average rent per month in cities by type of dwelling,A,Annual,HOUSE_D,Detached house,NAC,National currency,BE_CAP,Bruxelles/Brussel,2021,,2200,,,,,
dataflow,ESTAT:PRC_COLC_RENTS(1.0),Average rent per month in cities by type of dwelling,A,Annual,HOUSE_D,Detached house,NAC,National currency,BE_CAP,Bruxelles/Brussel,2022,,2400,,,,,
dataflow,ESTAT:PRC_COLC_RENTS(1.0),Average rent per month in cities by type of dwelling,A,Annual,HOUSE_D,Detached house,NAC,National currency,BE_CAP,Bruxelles/Brussel,2023,,2550,,,,,
dataflow,ESTAT:PRC_COLC_RENTS(1.0),Average rent per month in cities by type of dwelling,A,Annual,HOUSE_D,Detached house,NAC,National currency,BE_CAP,Bruxelles/Brussel,2024,,2500,,,,,
dataflow,ESTAT:PRC_COLC_RENTS(1.0),Average rent per month in cities by type of dwelling,A,Annual,HOUSE_D,Detached house,NAC,National currency,BE_CAP,Bruxelles/Brussel,2025,,2700,,,,,
dataflow,ESTAT:PRC_COLC_RENTS(1.0),Average rent per month in cities by type of dwelling,A,Annual,HOUSE_D,Detached house,NAC,National currency,BG_CAP,Sofia,2016,,2350,,,,,
dataflow,ESTAT:PRC_COLC_RENTS(1.0),Average rent per month in cities by type of dwelling,A,Annual,HOUSE_D,Detached house,NAC,National currency,BG_CAP,Sofia,2017,,2550,,,,,
dataflow,ESTAT:PRC_COLC_RENTS(1.0),Average rent per month in cities by type of dwelling,A,Annual,HOUSE_D,Detached house,NAC,National currency,BG_CAP,Sofia,2018,,2550,,,,,
dataflow,ESTAT:PRC_COLC_RENTS(1.0),Average rent per month in cities by type of dwelling,A,Annual,HOUSE_D,Detached house,NAC,National currency,BG_CAP,Sofia,2019,,2850,,,,,
dataflow,ESTAT:PRC_COLC_RENTS(1.0),Average rent per month in cities by type of dwelling,A,Annual,HOUSE_D,Detached house,NAC,National currency,BG_CAP,Sofia,2020,,2950,,,,,
dataflow,ESTAT:PRC_COLC_RENTS(1.0),Average rent per month in cities by type of dwelling,A,Annual,HOUSE_D,Detached house,NAC,National currency,BG_CAP,Sofia,2021,,3050,,,,,
dataflow,ESTAT:PRC_COLC_RENTS(1.0),Average rent per month in cities by type of dwelling,A,Annual,HOUSE_D,Detached house,NAC,National currency,BG_CAP,Sofia,2022,,3050,,,,,
dataflow,ESTAT:PRC_COLC_RENTS(1.0),Average rent per month in cities by type of dwelling,A,Annual,HOUSE_D,Detached house,NAC,National currency,BG_CAP,Sofia,2023,,3600,,,,,
dataflow,ESTAT:PRC_COLC_RENTS(1.0),Average rent per month in cities by type of dwelling,A,Annual,HOUSE_D,Detached house,NAC,National currency,BG_CAP,Sofia,2024,,3900,,,,,
dataflow,ESTAT:PRC_COLC_RENTS(1.0),Average rent per month in cities by type of dwelling,A,Annual,HOUSE_D,Detached house,NAC,National currency,BG_CAP,Sofia,2025,,3900,,,,,
dataflow,ESTAT:PRC_COLC_RENTS(1.0),Average rent per month in cities by type of dwelling,A,Annual,HOUSE_D,Detached house,NAC,National currency,CH_CAP,Bern (Berne),2016,,3700,,,,,
dataflow,ESTAT:PRC_COLC_RENTS(1.0),Average rent per month in cities by type of dwelling,A,Annual,HOUSE_D,Detached house,NAC,National currency,CH_CAP,Bern (Berne),2017,,3450,,,,,
dataflow,ESTAT:PRC_COLC_RENTS(1.0),Average rent per month in cities by type of dwelling,A,Annual,HOUSE_D,Detached house,NAC,National currency,CH_CAP,Bern (Berne),2018,,3550,,,,,
dataflow,ESTAT:PRC_COLC_RENTS(1.0),Average rent per month in cities by type of dwelling,A,Annual,HOUSE_D,Detached house,NAC,National currency,CH_CAP,Bern (Berne),2019,,3550,,,,,
dataflow,ESTAT:PRC_COLC_RENTS(1.0),Average rent per month in cities by type of dwelling,A,Annual,HOUSE_D,Detached house,NAC,National currency,CH_CAP,Bern (Berne),2020,,3550,,,,,
dataflow,ESTAT:PRC_COLC_RENTS(1.0),Average rent per month in cities by type of dwelling,A,Annual,HOUSE_D,Detached house,NAC,National currency,CH_CAP,Bern (Berne),2021,,3750,,,,,
dataflow,ESTAT:PRC_COLC_RENTS(1.0),Average rent per month in cities by type of dwelling,A,Annual,HOUSE_D,Detached house,NAC,National currency,CH_CAP,Bern (Berne),2022,,3900,,,,,
dataflow,ESTAT:PRC_COLC_RENTS(1.0),Average rent per month in cities by type of dwelling,A,Annual,HOUSE_D,Detached house,NAC,National currency,CH_CAP,Bern (Berne),2023,,3850,,,,,
dataflow,ESTAT:PRC_COLC_RENTS(1.0),Average rent per month in cities by type of dwelling,A,Annual,HOUSE_D,Detached house,NAC,National currency,CH_CAP,Bern (Berne),2024,,3850,,,,,
dataflow,ESTAT:PRC_COLC_RENTS(1.0),Average rent per month in cities by type of dwelling,A,Annual,HOUSE_D,Detached house,NAC,National currency,CH_CAP,Bern (Berne),2025,,4150,,,,,
dataflow,ESTAT:PRC_COLC_RENTS(1.0),Average rent per month in cities by type of dwelling,A,Annual,HOUSE_D,Detached house,NAC,National currency,CH_DEL,Genève,2016,,5350,,,,,
dataflow,ESTAT:PRC_COLC_RENTS(1.0),Average rent per month in cities by type of dwelling,A,Annual,HOUSE_D,Detached house,NAC,National currency,CH_DEL,Genève,2017,,5200,,,,,
dataflow,ESTAT:PRC_COLC_RENTS(1.0),Average rent per month in cities by type of dwelling,A,Annual,HOUSE_D,Detached house,NAC,National currency,CH_DEL,Genève,2018,,5200,,,,,
dataflow,ESTAT:PRC_COLC_RENTS(1.0),Average rent per month in cities by type of dwelling,A,Annual,HOUSE_D,Detached house,NAC,National currency,CH_DEL,Genève,2019,,5450,,,,,
dataflow,ESTAT:PRC_COLC_RENTS(1.0),Average rent per month in cities by type of dwelling,A,Annual,HOUSE_D,Detached house,NAC,National currency,CH_DEL,Genève,2020,,5500,,,,,
dataflow,ESTAT:PRC_COLC_RENTS(1.0),Average rent per month in cities by type of dwelling,A,Annual,HOUSE_D,Detached house,NAC,National currency,CH_DEL,Genève,2021,,5650,,,,,
dataflow,ESTAT:PRC_COLC_RENTS(1.0),Average rent per month in cities by type of dwelling,A,Annual,HOUSE_D,Detached house,NAC,National currency,CH_DEL,Genève,2022,,5750,,,,,
dataflow,ESTAT:PRC_COLC_RENTS(1.0),Average rent per month in cities by type of dwelling,A,Annual,HOUSE_D,Detached house,NAC,National currency,CH_DEL,Genève,2023,,5650,,,,,
dataflow,ESTAT:PRC_COLC_RENTS(1.0),Average rent per month in cities by type of dwelling,A,Annual,HOUSE_D,Detached house,NAC,National currency,CH_DEL,Genève,2024,,6200,,,,,
dataflow,ESTAT:PRC_COLC_RENTS(1.0),Average rent per month in cities by type of dwelling,A,Annual,HOUSE_D,Detached house,NAC,National currency,CH_DEL,Genève,2025,,6100,,,,,
dataflow,ESTAT:PRC_COLC_RENTS(1.0),Average rent per month in cities by type of dwelling,A,Annual,HOUSE_D,Detached house,NAC,National currency,CY_CAP,Lefkosia,2016,,1350,,,,,
dataflow,ESTAT:PRC_COLC_RENTS(1.0),Average rent per month in cities by type of dwelling,A,Annual,HOUSE_D,Detached house,NAC,National currency,CY_CAP,Lefkosia,2017,,1450,,,,,
dataflow,ESTAT:PRC_COLC_RENTS(1.0),Average rent per month in cities by type of dwelling,A,Annual,HOUSE_D,Detached house,NAC,National currency,CY_CAP,Lefkosia,2018,,1900,,,,,
dataflow,ESTAT:PRC_COLC_RENTS(1.0),Average rent per month in cities by type of dwelling,A,Annual,HOUSE_D,Detached house,NAC,National currency,CY_CAP,Lefkosia,2019,,1750,,,,,
dataflow,ESTAT:PRC_COLC_RENTS(1.0),Average rent per month in cities by type of dwelling,A,Annual,HOUSE_D,Detached house,NAC,National currency,CY_CAP,Lefkosia,2020,,1750,,,,,
dataflow,ESTAT:PRC_COLC_RENTS(1.0),Average rent per month in cities by type of dwelling,A,Annual,HOUSE_D,Detached house,NAC,National currency,CY_CAP,Lefkosia,2021,,1600,,,,,
dataflow,ESTAT:PRC_COLC_RENTS(1.0),Average rent per month in cities by type of dwelling,A,Annual,HOUSE_D,Detached house,NAC,National currency,CY_CAP,Lefkosia,2022,,1800,,,,,
dataflow,ESTAT:PRC_COLC_RENTS(1.0),Average rent per month in cities by type of dwelling,A,Annual,HOUSE_D,Detached house,NAC,National currency,CY_CAP,Lefkosia,2023,,1950,,,,,
dataflow,ESTAT:PRC_COLC_RENTS(1.0),Average rent per month in cities by type of dwelling,A,Annual,HOUSE_D,Detached house,NAC,National currency,CY_CAP,Lefkosia,2024,,2100,,,,,
dataflow,ESTAT:PRC_COLC_RENTS(1.0),Average rent per month in cities by type of dwelling,A,Annual,HOUSE_D,Detached house,NAC,National currency,CY_CAP,Lefkosia,2025,,2050,,,,,
dataflow,ESTAT:PRC_COLC_RENTS(1.0),Average rent per month in cities by type of dwelling,A,Annual,HOUSE_D,Detached house,NAC,National currency,CZ_CAP,Praha,2016,,53100,,,,,
dataflow,ESTAT:PRC_COLC_RENTS(1.0),Average rent per month in cities by type of dwelling,A,Annual,HOUSE_D,Detached house,NAC,National currency,CZ_CAP,Praha,2017,,61400,,,,,
dataflow,ESTAT:PRC_COLC_RENTS(1.0),Average rent per month in cities by type of dwelling,A,Annual,HOUSE_D,Detached house,NAC,National currency,CZ_CAP,Praha,2018,,72600,,,,,
dataflow,ESTAT:PRC_COLC_RENTS(1.0),Average rent per month in cities by type of dwelling,A,Annual,HOUSE_D,Detached house,NAC,National currency,CZ_CAP,Praha,2019,,67600,,,,,
dataflow,ESTAT:PRC_COLC_RENTS(1.0),Average rent per month in cities by type of dwelling,A,Annual,HOUSE_D,Detached house,NAC,National currency,CZ_CAP,Praha,2020,,69700,,,,,
dataflow,ESTAT:PRC_COLC_RENTS(1.0),Average rent per month in cities by type of dwelling,A,Annual,HOUSE_D,Detached house,NAC,National currency,CZ_CAP,Praha,2021,,59800,,,,,
dataflow,ESTAT:PRC_COLC_RENTS(1.0),Average rent per month in cities by type of dwelling,A,Annual,HOUSE_D,Detached house,NAC,National currency,CZ_CAP,Praha,2022,,59250,,,,,
dataflow,ESTAT:PRC_COLC_RENTS(1.0),Average rent per month in cities by type of dwelling,A,Annual,HOUSE_D,Detached house,NAC,National currency,CZ_CAP,Praha,2023,,62150,,,,,
dataflow,ESTAT:PRC_COLC_RENTS(1.0),Average rent per month in cities by type of dwelling,A,Annual,HOUSE_D,Detached house,NAC,National currency,CZ_CAP,Praha,2024,,68300,,,,,
dataflow,ESTAT:PRC_COLC_RENTS(1.0),Average rent per month in cities by type of dwelling,A,Annual,HOUSE_D,Detached house,NAC,National currency,CZ_CAP,Praha,2025,,69900,,,,,
dataflow,ESTAT:PRC_COLC_RENTS(1.0),Average rent per month in cities by type of dwelling,A,Annual,HOUSE_D,Detached house,NAC,National currency,DE_CAP,Berlin,2016,,2400,,,,,
dataflow,ESTAT:PRC_COLC_RENTS(1.0),Average rent per month in cities by type of dwelling,A,Annual,HOUSE_D,Detached house,NAC,National currency,DE_CAP,Berlin,2017,,2350,,,,,
dataflow,ESTAT:PRC_COLC_RENTS(1.0),Average rent per month in cities by type of dwelling,A,Annual,HOUSE_D,Detached house,NAC,National currency,DE_CAP,Berlin,2018,,2600,,,,,
dataflow,ESTAT:PRC_COLC_RENTS(1.0),Average rent per month in cities by type of dwelling,A,Annual,HOUSE_D,Detached house,NAC,National currency,DE_CAP,Berlin,2019,,2650,,,,,
dataflow,ESTAT:PRC_COLC_RENTS(1.0),Average rent per month in cities by type of dwelling,A,Annual,HOUSE_D,Detached house,NAC,National currency,DE_CAP,Berlin,2020,,2700,,,,,
dataflow,ESTAT:PRC_COLC_RENTS(1.0),Average rent per month in cities by type of dwelling,A,Annual,HOUSE_D,Detached house,NAC,National currency,DE_CAP,Berlin,2021,,2650,,,,,
dataflow,ESTAT:PRC_COLC_RENTS(1.0),Average rent per month in cities by type of dwelling,A,Annual,HOUSE_D,Detached house,NAC,National currency,DE_CAP,Berlin,2022,,2850,,,,,
dataflow,ESTAT:PRC_COLC_RENTS(1.0),Average rent per month in cities by type of dwelling,A,Annual,HOUSE_D,Detached house,NAC,National currency,DE_CAP,Berlin,2023,,2900,,,,,
dataflow,ESTAT:PRC_COLC_RENTS(1.0),Average rent per month in cities by type of dwelling,A,Annual,HOUSE_D,Detached house,NAC,National currency,DE_CAP,Berlin,2024,,2750,,,,,
dataflow,ESTAT:PRC_COLC_RENTS(1.0),Average rent per month in cities by type of dwelling,A,Annual,HOUSE_D,Detached house,NAC,National currency,DE_CAP,Berlin,2025,,3250,,,,,
dataflow,ESTAT:PRC_COLC_RENTS(1.0),Average rent per month in cities by type of dwelling,A,Annual,HOUSE_D,Detached house,NAC,National currency,DE_DEL1,Karlsruhe,2016,,1900,,,,,
dataflow,ESTAT:PRC_COLC_RENTS(1.0),Average rent per month in cities by type of dwelling,A,Annual,HOUSE_D,Detached house,NAC,National currency,DE_DEL1,Karlsruhe,2017,,1950,,,,,
dataflow,ESTAT:PRC_COLC_RENTS(1.0),Average rent per month in cities by type of dwelling,A,Annual,HOUSE_D,Detached house,NAC,National currency,DE_DEL1,Karlsruhe,2018,,2000,,,,,
dataflow,ESTAT:PRC_COLC_RENTS(1.0),Average rent per month in cities by type of dwelling,A,Annual,HOUSE_D,Detached house,NAC,National currency,DE_DEL1,Karlsruhe,2019,,2000,,,,,
dataflow,ESTAT:PRC_COLC_RENTS(1.0),Average rent per month in cities by type of dwelling,A,Annual,HOUSE_D,Detached house,NAC,National currency,DE_DEL1,Karlsruhe,2020,,2050,,,,,
dataflow,ESTAT:PRC_COLC_RENTS(1.0),Average rent per month in cities by type of dwelling,A,Annual,HOUSE_D,Detached house,NAC,National currency,DE_DEL1,Karlsruhe,2021,,1550,,,,,
dataflow,ESTAT:PRC_COLC_RENTS(1.0),Average rent per month in cities by type of dwelling,A,Annual,HOUSE_D,Detached house,NAC,National currency,DE_DEL1,Karlsruhe,2022,,1650,,,,,
dataflow,ESTAT:PRC_COLC_RENTS(1.0),Average rent per month in cities by type of dwelling,A,Annual,HOUSE_D,Detached house,NAC,National currency,DE_DEL1,Karlsruhe,2023,,2250,,,,,
dataflow,ESTAT:PRC_COLC_RENTS(1.0),Average rent per month in cities by type of dwelling,A,Annual,HOUSE_D,Detached house,NAC,National currency,DE_DEL2,München,2016,,3150,,,,,
dataflow,ESTAT:PRC_COLC_RENTS(1.0),Average rent per month in cities by type of dwelling,A,Annual,HOUSE_D,Detached house,NAC,National currency,DE_DEL2,München,2017,,3650,,,,,
dataflow,ESTAT:PRC_COLC_RENTS(1.0),Average rent per month in cities by type of dwelling,A,Annual,HOUSE_D,Detached house,NAC,National currency,DE_DEL2,München,2018,,3650,,,,,
dataflow,ESTAT:PRC_COLC_RENTS(1.0),Average rent per month in cities by type of dwelling,A,Annual,HOUSE_D,Detached house,NAC,National currency,DE_DEL2,München,2019,,3900,,,,,
dataflow,ESTAT:PRC_COLC_RENTS(1.0),Average rent per month in cities by type of dwelling,A,Annual,HOUSE_D,Detached house,NAC,National currency,DE_DEL2,München,2020,,4000,,,,,
dataflow,ESTAT:PRC_COLC_RENTS(1.0),Average rent per month in cities by type of dwelling,A,Annual,HOUSE_D,Detached house,NAC,National currency,DE_DEL2,München,2021,,3350,,,,,
dataflow,ESTAT:PRC_COLC_RENTS(1.0),Average rent per month in cities by type of dwelling,A,Annual,HOUSE_D,Detached house,NAC,National currency,DE_DEL2,München,2022,,3800,,,,,
dataflow,ESTAT:PRC_COLC_RENTS(1.0),Average rent per month in cities by type of dwelling,A,Annual,HOUSE_D,Detached house,NAC,National currency,DE_DEL2,München,2023,,3750,,,,,
dataflow,ESTAT:PRC_COLC_RENTS(1.0),Average rent per month in cities by type of dwelling,A,Annual,HOUSE_D,Detached house,NAC,National currency,DE_DEL2,München,2024,,4000,,,,,
dataflow,ESTAT:PRC_COLC_RENTS(1.0),Average rent per month in cities by type of dwelling,A,Annual,HOUSE_D,Detached house,NAC,National currency,DE_DEL2,München,2025,,4150,,,,,
dataflow,ESTAT:PRC_COLC_RENTS(1.0),Average rent per month in cities by type of dwelling,A,Annual,HOUSE_D,Detached house,NAC,National currency,DE_DEL3,Bonn,2016,,1850,,,,,
dataflow,ESTAT:PRC_COLC_RENTS(1.0),Average rent per month in cities by type of dwelling,A,Annual,HOUSE_D,Detached house,NAC,National currency,DE_DEL3,Bonn,2017,,1800,,,,,
dataflow,ESTAT:PRC_COLC_RENTS(1.0),Average rent per month in cities by type of dwelling,A,Annual,HOUSE_D,Detached house,NAC,National currency,DE_DEL3,Bonn,2018,,1800,,,,,
dataflow,ESTAT:PRC_COLC_RENTS(1.0),Average rent per month in cities by type of dwelling,A,Annual,HOUSE_D,Detached house,NAC,National currency,DE_DEL3,Bonn,2019,,1800,,,,,
dataflow,ESTAT:PRC_COLC_RENTS(1.0),Average rent per month in cities by type of dwelling,A,Annual,HOUSE_D,Detached house,NAC,National currency,DE_DEL3,Bonn,2020,,1800,,,,,
dataflow,ESTAT:PRC_COLC_RENTS(1.0),Average rent per month in cities by type of dwelling,A,Annual,HOUSE_D,Detached house,NAC,National currency,DK_CAP,København,2016,,23800,,,,,
dataflow,ESTAT:PRC_COLC_RENTS(1.0),Average rent per month in cities by type of dwelling,A,Annual,HOUSE_D,Detached house,NAC,National currency,DK_CAP,København,2017,,24600,,,,,
dataflow,ESTAT:PRC_COLC_RENTS(1.0),Average rent per month in cities by type of dwelling,A,Annual,HOUSE_D,Detached house,NAC,National currency,DK_CAP,København,2018,,24500,,,,,
dataflow,ESTAT:PRC_COLC_RENTS(1.0),Average rent per month in cities by type of dwelling,A,Annual,HOUSE_D,Detached house,NAC,National currency,DK_CAP,København,2019,,23700,,,,,
dataflow,ESTAT:PRC_COLC_RENTS(1.0),Average rent per month in cities by type of dwelling,A,Annual,HOUSE_D,Detached house,NAC,National currency,DK_CAP,København,2020,,23900,,,,,
dataflow,ESTAT:PRC_COLC_RENTS(1.0),Average rent per month in cities by type of dwelling,A,Annual,HOUSE_D,Detached house,NAC,National currency,DK_CAP,København,2021,,26500,,,,,
dataflow,ESTAT:PRC_COLC_RENTS(1.0),Average rent per month in cities by type of dwelling,A,Annual,HOUSE_D,Detached house,NAC,National currency,DK_CAP,København,2022,,28900,,,,,
dataflow,ESTAT:PRC_COLC_RENTS(1.0),Average rent per month in cities by type of dwelling,A,Annual,HOUSE_D,Detached house,NAC,National currency,DK_CAP,København,2023,,27700,,,,,
dataflow,ESTAT:PRC_COLC_RENTS(1.0),Average rent per month in cities by type of dwelling,A,Annual,HOUSE_D,Detached house,NAC,National currency,DK_CAP,København,2024,,29400,,,,,
dataflow,ESTAT:PRC_COLC_RENTS(1.0),Average rent per month in cities by type of dwelling,A,Annual,HOUSE_D,Detached house,NAC,National currency,DK_CAP,København,2025,,31500,,,,,
dataflow,ESTAT:PRC_COLC_RENTS(1.0),Average rent per month in cities by type of dwelling,A,Annual,HOUSE_D,Detached house,NAC,National currency,EE_CAP,Tallinn,2016,,1650,,,,,
dataflow,ESTAT:PRC_COLC_RENTS(1.0),Average rent per month in cities by type of dwelling,A,Annual,HOUSE_D,Detached house,NAC,National currency,EE_CAP,Tallinn,2017,,1750,,,,,
dataflow,ESTAT:PRC_COLC_RENTS(1.0),Average rent per month in cities by type of dwelling,A,Annual,HOUSE_D,Detached house,NAC,National currency,EE_CAP,Tallinn,2018,,1750,,,,,
dataflow,ESTAT:PRC_COLC_RENTS(1.0),Average rent per month in cities by type of dwelling,A,Annual,HOUSE_D,Detached house,NAC,National currency,EE_CAP,Tallinn,2019,,1800,,,,,
dataflow,ESTAT:PRC_COLC_RENTS(1.0),Average rent per month in cities by type of dwelling,A,Annual,HOUSE_D,Detached house,NAC,National currency,EE_CAP,Tallinn,2020,,1600,,,,,
dataflow,ESTAT:PRC_COLC_RENTS(1.0),Average rent per month in cities by type of dwelling,A,Annual,HOUSE_D,Detached house,NAC,National currency,EE_CAP,Tallinn,2021,,2000,,,,,
dataflow,ESTAT:PRC_COLC_RENTS(1.0),Average rent per month in cities by type of dwelling,A,Annual,HOUSE_D,Detached house,NAC,National currency,EE_CAP,Tallinn,2022,,2400,,,,,
dataflow,ESTAT:PRC_COLC_RENTS(1.0),Average rent per month in cities by type of dwelling,A,Annual,HOUSE_D,Detached house,NAC,National currency,EE_CAP,Tallinn,2023,,2500,,,,,
dataflow,ESTAT:PRC_COLC_RENTS(1.0),Average rent per month in cities by type of dwelling,A,Annual,HOUSE_D,Detached house,NAC,National currency,EE_CAP,Tallinn,2024,,2250,,,,,
dataflow,ESTAT:PRC_COLC_RENTS(1.0),Average rent per month in cities by type of dwelling,A,Annual,HOUSE_D,Detached house,NAC,National currency,EE_CAP,Tallinn,2025,,2400,,,,,
dataflow,ESTAT:PRC_COLC_RENTS(1.0),Average rent per month in cities by type of dwelling,A,Annual,HOUSE_D,Detached house,NAC,National currency,EL_CAP,Athina,2016,,1850,,,,,
dataflow,ESTAT:PRC_COLC_RENTS(1.0),Average rent per month in cities by type of dwelling,A,Annual,HOUSE_D,Detached house,NAC,National currency,EL_CAP,Athina,2017,,2100,,,,,
dataflow,ESTAT:PRC_COLC_RENTS(1.0),Average rent per month in cities by type of dwelling,A,Annual,HOUSE_D,Detached house,NAC,National currency,EL_CAP,Athina,2018,,2150,,,,,
dataflow,ESTAT:PRC_COLC_RENTS(1.0),Average rent per month in cities by type of dwelling,A,Annual,HOUSE_D,Detached house,NAC,National currency,EL_CAP,Athina,2019,,2200,,,,,
dataflow,ESTAT:PRC_COLC_RENTS(1.0),Average rent per month in cities by type of dwelling,A,Annual,HOUSE_D,Detached house,NAC,National currency,EL_CAP,Athina,2020,,2200,,,,,
dataflow,ESTAT:PRC_COLC_RENTS(1.0),Average rent per month in cities by type of dwelling,A,Annual,HOUSE_D,Detached house,NAC,National currency,EL_CAP,Athina,2021,,2300,,,,,
dataflow,ESTAT:PRC_COLC_RENTS(1.0),Average rent per month in cities by type of dwelling,A,Annual,HOUSE_D,Detached house,NAC,National currency,EL_CAP,Athina,2022,,2750,,,,,
dataflow,ESTAT:PRC_COLC_RENTS(1.0),Average rent per month in cities by type of dwelling,A,Annual,HOUSE_D,Detached house,NAC,National currency,EL_CAP,Athina,2023,,2850,,,,,
dataflow,ESTAT:PRC_COLC_RENTS(1.0),Average rent per month in cities by type of dwelling,A,Annual,HOUSE_D,Detached house,NAC,National currency,EL_CAP,Athina,2024,,3050,,,,,
dataflow,ESTAT:PRC_COLC_RENTS(1.0),Average rent per month in cities by type of dwelling,A,Annual,HOUSE_D,Detached house,NAC,National currency,EL_CAP,Athina,2025,,3250,,,,,
dataflow,ESTAT:PRC_COLC_RENTS(1.0),Average rent per month in cities by type of dwelling,A,Annual,HOUSE_D,Detached house,NAC,National currency,ES_CAP,Madrid,2016,,2500,,,,,
dataflow,ESTAT:PRC_COLC_RENTS(1.0),Average rent per month in cities by type of dwelling,A,Annual,HOUSE_D,Detached house,NAC,National currency,ES_CAP,Madrid,2017,,2750,,,,,
dataflow,ESTAT:PRC_COLC_RENTS(1.0),Average rent per month in cities by type of dwelling,A,Annual,HOUSE_D,Detached house,NAC,National currency,ES_CAP,Madrid,2018,,3000,,,,,
dataflow,ESTAT:PRC_COLC_RENTS(1.0),Average rent per month in cities by type of dwelling,A,Annual,HOUSE_D,Detached house,NAC,National currency,ES_CAP,Madrid,2019,,3100,,,,,
dataflow,ESTAT:PRC_COLC_RENTS(1.0),Average rent per month in cities by type of dwelling,A,Annual,HOUSE_D,Detached house,NAC,National currency,ES_CAP,Madrid,2020,,3150,,,,,
dataflow,ESTAT:PRC_COLC_RENTS(1.0),Average rent per month in cities by type of dwelling,A,Annual,HOUSE_D,Detached house,NAC,National currency,ES_CAP,Madrid,2021,,3100,,,,,
dataflow,ESTAT:PRC_COLC_RENTS(1.0),Average rent per month in cities by type of dwelling,A,Annual,HOUSE_D,Detached house,NAC,National currency,ES_CAP,Madrid,2022,,3500,,,,,
dataflow,ESTAT:PRC_COLC_RENTS(1.0),Average rent per month in cities by type of dwelling,A,Annual,HOUSE_D,Detached house,NAC,National currency,ES_CAP,Madrid,2023,,3750,,,,,
dataflow,ESTAT:PRC_COLC_RENTS(1.0),Average rent per month in cities by type of dwelling,A,Annual,HOUSE_D,Detached house,NAC,National currency,ES_CAP,Madrid,2024,,3800,,,,,
dataflow,ESTAT:PRC_COLC_RENTS(1.0),Average rent per month in cities by type of dwelling,A,Annual,HOUSE_D,Detached house,NAC,National currency,ES_CAP,Madrid,2025,,4100,,,,,
dataflow,ESTAT:PRC_COLC_RENTS(1.0),Average rent per month in cities by type of dwelling,A,Annual,HOUSE_D,Detached house,NAC,National currency,FI_CAP,Helsinki,2016,,3000,,,,,
dataflow,ESTAT:PRC_COLC_RENTS(1.0),Average rent per month in cities by type of dwelling,A,Annual,HOUSE_D,Detached house,NAC,National currency,FI_CAP,Helsinki,2017,,3100,,,,,
dataflow,ESTAT:PRC_COLC_RENTS(1.0),Average rent per month in cities by type of dwelling,A,Annual,HOUSE_D,Detached house,NAC,National currency,FI_CAP,Helsinki,2018,,3300,,,,,
dataflow,ESTAT:PRC_COLC_RENTS(1.0),Average rent per month in cities by type of dwelling,A,Annual,HOUSE_D,Detached house,NAC,National currency,FI_CAP,Helsinki,2019,,3150,,,,,
dataflow,ESTAT:PRC_COLC_RENTS(1.0),Average rent per month in cities by type of dwelling,A,Annual,HOUSE_D,Detached house,NAC,National currency,FI_CAP,Helsinki,2020,,3200,,,,,
dataflow,ESTAT:PRC_COLC_RENTS(1.0),Average rent per month in cities by type of dwelling,A,Annual,HOUSE_D,Detached house,NAC,National currency,FI_CAP,Helsinki,2021,,3150,,,,,
dataflow,ESTAT:PRC_COLC_RENTS(1.0),Average rent per month in cities by type of dwelling,A,Annual,HOUSE_D,Detached house,NAC,National currency,FI_CAP,Helsinki,2022,,3500,,,,,
dataflow,ESTAT:PRC_COLC_RENTS(1.0),Average rent per month in cities by type of dwelling,A,Annual,HOUSE_D,Detached house,NAC,National currency,FI_CAP,Helsinki,2023,,3400,,,,,
dataflow,ESTAT:PRC_COLC_RENTS(1.0),Average rent per month in cities by type of dwelling,A,Annual,HOUSE_D,Detached house,NAC,National currency,FI_CAP,Helsinki,2024,,3550,,,,,
dataflow,ESTAT:PRC_COLC_RENTS(1.0),Average rent per month in cities by type of dwelling,A,Annual,HOUSE_D,Detached house,NAC,National currency,FI_CAP,Helsinki,2025,,3700,,,,,
dataflow,ESTAT:PRC_COLC_RENTS(1.0),Average rent per month in cities by type of dwelling,A,Annual,HOUSE_D,Detached house,NAC,National currency,FR_CAP,Paris,2016,,3400,,,,,
dataflow,ESTAT:PRC_COLC_RENTS(1.0),Average rent per month in cities by type of dwelling,A,Annual,HOUSE_D,Detached house,NAC,National currency,FR_CAP,Paris,2017,,3400,,,,,
dataflow,ESTAT:PRC_COLC_RENTS(1.0),Average rent per month in cities by type of dwelling,A,Annual,HOUSE_D,Detached house,NAC,National currency,FR_CAP,Paris,2018,,3450,,,,,
dataflow,ESTAT:PRC_COLC_RENTS(1.0),Average rent per month in cities by type of dwelling,A,Annual,HOUSE_D,Detached house,NAC,National currency,FR_CAP,Paris,2019,,3600,,,,,
dataflow,ESTAT:PRC_COLC_RENTS(1.0),Average rent per month in cities by type of dwelling,A,Annual,HOUSE_D,Detached house,NAC,National currency,FR_CAP,Paris,2020,,3600,,,,,
dataflow,ESTAT:PRC_COLC_RENTS(1.0),Average rent per month in cities by type of dwelling,A,Annual,HOUSE_D,Detached house,NAC,National currency,FR_CAP,Paris,2021,,3350,,,,,
dataflow,ESTAT:PRC_COLC_RENTS(1.0),Average rent per month in cities by type of dwelling,A,Annual,HOUSE_D,Detached house,NAC,National currency,FR_CAP,Paris,2022,,3450,,,,,
dataflow,ESTAT:PRC_COLC_RENTS(1.0),Average rent per month in cities by type of dwelling,A,Annual,HOUSE_D,Detached house,NAC,National currency,FR_CAP,Paris,2023,,3750,,,,,
dataflow,ESTAT:PRC_COLC_RENTS(1.0),Average rent per month in cities by type of dwelling,A,Annual,HOUSE_D,Detached house,NAC,National currency,FR_CAP,Paris,2024,,4000,,,,,
dataflow,ESTAT:PRC_COLC_RENTS(1.0),Average rent per month in cities by type of dwelling,A,Annual,HOUSE_D,Detached house,NAC,National currency,FR_CAP,Paris,2025,,3850,,,,,
dataflow,ESTAT:PRC_COLC_RENTS(1.0),Average rent per month in cities by type of dwelling,A,Annual,HOUSE_D,Detached house,NAC,National currency,HR_CAP,Zagreb,2016,,15800,,,,,
dataflow,ESTAT:PRC_COLC_RENTS(1.0),Average rent per month in cities by type of dwelling,A,Annual,HOUSE_D,Detached house,NAC,National currency,HR_CAP,Zagreb,2017,,16300,,,,,
dataflow,ESTAT:PRC_COLC_RENTS(1.0),Average rent per month in cities by type of dwelling,A,Annual,HOUSE_D,Detached house,NAC,National currency,HR_CAP,Zagreb,2018,,18100,,,,,
dataflow,ESTAT:PRC_COLC_RENTS(1.0),Average rent per month in cities by type of dwelling,A,Annual,HOUSE_D,Detached house,NAC,National currency,HR_CAP,Zagreb,2019,,18500,,,,,
dataflow,ESTAT:PRC_COLC_RENTS(1.0),Average rent per month in cities by type of dwelling,A,Annual,HOUSE_D,Detached house,NAC,National currency,HR_CAP,Zagreb,2020,,19300,,,,,
dataflow,ESTAT:PRC_COLC_RENTS(1.0),Average rent per month in cities by type of dwelling,A,Annual,HOUSE_D,Detached house,NAC,National currency,HR_CAP,Zagreb,2021,,20600,,,,,
dataflow,ESTAT:PRC_COLC_RENTS(1.0),Average rent per month in cities by type of dwelling,A,Annual,HOUSE_D,Detached house,NAC,National currency,HR_CAP,Zagreb,2022,,20350,,,,,
dataflow,ESTAT:PRC_COLC_RENTS(1.0),Average rent per month in cities by type of dwelling,A,Annual,HOUSE_D,Detached house,NAC,National currency,HR_CAP,Zagreb,2023,,3050,,,,,
dataflow,ESTAT:PRC_COLC_RENTS(1.0),Average rent per month in cities by type of dwelling,A,Annual,HOUSE_D,Detached house,NAC,National currency,HR_CAP,Zagreb,2024,,3100,,,,,
dataflow,ESTAT:PRC_COLC_RENTS(1.0),Average rent per month in cities by type of dwelling,A,Annual,HOUSE_D,Detached house,NAC,National currency,HR_CAP,Zagreb,2025,,3550,,,,,
dataflow,ESTAT:PRC_COLC_RENTS(1.0),Average rent per month in cities by type of dwelling,A,Annual,HOUSE_D,Detached house,NAC,National currency,HU_CAP,Budapest,2016,,939000,,,,,
dataflow,ESTAT:PRC_COLC_RENTS(1.0),Average rent per month in cities by type of dwelling,A,Annual,HOUSE_D,Detached house,NAC,National currency,HU_CAP,Budapest,2017,,934000,,,,,
dataflow,ESTAT:PRC_COLC_RENTS(1.0),Average rent per month in cities by type of dwelling,A,Annual,HOUSE_D,Detached house,NAC,National currency,HU_CAP,Budapest,2018,,831500,,,,,
dataflow,ESTAT:PRC_COLC_RENTS(1.0),Average rent per month in cities by type of dwelling,A,Annual,HOUSE_D,Detached house,NAC,National currency,HU_CAP,Budapest,2019,,830000,,,,,
dataflow,ESTAT:PRC_COLC_RENTS(1.0),Average rent per month in cities by type of dwelling,A,Annual,HOUSE_D,Detached house,NAC,National currency,HU_CAP,Budapest,2020,,867500,,,,,
dataflow,ESTAT:PRC_COLC_RENTS(1.0),Average rent per month in cities by type of dwelling,A,Annual,HOUSE_D,Detached house,NAC,National currency,HU_CAP,Budapest,2021,,843000,,,,,
dataflow,ESTAT:PRC_COLC_RENTS(1.0),Average rent per month in cities by type of dwelling,A,Annual,HOUSE_D,Detached house,NAC,National currency,HU_CAP,Budapest,2022,,1115600,,,,,
dataflow,ESTAT:PRC_COLC_RENTS(1.0),Average rent per month in cities by type of dwelling,A,Annual,HOUSE_D,Detached house,NAC,National currency,HU_CAP,Budapest,2023,,1117750,,,,,
dataflow,ESTAT:PRC_COLC_RENTS(1.0),Average rent per month in cities by type of dwelling,A,Annual,HOUSE_D,Detached house,NAC,National currency,HU_CAP,Budapest,2024,,1187950,,,,,
dataflow,ESTAT:PRC_COLC_RENTS(1.0),Average rent per month in cities by type of dwelling,A,Annual,HOUSE_D,Detached house,NAC,National currency,HU_CAP,Budapest,2025,,1271900,,,,,
dataflow,ESTAT:PRC_COLC_RENTS(1.0),Average rent per month in cities by type of dwelling,A,Annual,HOUSE_D,Detached house,NAC,National currency,IE_CAP,Dublin,2016,,2750,,,,,
dataflow,ESTAT:PRC_COLC_RENTS(1.0),Average rent per month in cities by type of dwelling,A,Annual,HOUSE_D,Detached house,NAC,National currency,IE_CAP,Dublin,2017,,2950,,,,,
dataflow,ESTAT:PRC_COLC_RENTS(1.0),Average rent per month in cities by type of dwelling,A,Annual,HOUSE_D,Detached house,NAC,National currency,IE_CAP,Dublin,2018,,3250,,,,,
dataflow,ESTAT:PRC_COLC_RENTS(1.0),Average rent per month in cities by type of dwelling,A,Annual,HOUSE_D,Detached house,NAC,National currency,IE_CAP,Dublin,2019,,3550,,,,,
dataflow,ESTAT:PRC_COLC_RENTS(1.0),Average rent per month in cities by type of dwelling,A,Annual,HOUSE_D,Detached house,NAC,National currency,IE_CAP,Dublin,2020,,3550,,,,,
dataflow,ESTAT:PRC_COLC_RENTS(1.0),Average rent per month in cities by type of dwelling,A,Annual,HOUSE_D,Detached house,NAC,National currency,IE_CAP,Dublin,2021,,3500,,,,,
dataflow,ESTAT:PRC_COLC_RENTS(1.0),Average rent per month in cities by type of dwelling,A,Annual,HOUSE_D,Detached house,NAC,National currency,IE_CAP,Dublin,2022,,4050,,,,,
dataflow,ESTAT:PRC_COLC_RENTS(1.0),Average rent per month in cities by type of dwelling,A,Annual,HOUSE_D,Detached house,NAC,National currency,IE_CAP,Dublin,2023,,4500,,,,,
dataflow,ESTAT:PRC_COLC_RENTS(1.0),Average rent per month in cities by type of dwelling,A,Annual,HOUSE_D,Detached house,NAC,National currency,IE_CAP,Dublin,2024,,4750,,,,,
dataflow,ESTAT:PRC_COLC_RENTS(1.0),Average rent per month in cities by type of dwelling,A,Annual,HOUSE_D,Detached house,NAC,National currency,IE_CAP,Dublin,2025,,4500,,,,,
dataflow,ESTAT:PRC_COLC_RENTS(1.0),Average rent per month in cities by type of dwelling,A,Annual,HOUSE_D,Detached house,NAC,National currency,IS_CAP,Reykjavik,2016,,349000,,,,,
dataflow,ESTAT:PRC_COLC_RENTS(1.0),Average rent per month in cities by type of dwelling,A,Annual,HOUSE_D,Detached house,NAC,National currency,IS_CAP,Reykjavik,2017,,339000,,,,,
dataflow,ESTAT:PRC_COLC_RENTS(1.0),Average rent per month in cities by type of dwelling,A,Annual,HOUSE_D,Detached house,NAC,National currency,IS_CAP,Reykjavik,2018,,386500,,,,,
dataflow,ESTAT:PRC_COLC_RENTS(1.0),Average rent per month in cities by type of dwelling,A,Annual,HOUSE_D,Detached house,NAC,National currency,IS_CAP,Reykjavik,2019,,374500,,,,,
dataflow,ESTAT:PRC_COLC_RENTS(1.0),Average rent per month in cities by type of dwelling,A,Annual,HOUSE_D,Detached house,NAC,National currency,IS_CAP,Reykjavik,2020,,387000,,,,,
dataflow,ESTAT:PRC_COLC_RENTS(1.0),Average rent per month in cities by type of dwelling,A,Annual,HOUSE_D,Detached house,NAC,National currency,IS_CAP,Reykjavik,2021,,372500,,,,,
dataflow,ESTAT:PRC_COLC_RENTS(1.0),Average rent per month in cities by type of dwelling,A,Annual,HOUSE_D,Detached house,NAC,National currency,IS_CAP,Reykjavik,2022,,450000,,,,,
dataflow,ESTAT:PRC_COLC_RENTS(1.0),Average rent per month in cities by type of dwelling,A,Annual,HOUSE_D,Detached house,NAC,National currency,IS_CAP,Reykjavik,2023,,478000,,,,,
dataflow,ESTAT:PRC_COLC_RENTS(1.0),Average rent per month in cities by type of dwelling,A,Annual,HOUSE_D,Detached house,NAC,National currency,IS_CAP,Reykjavik,2024,,558600,,,,,
dataflow,ESTAT:PRC_COLC_RENTS(1.0),Average rent per month in cities by type of dwelling,A,Annual,HOUSE_D,Detached house,NAC,National currency,IS_CAP,Reykjavik,2025,,590000,,,,,
dataflow,ESTAT:PRC_COLC_RENTS(1.0),Average rent per month in cities by type of dwelling,A,Annual,HOUSE_D,Detached house,NAC,National currency,IT_CAP,Roma,2016,,2300,,,,,
dataflow,ESTAT:PRC_COLC_RENTS(1.0),Average rent per month in cities by type of dwelling,A,Annual,HOUSE_D,Detached house,NAC,National currency,IT_CAP,Roma,2017,,2000,,,,,
dataflow,ESTAT:PRC_COLC_RENTS(1.0),Average rent per month in cities by type of dwelling,A,Annual,HOUSE_D,Detached house,NAC,National currency,IT_CAP,Roma,2018,,1900,,,,,
dataflow,ESTAT:PRC_COLC_RENTS(1.0),Average rent per month in cities by type of dwelling,A,Annual,HOUSE_D,Detached house,NAC,National currency,IT_CAP,Roma,2019,,2000,,,,,
dataflow,ESTAT:PRC_COLC_RENTS(1.0),Average rent per month in cities by type of dwelling,A,Annual,HOUSE_D,Detached house,NAC,National currency,IT_CAP,Roma,2020,,2000,,,,,
dataflow,ESTAT:PRC_COLC_RENTS(1.0),Average rent per month in cities by type of dwelling,A,Annual,HOUSE_D,Detached house,NAC,National currency,IT_CAP,Roma,2021,,2150,,,,,
dataflow,ESTAT:PRC_COLC_RENTS(1.0),Average rent per month in cities by type of dwelling,A,Annual,HOUSE_D,Detached house,NAC,National currency,IT_CAP,Roma,2022,,2000,,,,,
dataflow,ESTAT:PRC_COLC_RENTS(1.0),Average rent per month in cities by type of dwelling,A,Annual,HOUSE_D,Detached house,NAC,National currency,IT_CAP,Roma,2023,,2000,,,,,
dataflow,ESTAT:PRC_COLC_RENTS(1.0),Average rent per month in cities by type of dwelling,A,Annual,HOUSE_D,Detached house,NAC,National currency,IT_CAP,Roma,2024,,2200,,,,,
dataflow,ESTAT:PRC_COLC_RENTS(1.0),Average rent per month in cities by type of dwelling,A,Annual,HOUSE_D,Detached house,NAC,National currency,IT_CAP,Roma,2025,,2450,,,,,
dataflow,ESTAT:PRC_COLC_RENTS(1.0),Average rent per month in cities by type of dwelling,A,Annual,HOUSE_D,Detached house,NAC,National currency,IT_DEL,Varese,2016,,1850,,,,,
dataflow,ESTAT:PRC_COLC_RENTS(1.0),Average rent per month in cities by type of dwelling,A,Annual,HOUSE_D,Detached house,NAC,National currency,IT_DEL,Varese,2017,,1850,,,,,
dataflow,ESTAT:PRC_COLC_RENTS(1.0),Average rent per month in cities by type of dwelling,A,Annual,HOUSE_D,Detached house,NAC,National currency,IT_DEL,Varese,2018,,1900,,,,,
dataflow,ESTAT:PRC_COLC_RENTS(1.0),Average rent per month in cities by type of dwelling,A,Annual,HOUSE_D,Detached house,NAC,National currency,IT_DEL,Varese,2019,,2050,,,,,
dataflow,ESTAT:PRC_COLC_RENTS(1.0),Average rent per month in cities by type of dwelling,A,Annual,HOUSE_D,Detached house,NAC,National currency,IT_DEL,Varese,2020,,2050,,,,,
dataflow,ESTAT:PRC_COLC_RENTS(1.0),Average rent per month in cities by type of dwelling,A,Annual,HOUSE_D,Detached house,NAC,National currency,IT_DEL,Varese,2021,,2000,,,,,
dataflow,ESTAT:PRC_COLC_RENTS(1.0),Average rent per month in cities by type of dwelling,A,Annual,HOUSE_D,Detached house,NAC,National currency,IT_DEL,Varese,2022,,2250,,,,,
dataflow,ESTAT:PRC_COLC_RENTS(1.0),Average rent per month in cities by type of dwelling,A,Annual,HOUSE_D,Detached house,NAC,National currency,IT_DEL,Varese,2023,,2350,,,,,
dataflow,ESTAT:PRC_COLC_RENTS(1.0),Average rent per month in cities by type of dwelling,A,Annual,HOUSE_D,Detached house,NAC,National currency,IT_DEL,Varese,2024,,2450,,,,,
dataflow,ESTAT:PRC_COLC_RENTS(1.0),Average rent per month in cities by type of dwelling,A,Annual,HOUSE_D,Detached house,NAC,National currency,IT_DEL,Varese,2025,,2400,,,,,
dataflow,ESTAT:PRC_COLC_RENTS(1.0),Average rent per month in cities by type of dwelling,A,Annual,HOUSE_D,Detached house,NAC,National currency,LT_CAP,Vilnius,2016,,1750,,,,,
dataflow,ESTAT:PRC_COLC_RENTS(1.0),Average rent per month in cities by type of dwelling,A,Annual,HOUSE_D,Detached house,NAC,National currency,LT_CAP,Vilnius,2017,,1750,,,,,
dataflow,ESTAT:PRC_COLC_RENTS(1.0),Average rent per month in cities by type of dwelling,A,Annual,HOUSE_D,Detached house,NAC,National currency,LT_CAP,Vilnius,2018,,1950,,,,,
dataflow,ESTAT:PRC_COLC_RENTS(1.0),Average rent per month in cities by type of dwelling,A,Annual,HOUSE_D,Detached house,NAC,National currency,LT_CAP,Vilnius,2019,,2100,,,,,
dataflow,ESTAT:PRC_COLC_RENTS(1.0),Average rent per month in cities by type of dwelling,A,Annual,HOUSE_D,Detached house,NAC,National currency,LT_CAP,Vilnius,2020,,2100,,,,,
dataflow,ESTAT:PRC_COLC_RENTS(1.0),Average rent per month in cities by type of dwelling,A,Annual,HOUSE_D,Detached house,NAC,National currency,LT_CAP,Vilnius,2021,,2200,,,,,
dataflow,ESTAT:PRC_COLC_RENTS(1.0),Average rent per month in cities by type of dwelling,A,Annual,HOUSE_D,Detached house,NAC,National currency,LT_CAP,Vilnius,2022,,2800,,,,,
dataflow,ESTAT:PRC_COLC_RENTS(1.0),Average rent per month in cities by type of dwelling,A,Annual,HOUSE_D,Detached house,NAC,National currency,LT_CAP,Vilnius,2023,,2400,,,,,
dataflow,ESTAT:PRC_COLC_RENTS(1.0),Average rent per month in cities by type of dwelling,A,Annual,HOUSE_D,Detached house,NAC,National currency,LT_CAP,Vilnius,2024,,2450,,,,,
dataflow,ESTAT:PRC_COLC_RENTS(1.0),Average rent per month in cities by type of dwelling,A,Annual,HOUSE_D,Detached house,NAC,National currency,LT_CAP,Vilnius,2025,,2500,,,,,
dataflow,ESTAT:PRC_COLC_RENTS(1.0),Average rent per month in cities by type of dwelling,A,Annual,HOUSE_D,Detached house,NAC,National currency,LU_CAP,Luxembourg,2016,,4200,,,,,
dataflow,ESTAT:PRC_COLC_RENTS(1.0),Average rent per month in cities by type of dwelling,A,Annual,HOUSE_D,Detached house,NAC,National currency,LU_CAP,Luxembourg,2017,,3900,,,,,
dataflow,ESTAT:PRC_COLC_RENTS(1.0),Average rent per month in cities by type of dwelling,A,Annual,HOUSE_D,Detached house,NAC,National currency,LU_CAP,Luxembourg,2018,,4500,,,,,
dataflow,ESTAT:PRC_COLC_RENTS(1.0),Average rent per month in cities by type of dwelling,A,Annual,HOUSE_D,Detached house,NAC,National currency,LU_CAP,Luxembourg,2019,,4400,,,,,
dataflow,ESTAT:PRC_COLC_RENTS(1.0),Average rent per month in cities by type of dwelling,A,Annual,HOUSE_D,Detached house,NAC,National currency,LU_CAP,Luxembourg,2020,,4400,,,,,
dataflow,ESTAT:PRC_COLC_RENTS(1.0),Average rent per month in cities by type of dwelling,A,Annual,HOUSE_D,Detached house,NAC,National currency,LU_CAP,Luxembourg,2021,,4300,,,,,
dataflow,ESTAT:PRC_COLC_RENTS(1.0),Average rent per month in cities by type of dwelling,A,Annual,HOUSE_D,Detached house,NAC,National currency,LU_CAP,Luxembourg,2022,,4550,,,,,
dataflow,ESTAT:PRC_COLC_RENTS(1.0),Average rent per month in cities by type of dwelling,A,Annual,HOUSE_D,Detached house,NAC,National currency,LU_CAP,Luxembourg,2023,,4600,,,,,
dataflow,ESTAT:PRC_COLC_RENTS(1.0),Average rent per month in cities by type of dwelling,A,Annual,HOUSE_D,Detached house,NAC,National currency,LU_CAP,Luxembourg,2024,,5100,,,,,
dataflow,ESTAT:PRC_COLC_RENTS(1.0),Average rent per month in cities by type of dwelling,A,Annual,HOUSE_D,Detached house,NAC,National currency,LU_CAP,Luxembourg,2025,,4950,,,,,
dataflow,ESTAT:PRC_COLC_RENTS(1.0),Average rent per month in cities by type of dwelling,A,Annual,HOUSE_D,Detached house,NAC,National currency,LV_CAP,Riga,2016,,1700,,,,,
dataflow,ESTAT:PRC_COLC_RENTS(1.0),Average rent per month in cities by type of dwelling,A,Annual,HOUSE_D,Detached house,NAC,National currency,LV_CAP,Riga,2017,,2000,,,,,
dataflow,ESTAT:PRC_COLC_RENTS(1.0),Average rent per month in cities by type of dwelling,A,Annual,HOUSE_D,Detached house,NAC,National currency,LV_CAP,Riga,2018,,1750,,,,,
dataflow,ESTAT:PRC_COLC_RENTS(1.0),Average rent per month in cities by type of dwelling,A,Annual,HOUSE_D,Detached house,NAC,National currency,LV_CAP,Riga,2019,,2000,,,,,
dataflow,ESTAT:PRC_COLC_RENTS(1.0),Average rent per month in cities by type of dwelling,A,Annual,HOUSE_D,Detached house,NAC,National currency,LV_CAP,Riga,2020,,1850,,,,,
dataflow,ESTAT:PRC_COLC_RENTS(1.0),Average rent per month in cities by type of dwelling,A,Annual,HOUSE_D,Detached house,NAC,National currency,LV_CAP,Riga,2021,,2100,,,,,
dataflow,ESTAT:PRC_COLC_RENTS(1.0),Average rent per month in cities by type of dwelling,A,Annual,HOUSE_D,Detached house,NAC,National currency,LV_CAP,Riga,2022,,2300,,,,,
dataflow,ESTAT:PRC_COLC_RENTS(1.0),Average rent per month in cities by type of dwelling,A,Annual,HOUSE_D,Detached house,NAC,National currency,LV_CAP,Riga,2023,,2350,,,,,
dataflow,ESTAT:PRC_COLC_RENTS(1.0),Average rent per month in cities by type of dwelling,A,Annual,HOUSE_D,Detached house,NAC,National currency,LV_CAP,Riga,2024,,2200,,,,,
dataflow,ESTAT:PRC_COLC_RENTS(1.0),Average rent per month in cities by type of dwelling,A,Annual,HOUSE_D,Detached house,NAC,National currency,LV_CAP,Riga,2025,,2450,,,,,
dataflow,ESTAT:PRC_COLC_RENTS(1.0),Average rent per month in cities by type of dwelling,A,Annual,HOUSE_D,Detached house,NAC,National currency,ME_CAP,Podgorica,2016,,1600,,,,,
dataflow,ESTAT:PRC_COLC_RENTS(1.0),Average rent per month in cities by type of dwelling,A,Annual,HOUSE_D,Detached house,NAC,National currency,ME_CAP,Podgorica,2017,,1550,,,,,
dataflow,ESTAT:PRC_COLC_RENTS(1.0),Average rent per month in cities by type of dwelling,A,Annual,HOUSE_D,Detached house,NAC,National currency,ME_CAP,Podgorica,2018,,1750,,,,,
dataflow,ESTAT:PRC_COLC_RENTS(1.0),Average rent per month in cities by type of dwelling,A,Annual,HOUSE_D,Detached house,NAC,National currency,ME_CAP,Podgorica,2019,,1800,,,,,
dataflow,ESTAT:PRC_COLC_RENTS(1.0),Average rent per month in cities by type of dwelling,A,Annual,HOUSE_D,Detached house,NAC,National currency,ME_CAP,Podgorica,2020,,1800,,,,,
dataflow,ESTAT:PRC_COLC_RENTS(1.0),Average rent per month in cities by type of dwelling,A,Annual,HOUSE_D,Detached house,NAC,National currency,ME_CAP,Podgorica,2021,,1700,,,,,
dataflow,ESTAT:PRC_COLC_RENTS(1.0),Average rent per month in cities by type of dwelling,A,Annual,HOUSE_D,Detached house,NAC,National currency,ME_CAP,Podgorica,2022,,1750,,,,,
dataflow,ESTAT:PRC_COLC_RENTS(1.0),Average rent per month in cities by type of dwelling,A,Annual,HOUSE_D,Detached house,NAC,National currency,ME_CAP,Podgorica,2023,,1900,,,,,
dataflow,ESTAT:PRC_COLC_RENTS(1.0),Average rent per month in cities by type of dwelling,A,Annual,HOUSE_D,Detached house,NAC,National currency,ME_CAP,Podgorica,2024,,2000,,,,,
dataflow,ESTAT:PRC_COLC_RENTS(1.0),Average rent per month in cities by type of dwelling,A,Annual,HOUSE_D,Detached house,NAC,National currency,ME_CAP,Podgorica,2025,,1950,,,,,
dataflow,ESTAT:PRC_COLC_RENTS(1.0),Average rent per month in cities by type of dwelling,A,Annual,HOUSE_D,Detached house,NAC,National currency,MK_CAP,Skopje,2016,,71000,,,,,
dataflow,ESTAT:PRC_COLC_RENTS(1.0),Average rent per month in cities by type of dwelling,A,Annual,HOUSE_D,Detached house,NAC,National currency,MK_CAP,Skopje,2017,,67900,,,,,
dataflow,ESTAT:PRC_COLC_RENTS(1.0),Average rent per month in cities by type of dwelling,A,Annual,HOUSE_D,Detached house,NAC,National currency,MK_CAP,Skopje,2018,,73800,,,,,
dataflow,ESTAT:PRC_COLC_RENTS(1.0),Average rent per month in cities by type of dwelling,A,Annual,HOUSE_D,Detached house,NAC,National currency,MK_CAP,Skopje,2019,,76900,,,,,
dataflow,ESTAT:PRC_COLC_RENTS(1.0),Average rent per month in cities by type of dwelling,A,Annual,HOUSE_D,Detached house,NAC,National currency,MK_CAP,Skopje,2020,,77100,,,,,
dataflow,ESTAT:PRC_COLC_RENTS(1.0),Average rent per month in cities by type of dwelling,A,Annual,HOUSE_D,Detached house,NAC,National currency,MK_CAP,Skopje,2021,,70950,,,,,
dataflow,ESTAT:PRC_COLC_RENTS(1.0),Average rent per month in cities by type of dwelling,A,Annual,HOUSE_D,Detached house,NAC,National currency,MK_CAP,Skopje,2022,,70950,,,,,
dataflow,ESTAT:PRC_COLC_RENTS(1.0),Average rent per month in cities by type of dwelling,A,Annual,HOUSE_D,Detached house,NAC,National currency,MK_CAP,Skopje,2023,,73850,,,,,
dataflow,ESTAT:PRC_COLC_RENTS(1.0),Average rent per month in cities by type of dwelling,A,Annual,HOUSE_D,Detached house,NAC,National currency,MK_CAP,Skopje,2024,,76850,,,,,
dataflow,ESTAT:PRC_COLC_RENTS(1.0),Average rent per month in cities by type of dwelling,A,Annual,HOUSE_D,Detached house,NAC,National currency,MK_CAP,Skopje,2025,,86050,,,,,
dataflow,ESTAT:PRC_COLC_RENTS(1.0),Average rent per month in cities by type of dwelling,A,Annual,HOUSE_D,Detached house,NAC,National currency,MT_CAP,Valletta,2016,,2550,,,,,
dataflow,ESTAT:PRC_COLC_RENTS(1.0),Average rent per month in cities by type of dwelling,A,Annual,HOUSE_D,Detached house,NAC,National currency,MT_CAP,Valletta,2017,,2700,,,,,
dataflow,ESTAT:PRC_COLC_RENTS(1.0),Average rent per month in cities by type of dwelling,A,Annual,HOUSE_D,Detached house,NAC,National currency,MT_CAP,Valletta,2018,,2700,,,,,
dataflow,ESTAT:PRC_COLC_RENTS(1.0),Average rent per month in cities by type of dwelling,A,Annual,HOUSE_D,Detached house,NAC,National currency,MT_CAP,Valletta,2019,,2950,,,,,
dataflow,ESTAT:PRC_COLC_RENTS(1.0),Average rent per month in cities by type of dwelling,A,Annual,HOUSE_D,Detached house,NAC,National currency,MT_CAP,Valletta,2020,,3100,,,,,
dataflow,ESTAT:PRC_COLC_RENTS(1.0),Average rent per month in cities by type of dwelling,A,Annual,HOUSE_D,Detached house,NAC,National currency,MT_CAP,Valletta,2021,,3100,,,,,
dataflow,ESTAT:PRC_COLC_RENTS(1.0),Average rent per month in cities by type of dwelling,A,Annual,HOUSE_D,Detached house,NAC,National currency,MT_CAP,Valletta,2022,,3250,,,,,
dataflow,ESTAT:PRC_COLC_RENTS(1.0),Average rent per month in cities by type of dwelling,A,Annual,HOUSE_D,Detached house,NAC,National currency,MT_CAP,Valletta,2023,,3150,,,,,
dataflow,ESTAT:PRC_COLC_RENTS(1.0),Average rent per month in cities by type of dwelling,A,Annual,HOUSE_D,Detached house,NAC,National currency,MT_CAP,Valletta,2024,,3200,,,,,
dataflow,ESTAT:PRC_COLC_RENTS(1.0),Average rent per month in cities by type of dwelling,A,Annual,HOUSE_D,Detached house,NAC,National currency,MT_CAP,Valletta,2025,,3450,,,,,
dataflow,ESTAT:PRC_COLC_RENTS(1.0),Average rent per month in cities by type of dwelling,A,Annual,HOUSE_D,Detached house,NAC,National currency,NL_DEL,Den Haag,2016,,3300,,,,,
dataflow,ESTAT:PRC_COLC_RENTS(1.0),Average rent per month in cities by type of dwelling,A,Annual,HOUSE_D,Detached house,NAC,National currency,NL_DEL,Den Haag,2017,,2950,,,,,
dataflow,ESTAT:PRC_COLC_RENTS(1.0),Average rent per month in cities by type of dwelling,A,Annual,HOUSE_D,Detached house,NAC,National currency,NL_DEL,Den Haag,2018,,3200,,,,,
dataflow,ESTAT:PRC_COLC_RENTS(1.0),Average rent per month in cities by type of dwelling,A,Annual,HOUSE_D,Detached house,NAC,National currency,NL_DEL,Den Haag,2019,,3200,,,,,
dataflow,ESTAT:PRC_COLC_RENTS(1.0),Average rent per month in cities by type of dwelling,A,Annual,HOUSE_D,Detached house,NAC,National currency,NL_DEL,Den Haag,2020,,3300,,,,,
dataflow,ESTAT:PRC_COLC_RENTS(1.0),Average rent per month in cities by type of dwelling,A,Annual,HOUSE_D,Detached house,NAC,National currency,NL_DEL,Den Haag,2021,,3200,,,,,
dataflow,ESTAT:PRC_COLC_RENTS(1.0),Average rent per month in cities by type of dwelling,A,Annual,HOUSE_D,Detached house,NAC,National currency,NL_DEL,Den Haag,2022,,3200,,,,,
dataflow,ESTAT:PRC_COLC_RENTS(1.0),Average rent per month in cities by type of dwelling,A,Annual,HOUSE_D,Detached house,NAC,National currency,NL_DEL,Den Haag,2023,,3500,,,,,
dataflow,ESTAT:PRC_COLC_RENTS(1.0),Average rent per month in cities by type of dwelling,A,Annual,HOUSE_D,Detached house,NAC,National currency,NL_DEL,Den Haag,2024,,3850,,,,,
dataflow,ESTAT:PRC_COLC_RENTS(1.0),Average rent per month in cities by type of dwelling,A,Annual,HOUSE_D,Detached house,NAC,National currency,NL_DEL,Den Haag,2025,,4450,,,,,
dataflow,ESTAT:PRC_COLC_RENTS(1.0),Average rent per month in cities by type of dwelling,A,Annual,HOUSE_D,Detached house,NAC,National currency,NO_CAP,Oslo,2016,,27500,,,,,
dataflow,ESTAT:PRC_COLC_RENTS(1.0),Average rent per month in cities by type of dwelling,A,Annual,HOUSE_D,Detached house,NAC,National currency,NO_CAP,Oslo,2017,,29800,,,,,
dataflow,ESTAT:PRC_COLC_RENTS(1.0),Average rent per month in cities by type of dwelling,A,Annual,HOUSE_D,Detached house,NAC,National currency,NO_CAP,Oslo,2018,,31900,,,,,
dataflow,ESTAT:PRC_COLC_RENTS(1.0),Average rent per month in cities by type of dwelling,A,Annual,HOUSE_D,Detached house,NAC,National currency,NO_CAP,Oslo,2019,,31700,,,,,
dataflow,ESTAT:PRC_COLC_RENTS(1.0),Average rent per month in cities by type of dwelling,A,Annual,HOUSE_D,Detached house,NAC,National currency,NO_CAP,Oslo,2020,,32100,,,,,
dataflow,ESTAT:PRC_COLC_RENTS(1.0),Average rent per month in cities by type of dwelling,A,Annual,HOUSE_D,Detached house,NAC,National currency,NO_CAP,Oslo,2021,,34000,,,,,
dataflow,ESTAT:PRC_COLC_RENTS(1.0),Average rent per month in cities by type of dwelling,A,Annual,HOUSE_D,Detached house,NAC,National currency,NO_CAP,Oslo,2022,,35650,,,,,
dataflow,ESTAT:PRC_COLC_RENTS(1.0),Average rent per month in cities by type of dwelling,A,Annual,HOUSE_D,Detached house,NAC,National currency,NO_CAP,Oslo,2023,,38250,,,,,
dataflow,ESTAT:PRC_COLC_RENTS(1.0),Average rent per month in cities by type of dwelling,A,Annual,HOUSE_D,Detached house,NAC,National currency,NO_CAP,Oslo,2024,,44650,,,,,
dataflow,ESTAT:PRC_COLC_RENTS(1.0),Average rent per month in cities by type of dwelling,A,Annual,HOUSE_D,Detached house,NAC,National currency,NO_CAP,Oslo,2025,,50750,,,,,
dataflow,ESTAT:PRC_COLC_RENTS(1.0),Average rent per month in cities by type of dwelling,A,Annual,HOUSE_D,Detached house,NAC,National currency,PL_CAP,Warszawa,2016,,8450,,,,,
dataflow,ESTAT:PRC_COLC_RENTS(1.0),Average rent per month in cities by type of dwelling,A,Annual,HOUSE_D,Detached house,NAC,National currency,PL_CAP,Warszawa,2017,,8400,,,,,
dataflow,ESTAT:PRC_COLC_RENTS(1.0),Average rent per month in cities by type of dwelling,A,Annual,HOUSE_D,Detached house,NAC,National currency,PL_CAP,Warszawa,2018,,9250,,,,,
dataflow,ESTAT:PRC_COLC_RENTS(1.0),Average rent per month in cities by type of dwelling,A,Annual,HOUSE_D,Detached house,NAC,National currency,PL_CAP,Warszawa,2019,,7850,,,,,
dataflow,ESTAT:PRC_COLC_RENTS(1.0),Average rent per month in cities by type of dwelling,A,Annual,HOUSE_D,Detached house,NAC,National currency,PL_CAP,Warszawa,2020,,8350,,,,,
dataflow,ESTAT:PRC_COLC_RENTS(1.0),Average rent per month in cities by type of dwelling,A,Annual,HOUSE_D,Detached house,NAC,National currency,PL_CAP,Warszawa,2021,,9200,,,,,
dataflow,ESTAT:PRC_COLC_RENTS(1.0),Average rent per month in cities by type of dwelling,A,Annual,HOUSE_D,Detached house,NAC,National currency,PL_CAP,Warszawa,2022,,11100,,,,,
dataflow,ESTAT:PRC_COLC_RENTS(1.0),Average rent per month in cities by type of dwelling,A,Annual,HOUSE_D,Detached house,NAC,National currency,PL_CAP,Warszawa,2023,,13300,,,,,
dataflow,ESTAT:PRC_COLC_RENTS(1.0),Average rent per month in cities by type of dwelling,A,Annual,HOUSE_D,Detached house,NAC,National currency,PL_CAP,Warszawa,2024,,12700,,,,,
dataflow,ESTAT:PRC_COLC_RENTS(1.0),Average rent per month in cities by type of dwelling,A,Annual,HOUSE_D,Detached house,NAC,National currency,PL_CAP,Warszawa,2025,,12800,,,,,
dataflow,ESTAT:PRC_COLC_RENTS(1.0),Average rent per month in cities by type of dwelling,A,Annual,HOUSE_D,Detached house,NAC,National currency,PT_CAP,Lisboa,2016,,1800,,,,,
dataflow,ESTAT:PRC_COLC_RENTS(1.0),Average rent per month in cities by type of dwelling,A,Annual,HOUSE_D,Detached house,NAC,National currency,PT_CAP,Lisboa,2017,,2300,,,,,
dataflow,ESTAT:PRC_COLC_RENTS(1.0),Average rent per month in cities by type of dwelling,A,Annual,HOUSE_D,Detached house,NAC,National currency,PT_CAP,Lisboa,2018,,2500,,,,,
dataflow,ESTAT:PRC_COLC_RENTS(1.0),Average rent per month in cities by type of dwelling,A,Annual,HOUSE_D,Detached house,NAC,National currency,PT_CAP,Lisboa,2019,,3350,,,,,
dataflow,ESTAT:PRC_COLC_RENTS(1.0),Average rent per month in cities by type of dwelling,A,Annual,HOUSE_D,Detached house,NAC,National currency,PT_CAP,Lisboa,2020,,3400,,,,,
dataflow,ESTAT:PRC_COLC_RENTS(1.0),Average rent per month in cities by type of dwelling,A,Annual,HOUSE_D,Detached house,NAC,National currency,PT_CAP,Lisboa,2021,,3400,,,,,
dataflow,ESTAT:PRC_COLC_RENTS(1.0),Average rent per month in cities by type of dwelling,A,Annual,HOUSE_D,Detached house,NAC,National currency,PT_CAP,Lisboa,2022,,3750,,,,,
dataflow,ESTAT:PRC_COLC_RENTS(1.0),Average rent per month in cities by type of dwelling,A,Annual,HOUSE_D,Detached house,NAC,National currency,PT_CAP,Lisboa,2023,,4300,,,,,
dataflow,ESTAT:PRC_COLC_RENTS(1.0),Average rent per month in cities by type of dwelling,A,Annual,HOUSE_D,Detached house,NAC,National currency,PT_CAP,Lisboa,2024,,4250,,,,,
dataflow,ESTAT:PRC_COLC_RENTS(1.0),Average rent per month in cities by type of dwelling,A,Annual,HOUSE_D,Detached house,NAC,National currency,PT_CAP,Lisboa,2025,,4400,,,,,
dataflow,ESTAT:PRC_COLC_RENTS(1.0),Average rent per month in cities by type of dwelling,A,Annual,HOUSE_D,Detached house,NAC,National currency,RO_CAP,Bucuresti,2016,,7250,,,,,
dataflow,ESTAT:PRC_COLC_RENTS(1.0),Average rent per month in cities by type of dwelling,A,Annual,HOUSE_D,Detached house,NAC,National currency,RO_CAP,Bucuresti,2017,,7800,,,,,
dataflow,ESTAT:PRC_COLC_RENTS(1.0),Average rent per month in cities by type of dwelling,A,Annual,HOUSE_D,Detached house,NAC,National currency,RO_CAP,Bucuresti,2018,,7700,,,,,
dataflow,ESTAT:PRC_COLC_RENTS(1.0),Average rent per month in cities by type of dwelling,A,Annual,HOUSE_D,Detached house,NAC,National currency,RO_CAP,Bucuresti,2019,,7800,,,,,
dataflow,ESTAT:PRC_COLC_RENTS(1.0),Average rent per month in cities by type of dwelling,A,Annual,HOUSE_D,Detached house,NAC,National currency,RO_CAP,Bucuresti,2020,,8250,,,,,
dataflow,ESTAT:PRC_COLC_RENTS(1.0),Average rent per month in cities by type of dwelling,A,Annual,HOUSE_D,Detached house,NAC,National currency,RO_CAP,Bucuresti,2021,,7400,,,,,
dataflow,ESTAT:PRC_COLC_RENTS(1.0),Average rent per month in cities by type of dwelling,A,Annual,HOUSE_D,Detached house,NAC,National currency,RO_CAP,Bucuresti,2022,,9650,,,,,
dataflow,ESTAT:PRC_COLC_RENTS(1.0),Average rent per month in cities by type of dwelling,A,Annual,HOUSE_D,Detached house,NAC,National currency,RO_CAP,Bucuresti,2023,,9700,,,,,
dataflow,ESTAT:PRC_COLC_RENTS(1.0),Average rent per month in cities by type of dwelling,A,Annual,HOUSE_D,Detached house,NAC,National currency,RO_CAP,Bucuresti,2024,,10450,,,,,
dataflow,ESTAT:PRC_COLC_RENTS(1.0),Average rent per month in cities by type of dwelling,A,Annual,HOUSE_D,Detached house,NAC,National currency,RO_CAP,Bucuresti,2025,,11450,,,,,
dataflow,ESTAT:PRC_COLC_RENTS(1.0),Average rent per month in cities by type of dwelling,A,Annual,HOUSE_D,Detached house,NAC,National currency,RS_CAP,Beograd (Belgrade),2016,,266500,,,,,
dataflow,ESTAT:PRC_COLC_RENTS(1.0),Average rent per month in cities by type of dwelling,A,Annual,HOUSE_D,Detached house,NAC,National currency,RS_CAP,Beograd (Belgrade),2017,,285000,,,,,
dataflow,ESTAT:PRC_COLC_RENTS(1.0),Average rent per month in cities by type of dwelling,A,Annual,HOUSE_D,Detached house,NAC,National currency,RS_CAP,Beograd (Belgrade),2018,,336500,,,,,
dataflow,ESTAT:PRC_COLC_RENTS(1.0),Average rent per month in cities by type of dwelling,A,Annual,HOUSE_D,Detached house,NAC,National currency,RS_CAP,Beograd (Belgrade),2019,,342000,,,,,
dataflow,ESTAT:PRC_COLC_RENTS(1.0),Average rent per month in cities by type of dwelling,A,Annual,HOUSE_D,Detached house,NAC,National currency,RS_CAP,Beograd (Belgrade),2020,,341000,,,,,
dataflow,ESTAT:PRC_COLC_RENTS(1.0),Average rent per month in cities by type of dwelling,A,Annual,HOUSE_D,Detached house,NAC,National currency,RS_CAP,Beograd (Belgrade),2021,,317450,,,,,
dataflow,ESTAT:PRC_COLC_RENTS(1.0),Average rent per month in cities by type of dwelling,A,Annual,HOUSE_D,Detached house,NAC,National currency,RS_CAP,Beograd (Belgrade),2022,,387500,,,,,
dataflow,ESTAT:PRC_COLC_RENTS(1.0),Average rent per month in cities by type of dwelling,A,Annual,HOUSE_D,Detached house,NAC,National currency,RS_CAP,Beograd (Belgrade),2023,,428050,,,,,
dataflow,ESTAT:PRC_COLC_RENTS(1.0),Average rent per month in cities by type of dwelling,A,Annual,HOUSE_D,Detached house,NAC,National currency,RS_CAP,Beograd (Belgrade),2024,,363050,,,,,
dataflow,ESTAT:PRC_COLC_RENTS(1.0),Average rent per month in cities by type of dwelling,A,Annual,HOUSE_D,Detached house,NAC,National currency,RS_CAP,Beograd (Belgrade),2025,,381000,,,,,
dataflow,ESTAT:PRC_COLC_RENTS(1.0),Average rent per month in cities by type of dwelling,A,Annual,HOUSE_D,Detached house,NAC,National currency,SE_CAP,Stockholm,2016,,31500,,,,,
dataflow,ESTAT:PRC_COLC_RENTS(1.0),Average rent per month in cities by type of dwelling,A,Annual,HOUSE_D,Detached house,NAC,National currency,SE_CAP,Stockholm,2017,,35000,,,,,
dataflow,ESTAT:PRC_COLC_RENTS(1.0),Average rent per month in cities by type of dwelling,A,Annual,HOUSE_D,Detached house,NAC,National currency,SE_CAP,Stockholm,2018,,32300,,,,,
dataflow,ESTAT:PRC_COLC_RENTS(1.0),Average rent per month in cities by type of dwelling,A,Annual,HOUSE_D,Detached house,NAC,National currency,SE_CAP,Stockholm,2019,,33000,,,,,
dataflow,ESTAT:PRC_COLC_RENTS(1.0),Average rent per month in cities by type of dwelling,A,Annual,HOUSE_D,Detached house,NAC,National currency,SE_CAP,Stockholm,2020,,33600,,,,,
dataflow,ESTAT:PRC_COLC_RENTS(1.0),Average rent per month in cities by type of dwelling,A,Annual,HOUSE_D,Detached house,NAC,National currency,SE_CAP,Stockholm,2021,,34300,,,,,
dataflow,ESTAT:PRC_COLC_RENTS(1.0),Average rent per month in cities by type of dwelling,A,Annual,HOUSE_D,Detached house,NAC,National currency,SE_CAP,Stockholm,2022,,34150,,,,,
dataflow,ESTAT:PRC_COLC_RENTS(1.0),Average rent per month in cities by type of dwelling,A,Annual,HOUSE_D,Detached house,NAC,National currency,SE_CAP,Stockholm,2023,,36700,,,,,
dataflow,ESTAT:PRC_COLC_RENTS(1.0),Average rent per month in cities by type of dwelling,A,Annual,HOUSE_D,Detached house,NAC,National currency,SE_CAP,Stockholm,2024,,35600,,,,,
dataflow,ESTAT:PRC_COLC_RENTS(1.0),Average rent per month in cities by type of dwelling,A,Annual,HOUSE_D,Detached house,NAC,National currency,SE_CAP,Stockholm,2025,,35200,,,,,
dataflow,ESTAT:PRC_COLC_RENTS(1.0),Average rent per month in cities by type of dwelling,A,Annual,HOUSE_D,Detached house,NAC,National currency,SI_CAP,Ljubljana,2016,,1550,,,,,
dataflow,ESTAT:PRC_COLC_RENTS(1.0),Average rent per month in cities by type of dwelling,A,Annual,HOUSE_D,Detached house,NAC,National currency,SI_CAP,Ljubljana,2017,,1800,,,,,
dataflow,ESTAT:PRC_COLC_RENTS(1.0),Average rent per month in cities by type of dwelling,A,Annual,HOUSE_D,Detached house,NAC,National currency,SI_CAP,Ljubljana,2018,,1800,,,,,
dataflow,ESTAT:PRC_COLC_RENTS(1.0),Average rent per month in cities by type of dwelling,A,Annual,HOUSE_D,Detached house,NAC,National currency,SI_CAP,Ljubljana,2019,,2000,,,,,
dataflow,ESTAT:PRC_COLC_RENTS(1.0),Average rent per month in cities by type of dwelling,A,Annual,HOUSE_D,Detached house,NAC,National currency,SI_CAP,Ljubljana,2020,,1950,,,,,
dataflow,ESTAT:PRC_COLC_RENTS(1.0),Average rent per month in cities by type of dwelling,A,Annual,HOUSE_D,Detached house,NAC,National currency,SI_CAP,Ljubljana,2021,,2000,,,,,
dataflow,ESTAT:PRC_COLC_RENTS(1.0),Average rent per month in cities by type of dwelling,A,Annual,HOUSE_D,Detached house,NAC,National currency,SI_CAP,Ljubljana,2022,,2250,,,,,
dataflow,ESTAT:PRC_COLC_RENTS(1.0),Average rent per month in cities by type of dwelling,A,Annual,HOUSE_D,Detached house,NAC,National currency,SI_CAP,Ljubljana,2023,,2250,,,,,
dataflow,ESTAT:PRC_COLC_RENTS(1.0),Average rent per month in cities by type of dwelling,A,Annual,HOUSE_D,Detached house,NAC,National currency,SI_CAP,Ljubljana,2024,,2450,,,,,
dataflow,ESTAT:PRC_COLC_RENTS(1.0),Average rent per month in cities by type of dwelling,A,Annual,HOUSE_D,Detached house,NAC,National currency,SI_CAP,Ljubljana,2025,,2500,,,,,
dataflow,ESTAT:PRC_COLC_RENTS(1.0),Average rent per month in cities by type of dwelling,A,Annual,HOUSE_D,Detached house,NAC,National currency,SK_CAP,Bratislava,2016,,2000,,,,,
dataflow,ESTAT:PRC_COLC_RENTS(1.0),Average rent per month in cities by type of dwelling,A,Annual,HOUSE_D,Detached house,NAC,National currency,SK_CAP,Bratislava,2017,,2000,,,,,
dataflow,ESTAT:PRC_COLC_RENTS(1.0),Average rent per month in cities by type of dwelling,A,Annual,HOUSE_D,Detached house,NAC,National currency,SK_CAP,Bratislava,2018,,2000,,,,,
dataflow,ESTAT:PRC_COLC_RENTS(1.0),Average rent per month in cities by type of dwelling,A,Annual,HOUSE_D,Detached house,NAC,National currency,SK_CAP,Bratislava,2019,,1950,,,,,
dataflow,ESTAT:PRC_COLC_RENTS(1.0),Average rent per month in cities by type of dwelling,A,Annual,HOUSE_D,Detached house,NAC,National currency,SK_CAP,Bratislava,2020,,2000,,,,,
dataflow,ESTAT:PRC_COLC_RENTS(1.0),Average rent per month in cities by type of dwelling,A,Annual,HOUSE_D,Detached house,NAC,National currency,SK_CAP,Bratislava,2021,,2000,,,,,
dataflow,ESTAT:PRC_COLC_RENTS(1.0),Average rent per month in cities by type of dwelling,A,Annual,HOUSE_D,Detached house,NAC,National currency,SK_CAP,Bratislava,2022,,2150,,,,,
dataflow,ESTAT:PRC_COLC_RENTS(1.0),Average rent per month in cities by type of dwelling,A,Annual,HOUSE_D,Detached house,NAC,National currency,SK_CAP,Bratislava,2023,,2450,,,,,
dataflow,ESTAT:PRC_COLC_RENTS(1.0),Average rent per month in cities by type of dwelling,A,Annual,HOUSE_D,Detached house,NAC,National currency,SK_CAP,Bratislava,2024,,2600,,,,,
dataflow,ESTAT:PRC_COLC_RENTS(1.0),Average rent per month in cities by type of dwelling,A,Annual,HOUSE_D,Detached house,NAC,National currency,SK_CAP,Bratislava,2025,,2500,,,,,
dataflow,ESTAT:PRC_COLC_RENTS(1.0),Average rent per month in cities by type of dwelling,A,Annual,HOUSE_D,Detached house,NAC,National currency,TR_CAP,Ankara,2016,,3650,,,,,
dataflow,ESTAT:PRC_COLC_RENTS(1.0),Average rent per month in cities by type of dwelling,A,Annual,HOUSE_D,Detached house,NAC,National currency,TR_CAP,Ankara,2017,,4550,,,,,
dataflow,ESTAT:PRC_COLC_RENTS(1.0),Average rent per month in cities by type of dwelling,A,Annual,HOUSE_D,Detached house,NAC,National currency,TR_CAP,Ankara,2018,,4700,,,,,
dataflow,ESTAT:PRC_COLC_RENTS(1.0),Average rent per month in cities by type of dwelling,A,Annual,HOUSE_D,Detached house,NAC,National currency,TR_CAP,Ankara,2019,,5300,,,,,
dataflow,ESTAT:PRC_COLC_RENTS(1.0),Average rent per month in cities by type of dwelling,A,Annual,HOUSE_D,Detached house,NAC,National currency,TR_CAP,Ankara,2020,,5800,,,,,
dataflow,ESTAT:PRC_COLC_RENTS(1.0),Average rent per month in cities by type of dwelling,A,Annual,HOUSE_D,Detached house,NAC,National currency,TR_CAP,Ankara,2021,,7100,,,,,
dataflow,ESTAT:PRC_COLC_RENTS(1.0),Average rent per month in cities by type of dwelling,A,Annual,HOUSE_D,Detached house,NAC,National currency,TR_CAP,Ankara,2022,,16800,,,,,
dataflow,ESTAT:PRC_COLC_RENTS(1.0),Average rent per month in cities by type of dwelling,A,Annual,HOUSE_D,Detached house,NAC,National currency,TR_CAP,Ankara,2023,,40850,,,,,
dataflow,ESTAT:PRC_COLC_RENTS(1.0),Average rent per month in cities by type of dwelling,A,Annual,HOUSE_D,Detached house,NAC,National currency,TR_CAP,Ankara,2024,,72250,,,,,
dataflow,ESTAT:PRC_COLC_RENTS(1.0),Average rent per month in cities by type of dwelling,A,Annual,HOUSE_D,Detached house,NAC,National currency,TR_CAP,Ankara,2025,,119750,,,,,
dataflow,ESTAT:PRC_COLC_RENTS(1.0),Average rent per month in cities by type of dwelling,A,Annual,HOUSE_D,Detached house,NAC,National currency,UK_CAP,London,2016,,4350,,,,,
dataflow,ESTAT:PRC_COLC_RENTS(1.0),Average rent per month in cities by type of dwelling,A,Annual,HOUSE_D,Detached house,NAC,National currency,UK_CAP,London,2017,,4300,,,,,
dataflow,ESTAT:PRC_COLC_RENTS(1.0),Average rent per month in cities by type of dwelling,A,Annual,HOUSE_D,Detached house,NAC,National currency,UK_CAP,London,2018,,4150,,,,,
dataflow,ESTAT:PRC_COLC_RENTS(1.0),Average rent per month in cities by type of dwelling,A,Annual,HOUSE_D,Detached house,NAC,National currency,UK_CAP,London,2019,,4350,,,,,
dataflow,ESTAT:PRC_COLC_RENTS(1.0),Average rent per month in cities by type of dwelling,A,Annual,HOUSE_D,Detached house,NAC,National currency,UK_CAP,London,2020,,4400,,,,,
dataflow,ESTAT:PRC_COLC_RENTS(1.0),Average rent per month in cities by type of dwelling,A,Annual,HOUSE_D,Detached house,NAC,National currency,UK_CAP,London,2021,,3950,,,,,
dataflow,ESTAT:PRC_COLC_RENTS(1.0),Average rent per month in cities by type of dwelling,A,Annual,HOUSE_D,Detached house,NAC,National currency,UK_CAP,London,2022,,4800,,,,,
dataflow,ESTAT:PRC_COLC_RENTS(1.0),Average rent per month in cities by type of dwelling,A,Annual,HOUSE_D,Detached house,NAC,National currency,UK_CAP,London,2023,,4900,,,,,
dataflow,ESTAT:PRC_COLC_RENTS(1.0),Average rent per month in cities by type of dwelling,A,Annual,HOUSE_D,Detached house,NAC,National currency,UK_CAP,London,2024,,5100,,,,,
dataflow,ESTAT:PRC_COLC_RENTS(1.0),Average rent per month in cities by type of dwelling,A,Annual,HOUSE_D,Detached house,NAC,National currency,UK_CAP,London,2025,,5100,,,,,
dataflow,ESTAT:PRC_COLC_RENTS(1.0),Average rent per month in cities by type of dwelling,A,Annual,HOUSE_D,Detached house,NAC,National currency,UK_DEL,Culham,2016,,1700,,,,,
dataflow,ESTAT:PRC_COLC_RENTS(1.0),Average rent per month in cities by type of dwelling,A,Annual,HOUSE_D,Detached house,NAC,National currency,UK_DEL,Culham,2017,,1650,,,,,
dataflow,ESTAT:PRC_COLC_RENTS(1.0),Average rent per month in cities by type of dwelling,A,Annual,HOUSE_D,Detached house,NAC,National currency,UK_DEL,Culham,2018,,1550,,,,,
dataflow,ESTAT:PRC_COLC_RENTS(1.0),Average rent per month in cities by type of dwelling,A,Annual,HOUSE_D,Detached house,NAC,National currency,UK_DEL,Culham,2019,,1600,,,,,
dataflow,ESTAT:PRC_COLC_RENTS(1.0),Average rent per month in cities by type of dwelling,A,Annual,HOUSE_D,Detached house,NAC,National currency,UK_DEL,Culham,2020,,1650,,,,,
dataflow,ESTAT:PRC_COLC_RENTS(1.0),Average rent per month in cities by type of dwelling,A,Annual,HOUSE_D,Detached house,NAC,National currency,UK_DEL,Culham,2021,,1750,,,,,
dataflow,ESTAT:PRC_COLC_RENTS(1.0),Average rent per month in cities by type of dwelling,A,Annual,HOUSE_D,Detached house,NAC,National currency,XK_CAP,Prishtinë,2021,,1000,,,,,
dataflow,ESTAT:PRC_COLC_RENTS(1.0),Average rent per month in cities by type of dwelling,A,Annual,HOUSE_D,Detached house,NAC,National currency,XK_CAP,Prishtinë,2022,,1200,,,,,
dataflow,ESTAT:PRC_COLC_RENTS(1.0),Average rent per month in cities by type of dwelling,A,Annual,HOUSE_D,Detached house,NAC,National currency,XK_CAP,Prishtinë,2023,,1300,,,,,
dataflow,ESTAT:PRC_COLC_RENTS(1.0),Average rent per month in cities by type of dwelling,A,Annual,HOUSE_D,Detached house,NAC,National currency,XK_CAP,Prishtinë,2024,,1350,,,,,
dataflow,ESTAT:PRC_COLC_RENTS(1.0),Average rent per month in cities by type of dwelling,A,Annual,HOUSE_D,Detached house,NAC,National currency,XK_CAP,Prishtinë,2025,,1500,,,,,
dataflow,ESTAT:PRC_COLC_RENTS(1.0),Average rent per month in cities by type of dwelling,A,Annual,HOUSE_ND,Non-detached house,EUR,Euro,AT_CAP,Wien,2016,,1750,,,,,
dataflow,ESTAT:PRC_COLC_RENTS(1.0),Average rent per month in cities by type of dwelling,A,Annual,HOUSE_ND,Non-detached house,EUR,Euro,AT_CAP,Wien,2017,,1850,,,,,
dataflow,ESTAT:PRC_COLC_RENTS(1.0),Average rent per month in cities by type of dwelling,A,Annual,HOUSE_ND,Non-detached house,EUR,Euro,AT_CAP,Wien,2018,,1850,,,,,
dataflow,ESTAT:PRC_COLC_RENTS(1.0),Average rent per month in cities by type of dwelling,A,Annual,HOUSE_ND,Non-detached house,EUR,Euro,AT_CAP,Wien,2019,,1950,,,,,
dataflow,ESTAT:PRC_COLC_RENTS(1.0),Average rent per month in cities by type of dwelling,A,Annual,HOUSE_ND,Non-detached house,EUR,Euro,AT_CAP,Wien,2020,,2050,,,,,
dataflow,ESTAT:PRC_COLC_RENTS(1.0),Average rent per month in cities by type of dwelling,A,Annual,HOUSE_ND,Non-detached house,EUR,Euro,AT_CAP,Wien,2021,,2100,,,,,
dataflow,ESTAT:PRC_COLC_RENTS(1.0),Average rent per month in cities by type of dwelling,A,Annual,HOUSE_ND,Non-detached house,EUR,Euro,AT_CAP,Wien,2022,,2150,,,,,
dataflow,ESTAT:PRC_COLC_RENTS(1.0),Average rent per month in cities by type of dwelling,A,Annual,HOUSE_ND,Non-detached house,EUR,Euro,AT_CAP,Wien,2023,,2350,,,,,
dataflow,ESTAT:PRC_COLC_RENTS(1.0),Average rent per month in cities by type of dwelling,A,Annual,HOUSE_ND,Non-detached house,EUR,Euro,AT_CAP,Wien,2024,,2450,,,,,
dataflow,ESTAT:PRC_COLC_RENTS(1.0),Average rent per month in cities by type of dwelling,A,Annual,HOUSE_ND,Non-detached house,EUR,Euro,AT_CAP,Wien,2025,,2500,,,,,
dataflow,ESTAT:PRC_COLC_RENTS(1.0),Average rent per month in cities by type of dwelling,A,Annual,HOUSE_ND,Non-detached house,EUR,Euro,BA_CAP,Sarajevo,2016,,740,,,,,
dataflow,ESTAT:PRC_COLC_RENTS(1.0),Average rent per month in cities by type of dwelling,A,Annual,HOUSE_ND,Non-detached house,EUR,Euro,BA_CAP,Sarajevo,2017,,870,,,,,
dataflow,ESTAT:PRC_COLC_RENTS(1.0),Average rent per month in cities by type of dwelling,A,Annual,HOUSE_ND,Non-detached house,EUR,Euro,BA_CAP,Sarajevo,2018,,840,,,,,
dataflow,ESTAT:PRC_COLC_RENTS(1.0),Average rent per month in cities by type of dwelling,A,Annual,HOUSE_ND,Non-detached house,EUR,Euro,BA_CAP,Sarajevo,2019,,900,,,,,
dataflow,ESTAT:PRC_COLC_RENTS(1.0),Average rent per month in cities by type of dwelling,A,Annual,HOUSE_ND,Non-detached house,EUR,Euro,BA_CAP,Sarajevo,2020,,900,,,,,
dataflow,ESTAT:PRC_COLC_RENTS(1.0),Average rent per month in cities by type of dwelling,A,Annual,HOUSE_ND,Non-detached house,EUR,Euro,BA_CAP,Sarajevo,2021,,900,,,,,
dataflow,ESTAT:PRC_COLC_RENTS(1.0),Average rent per month in cities by type of dwelling,A,Annual,HOUSE_ND,Non-detached house,EUR,Euro,BA_CAP,Sarajevo,2022,,1150,,,,,
dataflow,ESTAT:PRC_COLC_RENTS(1.0),Average rent per month in cities by type of dwelling,A,Annual,HOUSE_ND,Non-detached house,EUR,Euro,BA_CAP,Sarajevo,2023,,1300,,,,,
dataflow,ESTAT:PRC_COLC_RENTS(1.0),Average rent per month in cities by type of dwelling,A,Annual,HOUSE_ND,Non-detached house,EUR,Euro,BA_CAP,Sarajevo,2024,,1750,,,,,
dataflow,ESTAT:PRC_COLC_RENTS(1.0),Average rent per month in cities by type of dwelling,A,Annual,HOUSE_ND,Non-detached house,EUR,Euro,BA_CAP,Sarajevo,2025,,1700,,,,,
dataflow,ESTAT:PRC_COLC_RENTS(1.0),Average rent per month in cities by type of dwelling,A,Annual,HOUSE_ND,Non-detached house,EUR,Euro,BE_CAP,Bruxelles/Brussel,2016,,1450,,,,,
dataflow,ESTAT:PRC_COLC_RENTS(1.0),Average rent per month in cities by type of dwelling,A,Annual,HOUSE_ND,Non-detached house,EUR,Euro,BE_CAP,Bruxelles/Brussel,2017,,1350,,,,,
dataflow,ESTAT:PRC_COLC_RENTS(1.0),Average rent per month in cities by type of dwelling,A,Annual,HOUSE_ND,Non-detached house,EUR,Euro,BE_CAP,Bruxelles/Brussel,2018,,1400,,,,,
dataflow,ESTAT:PRC_COLC_RENTS(1.0),Average rent per month in cities by type of dwelling,A,Annual,HOUSE_ND,Non-detached house,EUR,Euro,BE_CAP,Bruxelles/Brussel,2019,,1450,,,,,
dataflow,ESTAT:PRC_COLC_RENTS(1.0),Average rent per month in cities by type of dwelling,A,Annual,HOUSE_ND,Non-detached house,EUR,Euro,BE_CAP,Bruxelles/Brussel,2020,,1450,,,,,
dataflow,ESTAT:PRC_COLC_RENTS(1.0),Average rent per month in cities by type of dwelling,A,Annual,HOUSE_ND,Non-detached house,EUR,Euro,BE_CAP,Bruxelles/Brussel,2021,,1600,,,,,
dataflow,ESTAT:PRC_COLC_RENTS(1.0),Average rent per month in cities by type of dwelling,A,Annual,HOUSE_ND,Non-detached house,EUR,Euro,BE_CAP,Bruxelles/Brussel,2022,,1800,,,,,
dataflow,ESTAT:PRC_COLC_RENTS(1.0),Average rent per month in cities by type of dwelling,A,Annual,HOUSE_ND,Non-detached house,EUR,Euro,BE_CAP,Bruxelles/Brussel,2023,,1700,,,,,
dataflow,ESTAT:PRC_COLC_RENTS(1.0),Average rent per month in cities by type of dwelling,A,Annual,HOUSE_ND,Non-detached house,EUR,Euro,BE_CAP,Bruxelles/Brussel,2024,,1900,,,,,
dataflow,ESTAT:PRC_COLC_RENTS(1.0),Average rent per month in cities by type of dwelling,A,Annual,HOUSE_ND,Non-detached house,EUR,Euro,BE_CAP,Bruxelles/Brussel,2025,,2000,,,,,
dataflow,ESTAT:PRC_COLC_RENTS(1.0),Average rent per month in cities by type of dwelling,A,Annual,HOUSE_ND,Non-detached house,EUR,Euro,CH_CAP,Bern (Berne),2016,,2700,,,,,
dataflow,ESTAT:PRC_COLC_RENTS(1.0),Average rent per month in cities by type of dwelling,A,Annual,HOUSE_ND,Non-detached house,EUR,Euro,CH_CAP,Bern (Berne),2017,,2500,,,,,
dataflow,ESTAT:PRC_COLC_RENTS(1.0),Average rent per month in cities by type of dwelling,A,Annual,HOUSE_ND,Non-detached house,EUR,Euro,CH_CAP,Bern (Berne),2018,,2400,,,,,
dataflow,ESTAT:PRC_COLC_RENTS(1.0),Average rent per month in cities by type of dwelling,A,Annual,HOUSE_ND,Non-detached house,EUR,Euro,CH_CAP,Bern (Berne),2019,,2450,,,,,
dataflow,ESTAT:PRC_COLC_RENTS(1.0),Average rent per month in cities by type of dwelling,A,Annual,HOUSE_ND,Non-detached house,EUR,Euro,CH_CAP,Bern (Berne),2020,,2550,,,,,
dataflow,ESTAT:PRC_COLC_RENTS(1.0),Average rent per month in cities by type of dwelling,A,Annual,HOUSE_ND,Non-detached house,EUR,Euro,CH_CAP,Bern (Berne),2021,,2500,,,,,
dataflow,ESTAT:PRC_COLC_RENTS(1.0),Average rent per month in cities by type of dwelling,A,Annual,HOUSE_ND,Non-detached house,EUR,Euro,CH_CAP,Bern (Berne),2022,,2800,,,,,
dataflow,ESTAT:PRC_COLC_RENTS(1.0),Average rent per month in cities by type of dwelling,A,Annual,HOUSE_ND,Non-detached house,EUR,Euro,CH_CAP,Bern (Berne),2023,,3100,,,,,
dataflow,ESTAT:PRC_COLC_RENTS(1.0),Average rent per month in cities by type of dwelling,A,Annual,HOUSE_ND,Non-detached house,EUR,Euro,CH_CAP,Bern (Berne),2024,,3200,,,,,
dataflow,ESTAT:PRC_COLC_RENTS(1.0),Average rent per month in cities by type of dwelling,A,Annual,HOUSE_ND,Non-detached house,EUR,Euro,CH_CAP,Bern (Berne),2025,,3400,,,,,
dataflow,ESTAT:PRC_COLC_RENTS(1.0),Average rent per month in cities by type of dwelling,A,Annual,HOUSE_ND,Non-detached house,EUR,Euro,CH_DEL,Genève,2016,,4000,,,,,
dataflow,ESTAT:PRC_COLC_RENTS(1.0),Average rent per month in cities by type of dwelling,A,Annual,HOUSE_ND,Non-detached house,EUR,Euro,CH_DEL,Genève,2017,,3800,,,,,
dataflow,ESTAT:PRC_COLC_RENTS(1.0),Average rent per month in cities by type of dwelling,A,Annual,HOUSE_ND,Non-detached house,EUR,Euro,CH_DEL,Genève,2018,,3650,,,,,
dataflow,ESTAT:PRC_COLC_RENTS(1.0),Average rent per month in cities by type of dwelling,A,Annual,HOUSE_ND,Non-detached house,EUR,Euro,CH_DEL,Genève,2019,,3800,,,,,
dataflow,ESTAT:PRC_COLC_RENTS(1.0),Average rent per month in cities by type of dwelling,A,Annual,HOUSE_ND,Non-detached house,EUR,Euro,CH_DEL,Genève,2020,,4000,,,,,
dataflow,ESTAT:PRC_COLC_RENTS(1.0),Average rent per month in cities by type of dwelling,A,Annual,HOUSE_ND,Non-detached house,EUR,Euro,CH_DEL,Genève,2021,,4000,,,,,
dataflow,ESTAT:PRC_COLC_RENTS(1.0),Average rent per month in cities by type of dwelling,A,Annual,HOUSE_ND,Non-detached house,EUR,Euro,CH_DEL,Genève,2022,,4600,,,,,
dataflow,ESTAT:PRC_COLC_RENTS(1.0),Average rent per month in cities by type of dwelling,A,Annual,HOUSE_ND,Non-detached house,EUR,Euro,CH_DEL,Genève,2023,,4550,,,,,
dataflow,ESTAT:PRC_COLC_RENTS(1.0),Average rent per month in cities by type of dwelling,A,Annual,HOUSE_ND,Non-detached house,EUR,Euro,CH_DEL,Genève,2024,,4950,,,,,
dataflow,ESTAT:PRC_COLC_RENTS(1.0),Average rent per month in cities by type of dwelling,A,Annual,HOUSE_ND,Non-detached house,EUR,Euro,CH_DEL,Genève,2025,,5250,,,,,
dataflow,ESTAT:PRC_COLC_RENTS(1.0),Average rent per month in cities by type of dwelling,A,Annual,HOUSE_ND,Non-detached house,EUR,Euro,CY_CAP,Lefkosia,2016,,860,,,,,
dataflow,ESTAT:PRC_COLC_RENTS(1.0),Average rent per month in cities by type of dwelling,A,Annual,HOUSE_ND,Non-detached house,EUR,Euro,CY_CAP,Lefkosia,2017,,870,,,,,
dataflow,ESTAT:PRC_COLC_RENTS(1.0),Average rent per month in cities by type of dwelling,A,Annual,HOUSE_ND,Non-detached house,EUR,Euro,CY_CAP,Lefkosia,2018,,1100,,,,,
dataflow,ESTAT:PRC_COLC_RENTS(1.0),Average rent per month in cities by type of dwelling,A,Annual,HOUSE_ND,Non-detached house,EUR,Euro,CY_CAP,Lefkosia,2019,,1150,,,,,
dataflow,ESTAT:PRC_COLC_RENTS(1.0),Average rent per month in cities by type of dwelling,A,Annual,HOUSE_ND,Non-detached house,EUR,Euro,CY_CAP,Lefkosia,2020,,1150,,,,,
dataflow,ESTAT:PRC_COLC_RENTS(1.0),Average rent per month in cities by type of dwelling,A,Annual,HOUSE_ND,Non-detached house,EUR,Euro,CY_CAP,Lefkosia,2021,,1100,,,,,
dataflow,ESTAT:PRC_COLC_RENTS(1.0),Average rent per month in cities by type of dwelling,A,Annual,HOUSE_ND,Non-detached house,EUR,Euro,CY_CAP,Lefkosia,2022,,1250,,,,,
dataflow,ESTAT:PRC_COLC_RENTS(1.0),Average rent per month in cities by type of dwelling,A,Annual,HOUSE_ND,Non-detached house,EUR,Euro,CY_CAP,Lefkosia,2023,,1350,,,,,
dataflow,ESTAT:PRC_COLC_RENTS(1.0),Average rent per month in cities by type of dwelling,A,Annual,HOUSE_ND,Non-detached house,EUR,Euro,CY_CAP,Lefkosia,2024,,1350,,,,,
dataflow,ESTAT:PRC_COLC_RENTS(1.0),Average rent per month in cities by type of dwelling,A,Annual,HOUSE_ND,Non-detached house,EUR,Euro,CY_CAP,Lefkosia,2025,,1350,,,,,
dataflow,ESTAT:PRC_COLC_RENTS(1.0),Average rent per month in cities by type of dwelling,A,Annual,HOUSE_ND,Non-detached house,EUR,Euro,CZ_CAP,Praha,2016,,1300,,,,,
dataflow,ESTAT:PRC_COLC_RENTS(1.0),Average rent per month in cities by type of dwelling,A,Annual,HOUSE_ND,Non-detached house,EUR,Euro,CZ_CAP,Praha,2017,,1550,,,,,
dataflow,ESTAT:PRC_COLC_RENTS(1.0),Average rent per month in cities by type of dwelling,A,Annual,HOUSE_ND,Non-detached house,EUR,Euro,CZ_CAP,Praha,2018,,1700,,,,,
dataflow,ESTAT:PRC_COLC_RENTS(1.0),Average rent per month in cities by type of dwelling,A,Annual,HOUSE_ND,Non-detached house,EUR,Euro,CZ_CAP,Praha,2019,,1800,,,,,
dataflow,ESTAT:PRC_COLC_RENTS(1.0),Average rent per month in cities by type of dwelling,A,Annual,HOUSE_ND,Non-detached house,EUR,Euro,CZ_CAP,Praha,2020,,1750,,,,,
dataflow,ESTAT:PRC_COLC_RENTS(1.0),Average rent per month in cities by type of dwelling,A,Annual,HOUSE_ND,Non-detached house,EUR,Euro,CZ_CAP,Praha,2021,,1600,,,,,
dataflow,ESTAT:PRC_COLC_RENTS(1.0),Average rent per month in cities by type of dwelling,A,Annual,HOUSE_ND,Non-detached house,EUR,Euro,CZ_CAP,Praha,2022,,1800,,,,,
dataflow,ESTAT:PRC_COLC_RENTS(1.0),Average rent per month in cities by type of dwelling,A,Annual,HOUSE_ND,Non-detached house,EUR,Euro,CZ_CAP,Praha,2023,,2000,,,,,
dataflow,ESTAT:PRC_COLC_RENTS(1.0),Average rent per month in cities by type of dwelling,A,Annual,HOUSE_ND,Non-detached house,EUR,Euro,CZ_CAP,Praha,2024,,2050,,,,,
dataflow,ESTAT:PRC_COLC_RENTS(1.0),Average rent per month in cities by type of dwelling,A,Annual,HOUSE_ND,Non-detached house,EUR,Euro,CZ_CAP,Praha,2025,,2000,,,,,
dataflow,ESTAT:PRC_COLC_RENTS(1.0),Average rent per month in cities by type of dwelling,A,Annual,HOUSE_ND,Non-detached house,EUR,Euro,DE_CAP,Berlin,2016,,1600,,,,,
dataflow,ESTAT:PRC_COLC_RENTS(1.0),Average rent per month in cities by type of dwelling,A,Annual,HOUSE_ND,Non-detached house,EUR,Euro,DE_CAP,Berlin,2017,,1650,,,,,
dataflow,ESTAT:PRC_COLC_RENTS(1.0),Average rent per month in cities by type of dwelling,A,Annual,HOUSE_ND,Non-detached house,EUR,Euro,DE_CAP,Berlin,2018,,1750,,,,,
dataflow,ESTAT:PRC_COLC_RENTS(1.0),Average rent per month in cities by type of dwelling,A,Annual,HOUSE_ND,Non-detached house,EUR,Euro,DE_CAP,Berlin,2019,,1850,,,,,
dataflow,ESTAT:PRC_COLC_RENTS(1.0),Average rent per month in cities by type of dwelling,A,Annual,HOUSE_ND,Non-detached house,EUR,Euro,DE_CAP,Berlin,2020,,1900,,,,,
dataflow,ESTAT:PRC_COLC_RENTS(1.0),Average rent per month in cities by type of dwelling,A,Annual,HOUSE_ND,Non-detached house,EUR,Euro,DE_CAP,Berlin,2021,,1900,,,,,
dataflow,ESTAT:PRC_COLC_RENTS(1.0),Average rent per month in cities by type of dwelling,A,Annual,HOUSE_ND,Non-detached house,EUR,Euro,DE_CAP,Berlin,2022,,1950,,,,,
dataflow,ESTAT:PRC_COLC_RENTS(1.0),Average rent per month in cities by type of dwelling,A,Annual,HOUSE_ND,Non-detached house,EUR,Euro,DE_CAP,Berlin,2023,,2200,,,,,
dataflow,ESTAT:PRC_COLC_RENTS(1.0),Average rent per month in cities by type of dwelling,A,Annual,HOUSE_ND,Non-detached house,EUR,Euro,DE_CAP,Berlin,2024,,2400,,,,,
dataflow,ESTAT:PRC_COLC_RENTS(1.0),Average rent per month in cities by type of dwelling,A,Annual,HOUSE_ND,Non-detached house,EUR,Euro,DE_CAP,Berlin,2025,,2450,,,,,
dataflow,ESTAT:PRC_COLC_RENTS(1.0),Average rent per month in cities by type of dwelling,A,Annual,HOUSE_ND,Non-detached house,EUR,Euro,DE_DEL1,Karlsruhe,2016,,1400,,,,,
dataflow,ESTAT:PRC_COLC_RENTS(1.0),Average rent per month in cities by type of dwelling,A,Annual,HOUSE_ND,Non-detached house,EUR,Euro,DE_DEL1,Karlsruhe,2017,,1400,,,,,
dataflow,ESTAT:PRC_COLC_RENTS(1.0),Average rent per month in cities by type of dwelling,A,Annual,HOUSE_ND,Non-detached house,EUR,Euro,DE_DEL1,Karlsruhe,2018,,1400,,,,,
dataflow,ESTAT:PRC_COLC_RENTS(1.0),Average rent per month in cities by type of dwelling,A,Annual,HOUSE_ND,Non-detached house,EUR,Euro,DE_DEL1,Karlsruhe,2019,,1450,,,,,
dataflow,ESTAT:PRC_COLC_RENTS(1.0),Average rent per month in cities by type of dwelling,A,Annual,HOUSE_ND,Non-detached house,EUR,Euro,DE_DEL1,Karlsruhe,2020,,1500,,,,,
dataflow,ESTAT:PRC_COLC_RENTS(1.0),Average rent per month in cities by type of dwelling,A,Annual,HOUSE_ND,Non-detached house,EUR,Euro,DE_DEL1,Karlsruhe,2021,,1400,,,,,
dataflow,ESTAT:PRC_COLC_RENTS(1.0),Average rent per month in cities by type of dwelling,A,Annual,HOUSE_ND,Non-detached house,EUR,Euro,DE_DEL1,Karlsruhe,2022,,1450,,,,,
dataflow,ESTAT:PRC_COLC_RENTS(1.0),Average rent per month in cities by type of dwelling,A,Annual,HOUSE_ND,Non-detached house,EUR,Euro,DE_DEL1,Karlsruhe,2023,,1600,,,,,
dataflow,ESTAT:PRC_COLC_RENTS(1.0),Average rent per month in cities by type of dwelling,A,Annual,HOUSE_ND,Non-detached house,EUR,Euro,DE_DEL2,München,2016,,2100,,,,,
dataflow,ESTAT:PRC_COLC_RENTS(1.0),Average rent per month in cities by type of dwelling,A,Annual,HOUSE_ND,Non-detached house,EUR,Euro,DE_DEL2,München,2017,,2350,,,,,
dataflow,ESTAT:PRC_COLC_RENTS(1.0),Average rent per month in cities by type of dwelling,A,Annual,HOUSE_ND,Non-detached house,EUR,Euro,DE_DEL2,München,2018,,2450,,,,,
dataflow,ESTAT:PRC_COLC_RENTS(1.0),Average rent per month in cities by type of dwelling,A,Annual,HOUSE_ND,Non-detached house,EUR,Euro,DE_DEL2,München,2019,,2600,,,,,
dataflow,ESTAT:PRC_COLC_RENTS(1.0),Average rent per month in cities by type of dwelling,A,Annual,HOUSE_ND,Non-detached house,EUR,Euro,DE_DEL2,München,2020,,2650,,,,,
dataflow,ESTAT:PRC_COLC_RENTS(1.0),Average rent per month in cities by type of dwelling,A,Annual,HOUSE_ND,Non-detached house,EUR,Euro,DE_DEL2,München,2021,,2350,,,,,
dataflow,ESTAT:PRC_COLC_RENTS(1.0),Average rent per month in cities by type of dwelling,A,Annual,HOUSE_ND,Non-detached house,EUR,Euro,DE_DEL2,München,2022,,2650,,,,,
dataflow,ESTAT:PRC_COLC_RENTS(1.0),Average rent per month in cities by type of dwelling,A,Annual,HOUSE_ND,Non-detached house,EUR,Euro,DE_DEL2,München,2023,,2650,,,,,
dataflow,ESTAT:PRC_COLC_RENTS(1.0),Average rent per month in cities by type of dwelling,A,Annual,HOUSE_ND,Non-detached house,EUR,Euro,DE_DEL2,München,2024,,2900,,,,,
dataflow,ESTAT:PRC_COLC_RENTS(1.0),Average rent per month in cities by type of dwelling,A,Annual,HOUSE_ND,Non-detached house,EUR,Euro,DE_DEL2,München,2025,,2900,,,,,
dataflow,ESTAT:PRC_COLC_RENTS(1.0),Average rent per month in cities by type of dwelling,A,Annual,HOUSE_ND,Non-detached house,EUR,Euro,DE_DEL3,Bonn,2016,,1350,,,,,
dataflow,ESTAT:PRC_COLC_RENTS(1.0),Average rent per month in cities by type of dwelling,A,Annual,HOUSE_ND,Non-detached house,EUR,Euro,DE_DEL3,Bonn,2017,,1250,,,,,
dataflow,ESTAT:PRC_COLC_RENTS(1.0),Average rent per month in cities by type of dwelling,A,Annual,HOUSE_ND,Non-detached house,EUR,Euro,DE_DEL3,Bonn,2018,,1350,,,,,
dataflow,ESTAT:PRC_COLC_RENTS(1.0),Average rent per month in cities by type of dwelling,A,Annual,HOUSE_ND,Non-detached house,EUR,Euro,DE_DEL3,Bonn,2019,,1350,,,,,
dataflow,ESTAT:PRC_COLC_RENTS(1.0),Average rent per month in cities by type of dwelling,A,Annual,HOUSE_ND,Non-detached house,EUR,Euro,DE_DEL3,Bonn,2020,,1400,,,,,
dataflow,ESTAT:PRC_COLC_RENTS(1.0),Average rent per month in cities by type of dwelling,A,Annual,HOUSE_ND,Non-detached house,EUR,Euro,DK_CAP,København,2016,,2400,,,,,
dataflow,ESTAT:PRC_COLC_RENTS(1.0),Average rent per month in cities by type of dwelling,A,Annual,HOUSE_ND,Non-detached house,EUR,Euro,DK_CAP,København,2017,,2550,,,,,
dataflow,ESTAT:PRC_COLC_RENTS(1.0),Average rent per month in cities by type of dwelling,A,Annual,HOUSE_ND,Non-detached house,EUR,Euro,DK_CAP,København,2018,,2600,,,,,
dataflow,ESTAT:PRC_COLC_RENTS(1.0),Average rent per month in cities by type of dwelling,A,Annual,HOUSE_ND,Non-detached house,EUR,Euro,DK_CAP,København,2019,,2650,,,,,
dataflow,ESTAT:PRC_COLC_RENTS(1.0),Average rent per month in cities by type of dwelling,A,Annual,HOUSE_ND,Non-detached house,EUR,Euro,DK_CAP,København,2020,,2650,,,,,
dataflow,ESTAT:PRC_COLC_RENTS(1.0),Average rent per month in cities by type of dwelling,A,Annual,HOUSE_ND,Non-detached house,EUR,Euro,DK_CAP,København,2021,,2650,,,,,
dataflow,ESTAT:PRC_COLC_RENTS(1.0),Average rent per month in cities by type of dwelling,A,Annual,HOUSE_ND,Non-detached house,EUR,Euro,DK_CAP,København,2022,,2600,,,,,
dataflow,ESTAT:PRC_COLC_RENTS(1.0),Average rent per month in cities by type of dwelling,A,Annual,HOUSE_ND,Non-detached house,EUR,Euro,DK_CAP,København,2023,,2850,,,,,
dataflow,ESTAT:PRC_COLC_RENTS(1.0),Average rent per month in cities by type of dwelling,A,Annual,HOUSE_ND,Non-detached house,EUR,Euro,DK_CAP,København,2024,,3150,,,,,
dataflow,ESTAT:PRC_COLC_RENTS(1.0),Average rent per month in cities by type of dwelling,A,Annual,HOUSE_ND,Non-detached house,EUR,Euro,DK_CAP,København,2025,,3250,,,,,
dataflow,ESTAT:PRC_COLC_RENTS(1.0),Average rent per month in cities by type of dwelling,A,Annual,HOUSE_ND,Non-detached house,EUR,Euro,EE_CAP,Tallinn,2016,,1100,,,,,
dataflow,ESTAT:PRC_COLC_RENTS(1.0),Average rent per month in cities by type of dwelling,A,Annual,HOUSE_ND,Non-detached house,EUR,Euro,EE_CAP,Tallinn,2017,,1200,,,,,
dataflow,ESTAT:PRC_COLC_RENTS(1.0),Average rent per month in cities by type of dwelling,A,Annual,HOUSE_ND,Non-detached house,EUR,Euro,EE_CAP,Tallinn,2018,,1250,,,,,
dataflow,ESTAT:PRC_COLC_RENTS(1.0),Average rent per month in cities by type of dwelling,A,Annual,HOUSE_ND,Non-detached house,EUR,Euro,EE_CAP,Tallinn,2019,,1300,,,,,
dataflow,ESTAT:PRC_COLC_RENTS(1.0),Average rent per month in cities by type of dwelling,A,Annual,HOUSE_ND,Non-detached house,EUR,Euro,EE_CAP,Tallinn,2020,,1150,,,,,
dataflow,ESTAT:PRC_COLC_RENTS(1.0),Average rent per month in cities by type of dwelling,A,Annual,HOUSE_ND,Non-detached house,EUR,Euro,EE_CAP,Tallinn,2021,,1300,,,,,
dataflow,ESTAT:PRC_COLC_RENTS(1.0),Average rent per month in cities by type of dwelling,A,Annual,HOUSE_ND,Non-detached house,EUR,Euro,EE_CAP,Tallinn,2022,,1650,,,,,
dataflow,ESTAT:PRC_COLC_RENTS(1.0),Average rent per month in cities by type of dwelling,A,Annual,HOUSE_ND,Non-detached house,EUR,Euro,EE_CAP,Tallinn,2023,,1750,,,,,
dataflow,ESTAT:PRC_COLC_RENTS(1.0),Average rent per month in cities by type of dwelling,A,Annual,HOUSE_ND,Non-detached house,EUR,Euro,EE_CAP,Tallinn,2024,,1650,,,,,
dataflow,ESTAT:PRC_COLC_RENTS(1.0),Average rent per month in cities by type of dwelling,A,Annual,HOUSE_ND,Non-detached house,EUR,Euro,EE_CAP,Tallinn,2025,,1800,,,,,
dataflow,ESTAT:PRC_COLC_RENTS(1.0),Average rent per month in cities by type of dwelling,A,Annual,HOUSE_ND,Non-detached house,EUR,Euro,EL_CAP,Athina,2016,,1250,,,,,
dataflow,ESTAT:PRC_COLC_RENTS(1.0),Average rent per month in cities by type of dwelling,A,Annual,HOUSE_ND,Non-detached house,EUR,Euro,EL_CAP,Athina,2017,,1400,,,,,
dataflow,ESTAT:PRC_COLC_RENTS(1.0),Average rent per month in cities by type of dwelling,A,Annual,HOUSE_ND,Non-detached house,EUR,Euro,EL_CAP,Athina,2018,,1450,,,,,
dataflow,ESTAT:PRC_COLC_RENTS(1.0),Average rent per month in cities by type of dwelling,A,Annual,HOUSE_ND,Non-detached house,EUR,Euro,EL_CAP,Athina,2019,,1600,,,,,
dataflow,ESTAT:PRC_COLC_RENTS(1.0),Average rent per month in cities by type of dwelling,A,Annual,HOUSE_ND,Non-detached house,EUR,Euro,EL_CAP,Athina,2020,,1600,,,,,
dataflow,ESTAT:PRC_COLC_RENTS(1.0),Average rent per month in cities by type of dwelling,A,Annual,HOUSE_ND,Non-detached house,EUR,Euro,EL_CAP,Athina,2021,,1700,,,,,
dataflow,ESTAT:PRC_COLC_RENTS(1.0),Average rent per month in cities by type of dwelling,A,Annual,HOUSE_ND,Non-detached house,EUR,Euro,EL_CAP,Athina,2022,,1900,,,,,
dataflow,ESTAT:PRC_COLC_RENTS(1.0),Average rent per month in cities by type of dwelling,A,Annual,HOUSE_ND,Non-detached house,EUR,Euro,EL_CAP,Athina,2023,,2100,,,,,
dataflow,ESTAT:PRC_COLC_RENTS(1.0),Average rent per month in cities by type of dwelling,A,Annual,HOUSE_ND,Non-detached house,EUR,Euro,EL_CAP,Athina,2024,,2300,,,,,
dataflow,ESTAT:PRC_COLC_RENTS(1.0),Average rent per month in cities by type of dwelling,A,Annual,HOUSE_ND,Non-detached house,EUR,Euro,EL_CAP,Athina,2025,,2400,,,,,
dataflow,ESTAT:PRC_COLC_RENTS(1.0),Average rent per month in cities by type of dwelling,A,Annual,HOUSE_ND,Non-detached house,EUR,Euro,ES_CAP,Madrid,2016,,1700,,,,,
dataflow,ESTAT:PRC_COLC_RENTS(1.0),Average rent per month in cities by type of dwelling,A,Annual,HOUSE_ND,Non-detached house,EUR,Euro,ES_CAP,Madrid,2017,,2000,,,,,
dataflow,ESTAT:PRC_COLC_RENTS(1.0),Average rent per month in cities by type of dwelling,A,Annual,HOUSE_ND,Non-detached house,EUR,Euro,ES_CAP,Madrid,2018,,2150,,,,,
dataflow,ESTAT:PRC_COLC_RENTS(1.0),Average rent per month in cities by type of dwelling,A,Annual,HOUSE_ND,Non-detached house,EUR,Euro,ES_CAP,Madrid,2019,,2150,,,,,
dataflow,ESTAT:PRC_COLC_RENTS(1.0),Average rent per month in cities by type of dwelling,A,Annual,HOUSE_ND,Non-detached house,EUR,Euro,ES_CAP,Madrid,2020,,2200,,,,,
dataflow,ESTAT:PRC_COLC_RENTS(1.0),Average rent per month in cities by type of dwelling,A,Annual,HOUSE_ND,Non-detached house,EUR,Euro,ES_CAP,Madrid,2021,,2100,,,,,
dataflow,ESTAT:PRC_COLC_RENTS(1.0),Average rent per month in cities by type of dwelling,A,Annual,HOUSE_ND,Non-detached house,EUR,Euro,ES_CAP,Madrid,2022,,2500,,,,,
dataflow,ESTAT:PRC_COLC_RENTS(1.0),Average rent per month in cities by type of dwelling,A,Annual,HOUSE_ND,Non-detached house,EUR,Euro,ES_CAP,Madrid,2023,,2550,,,,,
dataflow,ESTAT:PRC_COLC_RENTS(1.0),Average rent per month in cities by type of dwelling,A,Annual,HOUSE_ND,Non-detached house,EUR,Euro,ES_CAP,Madrid,2024,,2700,,,,,
dataflow,ESTAT:PRC_COLC_RENTS(1.0),Average rent per month in cities by type of dwelling,A,Annual,HOUSE_ND,Non-detached house,EUR,Euro,ES_CAP,Madrid,2025,,2700,,,,,
dataflow,ESTAT:PRC_COLC_RENTS(1.0),Average rent per month in cities by type of dwelling,A,Annual,HOUSE_ND,Non-detached house,EUR,Euro,FI_CAP,Helsinki,2016,,2100,,,,,
dataflow,ESTAT:PRC_COLC_RENTS(1.0),Average rent per month in cities by type of dwelling,A,Annual,HOUSE_ND,Non-detached house,EUR,Euro,FI_CAP,Helsinki,2017,,2000,,,,,
dataflow,ESTAT:PRC_COLC_RENTS(1.0),Average rent per month in cities by type of dwelling,A,Annual,HOUSE_ND,Non-detached house,EUR,Euro,FI_CAP,Helsinki,2018,,2200,,,,,
dataflow,ESTAT:PRC_COLC_RENTS(1.0),Average rent per month in cities by type of dwelling,A,Annual,HOUSE_ND,Non-detached house,EUR,Euro,FI_CAP,Helsinki,2019,,2150,,,,,
dataflow,ESTAT:PRC_COLC_RENTS(1.0),Average rent per month in cities by type of dwelling,A,Annual,HOUSE_ND,Non-detached house,EUR,Euro,FI_CAP,Helsinki,2020,,2150,,,,,
dataflow,ESTAT:PRC_COLC_RENTS(1.0),Average rent per month in cities by type of dwelling,A,Annual,HOUSE_ND,Non-detached house,EUR,Euro,FI_CAP,Helsinki,2021,,2200,,,,,
dataflow,ESTAT:PRC_COLC_RENTS(1.0),Average rent per month in cities by type of dwelling,A,Annual,HOUSE_ND,Non-detached house,EUR,Euro,FI_CAP,Helsinki,2022,,2500,,,,,
dataflow,ESTAT:PRC_COLC_RENTS(1.0),Average rent per month in cities by type of dwelling,A,Annual,HOUSE_ND,Non-detached house,EUR,Euro,FI_CAP,Helsinki,2023,,2250,,,,,
dataflow,ESTAT:PRC_COLC_RENTS(1.0),Average rent per month in cities by type of dwelling,A,Annual,HOUSE_ND,Non-detached house,EUR,Euro,FI_CAP,Helsinki,2024,,2250,,,,,
dataflow,ESTAT:PRC_COLC_RENTS(1.0),Average rent per month in cities by type of dwelling,A,Annual,HOUSE_ND,Non-detached house,EUR,Euro,FI_CAP,Helsinki,2025,,2350,,,,,
dataflow,ESTAT:PRC_COLC_RENTS(1.0),Average rent per month in cities by type of dwelling,A,Annual,HOUSE_ND,Non-detached house,EUR,Euro,FR_CAP,Paris,2016,,2650,,,,,
dataflow,ESTAT:PRC_COLC_RENTS(1.0),Average rent per month in cities by type of dwelling,A,Annual,HOUSE_ND,Non-detached house,EUR,Euro,FR_CAP,Paris,2017,,2700,,,,,
dataflow,ESTAT:PRC_COLC_RENTS(1.0),Average rent per month in cities by type of dwelling,A,Annual,HOUSE_ND,Non-detached house,EUR,Euro,FR_CAP,Paris,2018,,2750,,,,,
dataflow,ESTAT:PRC_COLC_RENTS(1.0),Average rent per month in cities by type of dwelling,A,Annual,HOUSE_ND,Non-detached house,EUR,Euro,FR_CAP,Paris,2019,,2700,,,,,
dataflow,ESTAT:PRC_COLC_RENTS(1.0),Average rent per month in cities by type of dwelling,A,Annual,HOUSE_ND,Non-detached house,EUR,Euro,FR_CAP,Paris,2020,,2700,,,,,
dataflow,ESTAT:PRC_COLC_RENTS(1.0),Average rent per month in cities by type of dwelling,A,Annual,HOUSE_ND,Non-detached house,EUR,Euro,FR_CAP,Paris,2021,,2650,,,,,
dataflow,ESTAT:PRC_COLC_RENTS(1.0),Average rent per month in cities by type of dwelling,A,Annual,HOUSE_ND,Non-detached house,EUR,Euro,FR_CAP,Paris,2022,,2700,,,,,
dataflow,ESTAT:PRC_COLC_RENTS(1.0),Average rent per month in cities by type of dwelling,A,Annual,HOUSE_ND,Non-detached house,EUR,Euro,FR_CAP,Paris,2023,,2950,,,,,
dataflow,ESTAT:PRC_COLC_RENTS(1.0),Average rent per month in cities by type of dwelling,A,Annual,HOUSE_ND,Non-detached house,EUR,Euro,FR_CAP,Paris,2024,,2950,,,,,
dataflow,ESTAT:PRC_COLC_RENTS(1.0),Average rent per month in cities by type of dwelling,A,Annual,HOUSE_ND,Non-detached house,EUR,Euro,FR_CAP,Paris,2025,,3100,,,,,
dataflow,ESTAT:PRC_COLC_RENTS(1.0),Average rent per month in cities by type of dwelling,A,Annual,HOUSE_ND,Non-detached house,EUR,Euro,HR_CAP,Zagreb,2016,,1350,,,,,
dataflow,ESTAT:PRC_COLC_RENTS(1.0),Average rent per month in cities by type of dwelling,A,Annual,HOUSE_ND,Non-detached house,EUR,Euro,HR_CAP,Zagreb,2017,,1300,,,,,
dataflow,ESTAT:PRC_COLC_RENTS(1.0),Average rent per month in cities by type of dwelling,A,Annual,HOUSE_ND,Non-detached house,EUR,Euro,HR_CAP,Zagreb,2018,,1550,,,,,
dataflow,ESTAT:PRC_COLC_RENTS(1.0),Average rent per month in cities by type of dwelling,A,Annual,HOUSE_ND,Non-detached house,EUR,Euro,HR_CAP,Zagreb,2019,,1550,,,,,
dataflow,ESTAT:PRC_COLC_RENTS(1.0),Average rent per month in cities by type of dwelling,A,Annual,HOUSE_ND,Non-detached house,EUR,Euro,HR_CAP,Zagreb,2020,,1600,,,,,
dataflow,ESTAT:PRC_COLC_RENTS(1.0),Average rent per month in cities by type of dwelling,A,Annual,HOUSE_ND,Non-detached house,EUR,Euro,HR_CAP,Zagreb,2021,,1700,,,,,
dataflow,ESTAT:PRC_COLC_RENTS(1.0),Average rent per month in cities by type of dwelling,A,Annual,HOUSE_ND,Non-detached house,EUR,Euro,HR_CAP,Zagreb,2022,,1950,,,,,
dataflow,ESTAT:PRC_COLC_RENTS(1.0),Average rent per month in cities by type of dwelling,A,Annual,HOUSE_ND,Non-detached house,EUR,Euro,HR_CAP,Zagreb,2023,,2150,,,,,
dataflow,ESTAT:PRC_COLC_RENTS(1.0),Average rent per month in cities by type of dwelling,A,Annual,HOUSE_ND,Non-detached house,EUR,Euro,HR_CAP,Zagreb,2024,,2200,,,,,
dataflow,ESTAT:PRC_COLC_RENTS(1.0),Average rent per month in cities by type of dwelling,A,Annual,HOUSE_ND,Non-detached house,EUR,Euro,HR_CAP,Zagreb,2025,,2400,,,,,
dataflow,ESTAT:PRC_COLC_RENTS(1.0),Average rent per month in cities by type of dwelling,A,Annual,HOUSE_ND,Non-detached house,EUR,Euro,HU_CAP,Budapest,2016,,1800,,,,,
dataflow,ESTAT:PRC_COLC_RENTS(1.0),Average rent per month in cities by type of dwelling,A,Annual,HOUSE_ND,Non-detached house,EUR,Euro,HU_CAP,Budapest,2017,,1900,,,,,
dataflow,ESTAT:PRC_COLC_RENTS(1.0),Average rent per month in cities by type of dwelling,A,Annual,HOUSE_ND,Non-detached house,EUR,Euro,HU_CAP,Budapest,2018,,1850,,,,,
dataflow,ESTAT:PRC_COLC_RENTS(1.0),Average rent per month in cities by type of dwelling,A,Annual,HOUSE_ND,Non-detached house,EUR,Euro,HU_CAP,Budapest,2019,,1850,,,,,
dataflow,ESTAT:PRC_COLC_RENTS(1.0),Average rent per month in cities by type of dwelling,A,Annual,HOUSE_ND,Non-detached house,EUR,Euro,HU_CAP,Budapest,2020,,1800,,,,,
dataflow,ESTAT:PRC_COLC_RENTS(1.0),Average rent per month in cities by type of dwelling,A,Annual,HOUSE_ND,Non-detached house,EUR,Euro,HU_CAP,Budapest,2021,,1750,,,,,
dataflow,ESTAT:PRC_COLC_RENTS(1.0),Average rent per month in cities by type of dwelling,A,Annual,HOUSE_ND,Non-detached house,EUR,Euro,HU_CAP,Budapest,2022,,2150,,,,,
dataflow,ESTAT:PRC_COLC_RENTS(1.0),Average rent per month in cities by type of dwelling,A,Annual,HOUSE_ND,Non-detached house,EUR,Euro,HU_CAP,Budapest,2023,,2050,,,,,
dataflow,ESTAT:PRC_COLC_RENTS(1.0),Average rent per month in cities by type of dwelling,A,Annual,HOUSE_ND,Non-detached house,EUR,Euro,HU_CAP,Budapest,2024,,2100,,,,,
dataflow,ESTAT:PRC_COLC_RENTS(1.0),Average rent per month in cities by type of dwelling,A,Annual,HOUSE_ND,Non-detached house,EUR,Euro,HU_CAP,Budapest,2025,,2300,,,,,
dataflow,ESTAT:PRC_COLC_RENTS(1.0),Average rent per month in cities by type of dwelling,A,Annual,HOUSE_ND,Non-detached house,EUR,Euro,IE_CAP,Dublin,2016,,2150,,,,,
dataflow,ESTAT:PRC_COLC_RENTS(1.0),Average rent per month in cities by type of dwelling,A,Annual,HOUSE_ND,Non-detached house,EUR,Euro,IE_CAP,Dublin,2017,,2350,,,,,
dataflow,ESTAT:PRC_COLC_RENTS(1.0),Average rent per month in cities by type of dwelling,A,Annual,HOUSE_ND,Non-detached house,EUR,Euro,IE_CAP,Dublin,2018,,2650,,,,,
dataflow,ESTAT:PRC_COLC_RENTS(1.0),Average rent per month in cities by type of dwelling,A,Annual,HOUSE_ND,Non-detached house,EUR,Euro,IE_CAP,Dublin,2019,,2800,,,,,
dataflow,ESTAT:PRC_COLC_RENTS(1.0),Average rent per month in cities by type of dwelling,A,Annual,HOUSE_ND,Non-detached house,EUR,Euro,IE_CAP,Dublin,2020,,2800,,,,,
dataflow,ESTAT:PRC_COLC_RENTS(1.0),Average rent per month in cities by type of dwelling,A,Annual,HOUSE_ND,Non-detached house,EUR,Euro,IE_CAP,Dublin,2021,,2700,,,,,
dataflow,ESTAT:PRC_COLC_RENTS(1.0),Average rent per month in cities by type of dwelling,A,Annual,HOUSE_ND,Non-detached house,EUR,Euro,IE_CAP,Dublin,2022,,3150,,,,,
dataflow,ESTAT:PRC_COLC_RENTS(1.0),Average rent per month in cities by type of dwelling,A,Annual,HOUSE_ND,Non-detached house,EUR,Euro,IE_CAP,Dublin,2023,,3550,,,,,
dataflow,ESTAT:PRC_COLC_RENTS(1.0),Average rent per month in cities by type of dwelling,A,Annual,HOUSE_ND,Non-detached house,EUR,Euro,IE_CAP,Dublin,2024,,3650,,,,,
dataflow,ESTAT:PRC_COLC_RENTS(1.0),Average rent per month in cities by type of dwelling,A,Annual,HOUSE_ND,Non-detached house,EUR,Euro,IE_CAP,Dublin,2025,,3650,,,,,
dataflow,ESTAT:PRC_COLC_RENTS(1.0),Average rent per month in cities by type of dwelling,A,Annual,HOUSE_ND,Non-detached house,EUR,Euro,IS_CAP,Reykjavik,2016,,2050,,,,,
dataflow,ESTAT:PRC_COLC_RENTS(1.0),Average rent per month in cities by type of dwelling,A,Annual,HOUSE_ND,Non-detached house,EUR,Euro,IS_CAP,Reykjavik,2017,,2450,,,,,
dataflow,ESTAT:PRC_COLC_RENTS(1.0),Average rent per month in cities by type of dwelling,A,Annual,HOUSE_ND,Non-detached house,EUR,Euro,IS_CAP,Reykjavik,2018,,2550,,,,,
dataflow,ESTAT:PRC_COLC_RENTS(1.0),Average rent per month in cities by type of dwelling,A,Annual,HOUSE_ND,Non-detached house,EUR,Euro,IS_CAP,Reykjavik,2019,,2200,,,,,
dataflow,ESTAT:PRC_COLC_RENTS(1.0),Average rent per month in cities by type of dwelling,A,Annual,HOUSE_ND,Non-detached house,EUR,Euro,IS_CAP,Reykjavik,2020,,2050,,,,,
dataflow,ESTAT:PRC_COLC_RENTS(1.0),Average rent per month in cities by type of dwelling,A,Annual,HOUSE_ND,Non-detached house,EUR,Euro,IS_CAP,Reykjavik,2021,,2150,,,,,
dataflow,ESTAT:PRC_COLC_RENTS(1.0),Average rent per month in cities by type of dwelling,A,Annual,HOUSE_ND,Non-detached house,EUR,Euro,IS_CAP,Reykjavik,2022,,2450,,,,,
dataflow,ESTAT:PRC_COLC_RENTS(1.0),Average rent per month in cities by type of dwelling,A,Annual,HOUSE_ND,Non-detached house,EUR,Euro,IS_CAP,Reykjavik,2023,,2600,,,,,
dataflow,ESTAT:PRC_COLC_RENTS(1.0),Average rent per month in cities by type of dwelling,A,Annual,HOUSE_ND,Non-detached house,EUR,Euro,IS_CAP,Reykjavik,2024,,3200,,,,,
dataflow,ESTAT:PRC_COLC_RENTS(1.0),Average rent per month in cities by type of dwelling,A,Annual,HOUSE_ND,Non-detached house,EUR,Euro,IS_CAP,Reykjavik,2025,,3400,,,,,
dataflow,ESTAT:PRC_COLC_RENTS(1.0),Average rent per month in cities by type of dwelling,A,Annual,HOUSE_ND,Non-detached house,EUR,Euro,IT_CAP,Roma,2016,,1600,,,,,
dataflow,ESTAT:PRC_COLC_RENTS(1.0),Average rent per month in cities by type of dwelling,A,Annual,HOUSE_ND,Non-detached house,EUR,Euro,IT_CAP,Roma,2017,,1450,,,,,
dataflow,ESTAT:PRC_COLC_RENTS(1.0),Average rent per month in cities by type of dwelling,A,Annual,HOUSE_ND,Non-detached house,EUR,Euro,IT_CAP,Roma,2018,,1350,,,,,
dataflow,ESTAT:PRC_COLC_RENTS(1.0),Average rent per month in cities by type of dwelling,A,Annual,HOUSE_ND,Non-detached house,EUR,Euro,IT_CAP,Roma,2019,,1450,,,,,
dataflow,ESTAT:PRC_COLC_RENTS(1.0),Average rent per month in cities by type of dwelling,A,Annual,HOUSE_ND,Non-detached house,EUR,Euro,IT_CAP,Roma,2020,,1450,,,,,
dataflow,ESTAT:PRC_COLC_RENTS(1.0),Average rent per month in cities by type of dwelling,A,Annual,HOUSE_ND,Non-detached house,EUR,Euro,IT_CAP,Roma,2021,,1450,,,,,
dataflow,ESTAT:PRC_COLC_RENTS(1.0),Average rent per month in cities by type of dwelling,A,Annual,HOUSE_ND,Non-detached house,EUR,Euro,IT_CAP,Roma,2022,,1400,,,,,
dataflow,ESTAT:PRC_COLC_RENTS(1.0),Average rent per month in cities by type of dwelling,A,Annual,HOUSE_ND,Non-detached house,EUR,Euro,IT_CAP,Roma,2023,,1350,,,,,
dataflow,ESTAT:PRC_COLC_RENTS(1.0),Average rent per month in cities by type of dwelling,A,Annual,HOUSE_ND,Non-detached house,EUR,Euro,IT_CAP,Roma,2024,,1650,,,,,
dataflow,ESTAT:PRC_COLC_RENTS(1.0),Average rent per month in cities by type of dwelling,A,Annual,HOUSE_ND,Non-detached house,EUR,Euro,IT_CAP,Roma,2025,,1700,,,,,
dataflow,ESTAT:PRC_COLC_RENTS(1.0),Average rent per month in cities by type of dwelling,A,Annual,HOUSE_ND,Non-detached house,EUR,Euro,IT_DEL,Varese,2016,,1250,,,,,
dataflow,ESTAT:PRC_COLC_RENTS(1.0),Average rent per month in cities by type of dwelling,A,Annual,HOUSE_ND,Non-detached house,EUR,Euro,IT_DEL,Varese,2017,,1250,,,,,
dataflow,ESTAT:PRC_COLC_RENTS(1.0),Average rent per month in cities by type of dwelling,A,Annual,HOUSE_ND,Non-detached house,EUR,Euro,IT_DEL,Varese,2018,,1250,,,,,
dataflow,ESTAT:PRC_COLC_RENTS(1.0),Average rent per month in cities by type of dwelling,A,Annual,HOUSE_ND,Non-detached house,EUR,Euro,IT_DEL,Varese,2019,,1300,,,,,
dataflow,ESTAT:PRC_COLC_RENTS(1.0),Average rent per month in cities by type of dwelling,A,Annual,HOUSE_ND,Non-detached house,EUR,Euro,IT_DEL,Varese,2020,,1300,,,,,
dataflow,ESTAT:PRC_COLC_RENTS(1.0),Average rent per month in cities by type of dwelling,A,Annual,HOUSE_ND,Non-detached house,EUR,Euro,IT_DEL,Varese,2021,,1350,,,,,
dataflow,ESTAT:PRC_COLC_RENTS(1.0),Average rent per month in cities by type of dwelling,A,Annual,HOUSE_ND,Non-detached house,EUR,Euro,IT_DEL,Varese,2022,,1400,,,,,
dataflow,ESTAT:PRC_COLC_RENTS(1.0),Average rent per month in cities by type of dwelling,A,Annual,HOUSE_ND,Non-detached house,EUR,Euro,IT_DEL,Varese,2023,,1550,,,,,
dataflow,ESTAT:PRC_COLC_RENTS(1.0),Average rent per month in cities by type of dwelling,A,Annual,HOUSE_ND,Non-detached house,EUR,Euro,IT_DEL,Varese,2024,,1600,,,,,
dataflow,ESTAT:PRC_COLC_RENTS(1.0),Average rent per month in cities by type of dwelling,A,Annual,HOUSE_ND,Non-detached house,EUR,Euro,IT_DEL,Varese,2025,,1550,,,,,
dataflow,ESTAT:PRC_COLC_RENTS(1.0),Average rent per month in cities by type of dwelling,A,Annual,HOUSE_ND,Non-detached house,EUR,Euro,LT_CAP,Vilnius,2016,,1150,,,,,
dataflow,ESTAT:PRC_COLC_RENTS(1.0),Average rent per month in cities by type of dwelling,A,Annual,HOUSE_ND,Non-detached house,EUR,Euro,LT_CAP,Vilnius,2017,,1200,,,,,
dataflow,ESTAT:PRC_COLC_RENTS(1.0),Average rent per month in cities by type of dwelling,A,Annual,HOUSE_ND,Non-detached house,EUR,Euro,LT_CAP,Vilnius,2018,,1400,,,,,
dataflow,ESTAT:PRC_COLC_RENTS(1.0),Average rent per month in cities by type of dwelling,A,Annual,HOUSE_ND,Non-detached house,EUR,Euro,LT_CAP,Vilnius,2019,,1500,,,,,
dataflow,ESTAT:PRC_COLC_RENTS(1.0),Average rent per month in cities by type of dwelling,A,Annual,HOUSE_ND,Non-detached house,EUR,Euro,LT_CAP,Vilnius,2020,,1500,,,,,
dataflow,ESTAT:PRC_COLC_RENTS(1.0),Average rent per month in cities by type of dwelling,A,Annual,HOUSE_ND,Non-detached house,EUR,Euro,LT_CAP,Vilnius,2021,,1400,,,,,
dataflow,ESTAT:PRC_COLC_RENTS(1.0),Average rent per month in cities by type of dwelling,A,Annual,HOUSE_ND,Non-detached house,EUR,Euro,LT_CAP,Vilnius,2022,,1950,,,,,
dataflow,ESTAT:PRC_COLC_RENTS(1.0),Average rent per month in cities by type of dwelling,A,Annual,HOUSE_ND,Non-detached house,EUR,Euro,LT_CAP,Vilnius,2023,,1650,,,,,
dataflow,ESTAT:PRC_COLC_RENTS(1.0),Average rent per month in cities by type of dwelling,A,Annual,HOUSE_ND,Non-detached house,EUR,Euro,LT_CAP,Vilnius,2024,,1800,,,,,
dataflow,ESTAT:PRC_COLC_RENTS(1.0),Average rent per month in cities by type of dwelling,A,Annual,HOUSE_ND,Non-detached house,EUR,Euro,LT_CAP,Vilnius,2025,,1750,,,,,
dataflow,ESTAT:PRC_COLC_RENTS(1.0),Average rent per month in cities by type of dwelling,A,Annual,HOUSE_ND,Non-detached house,EUR,Euro,LU_CAP,Luxembourg,2016,,3300,,,,,
dataflow,ESTAT:PRC_COLC_RENTS(1.0),Average rent per month in cities by type of dwelling,A,Annual,HOUSE_ND,Non-detached house,EUR,Euro,LU_CAP,Luxembourg,2017,,3050,,,,,
dataflow,ESTAT:PRC_COLC_RENTS(1.0),Average rent per month in cities by type of dwelling,A,Annual,HOUSE_ND,Non-detached house,EUR,Euro,LU_CAP,Luxembourg,2018,,3400,,,,,
dataflow,ESTAT:PRC_COLC_RENTS(1.0),Average rent per month in cities by type of dwelling,A,Annual,HOUSE_ND,Non-detached house,EUR,Euro,LU_CAP,Luxembourg,2019,,3550,,,,,
dataflow,ESTAT:PRC_COLC_RENTS(1.0),Average rent per month in cities by type of dwelling,A,Annual,HOUSE_ND,Non-detached house,EUR,Euro,LU_CAP,Luxembourg,2020,,3550,,,,,
dataflow,ESTAT:PRC_COLC_RENTS(1.0),Average rent per month in cities by type of dwelling,A,Annual,HOUSE_ND,Non-detached house,EUR,Euro,LU_CAP,Luxembourg,2021,,3350,,,,,
dataflow,ESTAT:PRC_COLC_RENTS(1.0),Average rent per month in cities by type of dwelling,A,Annual,HOUSE_ND,Non-detached house,EUR,Euro,LU_CAP,Luxembourg,2022,,3450,,,,,
dataflow,ESTAT:PRC_COLC_RENTS(1.0),Average rent per month in cities by type of dwelling,A,Annual,HOUSE_ND,Non-detached house,EUR,Euro,LU_CAP,Luxembourg,2023,,3750,,,,,
dataflow,ESTAT:PRC_COLC_RENTS(1.0),Average rent per month in cities by type of dwelling,A,Annual,HOUSE_ND,Non-detached house,EUR,Euro,LU_CAP,Luxembourg,2024,,3850,,,,,
dataflow,ESTAT:PRC_COLC_RENTS(1.0),Average rent per month in cities by type of dwelling,A,Annual,HOUSE_ND,Non-detached house,EUR,Euro,LU_CAP,Luxembourg,2025,,3850,,,,,
dataflow,ESTAT:PRC_COLC_RENTS(1.0),Average rent per month in cities by type of dwelling,A,Annual,HOUSE_ND,Non-detached house,EUR,Euro,LV_CAP,Riga,2016,,1180,,,,,
dataflow,ESTAT:PRC_COLC_RENTS(1.0),Average rent per month in cities by type of dwelling,A,Annual,HOUSE_ND,Non-detached house,EUR,Euro,LV_CAP,Riga,2017,,1400,,,,,
dataflow,ESTAT:PRC_COLC_RENTS(1.0),Average rent per month in cities by type of dwelling,A,Annual,HOUSE_ND,Non-detached house,EUR,Euro,LV_CAP,Riga,2018,,1350,,,,,
dataflow,ESTAT:PRC_COLC_RENTS(1.0),Average rent per month in cities by type of dwelling,A,Annual,HOUSE_ND,Non-detached house,EUR,Euro,LV_CAP,Riga,2019,,1450,,,,,
dataflow,ESTAT:PRC_COLC_RENTS(1.0),Average rent per month in cities by type of dwelling,A,Annual,HOUSE_ND,Non-detached house,EUR,Euro,LV_CAP,Riga,2020,,1350,,,,,
dataflow,ESTAT:PRC_COLC_RENTS(1.0),Average rent per month in cities by type of dwelling,A,Annual,HOUSE_ND,Non-detached house,EUR,Euro,LV_CAP,Riga,2021,,1500,,,,,
dataflow,ESTAT:PRC_COLC_RENTS(1.0),Average rent per month in cities by type of dwelling,A,Annual,HOUSE_ND,Non-detached house,EUR,Euro,LV_CAP,Riga,2022,,1650,,,,,
dataflow,ESTAT:PRC_COLC_RENTS(1.0),Average rent per month in cities by type of dwelling,A,Annual,HOUSE_ND,Non-detached house,EUR,Euro,LV_CAP,Riga,2023,,1650,,,,,
dataflow,ESTAT:PRC_COLC_RENTS(1.0),Average rent per month in cities by type of dwelling,A,Annual,HOUSE_ND,Non-detached house,EUR,Euro,LV_CAP,Riga,2024,,1600,,,,,
dataflow,ESTAT:PRC_COLC_RENTS(1.0),Average rent per month in cities by type of dwelling,A,Annual,HOUSE_ND,Non-detached house,EUR,Euro,LV_CAP,Riga,2025,,1800,,,,,
dataflow,ESTAT:PRC_COLC_RENTS(1.0),Average rent per month in cities by type of dwelling,A,Annual,HOUSE_ND,Non-detached house,EUR,Euro,ME_CAP,Podgorica,2016,,1150,,,,,
dataflow,ESTAT:PRC_COLC_RENTS(1.0),Average rent per month in cities by type of dwelling,A,Annual,HOUSE_ND,Non-detached house,EUR,Euro,ME_CAP,Podgorica,2017,,1150,,,,,
dataflow,ESTAT:PRC_COLC_RENTS(1.0),Average rent per month in cities by type of dwelling,A,Annual,HOUSE_ND,Non-detached house,EUR,Euro,ME_CAP,Podgorica,2018,,1200,,,,,
dataflow,ESTAT:PRC_COLC_RENTS(1.0),Average rent per month in cities by type of dwelling,A,Annual,HOUSE_ND,Non-detached house,EUR,Euro,ME_CAP,Podgorica,2019,,1250,,,,,
dataflow,ESTAT:PRC_COLC_RENTS(1.0),Average rent per month in cities by type of dwelling,A,Annual,HOUSE_ND,Non-detached house,EUR,Euro,ME_CAP,Podgorica,2020,,1250,,,,,
dataflow,ESTAT:PRC_COLC_RENTS(1.0),Average rent per month in cities by type of dwelling,A,Annual,HOUSE_ND,Non-detached house,EUR,Euro,ME_CAP,Podgorica,2021,,1050,,,,,
dataflow,ESTAT:PRC_COLC_RENTS(1.0),Average rent per month in cities by type of dwelling,A,Annual,HOUSE_ND,Non-detached house,EUR,Euro,ME_CAP,Podgorica,2022,,1050,,,,,
dataflow,ESTAT:PRC_COLC_RENTS(1.0),Average rent per month in cities by type of dwelling,A,Annual,HOUSE_ND,Non-detached house,EUR,Euro,ME_CAP,Podgorica,2023,,1150,,,,,
dataflow,ESTAT:PRC_COLC_RENTS(1.0),Average rent per month in cities by type of dwelling,A,Annual,HOUSE_ND,Non-detached house,EUR,Euro,ME_CAP,Podgorica,2024,,1100,,,,,
dataflow,ESTAT:PRC_COLC_RENTS(1.0),Average rent per month in cities by type of dwelling,A,Annual,HOUSE_ND,Non-detached house,EUR,Euro,ME_CAP,Podgorica,2025,,1100,,,,,
dataflow,ESTAT:PRC_COLC_RENTS(1.0),Average rent per month in cities by type of dwelling,A,Annual,HOUSE_ND,Non-detached house,EUR,Euro,MT_CAP,Valletta,2016,,1500,,,,,
dataflow,ESTAT:PRC_COLC_RENTS(1.0),Average rent per month in cities by type of dwelling,A,Annual,HOUSE_ND,Non-detached house,EUR,Euro,MT_CAP,Valletta,2017,,1700,,,,,
dataflow,ESTAT:PRC_COLC_RENTS(1.0),Average rent per month in cities by type of dwelling,A,Annual,HOUSE_ND,Non-detached house,EUR,Euro,MT_CAP,Valletta,2018,,1800,,,,,
dataflow,ESTAT:PRC_COLC_RENTS(1.0),Average rent per month in cities by type of dwelling,A,Annual,HOUSE_ND,Non-detached house,EUR,Euro,MT_CAP,Valletta,2019,,1850,,,,,
dataflow,ESTAT:PRC_COLC_RENTS(1.0),Average rent per month in cities by type of dwelling,A,Annual,HOUSE_ND,Non-detached house,EUR,Euro,MT_CAP,Valletta,2020,,1950,,,,,
dataflow,ESTAT:PRC_COLC_RENTS(1.0),Average rent per month in cities by type of dwelling,A,Annual,HOUSE_ND,Non-detached house,EUR,Euro,MT_CAP,Valletta,2021,,1800,,,,,
dataflow,ESTAT:PRC_COLC_RENTS(1.0),Average rent per month in cities by type of dwelling,A,Annual,HOUSE_ND,Non-detached house,EUR,Euro,MT_CAP,Valletta,2022,,1850,,,,,
dataflow,ESTAT:PRC_COLC_RENTS(1.0),Average rent per month in cities by type of dwelling,A,Annual,HOUSE_ND,Non-detached house,EUR,Euro,MT_CAP,Valletta,2023,,2000,,,,,
dataflow,ESTAT:PRC_COLC_RENTS(1.0),Average rent per month in cities by type of dwelling,A,Annual,HOUSE_ND,Non-detached house,EUR,Euro,MT_CAP,Valletta,2024,,2100,,,,,
dataflow,ESTAT:PRC_COLC_RENTS(1.0),Average rent per month in cities by type of dwelling,A,Annual,HOUSE_ND,Non-detached house,EUR,Euro,MT_CAP,Valletta,2025,,2200,,,,,
dataflow,ESTAT:PRC_COLC_RENTS(1.0),Average rent per month in cities by type of dwelling,A,Annual,HOUSE_ND,Non-detached house,EUR,Euro,NL_DEL,Den Haag,2016,,2300,,,,,
dataflow,ESTAT:PRC_COLC_RENTS(1.0),Average rent per month in cities by type of dwelling,A,Annual,HOUSE_ND,Non-detached house,EUR,Euro,NL_DEL,Den Haag,2017,,2350,,,,,
dataflow,ESTAT:PRC_COLC_RENTS(1.0),Average rent per month in cities by type of dwelling,A,Annual,HOUSE_ND,Non-detached house,EUR,Euro,NL_DEL,Den Haag,2018,,2350,,,,,
dataflow,ESTAT:PRC_COLC_RENTS(1.0),Average rent per month in cities by type of dwelling,A,Annual,HOUSE_ND,Non-detached house,EUR,Euro,NL_DEL,Den Haag,2019,,2400,,,,,
dataflow,ESTAT:PRC_COLC_RENTS(1.0),Average rent per month in cities by type of dwelling,A,Annual,HOUSE_ND,Non-detached house,EUR,Euro,NL_DEL,Den Haag,2020,,2500,,,,,
dataflow,ESTAT:PRC_COLC_RENTS(1.0),Average rent per month in cities by type of dwelling,A,Annual,HOUSE_ND,Non-detached house,EUR,Euro,NL_DEL,Den Haag,2021,,2250,,,,,
dataflow,ESTAT:PRC_COLC_RENTS(1.0),Average rent per month in cities by type of dwelling,A,Annual,HOUSE_ND,Non-detached house,EUR,Euro,NL_DEL,Den Haag,2022,,2400,,,,,
dataflow,ESTAT:PRC_COLC_RENTS(1.0),Average rent per month in cities by type of dwelling,A,Annual,HOUSE_ND,Non-detached house,EUR,Euro,NL_DEL,Den Haag,2023,,2450,,,,,
dataflow,ESTAT:PRC_COLC_RENTS(1.0),Average rent per month in cities by type of dwelling,A,Annual,HOUSE_ND,Non-detached house,EUR,Euro,NL_DEL,Den Haag,2024,,2850,,,,,
dataflow,ESTAT:PRC_COLC_RENTS(1.0),Average rent per month in cities by type of dwelling,A,Annual,HOUSE_ND,Non-detached house,EUR,Euro,NL_DEL,Den Haag,2025,,3200,,,,,
dataflow,ESTAT:PRC_COLC_RENTS(1.0),Average rent per month in cities by type of dwelling,A,Annual,HOUSE_ND,Non-detached house,EUR,Euro,NO_CAP,Oslo,2016,,2400,,,,,
dataflow,ESTAT:PRC_COLC_RENTS(1.0),Average rent per month in cities by type of dwelling,A,Annual,HOUSE_ND,Non-detached house,EUR,Euro,NO_CAP,Oslo,2017,,2550,,,,,
dataflow,ESTAT:PRC_COLC_RENTS(1.0),Average rent per month in cities by type of dwelling,A,Annual,HOUSE_ND,Non-detached house,EUR,Euro,NO_CAP,Oslo,2018,,2700,,,,,
dataflow,ESTAT:PRC_COLC_RENTS(1.0),Average rent per month in cities by type of dwelling,A,Annual,HOUSE_ND,Non-detached house,EUR,Euro,NO_CAP,Oslo,2019,,2750,,,,,
dataflow,ESTAT:PRC_COLC_RENTS(1.0),Average rent per month in cities by type of dwelling,A,Annual,HOUSE_ND,Non-detached house,EUR,Euro,NO_CAP,Oslo,2020,,2500,,,,,
dataflow,ESTAT:PRC_COLC_RENTS(1.0),Average rent per month in cities by type of dwelling,A,Annual,HOUSE_ND,Non-detached house,EUR,Euro,NO_CAP,Oslo,2021,,2400,,,,,
dataflow,ESTAT:PRC_COLC_RENTS(1.0),Average rent per month in cities by type of dwelling,A,Annual,HOUSE_ND,Non-detached house,EUR,Euro,NO_CAP,Oslo,2022,,2700,,,,,
dataflow,ESTAT:PRC_COLC_RENTS(1.0),Average rent per month in cities by type of dwelling,A,Annual,HOUSE_ND,Non-detached house,EUR,Euro,NO_CAP,Oslo,2023,,2600,,,,,
dataflow,ESTAT:PRC_COLC_RENTS(1.0),Average rent per month in cities by type of dwelling,A,Annual,HOUSE_ND,Non-detached house,EUR,Euro,NO_CAP,Oslo,2024,,3100,,,,,
dataflow,ESTAT:PRC_COLC_RENTS(1.0),Average rent per month in cities by type of dwelling,A,Annual,HOUSE_ND,Non-detached house,EUR,Euro,NO_CAP,Oslo,2025,,2800,,,,,
dataflow,ESTAT:PRC_COLC_RENTS(1.0),Average rent per month in cities by type of dwelling,A,Annual,HOUSE_ND,Non-detached house,EUR,Euro,PL_CAP,Warszawa,2016,,1350,,,,,
dataflow,ESTAT:PRC_COLC_RENTS(1.0),Average rent per month in cities by type of dwelling,A,Annual,HOUSE_ND,Non-detached house,EUR,Euro,PL_CAP,Warszawa,2017,,1400,,,,,
dataflow,ESTAT:PRC_COLC_RENTS(1.0),Average rent per month in cities by type of dwelling,A,Annual,HOUSE_ND,Non-detached house,EUR,Euro,PL_CAP,Warszawa,2018,,1478,,,,,
dataflow,ESTAT:PRC_COLC_RENTS(1.0),Average rent per month in cities by type of dwelling,A,Annual,HOUSE_ND,Non-detached house,EUR,Euro,PL_CAP,Warszawa,2019,,1300,,,,,
dataflow,ESTAT:PRC_COLC_RENTS(1.0),Average rent per month in cities by type of dwelling,A,Annual,HOUSE_ND,Non-detached house,EUR,Euro,PL_CAP,Warszawa,2020,,1300,,,,,
dataflow,ESTAT:PRC_COLC_RENTS(1.0),Average rent per month in cities by type of dwelling,A,Annual,HOUSE_ND,Non-detached house,EUR,Euro,PL_CAP,Warszawa,2021,,1300,,,,,
dataflow,ESTAT:PRC_COLC_RENTS(1.0),Average rent per month in cities by type of dwelling,A,Annual,HOUSE_ND,Non-detached house,EUR,Euro,PL_CAP,Warszawa,2022,,1500,,,,,
dataflow,ESTAT:PRC_COLC_RENTS(1.0),Average rent per month in cities by type of dwelling,A,Annual,HOUSE_ND,Non-detached house,EUR,Euro,PL_CAP,Warszawa,2023,,1850,,,,,
dataflow,ESTAT:PRC_COLC_RENTS(1.0),Average rent per month in cities by type of dwelling,A,Annual,HOUSE_ND,Non-detached house,EUR,Euro,PL_CAP,Warszawa,2024,,1600,,,,,
dataflow,ESTAT:PRC_COLC_RENTS(1.0),Average rent per month in cities by type of dwelling,A,Annual,HOUSE_ND,Non-detached house,EUR,Euro,PL_CAP,Warszawa,2025,,1750,,,,,
dataflow,ESTAT:PRC_COLC_RENTS(1.0),Average rent per month in cities by type of dwelling,A,Annual,HOUSE_ND,Non-detached house,EUR,Euro,PT_CAP,Lisboa,2016,,1400,,,,,
dataflow,ESTAT:PRC_COLC_RENTS(1.0),Average rent per month in cities by type of dwelling,A,Annual,HOUSE_ND,Non-detached house,EUR,Euro,PT_CAP,Lisboa,2017,,1800,,,,,
dataflow,ESTAT:PRC_COLC_RENTS(1.0),Average rent per month in cities by type of dwelling,A,Annual,HOUSE_ND,Non-detached house,EUR,Euro,PT_CAP,Lisboa,2018,,2200,,,,,
dataflow,ESTAT:PRC_COLC_RENTS(1.0),Average rent per month in cities by type of dwelling,A,Annual,HOUSE_ND,Non-detached house,EUR,Euro,PT_CAP,Lisboa,2019,,2550,,,,,
dataflow,ESTAT:PRC_COLC_RENTS(1.0),Average rent per month in cities by type of dwelling,A,Annual,HOUSE_ND,Non-detached house,EUR,Euro,PT_CAP,Lisboa,2020,,2600,,,,,
dataflow,ESTAT:PRC_COLC_RENTS(1.0),Average rent per month in cities by type of dwelling,A,Annual,HOUSE_ND,Non-detached house,EUR,Euro,PT_CAP,Lisboa,2021,,2350,,,,,
dataflow,ESTAT:PRC_COLC_RENTS(1.0),Average rent per month in cities by type of dwelling,A,Annual,HOUSE_ND,Non-detached house,EUR,Euro,PT_CAP,Lisboa,2022,,2900,,,,,
dataflow,ESTAT:PRC_COLC_RENTS(1.0),Average rent per month in cities by type of dwelling,A,Annual,HOUSE_ND,Non-detached house,EUR,Euro,PT_CAP,Lisboa,2023,,3200,,,,,
dataflow,ESTAT:PRC_COLC_RENTS(1.0),Average rent per month in cities by type of dwelling,A,Annual,HOUSE_ND,Non-detached house,EUR,Euro,PT_CAP,Lisboa,2024,,3500,,,,,
dataflow,ESTAT:PRC_COLC_RENTS(1.0),Average rent per month in cities by type of dwelling,A,Annual,HOUSE_ND,Non-detached house,EUR,Euro,PT_CAP,Lisboa,2025,,3450,,,,,
dataflow,ESTAT:PRC_COLC_RENTS(1.0),Average rent per month in cities by type of dwelling,A,Annual,HOUSE_ND,Non-detached house,EUR,Euro,RS_CAP,Beograd (Belgrade),2016,,1400,,,,,
dataflow,ESTAT:PRC_COLC_RENTS(1.0),Average rent per month in cities by type of dwelling,A,Annual,HOUSE_ND,Non-detached house,EUR,Euro,RS_CAP,Beograd (Belgrade),2017,,1650,,,,,
dataflow,ESTAT:PRC_COLC_RENTS(1.0),Average rent per month in cities by type of dwelling,A,Annual,HOUSE_ND,Non-detached house,EUR,Euro,RS_CAP,Beograd (Belgrade),2018,,1800,,,,,
dataflow,ESTAT:PRC_COLC_RENTS(1.0),Average rent per month in cities by type of dwelling,A,Annual,HOUSE_ND,Non-detached house,EUR,Euro,RS_CAP,Beograd (Belgrade),2019,,1950,,,,,
dataflow,ESTAT:PRC_COLC_RENTS(1.0),Average rent per month in cities by type of dwelling,A,Annual,HOUSE_ND,Non-detached house,EUR,Euro,RS_CAP,Beograd (Belgrade),2020,,1950,,,,,
dataflow,ESTAT:PRC_COLC_RENTS(1.0),Average rent per month in cities by type of dwelling,A,Annual,HOUSE_ND,Non-detached house,EUR,Euro,RS_CAP,Beograd (Belgrade),2021,,1750,,,,,
dataflow,ESTAT:PRC_COLC_RENTS(1.0),Average rent per month in cities by type of dwelling,A,Annual,HOUSE_ND,Non-detached house,EUR,Euro,RS_CAP,Beograd (Belgrade),2022,,2100,,,,,
dataflow,ESTAT:PRC_COLC_RENTS(1.0),Average rent per month in cities by type of dwelling,A,Annual,HOUSE_ND,Non-detached house,EUR,Euro,RS_CAP,Beograd (Belgrade),2023,,2600,,,,,
dataflow,ESTAT:PRC_COLC_RENTS(1.0),Average rent per month in cities by type of dwelling,A,Annual,HOUSE_ND,Non-detached house,EUR,Euro,RS_CAP,Beograd (Belgrade),2024,,2300,,,,,
dataflow,ESTAT:PRC_COLC_RENTS(1.0),Average rent per month in cities by type of dwelling,A,Annual,HOUSE_ND,Non-detached house,EUR,Euro,RS_CAP,Beograd (Belgrade),2025,,2550,,,,,
dataflow,ESTAT:PRC_COLC_RENTS(1.0),Average rent per month in cities by type of dwelling,A,Annual,HOUSE_ND,Non-detached house,EUR,Euro,SE_CAP,Stockholm,2016,,2650,,,,,
dataflow,ESTAT:PRC_COLC_RENTS(1.0),Average rent per month in cities by type of dwelling,A,Annual,HOUSE_ND,Non-detached house,EUR,Euro,SE_CAP,Stockholm,2017,,2750,,,,,
dataflow,ESTAT:PRC_COLC_RENTS(1.0),Average rent per month in cities by type of dwelling,A,Annual,HOUSE_ND,Non-detached house,EUR,Euro,SE_CAP,Stockholm,2018,,2500,,,,,
dataflow,ESTAT:PRC_COLC_RENTS(1.0),Average rent per month in cities by type of dwelling,A,Annual,HOUSE_ND,Non-detached house,EUR,Euro,SE_CAP,Stockholm,2019,,2400,,,,,
dataflow,ESTAT:PRC_COLC_RENTS(1.0),Average rent per month in cities by type of dwelling,A,Annual,HOUSE_ND,Non-detached house,EUR,Euro,SE_CAP,Stockholm,2020,,2450,,,,,
dataflow,ESTAT:PRC_COLC_RENTS(1.0),Average rent per month in cities by type of dwelling,A,Annual,HOUSE_ND,Non-detached house,EUR,Euro,SE_CAP,Stockholm,2021,,2350,,,,,
dataflow,ESTAT:PRC_COLC_RENTS(1.0),Average rent per month in cities by type of dwelling,A,Annual,HOUSE_ND,Non-detached house,EUR,Euro,SE_CAP,Stockholm,2022,,2850,,,,,
dataflow,ESTAT:PRC_COLC_RENTS(1.0),Average rent per month in cities by type of dwelling,A,Annual,HOUSE_ND,Non-detached house,EUR,Euro,SE_CAP,Stockholm,2023,,2550,,,,,
dataflow,ESTAT:PRC_COLC_RENTS(1.0),Average rent per month in cities by type of dwelling,A,Annual,HOUSE_ND,Non-detached house,EUR,Euro,SE_CAP,Stockholm,2024,,2650,,,,,
dataflow,ESTAT:PRC_COLC_RENTS(1.0),Average rent per month in cities by type of dwelling,A,Annual,HOUSE_ND,Non-detached house,EUR,Euro,SE_CAP,Stockholm,2025,,2650,,,,,
dataflow,ESTAT:PRC_COLC_RENTS(1.0),Average rent per month in cities by type of dwelling,A,Annual,HOUSE_ND,Non-detached house,EUR,Euro,SI_CAP,Ljubljana,2016,,1200,,,,,
dataflow,ESTAT:PRC_COLC_RENTS(1.0),Average rent per month in cities by type of dwelling,A,Annual,HOUSE_ND,Non-detached house,EUR,Euro,SI_CAP,Ljubljana,2017,,1250,,,,,
dataflow,ESTAT:PRC_COLC_RENTS(1.0),Average rent per month in cities by type of dwelling,A,Annual,HOUSE_ND,Non-detached house,EUR,Euro,SI_CAP,Ljubljana,2018,,1350,,,,,
dataflow,ESTAT:PRC_COLC_RENTS(1.0),Average rent per month in cities by type of dwelling,A,Annual,HOUSE_ND,Non-detached house,EUR,Euro,SI_CAP,Ljubljana,2019,,1350,,,,,
dataflow,ESTAT:PRC_COLC_RENTS(1.0),Average rent per month in cities by type of dwelling,A,Annual,HOUSE_ND,Non-detached house,EUR,Euro,SI_CAP,Ljubljana,2020,,1300,,,,,
dataflow,ESTAT:PRC_COLC_RENTS(1.0),Average rent per month in cities by type of dwelling,A,Annual,HOUSE_ND,Non-detached house,EUR,Euro,SI_CAP,Ljubljana,2021,,1400,,,,,
dataflow,ESTAT:PRC_COLC_RENTS(1.0),Average rent per month in cities by type of dwelling,A,Annual,HOUSE_ND,Non-detached house,EUR,Euro,SI_CAP,Ljubljana,2022,,1500,,,,,
dataflow,ESTAT:PRC_COLC_RENTS(1.0),Average rent per month in cities by type of dwelling,A,Annual,HOUSE_ND,Non-detached house,EUR,Euro,SI_CAP,Ljubljana,2023,,1650,,,,,
dataflow,ESTAT:PRC_COLC_RENTS(1.0),Average rent per month in cities by type of dwelling,A,Annual,HOUSE_ND,Non-detached house,EUR,Euro,SI_CAP,Ljubljana,2024,,1900,,,,,
dataflow,ESTAT:PRC_COLC_RENTS(1.0),Average rent per month in cities by type of dwelling,A,Annual,HOUSE_ND,Non-detached house,EUR,Euro,SI_CAP,Ljubljana,2025,,1950,,,,,
dataflow,ESTAT:PRC_COLC_RENTS(1.0),Average rent per month in cities by type of dwelling,A,Annual,HOUSE_ND,Non-detached house,EUR,Euro,SK_CAP,Bratislava,2016,,1300,,,,,
dataflow,ESTAT:PRC_COLC_RENTS(1.0),Average rent per month in cities by type of dwelling,A,Annual,HOUSE_ND,Non-detached house,EUR,Euro,SK_CAP,Bratislava,2017,,1250,,,,,
dataflow,ESTAT:PRC_COLC_RENTS(1.0),Average rent per month in cities by type of dwelling,A,Annual,HOUSE_ND,Non-detached house,EUR,Euro,SK_CAP,Bratislava,2018,,1350,,,,,
dataflow,ESTAT:PRC_COLC_RENTS(1.0),Average rent per month in cities by type of dwelling,A,Annual,HOUSE_ND,Non-detached house,EUR,Euro,SK_CAP,Bratislava,2019,,1400,,,,,
dataflow,ESTAT:PRC_COLC_RENTS(1.0),Average rent per month in cities by type of dwelling,A,Annual,HOUSE_ND,Non-detached house,EUR,Euro,SK_CAP,Bratislava,2020,,1450,,,,,
dataflow,ESTAT:PRC_COLC_RENTS(1.0),Average rent per month in cities by type of dwelling,A,Annual,HOUSE_ND,Non-detached house,EUR,Euro,SK_CAP,Bratislava,2021,,1350,,,,,
dataflow,ESTAT:PRC_COLC_RENTS(1.0),Average rent per month in cities by type of dwelling,A,Annual,HOUSE_ND,Non-detached house,EUR,Euro,SK_CAP,Bratislava,2022,,1550,,,,,
dataflow,ESTAT:PRC_COLC_RENTS(1.0),Average rent per month in cities by type of dwelling,A,Annual,HOUSE_ND,Non-detached house,EUR,Euro,SK_CAP,Bratislava,2023,,1800,,,,,
dataflow,ESTAT:PRC_COLC_RENTS(1.0),Average rent per month in cities by type of dwelling,A,Annual,HOUSE_ND,Non-detached house,EUR,Euro,SK_CAP,Bratislava,2024,,1950,,,,,
dataflow,ESTAT:PRC_COLC_RENTS(1.0),Average rent per month in cities by type of dwelling,A,Annual,HOUSE_ND,Non-detached house,EUR,Euro,SK_CAP,Bratislava,2025,,2000,,,,,
dataflow,ESTAT:PRC_COLC_RENTS(1.0),Average rent per month in cities by type of dwelling,A,Annual,HOUSE_ND,Non-detached house,EUR,Euro,TR_CAP,Ankara,2016,,670,,,,,
dataflow,ESTAT:PRC_COLC_RENTS(1.0),Average rent per month in cities by type of dwelling,A,Annual,HOUSE_ND,Non-detached house,EUR,Euro,TR_CAP,Ankara,2017,,600,,,,,
dataflow,ESTAT:PRC_COLC_RENTS(1.0),Average rent per month in cities by type of dwelling,A,Annual,HOUSE_ND,Non-detached house,EUR,Euro,TR_CAP,Ankara,2018,,530,,,,,
dataflow,ESTAT:PRC_COLC_RENTS(1.0),Average rent per month in cities by type of dwelling,A,Annual,HOUSE_ND,Non-detached house,EUR,Euro,TR_CAP,Ankara,2019,,430,,,,,
dataflow,ESTAT:PRC_COLC_RENTS(1.0),Average rent per month in cities by type of dwelling,A,Annual,HOUSE_ND,Non-detached house,EUR,Euro,TR_CAP,Ankara,2020,,390,,,,,
dataflow,ESTAT:PRC_COLC_RENTS(1.0),Average rent per month in cities by type of dwelling,A,Annual,HOUSE_ND,Non-detached house,EUR,Euro,TR_CAP,Ankara,2021,,480,,,,,
dataflow,ESTAT:PRC_COLC_RENTS(1.0),Average rent per month in cities by type of dwelling,A,Annual,HOUSE_ND,Non-detached house,EUR,Euro,TR_CAP,Ankara,2022,,570,,,,,
dataflow,ESTAT:PRC_COLC_RENTS(1.0),Average rent per month in cities by type of dwelling,A,Annual,HOUSE_ND,Non-detached house,EUR,Euro,TR_CAP,Ankara,2023,,920,,,,,
dataflow,ESTAT:PRC_COLC_RENTS(1.0),Average rent per month in cities by type of dwelling,A,Annual,HOUSE_ND,Non-detached house,EUR,Euro,TR_CAP,Ankara,2024,,1200,,,,,
dataflow,ESTAT:PRC_COLC_RENTS(1.0),Average rent per month in cities by type of dwelling,A,Annual,HOUSE_ND,Non-detached house,EUR,Euro,TR_CAP,Ankara,2025,,1450,,,,,
dataflow,ESTAT:PRC_COLC_RENTS(1.0),Average rent per month in cities by type of dwelling,A,Annual,HOUSE_ND,Non-detached house,EUR,Euro,UK_CAP,London,2016,,4100,,,,,
dataflow,ESTAT:PRC_COLC_RENTS(1.0),Average rent per month in cities by type of dwelling,A,Annual,HOUSE_ND,Non-detached house,EUR,Euro,UK_CAP,London,2017,,4000,,,,,
dataflow,ESTAT:PRC_COLC_RENTS(1.0),Average rent per month in cities by type of dwelling,A,Annual,HOUSE_ND,Non-detached house,EUR,Euro,UK_CAP,London,2018,,3550,,,,,
dataflow,ESTAT:PRC_COLC_RENTS(1.0),Average rent per month in cities by type of dwelling,A,Annual,HOUSE_ND,Non-detached house,EUR,Euro,UK_CAP,London,2019,,3500,,,,,
dataflow,ESTAT:PRC_COLC_RENTS(1.0),Average rent per month in cities by type of dwelling,A,Annual,HOUSE_ND,Non-detached house,EUR,Euro,UK_CAP,London,2020,,3500,,,,,
dataflow,ESTAT:PRC_COLC_RENTS(1.0),Average rent per month in cities by type of dwelling,A,Annual,HOUSE_ND,Non-detached house,EUR,Euro,UK_CAP,London,2021,,3500,,,,,
dataflow,ESTAT:PRC_COLC_RENTS(1.0),Average rent per month in cities by type of dwelling,A,Annual,HOUSE_ND,Non-detached house,EUR,Euro,UK_CAP,London,2022,,4250,,,,,
dataflow,ESTAT:PRC_COLC_RENTS(1.0),Average rent per month in cities by type of dwelling,A,Annual,HOUSE_ND,Non-detached house,EUR,Euro,UK_CAP,London,2023,,4500,,,,,
dataflow,ESTAT:PRC_COLC_RENTS(1.0),Average rent per month in cities by type of dwelling,A,Annual,HOUSE_ND,Non-detached house,EUR,Euro,UK_CAP,London,2024,,4800,,,,,
dataflow,ESTAT:PRC_COLC_RENTS(1.0),Average rent per month in cities by type of dwelling,A,Annual,HOUSE_ND,Non-detached house,EUR,Euro,UK_CAP,London,2025,,4800,,,,,
dataflow,ESTAT:PRC_COLC_RENTS(1.0),Average rent per month in cities by type of dwelling,A,Annual,HOUSE_ND,Non-detached house,EUR,Euro,UK_DEL,Culham,2016,,1600,,,,,
dataflow,ESTAT:PRC_COLC_RENTS(1.0),Average rent per month in cities by type of dwelling,A,Annual,HOUSE_ND,Non-detached house,EUR,Euro,UK_DEL,Culham,2017,,1500,,,,,
dataflow,ESTAT:PRC_COLC_RENTS(1.0),Average rent per month in cities by type of dwelling,A,Annual,HOUSE_ND,Non-detached house,EUR,Euro,UK_DEL,Culham,2018,,1400,,,,,
dataflow,ESTAT:PRC_COLC_RENTS(1.0),Average rent per month in cities by type of dwelling,A,Annual,HOUSE_ND,Non-detached house,EUR,Euro,UK_DEL,Culham,2019,,1500,,,,,
dataflow,ESTAT:PRC_COLC_RENTS(1.0),Average rent per month in cities by type of dwelling,A,Annual,HOUSE_ND,Non-detached house,EUR,Euro,UK_DEL,Culham,2020,,1550,,,,,
dataflow,ESTAT:PRC_COLC_RENTS(1.0),Average rent per month in cities by type of dwelling,A,Annual,HOUSE_ND,Non-detached house,EUR,Euro,UK_DEL,Culham,2021,,1750,,,,,
dataflow,ESTAT:PRC_COLC_RENTS(1.0),Average rent per month in cities by type of dwelling,A,Annual,HOUSE_ND,Non-detached house,EUR,Euro,XK_CAP,Prishtinë,2021,,700,,,,,
dataflow,ESTAT:PRC_COLC_RENTS(1.0),Average rent per month in cities by type of dwelling,A,Annual,HOUSE_ND,Non-detached house,EUR,Euro,XK_CAP,Prishtinë,2022,,770,,,,,
dataflow,ESTAT:PRC_COLC_RENTS(1.0),Average rent per month in cities by type of dwelling,A,Annual,HOUSE_ND,Non-detached house,EUR,Euro,XK_CAP,Prishtinë,2023,,830,,,,,
dataflow,ESTAT:PRC_COLC_RENTS(1.0),Average rent per month in cities by type of dwelling,A,Annual,HOUSE_ND,Non-detached house,EUR,Euro,XK_CAP,Prishtinë,2024,,910,,,,,
dataflow,ESTAT:PRC_COLC_RENTS(1.0),Average rent per month in cities by type of dwelling,A,Annual,HOUSE_ND,Non-detached house,EUR,Euro,XK_CAP,Prishtinë,2025,,1050,,,,,
dataflow,ESTAT:PRC_COLC_RENTS(1.0),Average rent per month in cities by type of dwelling,A,Annual,HOUSE_ND,Non-detached house,NAC,National currency,AT_CAP,Wien,2016,,1750,,,,,
dataflow,ESTAT:PRC_COLC_RENTS(1.0),Average rent per month in cities by type of dwelling,A,Annual,HOUSE_ND,Non-detached house,NAC,National currency,AT_CAP,Wien,2017,,1850,,,,,
dataflow,ESTAT:PRC_COLC_RENTS(1.0),Average rent per month in cities by type of dwelling,A,Annual,HOUSE_ND,Non-detached house,NAC,National currency,AT_CAP,Wien,2018,,1850,,,,,
dataflow,ESTAT:PRC_COLC_RENTS(1.0),Average rent per month in cities by type of dwelling,A,Annual,HOUSE_ND,Non-detached house,NAC,National currency,AT_CAP,Wien,2019,,1950,,,,,
dataflow,ESTAT:PRC_COLC_RENTS(1.0),Average rent per month in cities by type of dwelling,A,Annual,HOUSE_ND,Non-detached house,NAC,National currency,AT_CAP,Wien,2020,,2050,,,,,
dataflow,ESTAT:PRC_COLC_RENTS(1.0),Average rent per month in cities by type of dwelling,A,Annual,HOUSE_ND,Non-detached house,NAC,National currency,AT_CAP,Wien,2021,,2100,,,,,
dataflow,ESTAT:PRC_COLC_RENTS(1.0),Average rent per month in cities by type of dwelling,A,Annual,HOUSE_ND,Non-detached house,NAC,National currency,AT_CAP,Wien,2022,,2150,,,,,
dataflow,ESTAT:PRC_COLC_RENTS(1.0),Average rent per month in cities by type of dwelling,A,Annual,HOUSE_ND,Non-detached house,NAC,National currency,AT_CAP,Wien,2023,,2350,,,,,
dataflow,ESTAT:PRC_COLC_RENTS(1.0),Average rent per month in cities by type of dwelling,A,Annual,HOUSE_ND,Non-detached house,NAC,National currency,AT_CAP,Wien,2024,,2450,,,,,
dataflow,ESTAT:PRC_COLC_RENTS(1.0),Average rent per month in cities by type of dwelling,A,Annual,HOUSE_ND,Non-detached house,NAC,National currency,AT_CAP,Wien,2025,,2500,,,,,
dataflow,ESTAT:PRC_COLC_RENTS(1.0),Average rent per month in cities by type of dwelling,A,Annual,HOUSE_ND,Non-detached house,NAC,National currency,BA_CAP,Sarajevo,2016,,1450,,,,,
dataflow,ESTAT:PRC_COLC_RENTS(1.0),Average rent per month in cities by type of dwelling,A,Annual,HOUSE_ND,Non-detached house,NAC,National currency,BA_CAP,Sarajevo,2017,,1700,,,,,
dataflow,ESTAT:PRC_COLC_RENTS(1.0),Average rent per month in cities by type of dwelling,A,Annual,HOUSE_ND,Non-detached house,NAC,National currency,BA_CAP,Sarajevo,2018,,1650,,,,,
dataflow,ESTAT:PRC_COLC_RENTS(1.0),Average rent per month in cities by type of dwelling,A,Annual,HOUSE_ND,Non-detached house,NAC,National currency,BA_CAP,Sarajevo,2019,,1750,,,,,
dataflow,ESTAT:PRC_COLC_RENTS(1.0),Average rent per month in cities by type of dwelling,A,Annual,HOUSE_ND,Non-detached house,NAC,National currency,BA_CAP,Sarajevo,2020,,1750,,,,,
dataflow,ESTAT:PRC_COLC_RENTS(1.0),Average rent per month in cities by type of dwelling,A,Annual,HOUSE_ND,Non-detached house,NAC,National currency,BA_CAP,Sarajevo,2021,,1750,,,,,
dataflow,ESTAT:PRC_COLC_RENTS(1.0),Average rent per month in cities by type of dwelling,A,Annual,HOUSE_ND,Non-detached house,NAC,National currency,BA_CAP,Sarajevo,2022,,2250,,,,,
dataflow,ESTAT:PRC_COLC_RENTS(1.0),Average rent per month in cities by type of dwelling,A,Annual,HOUSE_ND,Non-detached house,NAC,National currency,BA_CAP,Sarajevo,2023,,2500,,,,,
dataflow,ESTAT:PRC_COLC_RENTS(1.0),Average rent per month in cities by type of dwelling,A,Annual,HOUSE_ND,Non-detached house,NAC,National currency,BA_CAP,Sarajevo,2024,,3400,,,,,
dataflow,ESTAT:PRC_COLC_RENTS(1.0),Average rent per month in cities by type of dwelling,A,Annual,HOUSE_ND,Non-detached house,NAC,National currency,BA_CAP,Sarajevo,2025,,3300,,,,,
dataflow,ESTAT:PRC_COLC_RENTS(1.0),Average rent per month in cities by type of dwelling,A,Annual,HOUSE_ND,Non-detached house,NAC,National currency,BE_CAP,Bruxelles/Brussel,2016,,1450,,,,,
dataflow,ESTAT:PRC_COLC_RENTS(1.0),Average rent per month in cities by type of dwelling,A,Annual,HOUSE_ND,Non-detached house,NAC,National currency,BE_CAP,Bruxelles/Brussel,2017,,1350,,,,,
dataflow,ESTAT:PRC_COLC_RENTS(1.0),Average rent per month in cities by type of dwelling,A,Annual,HOUSE_ND,Non-detached house,NAC,National currency,BE_CAP,Bruxelles/Brussel,2018,,1400,,,,,
dataflow,ESTAT:PRC_COLC_RENTS(1.0),Average rent per month in cities by type of dwelling,A,Annual,HOUSE_ND,Non-detached house,NAC,National currency,BE_CAP,Bruxelles/Brussel,2019,,1450,,,,,
dataflow,ESTAT:PRC_COLC_RENTS(1.0),Average rent per month in cities by type of dwelling,A,Annual,HOUSE_ND,Non-detached house,NAC,National currency,BE_CAP,Bruxelles/Brussel,2020,,1450,,,,,
dataflow,ESTAT:PRC_COLC_RENTS(1.0),Average rent per month in cities by type of dwelling,A,Annual,HOUSE_ND,Non-detached house,NAC,National currency,BE_CAP,Bruxelles/Brussel,2021,,1600,,,,,
dataflow,ESTAT:PRC_COLC_RENTS(1.0),Average rent per month in cities by type of dwelling,A,Annual,HOUSE_ND,Non-detached house,NAC,National currency,BE_CAP,Bruxelles/Brussel,2022,,1800,,,,,
dataflow,ESTAT:PRC_COLC_RENTS(1.0),Average rent per month in cities by type of dwelling,A,Annual,HOUSE_ND,Non-detached house,NAC,National currency,BE_CAP,Bruxelles/Brussel,2023,,1700,,,,,
dataflow,ESTAT:PRC_COLC_RENTS(1.0),Average rent per month in cities by type of dwelling,A,Annual,HOUSE_ND,Non-detached house,NAC,National currency,BE_CAP,Bruxelles/Brussel,2024,,1900,,,,,
dataflow,ESTAT:PRC_COLC_RENTS(1.0),Average rent per month in cities by type of dwelling,A,Annual,HOUSE_ND,Non-detached house,NAC,National currency,BE_CAP,Bruxelles/Brussel,2025,,2000,,,,,
dataflow,ESTAT:PRC_COLC_RENTS(1.0),Average rent per month in cities by type of dwelling,A,Annual,HOUSE_ND,Non-detached house,NAC,National currency,CH_CAP,Bern (Berne),2016,,2950,,,,,
dataflow,ESTAT:PRC_COLC_RENTS(1.0),Average rent per month in cities by type of dwelling,A,Annual,HOUSE_ND,Non-detached house,NAC,National currency,CH_CAP,Bern (Berne),2017,,2750,,,,,
dataflow,ESTAT:PRC_COLC_RENTS(1.0),Average rent per month in cities by type of dwelling,A,Annual,HOUSE_ND,Non-detached house,NAC,National currency,CH_CAP,Bern (Berne),2018,,2800,,,,,
dataflow,ESTAT:PRC_COLC_RENTS(1.0),Average rent per month in cities by type of dwelling,A,Annual,HOUSE_ND,Non-detached house,NAC,National currency,CH_CAP,Bern (Berne),2019,,2700,,,,,
dataflow,ESTAT:PRC_COLC_RENTS(1.0),Average rent per month in cities by type of dwelling,A,Annual,HOUSE_ND,Non-detached house,NAC,National currency,CH_CAP,Bern (Berne),2020,,2700,,,,,
dataflow,ESTAT:PRC_COLC_RENTS(1.0),Average rent per month in cities by type of dwelling,A,Annual,HOUSE_ND,Non-detached house,NAC,National currency,CH_CAP,Bern (Berne),2021,,2750,,,,,
dataflow,ESTAT:PRC_COLC_RENTS(1.0),Average rent per month in cities by type of dwelling,A,Annual,HOUSE_ND,Non-detached house,NAC,National currency,CH_CAP,Bern (Berne),2022,,2800,,,,,
dataflow,ESTAT:PRC_COLC_RENTS(1.0),Average rent per month in cities by type of dwelling,A,Annual,HOUSE_ND,Non-detached house,NAC,National currency,CH_CAP,Bern (Berne),2023,,3050,,,,,
dataflow,ESTAT:PRC_COLC_RENTS(1.0),Average rent per month in cities by type of dwelling,A,Annual,HOUSE_ND,Non-detached house,NAC,National currency,CH_CAP,Bern (Berne),2024,,3050,,,,,
dataflow,ESTAT:PRC_COLC_RENTS(1.0),Average rent per month in cities by type of dwelling,A,Annual,HOUSE_ND,Non-detached house,NAC,National currency,CH_CAP,Bern (Berne),2025,,3200,,,,,
dataflow,ESTAT:PRC_COLC_RENTS(1.0),Average rent per month in cities by type of dwelling,A,Annual,HOUSE_ND,Non-detached house,NAC,National currency,CH_DEL,Genève,2016,,4350,,,,,
dataflow,ESTAT:PRC_COLC_RENTS(1.0),Average rent per month in cities by type of dwelling,A,Annual,HOUSE_ND,Non-detached house,NAC,National currency,CH_DEL,Genève,2017,,4150,,,,,
dataflow,ESTAT:PRC_COLC_RENTS(1.0),Average rent per month in cities by type of dwelling,A,Annual,HOUSE_ND,Non-detached house,NAC,National currency,CH_DEL,Genève,2018,,4200,,,,,
dataflow,ESTAT:PRC_COLC_RENTS(1.0),Average rent per month in cities by type of dwelling,A,Annual,HOUSE_ND,Non-detached house,NAC,National currency,CH_DEL,Genève,2019,,4200,,,,,
dataflow,ESTAT:PRC_COLC_RENTS(1.0),Average rent per month in cities by type of dwelling,A,Annual,HOUSE_ND,Non-detached house,NAC,National currency,CH_DEL,Genève,2020,,4250,,,,,
dataflow,ESTAT:PRC_COLC_RENTS(1.0),Average rent per month in cities by type of dwelling,A,Annual,HOUSE_ND,Non-detached house,NAC,National currency,CH_DEL,Genève,2021,,4400,,,,,
dataflow,ESTAT:PRC_COLC_RENTS(1.0),Average rent per month in cities by type of dwelling,A,Annual,HOUSE_ND,Non-detached house,NAC,National currency,CH_DEL,Genève,2022,,4600,,,,,
dataflow,ESTAT:PRC_COLC_RENTS(1.0),Average rent per month in cities by type of dwelling,A,Annual,HOUSE_ND,Non-detached house,NAC,National currency,CH_DEL,Genève,2023,,4450,,,,,
dataflow,ESTAT:PRC_COLC_RENTS(1.0),Average rent per month in cities by type of dwelling,A,Annual,HOUSE_ND,Non-detached house,NAC,National currency,CH_DEL,Genève,2024,,4750,,,,,
dataflow,ESTAT:PRC_COLC_RENTS(1.0),Average rent per month in cities by type of dwelling,A,Annual,HOUSE_ND,Non-detached house,NAC,National currency,CH_DEL,Genève,2025,,4900,,,,,
dataflow,ESTAT:PRC_COLC_RENTS(1.0),Average rent per month in cities by type of dwelling,A,Annual,HOUSE_ND,Non-detached house,NAC,National currency,CY_CAP,Lefkosia,2016,,860,,,,,
dataflow,ESTAT:PRC_COLC_RENTS(1.0),Average rent per month in cities by type of dwelling,A,Annual,HOUSE_ND,Non-detached house,NAC,National currency,CY_CAP,Lefkosia,2017,,870,,,,,
dataflow,ESTAT:PRC_COLC_RENTS(1.0),Average rent per month in cities by type of dwelling,A,Annual,HOUSE_ND,Non-detached house,NAC,National currency,CY_CAP,Lefkosia,2018,,1100,,,,,
dataflow,ESTAT:PRC_COLC_RENTS(1.0),Average rent per month in cities by type of dwelling,A,Annual,HOUSE_ND,Non-detached house,NAC,National currency,CY_CAP,Lefkosia,2019,,1150,,,,,
dataflow,ESTAT:PRC_COLC_RENTS(1.0),Average rent per month in cities by type of dwelling,A,Annual,HOUSE_ND,Non-detached house,NAC,National currency,CY_CAP,Lefkosia,2020,,1150,,,,,
dataflow,ESTAT:PRC_COLC_RENTS(1.0),Average rent per month in cities by type of dwelling,A,Annual,HOUSE_ND,Non-detached house,NAC,National currency,CY_CAP,Lefkosia,2021,,1100,,,,,
dataflow,ESTAT:PRC_COLC_RENTS(1.0),Average rent per month in cities by type of dwelling,A,Annual,HOUSE_ND,Non-detached house,NAC,National currency,CY_CAP,Lefkosia,2022,,1250,,,,,
dataflow,ESTAT:PRC_COLC_RENTS(1.0),Average rent per month in cities by type of dwelling,A,Annual,HOUSE_ND,Non-detached house,NAC,National currency,CY_CAP,Lefkosia,2023,,1350,,,,,
dataflow,ESTAT:PRC_COLC_RENTS(1.0),Average rent per month in cities by type of dwelling,A,Annual,HOUSE_ND,Non-detached house,NAC,National currency,CY_CAP,Lefkosia,2024,,1350,,,,,
dataflow,ESTAT:PRC_COLC_RENTS(1.0),Average rent per month in cities by type of dwelling,A,Annual,HOUSE_ND,Non-detached house,NAC,National currency,CY_CAP,Lefkosia,2025,,1350,,,,,
dataflow,ESTAT:PRC_COLC_RENTS(1.0),Average rent per month in cities by type of dwelling,A,Annual,HOUSE_ND,Non-detached house,NAC,National currency,CZ_CAP,Praha,2016,,35400,,,,,
dataflow,ESTAT:PRC_COLC_RENTS(1.0),Average rent per month in cities by type of dwelling,A,Annual,HOUSE_ND,Non-detached house,NAC,National currency,CZ_CAP,Praha,2017,,41100,,,,,
dataflow,ESTAT:PRC_COLC_RENTS(1.0),Average rent per month in cities by type of dwelling,A,Annual,HOUSE_ND,Non-detached house,NAC,National currency,CZ_CAP,Praha,2018,,44700,,,,,
dataflow,ESTAT:PRC_COLC_RENTS(1.0),Average rent per month in cities by type of dwelling,A,Annual,HOUSE_ND,Non-detached house,NAC,National currency,CZ_CAP,Praha,2019,,45400,,,,,
dataflow,ESTAT:PRC_COLC_RENTS(1.0),Average rent per month in cities by type of dwelling,A,Annual,HOUSE_ND,Non-detached house,NAC,National currency,CZ_CAP,Praha,2020,,46800,,,,,
dataflow,ESTAT:PRC_COLC_RENTS(1.0),Average rent per month in cities by type of dwelling,A,Annual,HOUSE_ND,Non-detached house,NAC,National currency,CZ_CAP,Praha,2021,,40400,,,,,
dataflow,ESTAT:PRC_COLC_RENTS(1.0),Average rent per month in cities by type of dwelling,A,Annual,HOUSE_ND,Non-detached house,NAC,National currency,CZ_CAP,Praha,2022,,43900,,,,,
dataflow,ESTAT:PRC_COLC_RENTS(1.0),Average rent per month in cities by type of dwelling,A,Annual,HOUSE_ND,Non-detached house,NAC,National currency,CZ_CAP,Praha,2023,,47550,,,,,
dataflow,ESTAT:PRC_COLC_RENTS(1.0),Average rent per month in cities by type of dwelling,A,Annual,HOUSE_ND,Non-detached house,NAC,National currency,CZ_CAP,Praha,2024,,50750,,,,,
dataflow,ESTAT:PRC_COLC_RENTS(1.0),Average rent per month in cities by type of dwelling,A,Annual,HOUSE_ND,Non-detached house,NAC,National currency,CZ_CAP,Praha,2025,,49050,,,,,
dataflow,ESTAT:PRC_COLC_RENTS(1.0),Average rent per month in cities by type of dwelling,A,Annual,HOUSE_ND,Non-detached house,NAC,National currency,DE_CAP,Berlin,2016,,1600,,,,,
dataflow,ESTAT:PRC_COLC_RENTS(1.0),Average rent per month in cities by type of dwelling,A,Annual,HOUSE_ND,Non-detached house,NAC,National currency,DE_CAP,Berlin,2017,,1650,,,,,
dataflow,ESTAT:PRC_COLC_RENTS(1.0),Average rent per month in cities by type of dwelling,A,Annual,HOUSE_ND,Non-detached house,NAC,National currency,DE_CAP,Berlin,2018,,1750,,,,,
dataflow,ESTAT:PRC_COLC_RENTS(1.0),Average rent per month in cities by type of dwelling,A,Annual,HOUSE_ND,Non-detached house,NAC,National currency,DE_CAP,Berlin,2019,,1850,,,,,
dataflow,ESTAT:PRC_COLC_RENTS(1.0),Average rent per month in cities by type of dwelling,A,Annual,HOUSE_ND,Non-detached house,NAC,National currency,DE_CAP,Berlin,2020,,1900,,,,,
dataflow,ESTAT:PRC_COLC_RENTS(1.0),Average rent per month in cities by type of dwelling,A,Annual,HOUSE_ND,Non-detached house,NAC,National currency,DE_CAP,Berlin,2021,,1900,,,,,
dataflow,ESTAT:PRC_COLC_RENTS(1.0),Average rent per month in cities by type of dwelling,A,Annual,HOUSE_ND,Non-detached house,NAC,National currency,DE_CAP,Berlin,2022,,1950,,,,,
dataflow,ESTAT:PRC_COLC_RENTS(1.0),Average rent per month in cities by type of dwelling,A,Annual,HOUSE_ND,Non-detached house,NAC,National currency,DE_CAP,Berlin,2023,,2200,,,,,
dataflow,ESTAT:PRC_COLC_RENTS(1.0),Average rent per month in cities by type of dwelling,A,Annual,HOUSE_ND,Non-detached house,NAC,National currency,DE_CAP,Berlin,2024,,2400,,,,,
dataflow,ESTAT:PRC_COLC_RENTS(1.0),Average rent per month in cities by type of dwelling,A,Annual,HOUSE_ND,Non-detached house,NAC,National currency,DE_CAP,Berlin,2025,,2450,,,,,
dataflow,ESTAT:PRC_COLC_RENTS(1.0),Average rent per month in cities by type of dwelling,A,Annual,HOUSE_ND,Non-detached house,NAC,National currency,DE_DEL1,Karlsruhe,2016,,1400,,,,,
dataflow,ESTAT:PRC_COLC_RENTS(1.0),Average rent per month in cities by type of dwelling,A,Annual,HOUSE_ND,Non-detached house,NAC,National currency,DE_DEL1,Karlsruhe,2017,,1400,,,,,
dataflow,ESTAT:PRC_COLC_RENTS(1.0),Average rent per month in cities by type of dwelling,A,Annual,HOUSE_ND,Non-detached house,NAC,National currency,DE_DEL1,Karlsruhe,2018,,1400,,,,,
dataflow,ESTAT:PRC_COLC_RENTS(1.0),Average rent per month in cities by type of dwelling,A,Annual,HOUSE_ND,Non-detached house,NAC,National currency,DE_DEL1,Karlsruhe,2019,,1450,,,,,
dataflow,ESTAT:PRC_COLC_RENTS(1.0),Average rent per month in cities by type of dwelling,A,Annual,HOUSE_ND,Non-detached house,NAC,National currency,DE_DEL1,Karlsruhe,2020,,1500,,,,,
dataflow,ESTAT:PRC_COLC_RENTS(1.0),Average rent per month in cities by type of dwelling,A,Annual,HOUSE_ND,Non-detached house,NAC,National currency,DE_DEL1,Karlsruhe,2021,,1400,,,,,
dataflow,ESTAT:PRC_COLC_RENTS(1.0),Average rent per month in cities by type of dwelling,A,Annual,HOUSE_ND,Non-detached house,NAC,National currency,DE_DEL1,Karlsruhe,2022,,1450,,,,,
dataflow,ESTAT:PRC_COLC_RENTS(1.0),Average rent per month in cities by type of dwelling,A,Annual,HOUSE_ND,Non-detached house,NAC,National currency,DE_DEL1,Karlsruhe,2023,,1600,,,,,
dataflow,ESTAT:PRC_COLC_RENTS(1.0),Average rent per month in cities by type of dwelling,A,Annual,HOUSE_ND,Non-detached house,NAC,National currency,DE_DEL2,München,2016,,2100,,,,,
dataflow,ESTAT:PRC_COLC_RENTS(1.0),Average rent per month in cities by type of dwelling,A,Annual,HOUSE_ND,Non-detached house,NAC,National currency,DE_DEL2,München,2017,,2350,,,,,
dataflow,ESTAT:PRC_COLC_RENTS(1.0),Average rent per month in cities by type of dwelling,A,Annual,HOUSE_ND,Non-detached house,NAC,National currency,DE_DEL2,München,2018,,2450,,,,,
dataflow,ESTAT:PRC_COLC_RENTS(1.0),Average rent per month in cities by type of dwelling,A,Annual,HOUSE_ND,Non-detached house,NAC,National currency,DE_DEL2,München,2019,,2600,,,,,
dataflow,ESTAT:PRC_COLC_RENTS(1.0),Average rent per month in cities by type of dwelling,A,Annual,HOUSE_ND,Non-detached house,NAC,National currency,DE_DEL2,München,2020,,2650,,,,,
dataflow,ESTAT:PRC_COLC_RENTS(1.0),Average rent per month in cities by type of dwelling,A,Annual,HOUSE_ND,Non-detached house,NAC,National currency,DE_DEL2,München,2021,,2350,,,,,
dataflow,ESTAT:PRC_COLC_RENTS(1.0),Average rent per month in cities by type of dwelling,A,Annual,HOUSE_ND,Non-detached house,NAC,National currency,DE_DEL2,München,2022,,2650,,,,,
dataflow,ESTAT:PRC_COLC_RENTS(1.0),Average rent per month in cities by type of dwelling,A,Annual,HOUSE_ND,Non-detached house,NAC,National currency,DE_DEL2,München,2023,,2650,,,,,
dataflow,ESTAT:PRC_COLC_RENTS(1.0),Average rent per month in cities by type of dwelling,A,Annual,HOUSE_ND,Non-detached house,NAC,National currency,DE_DEL2,München,2024,,2900,,,,,
dataflow,ESTAT:PRC_COLC_RENTS(1.0),Average rent per month in cities by type of dwelling,A,Annual,HOUSE_ND,Non-detached house,NAC,National currency,DE_DEL2,München,2025,,2900,,,,,
dataflow,ESTAT:PRC_COLC_RENTS(1.0),Average rent per month in cities by type of dwelling,A,Annual,HOUSE_ND,Non-detached house,NAC,National currency,DE_DEL3,Bonn,2016,,1350,,,,,
dataflow,ESTAT:PRC_COLC_RENTS(1.0),Average rent per month in cities by type of dwelling,A,Annual,HOUSE_ND,Non-detached house,NAC,National currency,DE_DEL3,Bonn,2017,,1250,,,,,
dataflow,ESTAT:PRC_COLC_RENTS(1.0),Average rent per month in cities by type of dwelling,A,Annual,HOUSE_ND,Non-detached house,NAC,National currency,DE_DEL3,Bonn,2018,,1350,,,,,
dataflow,ESTAT:PRC_COLC_RENTS(1.0),Average rent per month in cities by type of dwelling,A,Annual,HOUSE_ND,Non-detached house,NAC,National currency,DE_DEL3,Bonn,2019,,1350,,,,,
dataflow,ESTAT:PRC_COLC_RENTS(1.0),Average rent per month in cities by type of dwelling,A,Annual,HOUSE_ND,Non-detached house,NAC,National currency,DE_DEL3,Bonn,2020,,1400,,,,,
dataflow,ESTAT:PRC_COLC_RENTS(1.0),Average rent per month in cities by type of dwelling,A,Annual,HOUSE_ND,Non-detached house,NAC,National currency,DK_CAP,København,2016,,17900,,,,,
dataflow,ESTAT:PRC_COLC_RENTS(1.0),Average rent per month in cities by type of dwelling,A,Annual,HOUSE_ND,Non-detached house,NAC,National currency,DK_CAP,København,2017,,19100,,,,,
dataflow,ESTAT:PRC_COLC_RENTS(1.0),Average rent per month in cities by type of dwelling,A,Annual,HOUSE_ND,Non-detached house,NAC,National currency,DK_CAP,København,2018,,19200,,,,,
dataflow,ESTAT:PRC_COLC_RENTS(1.0),Average rent per month in cities by type of dwelling,A,Annual,HOUSE_ND,Non-detached house,NAC,National currency,DK_CAP,København,2019,,19700,,,,,
dataflow,ESTAT:PRC_COLC_RENTS(1.0),Average rent per month in cities by type of dwelling,A,Annual,HOUSE_ND,Non-detached house,NAC,National currency,DK_CAP,København,2020,,19800,,,,,
dataflow,ESTAT:PRC_COLC_RENTS(1.0),Average rent per month in cities by type of dwelling,A,Annual,HOUSE_ND,Non-detached house,NAC,National currency,DK_CAP,København,2021,,19700,,,,,
dataflow,ESTAT:PRC_COLC_RENTS(1.0),Average rent per month in cities by type of dwelling,A,Annual,HOUSE_ND,Non-detached house,NAC,National currency,DK_CAP,København,2022,,19400,,,,,
dataflow,ESTAT:PRC_COLC_RENTS(1.0),Average rent per month in cities by type of dwelling,A,Annual,HOUSE_ND,Non-detached house,NAC,National currency,DK_CAP,København,2023,,21250,,,,,
dataflow,ESTAT:PRC_COLC_RENTS(1.0),Average rent per month in cities by type of dwelling,A,Annual,HOUSE_ND,Non-detached house,NAC,National currency,DK_CAP,København,2024,,23500,,,,,
dataflow,ESTAT:PRC_COLC_RENTS(1.0),Average rent per month in cities by type of dwelling,A,Annual,HOUSE_ND,Non-detached house,NAC,National currency,DK_CAP,København,2025,,24400,,,,,
dataflow,ESTAT:PRC_COLC_RENTS(1.0),Average rent per month in cities by type of dwelling,A,Annual,HOUSE_ND,Non-detached house,NAC,National currency,EE_CAP,Tallinn,2016,,1100,,,,,
dataflow,ESTAT:PRC_COLC_RENTS(1.0),Average rent per month in cities by type of dwelling,A,Annual,HOUSE_ND,Non-detached house,NAC,National currency,EE_CAP,Tallinn,2017,,1200,,,,,
dataflow,ESTAT:PRC_COLC_RENTS(1.0),Average rent per month in cities by type of dwelling,A,Annual,HOUSE_ND,Non-detached house,NAC,National currency,EE_CAP,Tallinn,2018,,1250,,,,,
dataflow,ESTAT:PRC_COLC_RENTS(1.0),Average rent per month in cities by type of dwelling,A,Annual,HOUSE_ND,Non-detached house,NAC,National currency,EE_CAP,Tallinn,2019,,1300,,,,,
dataflow,ESTAT:PRC_COLC_RENTS(1.0),Average rent per month in cities by type of dwelling,A,Annual,HOUSE_ND,Non-detached house,NAC,National currency,EE_CAP,Tallinn,2020,,1150,,,,,
dataflow,ESTAT:PRC_COLC_RENTS(1.0),Average rent per month in cities by type of dwelling,A,Annual,HOUSE_ND,Non-detached house,NAC,National currency,EE_CAP,Tallinn,2021,,1300,,,,,
dataflow,ESTAT:PRC_COLC_RENTS(1.0),Average rent per month in cities by type of dwelling,A,Annual,HOUSE_ND,Non-detached house,NAC,National currency,EE_CAP,Tallinn,2022,,1650,,,,,
dataflow,ESTAT:PRC_COLC_RENTS(1.0),Average rent per month in cities by type of dwelling,A,Annual,HOUSE_ND,Non-detached house,NAC,National currency,EE_CAP,Tallinn,2023,,1750,,,,,
dataflow,ESTAT:PRC_COLC_RENTS(1.0),Average rent per month in cities by type of dwelling,A,Annual,HOUSE_ND,Non-detached house,NAC,National currency,EE_CAP,Tallinn,2024,,1650,,,,,
dataflow,ESTAT:PRC_COLC_RENTS(1.0),Average rent per month in cities by type of dwelling,A,Annual,HOUSE_ND,Non-detached house,NAC,National currency,EE_CAP,Tallinn,2025,,1800,,,,,
dataflow,ESTAT:PRC_COLC_RENTS(1.0),Average rent per month in cities by type of dwelling,A,Annual,HOUSE_ND,Non-detached house,NAC,National currency,EL_CAP,Athina,2016,,1250,,,,,
dataflow,ESTAT:PRC_COLC_RENTS(1.0),Average rent per month in cities by type of dwelling,A,Annual,HOUSE_ND,Non-detached house,NAC,National currency,EL_CAP,Athina,2017,,1400,,,,,
dataflow,ESTAT:PRC_COLC_RENTS(1.0),Average rent per month in cities by type of dwelling,A,Annual,HOUSE_ND,Non-detached house,NAC,National currency,EL_CAP,Athina,2018,,1450,,,,,
dataflow,ESTAT:PRC_COLC_RENTS(1.0),Average rent per month in cities by type of dwelling,A,Annual,HOUSE_ND,Non-detached house,NAC,National currency,EL_CAP,Athina,2019,,1600,,,,,
dataflow,ESTAT:PRC_COLC_RENTS(1.0),Average rent per month in cities by type of dwelling,A,Annual,HOUSE_ND,Non-detached house,NAC,National currency,EL_CAP,Athina,2020,,1600,,,,,
dataflow,ESTAT:PRC_COLC_RENTS(1.0),Average rent per month in cities by type of dwelling,A,Annual,HOUSE_ND,Non-detached house,NAC,National currency,EL_CAP,Athina,2021,,1700,,,,,
dataflow,ESTAT:PRC_COLC_RENTS(1.0),Average rent per month in cities by type of dwelling,A,Annual,HOUSE_ND,Non-detached house,NAC,National currency,EL_CAP,Athina,2022,,1900,,,,,
dataflow,ESTAT:PRC_COLC_RENTS(1.0),Average rent per month in cities by type of dwelling,A,Annual,HOUSE_ND,Non-detached house,NAC,National currency,EL_CAP,Athina,2023,,2100,,,,,
dataflow,ESTAT:PRC_COLC_RENTS(1.0),Average rent per month in cities by type of dwelling,A,Annual,HOUSE_ND,Non-detached house,NAC,National currency,EL_CAP,Athina,2024,,2300,,,,,
dataflow,ESTAT:PRC_COLC_RENTS(1.0),Average rent per month in cities by type of dwelling,A,Annual,HOUSE_ND,Non-detached house,NAC,National currency,EL_CAP,Athina,2025,,2400,,,,,
dataflow,ESTAT:PRC_COLC_RENTS(1.0),Average rent per month in cities by type of dwelling,A,Annual,HOUSE_ND,Non-detached house,NAC,National currency,ES_CAP,Madrid,2016,,1700,,,,,
dataflow,ESTAT:PRC_COLC_RENTS(1.0),Average rent per month in cities by type of dwelling,A,Annual,HOUSE_ND,Non-detached house,NAC,National currency,ES_CAP,Madrid,2017,,2000,,,,,
dataflow,ESTAT:PRC_COLC_RENTS(1.0),Average rent per month in cities by type of dwelling,A,Annual,HOUSE_ND,Non-detached house,NAC,National currency,ES_CAP,Madrid,2018,,2150,,,,,
dataflow,ESTAT:PRC_COLC_RENTS(1.0),Average rent per month in cities by type of dwelling,A,Annual,HOUSE_ND,Non-detached house,NAC,National currency,ES_CAP,Madrid,2019,,2150,,,,,
dataflow,ESTAT:PRC_COLC_RENTS(1.0),Average rent per month in cities by type of dwelling,A,Annual,HOUSE_ND,Non-detached house,NAC,National currency,ES_CAP,Madrid,2020,,2200,,,,,
dataflow,ESTAT:PRC_COLC_RENTS(1.0),Average rent per month in cities by type of dwelling,A,Annual,HOUSE_ND,Non-detached house,NAC,National currency,ES_CAP,Madrid,2021,,2100,,,,,
dataflow,ESTAT:PRC_COLC_RENTS(1.0),Average rent per month in cities by type of dwelling,A,Annual,HOUSE_ND,Non-detached house,NAC,National currency,ES_CAP,Madrid,2022,,2500,,,,,
dataflow,ESTAT:PRC_COLC_RENTS(1.0),Average rent per month in cities by type of dwelling,A,Annual,HOUSE_ND,Non-detached house,NAC,National currency,ES_CAP,Madrid,2023,,2550,,,,,
dataflow,ESTAT:PRC_COLC_RENTS(1.0),Average rent per month in cities by type of dwelling,A,Annual,HOUSE_ND,Non-detached house,NAC,National currency,ES_CAP,Madrid,2024,,2700,,,,,
dataflow,ESTAT:PRC_COLC_RENTS(1.0),Average rent per month in cities by type of dwelling,A,Annual,HOUSE_ND,Non-detached house,NAC,National currency,ES_CAP,Madrid,2025,,2700,,,,,
dataflow,ESTAT:PRC_COLC_RENTS(1.0),Average rent per month in cities by type of dwelling,A,Annual,HOUSE_ND,Non-detached house,NAC,National currency,FI_CAP,Helsinki,2016,,2100,,,,,
dataflow,ESTAT:PRC_COLC_RENTS(1.0),Average rent per month in cities by type of dwelling,A,Annual,HOUSE_ND,Non-detached house,NAC,National currency,FI_CAP,Helsinki,2017,,2000,,,,,
dataflow,ESTAT:PRC_COLC_RENTS(1.0),Average rent per month in cities by type of dwelling,A,Annual,HOUSE_ND,Non-detached house,NAC,National currency,FI_CAP,Helsinki,2018,,2200,,,,,
dataflow,ESTAT:PRC_COLC_RENTS(1.0),Average rent per month in cities by type of dwelling,A,Annual,HOUSE_ND,Non-detached house,NAC,National currency,FI_CAP,Helsinki,2019,,2150,,,,,
dataflow,ESTAT:PRC_COLC_RENTS(1.0),Average rent per month in cities by type of dwelling,A,Annual,HOUSE_ND,Non-detached house,NAC,National currency,FI_CAP,Helsinki,2020,,2150,,,,,
dataflow,ESTAT:PRC_COLC_RENTS(1.0),Average rent per month in cities by type of dwelling,A,Annual,HOUSE_ND,Non-detached house,NAC,National currency,FI_CAP,Helsinki,2021,,2200,,,,,
dataflow,ESTAT:PRC_COLC_RENTS(1.0),Average rent per month in cities by type of dwelling,A,Annual,HOUSE_ND,Non-detached house,NAC,National currency,FI_CAP,Helsinki,2022,,2500,,,,,
dataflow,ESTAT:PRC_COLC_RENTS(1.0),Average rent per month in cities by type of dwelling,A,Annual,HOUSE_ND,Non-detached house,NAC,National currency,FI_CAP,Helsinki,2023,,2250,,,,,
dataflow,ESTAT:PRC_COLC_RENTS(1.0),Average rent per month in cities by type of dwelling,A,Annual,HOUSE_ND,Non-detached house,NAC,National currency,FI_CAP,Helsinki,2024,,2250,,,,,
dataflow,ESTAT:PRC_COLC_RENTS(1.0),Average rent per month in cities by type of dwelling,A,Annual,HOUSE_ND,Non-detached house,NAC,National currency,FI_CAP,Helsinki,2025,,2350,,,,,
dataflow,ESTAT:PRC_COLC_RENTS(1.0),Average rent per month in cities by type of dwelling,A,Annual,HOUSE_ND,Non-detached house,NAC,National currency,FR_CAP,Paris,2016,,2650,,,,,
dataflow,ESTAT:PRC_COLC_RENTS(1.0),Average rent per month in cities by type of dwelling,A,Annual,HOUSE_ND,Non-detached house,NAC,National currency,FR_CAP,Paris,2017,,2700,,,,,
dataflow,ESTAT:PRC_COLC_RENTS(1.0),Average rent per month in cities by type of dwelling,A,Annual,HOUSE_ND,Non-detached house,NAC,National currency,FR_CAP,Paris,2018,,2750,,,,,
dataflow,ESTAT:PRC_COLC_RENTS(1.0),Average rent per month in cities by type of dwelling,A,Annual,HOUSE_ND,Non-detached house,NAC,National currency,FR_CAP,Paris,2019,,2700,,,,,
dataflow,ESTAT:PRC_COLC_RENTS(1.0),Average rent per month in cities by type of dwelling,A,Annual,HOUSE_ND,Non-detached house,NAC,National currency,FR_CAP,Paris,2020,,2700,,,,,
dataflow,ESTAT:PRC_COLC_RENTS(1.0),Average rent per month in cities by type of dwelling,A,Annual,HOUSE_ND,Non-detached house,NAC,National currency,FR_CAP,Paris,2021,,2650,,,,,
dataflow,ESTAT:PRC_COLC_RENTS(1.0),Average rent per month in cities by type of dwelling,A,Annual,HOUSE_ND,Non-detached house,NAC,National currency,FR_CAP,Paris,2022,,2700,,,,,
dataflow,ESTAT:PRC_COLC_RENTS(1.0),Average rent per month in cities by type of dwelling,A,Annual,HOUSE_ND,Non-detached house,NAC,National currency,FR_CAP,Paris,2023,,2950,,,,,
dataflow,ESTAT:PRC_COLC_RENTS(1.0),Average rent per month in cities by type of dwelling,A,Annual,HOUSE_ND,Non-detached house,NAC,National currency,FR_CAP,Paris,2024,,2950,,,,,
dataflow,ESTAT:PRC_COLC_RENTS(1.0),Average rent per month in cities by type of dwelling,A,Annual,HOUSE_ND,Non-detached house,NAC,National currency,FR_CAP,Paris,2025,,3100,,,,,
dataflow,ESTAT:PRC_COLC_RENTS(1.0),Average rent per month in cities by type of dwelling,A,Annual,HOUSE_ND,Non-detached house,NAC,National currency,HR_CAP,Zagreb,2016,,10150,,,,,
dataflow,ESTAT:PRC_COLC_RENTS(1.0),Average rent per month in cities by type of dwelling,A,Annual,HOUSE_ND,Non-detached house,NAC,National currency,HR_CAP,Zagreb,2017,,9650,,,,,
dataflow,ESTAT:PRC_COLC_RENTS(1.0),Average rent per month in cities by type of dwelling,A,Annual,HOUSE_ND,Non-detached house,NAC,National currency,HR_CAP,Zagreb,2018,,11450,,,,,
dataflow,ESTAT:PRC_COLC_RENTS(1.0),Average rent per month in cities by type of dwelling,A,Annual,HOUSE_ND,Non-detached house,NAC,National currency,HR_CAP,Zagreb,2019,,11450,,,,,
dataflow,ESTAT:PRC_COLC_RENTS(1.0),Average rent per month in cities by type of dwelling,A,Annual,HOUSE_ND,Non-detached house,NAC,National currency,HR_CAP,Zagreb,2020,,12100,,,,,
dataflow,ESTAT:PRC_COLC_RENTS(1.0),Average rent per month in cities by type of dwelling,A,Annual,HOUSE_ND,Non-detached house,NAC,National currency,HR_CAP,Zagreb,2021,,12750,,,,,
dataflow,ESTAT:PRC_COLC_RENTS(1.0),Average rent per month in cities by type of dwelling,A,Annual,HOUSE_ND,Non-detached house,NAC,National currency,HR_CAP,Zagreb,2022,,14700,,,,,
dataflow,ESTAT:PRC_COLC_RENTS(1.0),Average rent per month in cities by type of dwelling,A,Annual,HOUSE_ND,Non-detached house,NAC,National currency,HR_CAP,Zagreb,2023,,2150,,,,,
dataflow,ESTAT:PRC_COLC_RENTS(1.0),Average rent per month in cities by type of dwelling,A,Annual,HOUSE_ND,Non-detached house,NAC,National currency,HR_CAP,Zagreb,2024,,2200,,,,,
dataflow,ESTAT:PRC_COLC_RENTS(1.0),Average rent per month in cities by type of dwelling,A,Annual,HOUSE_ND,Non-detached house,NAC,National currency,HR_CAP,Zagreb,2025,,2400,,,,,
dataflow,ESTAT:PRC_COLC_RENTS(1.0),Average rent per month in cities by type of dwelling,A,Annual,HOUSE_ND,Non-detached house,NAC,National currency,HU_CAP,Budapest,2016,,569500,,,,,
dataflow,ESTAT:PRC_COLC_RENTS(1.0),Average rent per month in cities by type of dwelling,A,Annual,HOUSE_ND,Non-detached house,NAC,National currency,HU_CAP,Budapest,2017,,596500,,,,,
dataflow,ESTAT:PRC_COLC_RENTS(1.0),Average rent per month in cities by type of dwelling,A,Annual,HOUSE_ND,Non-detached house,NAC,National currency,HU_CAP,Budapest,2018,,604000,,,,,
dataflow,ESTAT:PRC_COLC_RENTS(1.0),Average rent per month in cities by type of dwelling,A,Annual,HOUSE_ND,Non-detached house,NAC,National currency,HU_CAP,Budapest,2019,,605500,,,,,
dataflow,ESTAT:PRC_COLC_RENTS(1.0),Average rent per month in cities by type of dwelling,A,Annual,HOUSE_ND,Non-detached house,NAC,National currency,HU_CAP,Budapest,2020,,633000,,,,,
dataflow,ESTAT:PRC_COLC_RENTS(1.0),Average rent per month in cities by type of dwelling,A,Annual,HOUSE_ND,Non-detached house,NAC,National currency,HU_CAP,Budapest,2021,,610500,,,,,
dataflow,ESTAT:PRC_COLC_RENTS(1.0),Average rent per month in cities by type of dwelling,A,Annual,HOUSE_ND,Non-detached house,NAC,National currency,HU_CAP,Budapest,2022,,845600,,,,,
dataflow,ESTAT:PRC_COLC_RENTS(1.0),Average rent per month in cities by type of dwelling,A,Annual,HOUSE_ND,Non-detached house,NAC,National currency,HU_CAP,Budapest,2023,,753700,,,,,
dataflow,ESTAT:PRC_COLC_RENTS(1.0),Average rent per month in cities by type of dwelling,A,Annual,HOUSE_ND,Non-detached house,NAC,National currency,HU_CAP,Budapest,2024,,834000,,,,,
dataflow,ESTAT:PRC_COLC_RENTS(1.0),Average rent per month in cities by type of dwelling,A,Annual,HOUSE_ND,Non-detached house,NAC,National currency,HU_CAP,Budapest,2025,,913450,,,,,
dataflow,ESTAT:PRC_COLC_RENTS(1.0),Average rent per month in cities by type of dwelling,A,Annual,HOUSE_ND,Non-detached house,NAC,National currency,IE_CAP,Dublin,2016,,2150,,,,,
dataflow,ESTAT:PRC_COLC_RENTS(1.0),Average rent per month in cities by type of dwelling,A,Annual,HOUSE_ND,Non-detached house,NAC,National currency,IE_CAP,Dublin,2017,,2350,,,,,
dataflow,ESTAT:PRC_COLC_RENTS(1.0),Average rent per month in cities by type of dwelling,A,Annual,HOUSE_ND,Non-detached house,NAC,National currency,IE_CAP,Dublin,2018,,2650,,,,,
dataflow,ESTAT:PRC_COLC_RENTS(1.0),Average rent per month in cities by type of dwelling,A,Annual,HOUSE_ND,Non-detached house,NAC,National currency,IE_CAP,Dublin,2019,,2800,,,,,
dataflow,ESTAT:PRC_COLC_RENTS(1.0),Average rent per month in cities by type of dwelling,A,Annual,HOUSE_ND,Non-detached house,NAC,National currency,IE_CAP,Dublin,2020,,2800,,,,,
dataflow,ESTAT:PRC_COLC_RENTS(1.0),Average rent per month in cities by type of dwelling,A,Annual,HOUSE_ND,Non-detached house,NAC,National currency,IE_CAP,Dublin,2021,,2700,,,,,
dataflow,ESTAT:PRC_COLC_RENTS(1.0),Average rent per month in cities by type of dwelling,A,Annual,HOUSE_ND,Non-detached house,NAC,National currency,IE_CAP,Dublin,2022,,3150,,,,,
dataflow,ESTAT:PRC_COLC_RENTS(1.0),Average rent per month in cities by type of dwelling,A,Annual,HOUSE_ND,Non-detached house,NAC,National currency,IE_CAP,Dublin,2023,,3550,,,,,
dataflow,ESTAT:PRC_COLC_RENTS(1.0),Average rent per month in cities by type of dwelling,A,Annual,HOUSE_ND,Non-detached house,NAC,National currency,IE_CAP,Dublin,2024,,3650,,,,,
dataflow,ESTAT:PRC_COLC_RENTS(1.0),Average rent per month in cities by type of dwelling,A,Annual,HOUSE_ND,Non-detached house,NAC,National currency,IE_CAP,Dublin,2025,,3650,,,,,
dataflow,ESTAT:PRC_COLC_RENTS(1.0),Average rent per month in cities by type of dwelling,A,Annual,HOUSE_ND,Non-detached house,NAC,National currency,IS_CAP,Reykjavik,2016,,285500,,,,,
dataflow,ESTAT:PRC_COLC_RENTS(1.0),Average rent per month in cities by type of dwelling,A,Annual,HOUSE_ND,Non-detached house,NAC,National currency,IS_CAP,Reykjavik,2017,,290000,,,,,
dataflow,ESTAT:PRC_COLC_RENTS(1.0),Average rent per month in cities by type of dwelling,A,Annual,HOUSE_ND,Non-detached house,NAC,National currency,IS_CAP,Reykjavik,2018,,319450,,,,,
dataflow,ESTAT:PRC_COLC_RENTS(1.0),Average rent per month in cities by type of dwelling,A,Annual,HOUSE_ND,Non-detached house,NAC,National currency,IS_CAP,Reykjavik,2019,,309900,,,,,
dataflow,ESTAT:PRC_COLC_RENTS(1.0),Average rent per month in cities by type of dwelling,A,Annual,HOUSE_ND,Non-detached house,NAC,National currency,IS_CAP,Reykjavik,2020,,320400,,,,,
dataflow,ESTAT:PRC_COLC_RENTS(1.0),Average rent per month in cities by type of dwelling,A,Annual,HOUSE_ND,Non-detached house,NAC,National currency,IS_CAP,Reykjavik,2021,,314400,,,,,
dataflow,ESTAT:PRC_COLC_RENTS(1.0),Average rent per month in cities by type of dwelling,A,Annual,HOUSE_ND,Non-detached house,NAC,National currency,IS_CAP,Reykjavik,2022,,343600,,,,,
dataflow,ESTAT:PRC_COLC_RENTS(1.0),Average rent per month in cities by type of dwelling,A,Annual,HOUSE_ND,Non-detached house,NAC,National currency,IS_CAP,Reykjavik,2023,,387350,,,,,
dataflow,ESTAT:PRC_COLC_RENTS(1.0),Average rent per month in cities by type of dwelling,A,Annual,HOUSE_ND,Non-detached house,NAC,National currency,IS_CAP,Reykjavik,2024,,477300,,,,,
dataflow,ESTAT:PRC_COLC_RENTS(1.0),Average rent per month in cities by type of dwelling,A,Annual,HOUSE_ND,Non-detached house,NAC,National currency,IS_CAP,Reykjavik,2025,,484600,,,,,
dataflow,ESTAT:PRC_COLC_RENTS(1.0),Average rent per month in cities by type of dwelling,A,Annual,HOUSE_ND,Non-detached house,NAC,National currency,IT_CAP,Roma,2016,,1600,,,,,
dataflow,ESTAT:PRC_COLC_RENTS(1.0),Average rent per month in cities by type of dwelling,A,Annual,HOUSE_ND,Non-detached house,NAC,National currency,IT_CAP,Roma,2017,,1450,,,,,
dataflow,ESTAT:PRC_COLC_RENTS(1.0),Average rent per month in cities by type of dwelling,A,Annual,HOUSE_ND,Non-detached house,NAC,National currency,IT_CAP,Roma,2018,,1350,,,,,
dataflow,ESTAT:PRC_COLC_RENTS(1.0),Average rent per month in cities by type of dwelling,A,Annual,HOUSE_ND,Non-detached house,NAC,National currency,IT_CAP,Roma,2019,,1450,,,,,
dataflow,ESTAT:PRC_COLC_RENTS(1.0),Average rent per month in cities by type of dwelling,A,Annual,HOUSE_ND,Non-detached house,NAC,National currency,IT_CAP,Roma,2020,,1450,,,,,
dataflow,ESTAT:PRC_COLC_RENTS(1.0),Average rent per month in cities by type of dwelling,A,Annual,HOUSE_ND,Non-detached house,NAC,National currency,IT_CAP,Roma,2021,,1450,,,,,
dataflow,ESTAT:PRC_COLC_RENTS(1.0),Average rent per month in cities by type of dwelling,A,Annual,HOUSE_ND,Non-detached house,NAC,National currency,IT_CAP,Roma,2022,,1400,,,,,
dataflow,ESTAT:PRC_COLC_RENTS(1.0),Average rent per month in cities by type of dwelling,A,Annual,HOUSE_ND,Non-detached house,NAC,National currency,IT_CAP,Roma,2023,,1350,,,,,
dataflow,ESTAT:PRC_COLC_RENTS(1.0),Average rent per month in cities by type of dwelling,A,Annual,HOUSE_ND,Non-detached house,NAC,National currency,IT_CAP,Roma,2024,,1650,,,,,
dataflow,ESTAT:PRC_COLC_RENTS(1.0),Average rent per month in cities by type of dwelling,A,Annual,HOUSE_ND,Non-detached house,NAC,National currency,IT_CAP,Roma,2025,,1700,,,,,
dataflow,ESTAT:PRC_COLC_RENTS(1.0),Average rent per month in cities by type of dwelling,A,Annual,HOUSE_ND,Non-detached house,NAC,National currency,IT_DEL,Varese,2016,,1250,,,,,
dataflow,ESTAT:PRC_COLC_RENTS(1.0),Average rent per month in cities by type of dwelling,A,Annual,HOUSE_ND,Non-detached house,NAC,National currency,IT_DEL,Varese,2017,,1250,,,,,
dataflow,ESTAT:PRC_COLC_RENTS(1.0),Average rent per month in cities by type of dwelling,A,Annual,HOUSE_ND,Non-detached house,NAC,National currency,IT_DEL,Varese,2018,,1250,,,,,
dataflow,ESTAT:PRC_COLC_RENTS(1.0),Average rent per month in cities by type of dwelling,A,Annual,HOUSE_ND,Non-detached house,NAC,National currency,IT_DEL,Varese,2019,,1300,,,,,
dataflow,ESTAT:PRC_COLC_RENTS(1.0),Average rent per month in cities by type of dwelling,A,Annual,HOUSE_ND,Non-detached house,NAC,National currency,IT_DEL,Varese,2020,,1300,,,,,
dataflow,ESTAT:PRC_COLC_RENTS(1.0),Average rent per month in cities by type of dwelling,A,Annual,HOUSE_ND,Non-detached house,NAC,National currency,IT_DEL,Varese,2021,,1350,,,,,
dataflow,ESTAT:PRC_COLC_RENTS(1.0),Average rent per month in cities by type of dwelling,A,Annual,HOUSE_ND,Non-detached house,NAC,National currency,IT_DEL,Varese,2022,,1400,,,,,
dataflow,ESTAT:PRC_COLC_RENTS(1.0),Average rent per month in cities by type of dwelling,A,Annual,HOUSE_ND,Non-detached house,NAC,National currency,IT_DEL,Varese,2023,,1550,,,,,
dataflow,ESTAT:PRC_COLC_RENTS(1.0),Average rent per month in cities by type of dwelling,A,Annual,HOUSE_ND,Non-detached house,NAC,National currency,IT_DEL,Varese,2024,,1600,,,,,
dataflow,ESTAT:PRC_COLC_RENTS(1.0),Average rent per month in cities by type of dwelling,A,Annual,HOUSE_ND,Non-detached house,NAC,National currency,IT_DEL,Varese,2025,,1550,,,,,
dataflow,ESTAT:PRC_COLC_RENTS(1.0),Average rent per month in cities by type of dwelling,A,Annual,HOUSE_ND,Non-detached house,NAC,National currency,LT_CAP,Vilnius,2016,,1150,,,,,
dataflow,ESTAT:PRC_COLC_RENTS(1.0),Average rent per month in cities by type of dwelling,A,Annual,HOUSE_ND,Non-detached house,NAC,National currency,LT_CAP,Vilnius,2017,,1200,,,,,
dataflow,ESTAT:PRC_COLC_RENTS(1.0),Average rent per month in cities by type of dwelling,A,Annual,HOUSE_ND,Non-detached house,NAC,National currency,LT_CAP,Vilnius,2018,,1400,,,,,
dataflow,ESTAT:PRC_COLC_RENTS(1.0),Average rent per month in cities by type of dwelling,A,Annual,HOUSE_ND,Non-detached house,NAC,National currency,LT_CAP,Vilnius,2019,,1500,,,,,
dataflow,ESTAT:PRC_COLC_RENTS(1.0),Average rent per month in cities by type of dwelling,A,Annual,HOUSE_ND,Non-detached house,NAC,National currency,LT_CAP,Vilnius,2020,,1500,,,,,
dataflow,ESTAT:PRC_COLC_RENTS(1.0),Average rent per month in cities by type of dwelling,A,Annual,HOUSE_ND,Non-detached house,NAC,National currency,LT_CAP,Vilnius,2021,,1400,,,,,
dataflow,ESTAT:PRC_COLC_RENTS(1.0),Average rent per month in cities by type of dwelling,A,Annual,HOUSE_ND,Non-detached house,NAC,National currency,LT_CAP,Vilnius,2022,,1950,,,,,
dataflow,ESTAT:PRC_COLC_RENTS(1.0),Average rent per month in cities by type of dwelling,A,Annual,HOUSE_ND,Non-detached house,NAC,National currency,LT_CAP,Vilnius,2023,,1650,,,,,
dataflow,ESTAT:PRC_COLC_RENTS(1.0),Average rent per month in cities by type of dwelling,A,Annual,HOUSE_ND,Non-detached house,NAC,National currency,LT_CAP,Vilnius,2024,,1800,,,,,
dataflow,ESTAT:PRC_COLC_RENTS(1.0),Average rent per month in cities by type of dwelling,A,Annual,HOUSE_ND,Non-detached house,NAC,National currency,LT_CAP,Vilnius,2025,,1750,,,,,
dataflow,ESTAT:PRC_COLC_RENTS(1.0),Average rent per month in cities by type of dwelling,A,Annual,HOUSE_ND,Non-detached house,NAC,National currency,LU_CAP,Luxembourg,2016,,3300,,,,,
dataflow,ESTAT:PRC_COLC_RENTS(1.0),Average rent per month in cities by type of dwelling,A,Annual,HOUSE_ND,Non-detached house,NAC,National currency,LU_CAP,Luxembourg,2017,,3050,,,,,
dataflow,ESTAT:PRC_COLC_RENTS(1.0),Average rent per month in cities by type of dwelling,A,Annual,HOUSE_ND,Non-detached house,NAC,National currency,LU_CAP,Luxembourg,2018,,3400,,,,,
dataflow,ESTAT:PRC_COLC_RENTS(1.0),Average rent per month in cities by type of dwelling,A,Annual,HOUSE_ND,Non-detached house,NAC,National currency,LU_CAP,Luxembourg,2019,,3550,,,,,
dataflow,ESTAT:PRC_COLC_RENTS(1.0),Average rent per month in cities by type of dwelling,A,Annual,HOUSE_ND,Non-detached house,NAC,National currency,LU_CAP,Luxembourg,2020,,3550,,,,,
dataflow,ESTAT:PRC_COLC_RENTS(1.0),Average rent per month in cities by type of dwelling,A,Annual,HOUSE_ND,Non-detached house,NAC,National currency,LU_CAP,Luxembourg,2021,,3350,,,,,
dataflow,ESTAT:PRC_COLC_RENTS(1.0),Average rent per month in cities by type of dwelling,A,Annual,HOUSE_ND,Non-detached house,NAC,National currency,LU_CAP,Luxembourg,2022,,3450,,,,,
dataflow,ESTAT:PRC_COLC_RENTS(1.0),Average rent per month in cities by type of dwelling,A,Annual,HOUSE_ND,Non-detached house,NAC,National currency,LU_CAP,Luxembourg,2023,,3750,,,,,
dataflow,ESTAT:PRC_COLC_RENTS(1.0),Average rent per month in cities by type of dwelling,A,Annual,HOUSE_ND,Non-detached house,NAC,National currency,LU_CAP,Luxembourg,2024,,3850,,,,,
dataflow,ESTAT:PRC_COLC_RENTS(1.0),Average rent per month in cities by type of dwelling,A,Annual,HOUSE_ND,Non-detached house,NAC,National currency,LU_CAP,Luxembourg,2025,,3850,,,,,
dataflow,ESTAT:PRC_COLC_RENTS(1.0),Average rent per month in cities by type of dwelling,A,Annual,HOUSE_ND,Non-detached house,NAC,National currency,LV_CAP,Riga,2016,,1180,,,,,
dataflow,ESTAT:PRC_COLC_RENTS(1.0),Average rent per month in cities by type of dwelling,A,Annual,HOUSE_ND,Non-detached house,NAC,National currency,LV_CAP,Riga,2017,,1400,,,,,
dataflow,ESTAT:PRC_COLC_RENTS(1.0),Average rent per month in cities by type of dwelling,A,Annual,HOUSE_ND,Non-detached house,NAC,National currency,LV_CAP,Riga,2018,,1350,,,,,
dataflow,ESTAT:PRC_COLC_RENTS(1.0),Average rent per month in cities by type of dwelling,A,Annual,HOUSE_ND,Non-detached house,NAC,National currency,LV_CAP,Riga,2019,,1450,,,,,
dataflow,ESTAT:PRC_COLC_RENTS(1.0),Average rent per month in cities by type of dwelling,A,Annual,HOUSE_ND,Non-detached house,NAC,National currency,LV_CAP,Riga,2020,,1350,,,,,
dataflow,ESTAT:PRC_COLC_RENTS(1.0),Average rent per month in cities by type of dwelling,A,Annual,HOUSE_ND,Non-detached house,NAC,National currency,LV_CAP,Riga,2021,,1500,,,,,
dataflow,ESTAT:PRC_COLC_RENTS(1.0),Average rent per month in cities by type of dwelling,A,Annual,HOUSE_ND,Non-detached house,NAC,National currency,LV_CAP,Riga,2022,,1650,,,,,
dataflow,ESTAT:PRC_COLC_RENTS(1.0),Average rent per month in cities by type of dwelling,A,Annual,HOUSE_ND,Non-detached house,NAC,National currency,LV_CAP,Riga,2023,,1650,,,,,
dataflow,ESTAT:PRC_COLC_RENTS(1.0),Average rent per month in cities by type of dwelling,A,Annual,HOUSE_ND,Non-detached house,NAC,National currency,LV_CAP,Riga,2024,,1600,,,,,
dataflow,ESTAT:PRC_COLC_RENTS(1.0),Average rent per month in cities by type of dwelling,A,Annual,HOUSE_ND,Non-detached house,NAC,National currency,LV_CAP,Riga,2025,,1800,,,,,
dataflow,ESTAT:PRC_COLC_RENTS(1.0),Average rent per month in cities by type of dwelling,A,Annual,HOUSE_ND,Non-detached house,NAC,National currency,ME_CAP,Podgorica,2016,,1150,,,,,
dataflow,ESTAT:PRC_COLC_RENTS(1.0),Average rent per month in cities by type of dwelling,A,Annual,HOUSE_ND,Non-detached house,NAC,National currency,ME_CAP,Podgorica,2017,,1150,,,,,
dataflow,ESTAT:PRC_COLC_RENTS(1.0),Average rent per month in cities by type of dwelling,A,Annual,HOUSE_ND,Non-detached house,NAC,National currency,ME_CAP,Podgorica,2018,,1200,,,,,
dataflow,ESTAT:PRC_COLC_RENTS(1.0),Average rent per month in cities by type of dwelling,A,Annual,HOUSE_ND,Non-detached house,NAC,National currency,ME_CAP,Podgorica,2019,,1250,,,,,
dataflow,ESTAT:PRC_COLC_RENTS(1.0),Average rent per month in cities by type of dwelling,A,Annual,HOUSE_ND,Non-detached house,NAC,National currency,ME_CAP,Podgorica,2020,,1250,,,,,
dataflow,ESTAT:PRC_COLC_RENTS(1.0),Average rent per month in cities by type of dwelling,A,Annual,HOUSE_ND,Non-detached house,NAC,National currency,ME_CAP,Podgorica,2021,,1050,,,,,
dataflow,ESTAT:PRC_COLC_RENTS(1.0),Average rent per month in cities by type of dwelling,A,Annual,HOUSE_ND,Non-detached house,NAC,National currency,ME_CAP,Podgorica,2022,,1050,,,,,
dataflow,ESTAT:PRC_COLC_RENTS(1.0),Average rent per month in cities by type of dwelling,A,Annual,HOUSE_ND,Non-detached house,NAC,National currency,ME_CAP,Podgorica,2023,,1150,,,,,
dataflow,ESTAT:PRC_COLC_RENTS(1.0),Average rent per month in cities by type of dwelling,A,Annual,HOUSE_ND,Non-detached house,NAC,National currency,ME_CAP,Podgorica,2024,,1100,,,,,
dataflow,ESTAT:PRC_COLC_RENTS(1.0),Average rent per month in cities by type of dwelling,A,Annual,HOUSE_ND,Non-detached house,NAC,National currency,ME_CAP,Podgorica,2025,,1100,,,,,
dataflow,ESTAT:PRC_COLC_RENTS(1.0),Average rent per month in cities by type of dwelling,A,Annual,HOUSE_ND,Non-detached house,NAC,National currency,MT_CAP,Valletta,2016,,1500,,,,,
dataflow,ESTAT:PRC_COLC_RENTS(1.0),Average rent per month in cities by type of dwelling,A,Annual,HOUSE_ND,Non-detached house,NAC,National currency,MT_CAP,Valletta,2017,,1700,,,,,
dataflow,ESTAT:PRC_COLC_RENTS(1.0),Average rent per month in cities by type of dwelling,A,Annual,HOUSE_ND,Non-detached house,NAC,National currency,MT_CAP,Valletta,2018,,1800,,,,,
dataflow,ESTAT:PRC_COLC_RENTS(1.0),Average rent per month in cities by type of dwelling,A,Annual,HOUSE_ND,Non-detached house,NAC,National currency,MT_CAP,Valletta,2019,,1850,,,,,
dataflow,ESTAT:PRC_COLC_RENTS(1.0),Average rent per month in cities by type of dwelling,A,Annual,HOUSE_ND,Non-detached house,NAC,National currency,MT_CAP,Valletta,2020,,1950,,,,,
dataflow,ESTAT:PRC_COLC_RENTS(1.0),Average rent per month in cities by type of dwelling,A,Annual,HOUSE_ND,Non-detached house,NAC,National currency,MT_CAP,Valletta,2021,,1800,,,,,
dataflow,ESTAT:PRC_COLC_RENTS(1.0),Average rent per month in cities by type of dwelling,A,Annual,HOUSE_ND,Non-detached house,NAC,National currency,MT_CAP,Valletta,2022,,1850,,,,,
dataflow,ESTAT:PRC_COLC_RENTS(1.0),Average rent per month in cities by type of dwelling,A,Annual,HOUSE_ND,Non-detached house,NAC,National currency,MT_CAP,Valletta,2023,,2000,,,,,
dataflow,ESTAT:PRC_COLC_RENTS(1.0),Average rent per month in cities by type of dwelling,A,Annual,HOUSE_ND,Non-detached house,NAC,National currency,MT_CAP,Valletta,2024,,2100,,,,,
dataflow,ESTAT:PRC_COLC_RENTS(1.0),Average rent per month in cities by type of dwelling,A,Annual,HOUSE_ND,Non-detached house,NAC,National currency,MT_CAP,Valletta,2025,,2200,,,,,
dataflow,ESTAT:PRC_COLC_RENTS(1.0),Average rent per month in cities by type of dwelling,A,Annual,HOUSE_ND,Non-detached house,NAC,National currency,NL_DEL,Den Haag,2016,,2300,,,,,
dataflow,ESTAT:PRC_COLC_RENTS(1.0),Average rent per month in cities by type of dwelling,A,Annual,HOUSE_ND,Non-detached house,NAC,National currency,NL_DEL,Den Haag,2017,,2350,,,,,
dataflow,ESTAT:PRC_COLC_RENTS(1.0),Average rent per month in cities by type of dwelling,A,Annual,HOUSE_ND,Non-detached house,NAC,National currency,NL_DEL,Den Haag,2018,,2350,,,,,
dataflow,ESTAT:PRC_COLC_RENTS(1.0),Average rent per month in cities by type of dwelling,A,Annual,HOUSE_ND,Non-detached house,NAC,National currency,NL_DEL,Den Haag,2019,,2400,,,,,
dataflow,ESTAT:PRC_COLC_RENTS(1.0),Average rent per month in cities by type of dwelling,A,Annual,HOUSE_ND,Non-detached house,NAC,National currency,NL_DEL,Den Haag,2020,,2500,,,,,
dataflow,ESTAT:PRC_COLC_RENTS(1.0),Average rent per month in cities by type of dwelling,A,Annual,HOUSE_ND,Non-detached house,NAC,National currency,NL_DEL,Den Haag,2021,,2250,,,,,
dataflow,ESTAT:PRC_COLC_RENTS(1.0),Average rent per month in cities by type of dwelling,A,Annual,HOUSE_ND,Non-detached house,NAC,National currency,NL_DEL,Den Haag,2022,,2400,,,,,
dataflow,ESTAT:PRC_COLC_RENTS(1.0),Average rent per month in cities by type of dwelling,A,Annual,HOUSE_ND,Non-detached house,NAC,National currency,NL_DEL,Den Haag,2023,,2450,,,,,
dataflow,ESTAT:PRC_COLC_RENTS(1.0),Average rent per month in cities by type of dwelling,A,Annual,HOUSE_ND,Non-detached house,NAC,National currency,NL_DEL,Den Haag,2024,,2850,,,,,
dataflow,ESTAT:PRC_COLC_RENTS(1.0),Average rent per month in cities by type of dwelling,A,Annual,HOUSE_ND,Non-detached house,NAC,National currency,NL_DEL,Den Haag,2025,,3200,,,,,
dataflow,ESTAT:PRC_COLC_RENTS(1.0),Average rent per month in cities by type of dwelling,A,Annual,HOUSE_ND,Non-detached house,NAC,National currency,NO_CAP,Oslo,2016,,22300,,,,,
dataflow,ESTAT:PRC_COLC_RENTS(1.0),Average rent per month in cities by type of dwelling,A,Annual,HOUSE_ND,Non-detached house,NAC,National currency,NO_CAP,Oslo,2017,,24300,,,,,
dataflow,ESTAT:PRC_COLC_RENTS(1.0),Average rent per month in cities by type of dwelling,A,Annual,HOUSE_ND,Non-detached house,NAC,National currency,NO_CAP,Oslo,2018,,25600,,,,,
dataflow,ESTAT:PRC_COLC_RENTS(1.0),Average rent per month in cities by type of dwelling,A,Annual,HOUSE_ND,Non-detached house,NAC,National currency,NO_CAP,Oslo,2019,,26800,,,,,
dataflow,ESTAT:PRC_COLC_RENTS(1.0),Average rent per month in cities by type of dwelling,A,Annual,HOUSE_ND,Non-detached house,NAC,National currency,NO_CAP,Oslo,2020,,27100,,,,,
dataflow,ESTAT:PRC_COLC_RENTS(1.0),Average rent per month in cities by type of dwelling,A,Annual,HOUSE_ND,Non-detached house,NAC,National currency,NO_CAP,Oslo,2021,,24700,,,,,
dataflow,ESTAT:PRC_COLC_RENTS(1.0),Average rent per month in cities by type of dwelling,A,Annual,HOUSE_ND,Non-detached house,NAC,National currency,NO_CAP,Oslo,2022,,27650,,,,,
dataflow,ESTAT:PRC_COLC_RENTS(1.0),Average rent per month in cities by type of dwelling,A,Annual,HOUSE_ND,Non-detached house,NAC,National currency,NO_CAP,Oslo,2023,,30750,,,,,
dataflow,ESTAT:PRC_COLC_RENTS(1.0),Average rent per month in cities by type of dwelling,A,Annual,HOUSE_ND,Non-detached house,NAC,National currency,NO_CAP,Oslo,2024,,35500,,,,,
dataflow,ESTAT:PRC_COLC_RENTS(1.0),Average rent per month in cities by type of dwelling,A,Annual,HOUSE_ND,Non-detached house,NAC,National currency,NO_CAP,Oslo,2025,,33250,,,,,
dataflow,ESTAT:PRC_COLC_RENTS(1.0),Average rent per month in cities by type of dwelling,A,Annual,HOUSE_ND,Non-detached house,NAC,National currency,PL_CAP,Warszawa,2016,,5900,,,,,
dataflow,ESTAT:PRC_COLC_RENTS(1.0),Average rent per month in cities by type of dwelling,A,Annual,HOUSE_ND,Non-detached house,NAC,National currency,PL_CAP,Warszawa,2017,,6000,,,,,
dataflow,ESTAT:PRC_COLC_RENTS(1.0),Average rent per month in cities by type of dwelling,A,Annual,HOUSE_ND,Non-detached house,NAC,National currency,PL_CAP,Warszawa,2018,,6450,,,,,
dataflow,ESTAT:PRC_COLC_RENTS(1.0),Average rent per month in cities by type of dwelling,A,Annual,HOUSE_ND,Non-detached house,NAC,National currency,PL_CAP,Warszawa,2019,,5500,,,,,
dataflow,ESTAT:PRC_COLC_RENTS(1.0),Average rent per month in cities by type of dwelling,A,Annual,HOUSE_ND,Non-detached house,NAC,National currency,PL_CAP,Warszawa,2020,,5800,,,,,
dataflow,ESTAT:PRC_COLC_RENTS(1.0),Average rent per month in cities by type of dwelling,A,Annual,HOUSE_ND,Non-detached house,NAC,National currency,PL_CAP,Warszawa,2021,,5850,,,,,
dataflow,ESTAT:PRC_COLC_RENTS(1.0),Average rent per month in cities by type of dwelling,A,Annual,HOUSE_ND,Non-detached house,NAC,National currency,PL_CAP,Warszawa,2022,,7050,,,,,
dataflow,ESTAT:PRC_COLC_RENTS(1.0),Average rent per month in cities by type of dwelling,A,Annual,HOUSE_ND,Non-detached house,NAC,National currency,PL_CAP,Warszawa,2023,,8150,,,,,
dataflow,ESTAT:PRC_COLC_RENTS(1.0),Average rent per month in cities by type of dwelling,A,Annual,HOUSE_ND,Non-detached house,NAC,National currency,PL_CAP,Warszawa,2024,,6900,,,,,
dataflow,ESTAT:PRC_COLC_RENTS(1.0),Average rent per month in cities by type of dwelling,A,Annual,HOUSE_ND,Non-detached house,NAC,National currency,PL_CAP,Warszawa,2025,,7350,,,,,
dataflow,ESTAT:PRC_COLC_RENTS(1.0),Average rent per month in cities by type of dwelling,A,Annual,HOUSE_ND,Non-detached house,NAC,National currency,PT_CAP,Lisboa,2016,,1400,,,,,
dataflow,ESTAT:PRC_COLC_RENTS(1.0),Average rent per month in cities by type of dwelling,A,Annual,HOUSE_ND,Non-detached house,NAC,National currency,PT_CAP,Lisboa,2017,,1800,,,,,
dataflow,ESTAT:PRC_COLC_RENTS(1.0),Average rent per month in cities by type of dwelling,A,Annual,HOUSE_ND,Non-detached house,NAC,National currency,PT_CAP,Lisboa,2018,,2200,,,,,
dataflow,ESTAT:PRC_COLC_RENTS(1.0),Average rent per month in cities by type of dwelling,A,Annual,HOUSE_ND,Non-detached house,NAC,National currency,PT_CAP,Lisboa,2019,,2550,,,,,
dataflow,ESTAT:PRC_COLC_RENTS(1.0),Average rent per month in cities by type of dwelling,A,Annual,HOUSE_ND,Non-detached house,NAC,National currency,PT_CAP,Lisboa,2020,,2600,,,,,
dataflow,ESTAT:PRC_COLC_RENTS(1.0),Average rent per month in cities by type of dwelling,A,Annual,HOUSE_ND,Non-detached house,NAC,National currency,PT_CAP,Lisboa,2021,,2350,,,,,
dataflow,ESTAT:PRC_COLC_RENTS(1.0),Average rent per month in cities by type of dwelling,A,Annual,HOUSE_ND,Non-detached house,NAC,National currency,PT_CAP,Lisboa,2022,,2900,,,,,
dataflow,ESTAT:PRC_COLC_RENTS(1.0),Average rent per month in cities by type of dwelling,A,Annual,HOUSE_ND,Non-detached house,NAC,National currency,PT_CAP,Lisboa,2023,,3200,,,,,
dataflow,ESTAT:PRC_COLC_RENTS(1.0),Average rent per month in cities by type of dwelling,A,Annual,HOUSE_ND,Non-detached house,NAC,National currency,PT_CAP,Lisboa,2024,,3500,,,,,
dataflow,ESTAT:PRC_COLC_RENTS(1.0),Average rent per month in cities by type of dwelling,A,Annual,HOUSE_ND,Non-detached house,NAC,National currency,PT_CAP,Lisboa,2025,,3450,,,,,
dataflow,ESTAT:PRC_COLC_RENTS(1.0),Average rent per month in cities by type of dwelling,A,Annual,HOUSE_ND,Non-detached house,NAC,National currency,RS_CAP,Beograd (Belgrade),2016,,173500,,,,,
dataflow,ESTAT:PRC_COLC_RENTS(1.0),Average rent per month in cities by type of dwelling,A,Annual,HOUSE_ND,Non-detached house,NAC,National currency,RS_CAP,Beograd (Belgrade),2017,,200000,,,,,
dataflow,ESTAT:PRC_COLC_RENTS(1.0),Average rent per month in cities by type of dwelling,A,Annual,HOUSE_ND,Non-detached house,NAC,National currency,RS_CAP,Beograd (Belgrade),2018,,212500,,,,,
dataflow,ESTAT:PRC_COLC_RENTS(1.0),Average rent per month in cities by type of dwelling,A,Annual,HOUSE_ND,Non-detached house,NAC,National currency,RS_CAP,Beograd (Belgrade),2019,,230000,,,,,
dataflow,ESTAT:PRC_COLC_RENTS(1.0),Average rent per month in cities by type of dwelling,A,Annual,HOUSE_ND,Non-detached house,NAC,National currency,RS_CAP,Beograd (Belgrade),2020,,229300,,,,,
dataflow,ESTAT:PRC_COLC_RENTS(1.0),Average rent per month in cities by type of dwelling,A,Annual,HOUSE_ND,Non-detached house,NAC,National currency,RS_CAP,Beograd (Belgrade),2021,,205750,,,,,
dataflow,ESTAT:PRC_COLC_RENTS(1.0),Average rent per month in cities by type of dwelling,A,Annual,HOUSE_ND,Non-detached house,NAC,National currency,RS_CAP,Beograd (Belgrade),2022,,246600,,,,,
dataflow,ESTAT:PRC_COLC_RENTS(1.0),Average rent per month in cities by type of dwelling,A,Annual,HOUSE_ND,Non-detached house,NAC,National currency,RS_CAP,Beograd (Belgrade),2023,,304900,,,,,
dataflow,ESTAT:PRC_COLC_RENTS(1.0),Average rent per month in cities by type of dwelling,A,Annual,HOUSE_ND,Non-detached house,NAC,National currency,RS_CAP,Beograd (Belgrade),2024,,269350,,,,,
dataflow,ESTAT:PRC_COLC_RENTS(1.0),Average rent per month in cities by type of dwelling,A,Annual,HOUSE_ND,Non-detached house,NAC,National currency,RS_CAP,Beograd (Belgrade),2025,,298900,,,,,
dataflow,ESTAT:PRC_COLC_RENTS(1.0),Average rent per month in cities by type of dwelling,A,Annual,HOUSE_ND,Non-detached house,NAC,National currency,SE_CAP,Stockholm,2016,,24900,,,,,
dataflow,ESTAT:PRC_COLC_RENTS(1.0),Average rent per month in cities by type of dwelling,A,Annual,HOUSE_ND,Non-detached house,NAC,National currency,SE_CAP,Stockholm,2017,,26500,,,,,
dataflow,ESTAT:PRC_COLC_RENTS(1.0),Average rent per month in cities by type of dwelling,A,Annual,HOUSE_ND,Non-detached house,NAC,National currency,SE_CAP,Stockholm,2018,,25800,,,,,
dataflow,ESTAT:PRC_COLC_RENTS(1.0),Average rent per month in cities by type of dwelling,A,Annual,HOUSE_ND,Non-detached house,NAC,National currency,SE_CAP,Stockholm,2019,,25200,,,,,
dataflow,ESTAT:PRC_COLC_RENTS(1.0),Average rent per month in cities by type of dwelling,A,Annual,HOUSE_ND,Non-detached house,NAC,National currency,SE_CAP,Stockholm,2020,,25600,,,,,
dataflow,ESTAT:PRC_COLC_RENTS(1.0),Average rent per month in cities by type of dwelling,A,Annual,HOUSE_ND,Non-detached house,NAC,National currency,SE_CAP,Stockholm,2021,,23700,,,,,
dataflow,ESTAT:PRC_COLC_RENTS(1.0),Average rent per month in cities by type of dwelling,A,Annual,HOUSE_ND,Non-detached house,NAC,National currency,SE_CAP,Stockholm,2022,,30300,,,,,
dataflow,ESTAT:PRC_COLC_RENTS(1.0),Average rent per month in cities by type of dwelling,A,Annual,HOUSE_ND,Non-detached house,NAC,National currency,SE_CAP,Stockholm,2023,,30200,,,,,
dataflow,ESTAT:PRC_COLC_RENTS(1.0),Average rent per month in cities by type of dwelling,A,Annual,HOUSE_ND,Non-detached house,NAC,National currency,SE_CAP,Stockholm,2024,,30100,,,,,
dataflow,ESTAT:PRC_COLC_RENTS(1.0),Average rent per month in cities by type of dwelling,A,Annual,HOUSE_ND,Non-detached house,NAC,National currency,SE_CAP,Stockholm,2025,,29250,,,,,
dataflow,ESTAT:PRC_COLC_RENTS(1.0),Average rent per month in cities by type of dwelling,A,Annual,HOUSE_ND,Non-detached house,NAC,National currency,SI_CAP,Ljubljana,2016,,1200,,,,,
dataflow,ESTAT:PRC_COLC_RENTS(1.0),Average rent per month in cities by type of dwelling,A,Annual,HOUSE_ND,Non-detached house,NAC,National currency,SI_CAP,Ljubljana,2017,,1250,,,,,
dataflow,ESTAT:PRC_COLC_RENTS(1.0),Average rent per month in cities by type of dwelling,A,Annual,HOUSE_ND,Non-detached house,NAC,National currency,SI_CAP,Ljubljana,2018,,1350,,,,,
dataflow,ESTAT:PRC_COLC_RENTS(1.0),Average rent per month in cities by type of dwelling,A,Annual,HOUSE_ND,Non-detached house,NAC,National currency,SI_CAP,Ljubljana,2019,,1350,,,,,
dataflow,ESTAT:PRC_COLC_RENTS(1.0),Average rent per month in cities by type of dwelling,A,Annual,HOUSE_ND,Non-detached house,NAC,National currency,SI_CAP,Ljubljana,2020,,1300,,,,,
dataflow,ESTAT:PRC_COLC_RENTS(1.0),Average rent per month in cities by type of dwelling,A,Annual,HOUSE_ND,Non-detached house,NAC,National currency,SI_CAP,Ljubljana,2021,,1400,,,,,
dataflow,ESTAT:PRC_COLC_RENTS(1.0),Average rent per month in cities by type of dwelling,A,Annual,HOUSE_ND,Non-detached house,NAC,National currency,SI_CAP,Ljubljana,2022,,1500,,,,,
dataflow,ESTAT:PRC_COLC_RENTS(1.0),Average rent per month in cities by type of dwelling,A,Annual,HOUSE_ND,Non-detached house,NAC,National currency,SI_CAP,Ljubljana,2023,,1650,,,,,
dataflow,ESTAT:PRC_COLC_RENTS(1.0),Average rent per month in cities by type of dwelling,A,Annual,HOUSE_ND,Non-detached house,NAC,National currency,SI_CAP,Ljubljana,2024,,1900,,,,,
dataflow,ESTAT:PRC_COLC_RENTS(1.0),Average rent per month in cities by type of dwelling,A,Annual,HOUSE_ND,Non-detached house,NAC,National currency,SI_CAP,Ljubljana,2025,,1950,,,,,
dataflow,ESTAT:PRC_COLC_RENTS(1.0),Average rent per month in cities by type of dwelling,A,Annual,HOUSE_ND,Non-detached house,NAC,National currency,SK_CAP,Bratislava,2016,,1300,,,,,
dataflow,ESTAT:PRC_COLC_RENTS(1.0),Average rent per month in cities by type of dwelling,A,Annual,HOUSE_ND,Non-detached house,NAC,National currency,SK_CAP,Bratislava,2017,,1250,,,,,
dataflow,ESTAT:PRC_COLC_RENTS(1.0),Average rent per month in cities by type of dwelling,A,Annual,HOUSE_ND,Non-detached house,NAC,National currency,SK_CAP,Bratislava,2018,,1350,,,,,
dataflow,ESTAT:PRC_COLC_RENTS(1.0),Average rent per month in cities by type of dwelling,A,Annual,HOUSE_ND,Non-detached house,NAC,National currency,SK_CAP,Bratislava,2019,,1400,,,,,
dataflow,ESTAT:PRC_COLC_RENTS(1.0),Average rent per month in cities by type of dwelling,A,Annual,HOUSE_ND,Non-detached house,NAC,National currency,SK_CAP,Bratislava,2020,,1450,,,,,
dataflow,ESTAT:PRC_COLC_RENTS(1.0),Average rent per month in cities by type of dwelling,A,Annual,HOUSE_ND,Non-detached house,NAC,National currency,SK_CAP,Bratislava,2021,,1350,,,,,
dataflow,ESTAT:PRC_COLC_RENTS(1.0),Average rent per month in cities by type of dwelling,A,Annual,HOUSE_ND,Non-detached house,NAC,National currency,SK_CAP,Bratislava,2022,,1550,,,,,
dataflow,ESTAT:PRC_COLC_RENTS(1.0),Average rent per month in cities by type of dwelling,A,Annual,HOUSE_ND,Non-detached house,NAC,National currency,SK_CAP,Bratislava,2023,,1800,,,,,
dataflow,ESTAT:PRC_COLC_RENTS(1.0),Average rent per month in cities by type of dwelling,A,Annual,HOUSE_ND,Non-detached house,NAC,National currency,SK_CAP,Bratislava,2024,,1950,,,,,
dataflow,ESTAT:PRC_COLC_RENTS(1.0),Average rent per month in cities by type of dwelling,A,Annual,HOUSE_ND,Non-detached house,NAC,National currency,SK_CAP,Bratislava,2025,,2000,,,,,
dataflow,ESTAT:PRC_COLC_RENTS(1.0),Average rent per month in cities by type of dwelling,A,Annual,HOUSE_ND,Non-detached house,NAC,National currency,TR_CAP,Ankara,2016,,2150,,,,,
dataflow,ESTAT:PRC_COLC_RENTS(1.0),Average rent per month in cities by type of dwelling,A,Annual,HOUSE_ND,Non-detached house,NAC,National currency,TR_CAP,Ankara,2017,,2400,,,,,
dataflow,ESTAT:PRC_COLC_RENTS(1.0),Average rent per month in cities by type of dwelling,A,Annual,HOUSE_ND,Non-detached house,NAC,National currency,TR_CAP,Ankara,2018,,2800,,,,,
dataflow,ESTAT:PRC_COLC_RENTS(1.0),Average rent per month in cities by type of dwelling,A,Annual,HOUSE_ND,Non-detached house,NAC,National currency,TR_CAP,Ankara,2019,,2800,,,,,
dataflow,ESTAT:PRC_COLC_RENTS(1.0),Average rent per month in cities by type of dwelling,A,Annual,HOUSE_ND,Non-detached house,NAC,National currency,TR_CAP,Ankara,2020,,3050,,,,,
dataflow,ESTAT:PRC_COLC_RENTS(1.0),Average rent per month in cities by type of dwelling,A,Annual,HOUSE_ND,Non-detached house,NAC,National currency,TR_CAP,Ankara,2021,,5000,,,,,
dataflow,ESTAT:PRC_COLC_RENTS(1.0),Average rent per month in cities by type of dwelling,A,Annual,HOUSE_ND,Non-detached house,NAC,National currency,TR_CAP,Ankara,2022,,10000,,,,,
dataflow,ESTAT:PRC_COLC_RENTS(1.0),Average rent per month in cities by type of dwelling,A,Annual,HOUSE_ND,Non-detached house,NAC,National currency,TR_CAP,Ankara,2023,,26300,,,,,
dataflow,ESTAT:PRC_COLC_RENTS(1.0),Average rent per month in cities by type of dwelling,A,Annual,HOUSE_ND,Non-detached house,NAC,National currency,TR_CAP,Ankara,2024,,42850,,,,,
dataflow,ESTAT:PRC_COLC_RENTS(1.0),Average rent per month in cities by type of dwelling,A,Annual,HOUSE_ND,Non-detached house,NAC,National currency,TR_CAP,Ankara,2025,,68750,,,,,
dataflow,ESTAT:PRC_COLC_RENTS(1.0),Average rent per month in cities by type of dwelling,A,Annual,HOUSE_ND,Non-detached house,NAC,National currency,UK_CAP,London,2016,,3400,,,,,
dataflow,ESTAT:PRC_COLC_RENTS(1.0),Average rent per month in cities by type of dwelling,A,Annual,HOUSE_ND,Non-detached house,NAC,National currency,UK_CAP,London,2017,,3500,,,,,
dataflow,ESTAT:PRC_COLC_RENTS(1.0),Average rent per month in cities by type of dwelling,A,Annual,HOUSE_ND,Non-detached house,NAC,National currency,UK_CAP,London,2018,,3150,,,,,
dataflow,ESTAT:PRC_COLC_RENTS(1.0),Average rent per month in cities by type of dwelling,A,Annual,HOUSE_ND,Non-detached house,NAC,National currency,UK_CAP,London,2019,,3150,,,,,
dataflow,ESTAT:PRC_COLC_RENTS(1.0),Average rent per month in cities by type of dwelling,A,Annual,HOUSE_ND,Non-detached house,NAC,National currency,UK_CAP,London,2020,,3200,,,,,
dataflow,ESTAT:PRC_COLC_RENTS(1.0),Average rent per month in cities by type of dwelling,A,Annual,HOUSE_ND,Non-detached house,NAC,National currency,UK_CAP,London,2021,,3000,,,,,
dataflow,ESTAT:PRC_COLC_RENTS(1.0),Average rent per month in cities by type of dwelling,A,Annual,HOUSE_ND,Non-detached house,NAC,National currency,UK_CAP,London,2022,,3650,,,,,
dataflow,ESTAT:PRC_COLC_RENTS(1.0),Average rent per month in cities by type of dwelling,A,Annual,HOUSE_ND,Non-detached house,NAC,National currency,UK_CAP,London,2023,,3900,,,,,
dataflow,ESTAT:PRC_COLC_RENTS(1.0),Average rent per month in cities by type of dwelling,A,Annual,HOUSE_ND,Non-detached house,NAC,National currency,UK_CAP,London,2024,,4050,,,,,
dataflow,ESTAT:PRC_COLC_RENTS(1.0),Average rent per month in cities by type of dwelling,A,Annual,HOUSE_ND,Non-detached house,NAC,National currency,UK_CAP,London,2025,,4100,,,,,
dataflow,ESTAT:PRC_COLC_RENTS(1.0),Average rent per month in cities by type of dwelling,A,Annual,HOUSE_ND,Non-detached house,NAC,National currency,UK_DEL,Culham,2016,,1300,,,,,
dataflow,ESTAT:PRC_COLC_RENTS(1.0),Average rent per month in cities by type of dwelling,A,Annual,HOUSE_ND,Non-detached house,NAC,National currency,UK_DEL,Culham,2017,,1300,,,,,
dataflow,ESTAT:PRC_COLC_RENTS(1.0),Average rent per month in cities by type of dwelling,A,Annual,HOUSE_ND,Non-detached house,NAC,National currency,UK_DEL,Culham,2018,,1250,,,,,
dataflow,ESTAT:PRC_COLC_RENTS(1.0),Average rent per month in cities by type of dwelling,A,Annual,HOUSE_ND,Non-detached house,NAC,National currency,UK_DEL,Culham,2019,,1350,,,,,
dataflow,ESTAT:PRC_COLC_RENTS(1.0),Average rent per month in cities by type of dwelling,A,Annual,HOUSE_ND,Non-detached house,NAC,National currency,UK_DEL,Culham,2020,,1400,,,,,
dataflow,ESTAT:PRC_COLC_RENTS(1.0),Average rent per month in cities by type of dwelling,A,Annual,HOUSE_ND,Non-detached house,NAC,National currency,UK_DEL,Culham,2021,,1500,,,,,
dataflow,ESTAT:PRC_COLC_RENTS(1.0),Average rent per month in cities by type of dwelling,A,Annual,HOUSE_ND,Non-detached house,NAC,National currency,XK_CAP,Prishtinë,2021,,700,,,,,
dataflow,ESTAT:PRC_COLC_RENTS(1.0),Average rent per month in cities by type of dwelling,A,Annual,HOUSE_ND,Non-detached house,NAC,National currency,XK_CAP,Prishtinë,2022,,770,,,,,
dataflow,ESTAT:PRC_COLC_RENTS(1.0),Average rent per month in cities by type of dwelling,A,Annual,HOUSE_ND,Non-detached house,NAC,National currency,XK_CAP,Prishtinë,2023,,830,,,,,
dataflow,ESTAT:PRC_COLC_RENTS(1.0),Average rent per month in cities by type of dwelling,A,Annual,HOUSE_ND,Non-detached house,NAC,National currency,XK_CAP,Prishtinë,2024,,910,,,,,
dataflow,ESTAT:PRC_COLC_RENTS(1.0),Average rent per month in cities by type of dwelling,A,Annual,HOUSE_ND,Non-detached house,NAC,National currency,XK_CAP,Prishtinë,2025,,1050,,,,,
